Setup,Nodes,Deg,Rep,Z_Size,Requested_CITs,Performed_CITs,Bypassed_CITs
SetupA_Nodes,10,3,0,0,90,45,45
SetupA_Nodes,10,3,0,1,432,199,233
SetupA_Nodes,10,3,0,2,582,332,250
SetupA_Nodes,10,3,0,3,204,117,87
SetupA_Nodes,10,3,0,4,30,30,0
SetupA_Nodes,10,3,0,5,6,6,0
SetupA_Nodes,10,3,0,6,0,0,0
SetupA_Nodes,10,3,0,7,0,0,0
SetupA_Nodes,10,3,0,8,0,0,0
SetupA_Nodes,10,3,1,0,90,45,45
SetupA_Nodes,10,3,1,1,305,120,185
SetupA_Nodes,10,3,1,2,308,178,130
SetupA_Nodes,10,3,1,3,78,64,14
SetupA_Nodes,10,3,1,4,10,10,0
SetupA_Nodes,10,3,1,5,0,0,0
SetupA_Nodes,10,3,1,6,0,0,0
SetupA_Nodes,10,3,1,7,0,0,0
SetupA_Nodes,10,3,1,8,0,0,0
SetupA_Nodes,10,3,2,0,90,45,45
SetupA_Nodes,10,3,2,1,397,184,213
SetupA_Nodes,10,3,2,2,556,355,201
SetupA_Nodes,10,3,2,3,132,125,7
SetupA_Nodes,10,3,2,4,60,59,1
SetupA_Nodes,10,3,2,5,12,12,0
SetupA_Nodes,10,3,2,6,0,0,0
SetupA_Nodes,10,3,2,7,0,0,0
SetupA_Nodes,10,3,2,8,0,0,0
SetupA_Nodes,10,3,3,0,90,45,45
SetupA_Nodes,10,3,3,1,322,137,185
SetupA_Nodes,10,3,3,2,345,175,170
SetupA_Nodes,10,3,3,3,265,117,148
SetupA_Nodes,10,3,3,4,5,0,5
SetupA_Nodes,10,3,3,5,0,0,0
SetupA_Nodes,10,3,3,6,0,0,0
SetupA_Nodes,10,3,3,7,0,0,0
SetupA_Nodes,10,3,3,8,0,0,0
SetupA_Nodes,10,3,4,0,90,45,45
SetupA_Nodes,10,3,4,1,275,87,188
SetupA_Nodes,10,3,4,2,479,251,228
SetupA_Nodes,10,3,4,3,200,126,74
SetupA_Nodes,10,3,4,4,129,93,36
SetupA_Nodes,10,3,4,5,6,6,0
SetupA_Nodes,10,3,4,6,0,0,0
SetupA_Nodes,10,3,4,7,0,0,0
SetupA_Nodes,10,3,4,8,0,0,0
SetupA_Nodes,10,3,5,0,90,45,45
SetupA_Nodes,10,3,5,1,403,182,221
SetupA_Nodes,10,3,5,2,351,223,128
SetupA_Nodes,10,3,5,3,72,69,3
SetupA_Nodes,10,3,5,4,30,30,0
SetupA_Nodes,10,3,5,5,6,6,0
SetupA_Nodes,10,3,5,6,0,0,0
SetupA_Nodes,10,3,5,7,0,0,0
SetupA_Nodes,10,3,5,8,0,0,0
SetupA_Nodes,10,3,6,0,90,45,45
SetupA_Nodes,10,3,6,1,325,131,194
SetupA_Nodes,10,3,6,2,452,249,203
SetupA_Nodes,10,3,6,3,280,218,62
SetupA_Nodes,10,3,6,4,5,5,0
SetupA_Nodes,10,3,6,5,0,0,0
SetupA_Nodes,10,3,6,6,0,0,0
SetupA_Nodes,10,3,6,7,0,0,0
SetupA_Nodes,10,3,6,8,0,0,0
SetupA_Nodes,10,3,7,0,90,45,45
SetupA_Nodes,10,3,7,1,387,162,225
SetupA_Nodes,10,3,7,2,632,365,267
SetupA_Nodes,10,3,7,3,159,135,24
SetupA_Nodes,10,3,7,4,5,5,0
SetupA_Nodes,10,3,7,5,0,0,0
SetupA_Nodes,10,3,7,6,0,0,0
SetupA_Nodes,10,3,7,7,0,0,0
SetupA_Nodes,10,3,7,8,0,0,0
SetupA_Nodes,10,3,8,0,90,45,45
SetupA_Nodes,10,3,8,1,492,238,254
SetupA_Nodes,10,3,8,2,376,234,142
SetupA_Nodes,10,3,8,3,32,28,4
SetupA_Nodes,10,3,8,4,5,5,0
SetupA_Nodes,10,3,8,5,0,0,0
SetupA_Nodes,10,3,8,6,0,0,0
SetupA_Nodes,10,3,8,7,0,0,0
SetupA_Nodes,10,3,8,8,0,0,0
SetupA_Nodes,10,3,9,0,90,45,45
SetupA_Nodes,10,3,9,1,182,66,116
SetupA_Nodes,10,3,9,2,334,84,250
SetupA_Nodes,10,3,9,3,48,26,22
SetupA_Nodes,10,3,9,4,10,5,5
SetupA_Nodes,10,3,9,5,0,0,0
SetupA_Nodes,10,3,9,6,0,0,0
SetupA_Nodes,10,3,9,7,0,0,0
SetupA_Nodes,10,3,9,8,0,0,0
SetupA_Nodes,10,3,10,0,90,45,45
SetupA_Nodes,10,3,10,1,316,143,173
SetupA_Nodes,10,3,10,2,194,130,64
SetupA_Nodes,10,3,10,3,44,32,12
SetupA_Nodes,10,3,10,4,10,6,4
SetupA_Nodes,10,3,10,5,0,0,0
SetupA_Nodes,10,3,10,6,0,0,0
SetupA_Nodes,10,3,10,7,0,0,0
SetupA_Nodes,10,3,10,8,0,0,0
SetupA_Nodes,10,3,11,0,90,45,45
SetupA_Nodes,10,3,11,1,404,162,242
SetupA_Nodes,10,3,11,2,588,363,225
SetupA_Nodes,10,3,11,3,200,179,21
SetupA_Nodes,10,3,11,4,135,130,5
SetupA_Nodes,10,3,11,5,48,48,0
SetupA_Nodes,10,3,11,6,7,7,0
SetupA_Nodes,10,3,11,7,0,0,0
SetupA_Nodes,10,3,11,8,0,0,0
SetupA_Nodes,10,3,12,0,90,45,45
SetupA_Nodes,10,3,12,1,349,142,207
SetupA_Nodes,10,3,12,2,300,184,116
SetupA_Nodes,10,3,12,3,117,96,21
SetupA_Nodes,10,3,12,4,10,6,4
SetupA_Nodes,10,3,12,5,0,0,0
SetupA_Nodes,10,3,12,6,0,0,0
SetupA_Nodes,10,3,12,7,0,0,0
SetupA_Nodes,10,3,12,8,0,0,0
SetupA_Nodes,10,3,13,0,90,45,45
SetupA_Nodes,10,3,13,1,287,135,152
SetupA_Nodes,10,3,13,2,450,270,180
SetupA_Nodes,10,3,13,3,140,112,28
SetupA_Nodes,10,3,13,4,50,46,4
SetupA_Nodes,10,3,13,5,6,6,0
SetupA_Nodes,10,3,13,6,0,0,0
SetupA_Nodes,10,3,13,7,0,0,0
SetupA_Nodes,10,3,13,8,0,0,0
SetupA_Nodes,10,3,14,0,90,45,45
SetupA_Nodes,10,3,14,1,416,169,247
SetupA_Nodes,10,3,14,2,494,318,176
SetupA_Nodes,10,3,14,3,160,131,29
SetupA_Nodes,10,3,14,4,35,35,0
SetupA_Nodes,10,3,14,5,6,6,0
SetupA_Nodes,10,3,14,6,0,0,0
SetupA_Nodes,10,3,14,7,0,0,0
SetupA_Nodes,10,3,14,8,0,0,0
SetupA_Nodes,10,3,15,0,90,45,45
SetupA_Nodes,10,3,15,1,249,96,153
SetupA_Nodes,10,3,15,2,463,226,237
SetupA_Nodes,10,3,15,3,238,150,88
SetupA_Nodes,10,3,15,4,30,25,5
SetupA_Nodes,10,3,15,5,6,6,0
SetupA_Nodes,10,3,15,6,0,0,0
SetupA_Nodes,10,3,15,7,0,0,0
SetupA_Nodes,10,3,15,8,0,0,0
SetupA_Nodes,10,3,16,0,90,45,45
SetupA_Nodes,10,3,16,1,662,331,331
SetupA_Nodes,10,3,16,2,312,224,88
SetupA_Nodes,10,3,16,3,164,130,34
SetupA_Nodes,10,3,16,4,64,47,17
SetupA_Nodes,10,3,16,5,0,0,0
SetupA_Nodes,10,3,16,6,0,0,0
SetupA_Nodes,10,3,16,7,0,0,0
SetupA_Nodes,10,3,16,8,0,0,0
SetupA_Nodes,10,3,17,0,90,45,45
SetupA_Nodes,10,3,17,1,260,108,152
SetupA_Nodes,10,3,17,2,387,214,173
SetupA_Nodes,10,3,17,3,139,86,53
SetupA_Nodes,10,3,17,4,35,30,5
SetupA_Nodes,10,3,17,5,6,6,0
SetupA_Nodes,10,3,17,6,0,0,0
SetupA_Nodes,10,3,17,7,0,0,0
SetupA_Nodes,10,3,17,8,0,0,0
SetupA_Nodes,10,3,18,0,90,45,45
SetupA_Nodes,10,3,18,1,401,160,241
SetupA_Nodes,10,3,18,2,715,396,319
SetupA_Nodes,10,3,18,3,470,354,116
SetupA_Nodes,10,3,18,4,30,30,0
SetupA_Nodes,10,3,18,5,0,0,0
SetupA_Nodes,10,3,18,6,0,0,0
SetupA_Nodes,10,3,18,7,0,0,0
SetupA_Nodes,10,3,18,8,0,0,0
SetupA_Nodes,10,3,19,0,90,45,45
SetupA_Nodes,10,3,19,1,260,98,162
SetupA_Nodes,10,3,19,2,191,111,80
SetupA_Nodes,10,3,19,3,142,80,62
SetupA_Nodes,10,3,19,4,5,0,5
SetupA_Nodes,10,3,19,5,0,0,0
SetupA_Nodes,10,3,19,6,0,0,0
SetupA_Nodes,10,3,19,7,0,0,0
SetupA_Nodes,10,3,19,8,0,0,0
SetupA_Nodes,10,3,20,0,90,45,45
SetupA_Nodes,10,3,20,1,300,117,183
SetupA_Nodes,10,3,20,2,374,202,172
SetupA_Nodes,10,3,20,3,81,38,43
SetupA_Nodes,10,3,20,4,0,0,0
SetupA_Nodes,10,3,20,5,0,0,0
SetupA_Nodes,10,3,20,6,0,0,0
SetupA_Nodes,10,3,20,7,0,0,0
SetupA_Nodes,10,3,20,8,0,0,0
SetupA_Nodes,10,3,21,0,90,45,45
SetupA_Nodes,10,3,21,1,529,255,274
SetupA_Nodes,10,3,21,2,468,323,145
SetupA_Nodes,10,3,21,3,164,156,8
SetupA_Nodes,10,3,21,4,30,30,0
SetupA_Nodes,10,3,21,5,6,6,0
SetupA_Nodes,10,3,21,6,0,0,0
SetupA_Nodes,10,3,21,7,0,0,0
SetupA_Nodes,10,3,21,8,0,0,0
SetupA_Nodes,10,3,22,0,90,45,45
SetupA_Nodes,10,3,22,1,528,253,275
SetupA_Nodes,10,3,22,2,151,106,45
SetupA_Nodes,10,3,22,3,81,46,35
SetupA_Nodes,10,3,22,4,10,10,0
SetupA_Nodes,10,3,22,5,0,0,0
SetupA_Nodes,10,3,22,6,0,0,0
SetupA_Nodes,10,3,22,7,0,0,0
SetupA_Nodes,10,3,22,8,0,0,0
SetupA_Nodes,10,3,23,0,90,45,45
SetupA_Nodes,10,3,23,1,496,248,248
SetupA_Nodes,10,3,23,2,345,240,105
SetupA_Nodes,10,3,23,3,274,236,38
SetupA_Nodes,10,3,23,4,30,30,0
SetupA_Nodes,10,3,23,5,6,6,0
SetupA_Nodes,10,3,23,6,0,0,0
SetupA_Nodes,10,3,23,7,0,0,0
SetupA_Nodes,10,3,23,8,0,0,0
SetupA_Nodes,10,3,24,0,90,45,45
SetupA_Nodes,10,3,24,1,450,213,237
SetupA_Nodes,10,3,24,2,520,308,212
SetupA_Nodes,10,3,24,3,176,147,29
SetupA_Nodes,10,3,24,4,30,30,0
SetupA_Nodes,10,3,24,5,6,6,0
SetupA_Nodes,10,3,24,6,0,0,0
SetupA_Nodes,10,3,24,7,0,0,0
SetupA_Nodes,10,3,24,8,0,0,0
SetupA_Nodes,10,3,25,0,90,45,45
SetupA_Nodes,10,3,25,1,419,187,232
SetupA_Nodes,10,3,25,2,437,270,167
SetupA_Nodes,10,3,25,3,52,41,11
SetupA_Nodes,10,3,25,4,10,6,4
SetupA_Nodes,10,3,25,5,0,0,0
SetupA_Nodes,10,3,25,6,0,0,0
SetupA_Nodes,10,3,25,7,0,0,0
SetupA_Nodes,10,3,25,8,0,0,0
SetupA_Nodes,10,3,26,0,90,45,45
SetupA_Nodes,10,3,26,1,450,189,261
SetupA_Nodes,10,3,26,2,765,465,300
SetupA_Nodes,10,3,26,3,152,115,37
SetupA_Nodes,10,3,26,4,35,35,0
SetupA_Nodes,10,3,26,5,6,6,0
SetupA_Nodes,10,3,26,6,0,0,0
SetupA_Nodes,10,3,26,7,0,0,0
SetupA_Nodes,10,3,26,8,0,0,0
SetupA_Nodes,10,3,27,0,90,45,45
SetupA_Nodes,10,3,27,1,428,197,231
SetupA_Nodes,10,3,27,2,571,334,237
SetupA_Nodes,10,3,27,3,73,63,10
SetupA_Nodes,10,3,27,4,5,5,0
SetupA_Nodes,10,3,27,5,0,0,0
SetupA_Nodes,10,3,27,6,0,0,0
SetupA_Nodes,10,3,27,7,0,0,0
SetupA_Nodes,10,3,27,8,0,0,0
SetupA_Nodes,10,3,28,0,90,45,45
SetupA_Nodes,10,3,28,1,392,181,211
SetupA_Nodes,10,3,28,2,298,191,107
SetupA_Nodes,10,3,28,3,124,76,48
SetupA_Nodes,10,3,28,4,35,30,5
SetupA_Nodes,10,3,28,5,6,6,0
SetupA_Nodes,10,3,28,6,0,0,0
SetupA_Nodes,10,3,28,7,0,0,0
SetupA_Nodes,10,3,28,8,0,0,0
SetupA_Nodes,10,3,29,0,90,45,45
SetupA_Nodes,10,3,29,1,359,159,200
SetupA_Nodes,10,3,29,2,469,246,223
SetupA_Nodes,10,3,29,3,34,20,14
SetupA_Nodes,10,3,29,4,0,0,0
SetupA_Nodes,10,3,29,5,0,0,0
SetupA_Nodes,10,3,29,6,0,0,0
SetupA_Nodes,10,3,29,7,0,0,0
SetupA_Nodes,10,3,29,8,0,0,0
SetupA_Nodes,20,3,0,0,380,190,190
SetupA_Nodes,20,3,0,1,3245,1476,1769
SetupA_Nodes,20,3,0,2,8092,5020,3072
SetupA_Nodes,20,3,0,3,6422,5376,1046
SetupA_Nodes,20,3,0,4,524,459,65
SetupA_Nodes,20,3,0,5,54,54,0
SetupA_Nodes,20,3,0,6,7,7,0
SetupA_Nodes,20,3,0,7,0,0,0
SetupA_Nodes,20,3,0,8,0,0,0
SetupA_Nodes,20,3,0,9,0,0,0
SetupA_Nodes,20,3,0,10,0,0,0
SetupA_Nodes,20,3,0,11,0,0,0
SetupA_Nodes,20,3,0,12,0,0,0
SetupA_Nodes,20,3,0,13,0,0,0
SetupA_Nodes,20,3,0,14,0,0,0
SetupA_Nodes,20,3,0,15,0,0,0
SetupA_Nodes,20,3,0,16,0,0,0
SetupA_Nodes,20,3,0,17,0,0,0
SetupA_Nodes,20,3,0,18,0,0,0
SetupA_Nodes,20,3,1,0,380,190,190
SetupA_Nodes,20,3,1,1,1812,633,1179
SetupA_Nodes,20,3,1,2,4814,2397,2417
SetupA_Nodes,20,3,1,3,6222,3400,2822
SetupA_Nodes,20,3,1,4,6164,4763,1401
SetupA_Nodes,20,3,1,5,12,12,0
SetupA_Nodes,20,3,1,6,0,0,0
SetupA_Nodes,20,3,1,7,0,0,0
SetupA_Nodes,20,3,1,8,0,0,0
SetupA_Nodes,20,3,1,9,0,0,0
SetupA_Nodes,20,3,1,10,0,0,0
SetupA_Nodes,20,3,1,11,0,0,0
SetupA_Nodes,20,3,1,12,0,0,0
SetupA_Nodes,20,3,1,13,0,0,0
SetupA_Nodes,20,3,1,14,0,0,0
SetupA_Nodes,20,3,1,15,0,0,0
SetupA_Nodes,20,3,1,16,0,0,0
SetupA_Nodes,20,3,1,17,0,0,0
SetupA_Nodes,20,3,1,18,0,0,0
SetupA_Nodes,20,3,2,0,380,190,190
SetupA_Nodes,20,3,2,1,1438,552,886
SetupA_Nodes,20,3,2,2,1554,1046,508
SetupA_Nodes,20,3,2,3,1036,703,333
SetupA_Nodes,20,3,2,4,35,30,5
SetupA_Nodes,20,3,2,5,6,6,0
SetupA_Nodes,20,3,2,6,0,0,0
SetupA_Nodes,20,3,2,7,0,0,0
SetupA_Nodes,20,3,2,8,0,0,0
SetupA_Nodes,20,3,2,9,0,0,0
SetupA_Nodes,20,3,2,10,0,0,0
SetupA_Nodes,20,3,2,11,0,0,0
SetupA_Nodes,20,3,2,12,0,0,0
SetupA_Nodes,20,3,2,13,0,0,0
SetupA_Nodes,20,3,2,14,0,0,0
SetupA_Nodes,20,3,2,15,0,0,0
SetupA_Nodes,20,3,2,16,0,0,0
SetupA_Nodes,20,3,2,17,0,0,0
SetupA_Nodes,20,3,2,18,0,0,0
SetupA_Nodes,20,3,3,0,380,190,190
SetupA_Nodes,20,3,3,1,1531,545,986
SetupA_Nodes,20,3,3,2,1495,856,639
SetupA_Nodes,20,3,3,3,40,32,8
SetupA_Nodes,20,3,3,4,5,5,0
SetupA_Nodes,20,3,3,5,0,0,0
SetupA_Nodes,20,3,3,6,0,0,0
SetupA_Nodes,20,3,3,7,0,0,0
SetupA_Nodes,20,3,3,8,0,0,0
SetupA_Nodes,20,3,3,9,0,0,0
SetupA_Nodes,20,3,3,10,0,0,0
SetupA_Nodes,20,3,3,11,0,0,0
SetupA_Nodes,20,3,3,12,0,0,0
SetupA_Nodes,20,3,3,13,0,0,0
SetupA_Nodes,20,3,3,14,0,0,0
SetupA_Nodes,20,3,3,15,0,0,0
SetupA_Nodes,20,3,3,16,0,0,0
SetupA_Nodes,20,3,3,17,0,0,0
SetupA_Nodes,20,3,3,18,0,0,0
SetupA_Nodes,20,3,4,0,380,190,190
SetupA_Nodes,20,3,4,1,1934,747,1187
SetupA_Nodes,20,3,4,2,2092,1373,719
SetupA_Nodes,20,3,4,3,157,143,14
SetupA_Nodes,20,3,4,4,15,15,0
SetupA_Nodes,20,3,4,5,0,0,0
SetupA_Nodes,20,3,4,6,0,0,0
SetupA_Nodes,20,3,4,7,0,0,0
SetupA_Nodes,20,3,4,8,0,0,0
SetupA_Nodes,20,3,4,9,0,0,0
SetupA_Nodes,20,3,4,10,0,0,0
SetupA_Nodes,20,3,4,11,0,0,0
SetupA_Nodes,20,3,4,12,0,0,0
SetupA_Nodes,20,3,4,13,0,0,0
SetupA_Nodes,20,3,4,14,0,0,0
SetupA_Nodes,20,3,4,15,0,0,0
SetupA_Nodes,20,3,4,16,0,0,0
SetupA_Nodes,20,3,4,17,0,0,0
SetupA_Nodes,20,3,4,18,0,0,0
SetupA_Nodes,20,3,5,0,380,190,190
SetupA_Nodes,20,3,5,1,3945,1820,2125
SetupA_Nodes,20,3,5,2,5863,3814,2049
SetupA_Nodes,20,3,5,3,142,128,14
SetupA_Nodes,20,3,5,4,45,45,0
SetupA_Nodes,20,3,5,5,6,6,0
SetupA_Nodes,20,3,5,6,0,0,0
SetupA_Nodes,20,3,5,7,0,0,0
SetupA_Nodes,20,3,5,8,0,0,0
SetupA_Nodes,20,3,5,9,0,0,0
SetupA_Nodes,20,3,5,10,0,0,0
SetupA_Nodes,20,3,5,11,0,0,0
SetupA_Nodes,20,3,5,12,0,0,0
SetupA_Nodes,20,3,5,13,0,0,0
SetupA_Nodes,20,3,5,14,0,0,0
SetupA_Nodes,20,3,5,15,0,0,0
SetupA_Nodes,20,3,5,16,0,0,0
SetupA_Nodes,20,3,5,17,0,0,0
SetupA_Nodes,20,3,5,18,0,0,0
SetupA_Nodes,20,3,6,0,380,190,190
SetupA_Nodes,20,3,6,1,1704,709,995
SetupA_Nodes,20,3,6,2,3133,1919,1214
SetupA_Nodes,20,3,6,3,4603,3042,1561
SetupA_Nodes,20,3,6,4,4739,3397,1342
SetupA_Nodes,20,3,6,5,12,12,0
SetupA_Nodes,20,3,6,6,0,0,0
SetupA_Nodes,20,3,6,7,0,0,0
SetupA_Nodes,20,3,6,8,0,0,0
SetupA_Nodes,20,3,6,9,0,0,0
SetupA_Nodes,20,3,6,10,0,0,0
SetupA_Nodes,20,3,6,11,0,0,0
SetupA_Nodes,20,3,6,12,0,0,0
SetupA_Nodes,20,3,6,13,0,0,0
SetupA_Nodes,20,3,6,14,0,0,0
SetupA_Nodes,20,3,6,15,0,0,0
SetupA_Nodes,20,3,6,16,0,0,0
SetupA_Nodes,20,3,6,17,0,0,0
SetupA_Nodes,20,3,6,18,0,0,0
SetupA_Nodes,20,3,7,0,380,190,190
SetupA_Nodes,20,3,7,1,2530,1085,1445
SetupA_Nodes,20,3,7,2,3269,2079,1190
SetupA_Nodes,20,3,7,3,1356,1202,154
SetupA_Nodes,20,3,7,4,15,15,0
SetupA_Nodes,20,3,7,5,0,0,0
SetupA_Nodes,20,3,7,6,0,0,0
SetupA_Nodes,20,3,7,7,0,0,0
SetupA_Nodes,20,3,7,8,0,0,0
SetupA_Nodes,20,3,7,9,0,0,0
SetupA_Nodes,20,3,7,10,0,0,0
SetupA_Nodes,20,3,7,11,0,0,0
SetupA_Nodes,20,3,7,12,0,0,0
SetupA_Nodes,20,3,7,13,0,0,0
SetupA_Nodes,20,3,7,14,0,0,0
SetupA_Nodes,20,3,7,15,0,0,0
SetupA_Nodes,20,3,7,16,0,0,0
SetupA_Nodes,20,3,7,17,0,0,0
SetupA_Nodes,20,3,7,18,0,0,0
SetupA_Nodes,20,3,8,0,380,190,190
SetupA_Nodes,20,3,8,1,1086,352,734
SetupA_Nodes,20,3,8,2,777,430,347
SetupA_Nodes,20,3,8,3,367,237,130
SetupA_Nodes,20,3,8,4,169,135,34
SetupA_Nodes,20,3,8,5,42,42,0
SetupA_Nodes,20,3,8,6,7,7,0
SetupA_Nodes,20,3,8,7,0,0,0
SetupA_Nodes,20,3,8,8,0,0,0
SetupA_Nodes,20,3,8,9,0,0,0
SetupA_Nodes,20,3,8,10,0,0,0
SetupA_Nodes,20,3,8,11,0,0,0
SetupA_Nodes,20,3,8,12,0,0,0
SetupA_Nodes,20,3,8,13,0,0,0
SetupA_Nodes,20,3,8,14,0,0,0
SetupA_Nodes,20,3,8,15,0,0,0
SetupA_Nodes,20,3,8,16,0,0,0
SetupA_Nodes,20,3,8,17,0,0,0
SetupA_Nodes,20,3,8,18,0,0,0
SetupA_Nodes,20,3,9,0,380,190,190
SetupA_Nodes,20,3,9,1,2049,818,1231
SetupA_Nodes,20,3,9,2,1952,1110,842
SetupA_Nodes,20,3,9,3,547,359,188
SetupA_Nodes,20,3,9,4,35,30,5
SetupA_Nodes,20,3,9,5,6,6,0
SetupA_Nodes,20,3,9,6,0,0,0
SetupA_Nodes,20,3,9,7,0,0,0
SetupA_Nodes,20,3,9,8,0,0,0
SetupA_Nodes,20,3,9,9,0,0,0
SetupA_Nodes,20,3,9,10,0,0,0
SetupA_Nodes,20,3,9,11,0,0,0
SetupA_Nodes,20,3,9,12,0,0,0
SetupA_Nodes,20,3,9,13,0,0,0
SetupA_Nodes,20,3,9,14,0,0,0
SetupA_Nodes,20,3,9,15,0,0,0
SetupA_Nodes,20,3,9,16,0,0,0
SetupA_Nodes,20,3,9,17,0,0,0
SetupA_Nodes,20,3,9,18,0,0,0
SetupA_Nodes,20,3,10,0,380,190,190
SetupA_Nodes,20,3,10,1,2193,897,1296
SetupA_Nodes,20,3,10,2,2968,1931,1037
SetupA_Nodes,20,3,10,3,661,585,76
SetupA_Nodes,20,3,10,4,40,40,0
SetupA_Nodes,20,3,10,5,6,6,0
SetupA_Nodes,20,3,10,6,0,0,0
SetupA_Nodes,20,3,10,7,0,0,0
SetupA_Nodes,20,3,10,8,0,0,0
SetupA_Nodes,20,3,10,9,0,0,0
SetupA_Nodes,20,3,10,10,0,0,0
SetupA_Nodes,20,3,10,11,0,0,0
SetupA_Nodes,20,3,10,12,0,0,0
SetupA_Nodes,20,3,10,13,0,0,0
SetupA_Nodes,20,3,10,14,0,0,0
SetupA_Nodes,20,3,10,15,0,0,0
SetupA_Nodes,20,3,10,16,0,0,0
SetupA_Nodes,20,3,10,17,0,0,0
SetupA_Nodes,20,3,10,18,0,0,0
SetupA_Nodes,20,3,11,0,380,190,190
SetupA_Nodes,20,3,11,1,1619,599,1020
SetupA_Nodes,20,3,11,2,3794,2099,1695
SetupA_Nodes,20,3,11,3,2592,1935,657
SetupA_Nodes,20,3,11,4,145,137,8
SetupA_Nodes,20,3,11,5,48,48,0
SetupA_Nodes,20,3,11,6,7,7,0
SetupA_Nodes,20,3,11,7,0,0,0
SetupA_Nodes,20,3,11,8,0,0,0
SetupA_Nodes,20,3,11,9,0,0,0
SetupA_Nodes,20,3,11,10,0,0,0
SetupA_Nodes,20,3,11,11,0,0,0
SetupA_Nodes,20,3,11,12,0,0,0
SetupA_Nodes,20,3,11,13,0,0,0
SetupA_Nodes,20,3,11,14,0,0,0
SetupA_Nodes,20,3,11,15,0,0,0
SetupA_Nodes,20,3,11,16,0,0,0
SetupA_Nodes,20,3,11,17,0,0,0
SetupA_Nodes,20,3,11,18,0,0,0
SetupA_Nodes,20,3,12,0,380,190,190
SetupA_Nodes,20,3,12,1,1667,636,1031
SetupA_Nodes,20,3,12,2,2281,1447,834
SetupA_Nodes,20,3,12,3,929,784,145
SetupA_Nodes,20,3,12,4,110,110,0
SetupA_Nodes,20,3,12,5,6,6,0
SetupA_Nodes,20,3,12,6,0,0,0
SetupA_Nodes,20,3,12,7,0,0,0
SetupA_Nodes,20,3,12,8,0,0,0
SetupA_Nodes,20,3,12,9,0,0,0
SetupA_Nodes,20,3,12,10,0,0,0
SetupA_Nodes,20,3,12,11,0,0,0
SetupA_Nodes,20,3,12,12,0,0,0
SetupA_Nodes,20,3,12,13,0,0,0
SetupA_Nodes,20,3,12,14,0,0,0
SetupA_Nodes,20,3,12,15,0,0,0
SetupA_Nodes,20,3,12,16,0,0,0
SetupA_Nodes,20,3,12,17,0,0,0
SetupA_Nodes,20,3,12,18,0,0,0
SetupA_Nodes,20,3,13,0,380,190,190
SetupA_Nodes,20,3,13,1,2847,1259,1588
SetupA_Nodes,20,3,13,2,6039,3687,2352
SetupA_Nodes,20,3,13,3,1176,1044,132
SetupA_Nodes,20,3,13,4,215,215,0
SetupA_Nodes,20,3,13,5,84,84,0
SetupA_Nodes,20,3,13,6,14,14,0
SetupA_Nodes,20,3,13,7,0,0,0
SetupA_Nodes,20,3,13,8,0,0,0
SetupA_Nodes,20,3,13,9,0,0,0
SetupA_Nodes,20,3,13,10,0,0,0
SetupA_Nodes,20,3,13,11,0,0,0
SetupA_Nodes,20,3,13,12,0,0,0
SetupA_Nodes,20,3,13,13,0,0,0
SetupA_Nodes,20,3,13,14,0,0,0
SetupA_Nodes,20,3,13,15,0,0,0
SetupA_Nodes,20,3,13,16,0,0,0
SetupA_Nodes,20,3,13,17,0,0,0
SetupA_Nodes,20,3,13,18,0,0,0
SetupA_Nodes,20,3,14,0,380,190,190
SetupA_Nodes,20,3,14,1,1869,752,1117
SetupA_Nodes,20,3,14,2,2611,1550,1061
SetupA_Nodes,20,3,14,3,495,339,156
SetupA_Nodes,20,3,14,4,10,5,5
SetupA_Nodes,20,3,14,5,0,0,0
SetupA_Nodes,20,3,14,6,0,0,0
SetupA_Nodes,20,3,14,7,0,0,0
SetupA_Nodes,20,3,14,8,0,0,0
SetupA_Nodes,20,3,14,9,0,0,0
SetupA_Nodes,20,3,14,10,0,0,0
SetupA_Nodes,20,3,14,11,0,0,0
SetupA_Nodes,20,3,14,12,0,0,0
SetupA_Nodes,20,3,14,13,0,0,0
SetupA_Nodes,20,3,14,14,0,0,0
SetupA_Nodes,20,3,14,15,0,0,0
SetupA_Nodes,20,3,14,16,0,0,0
SetupA_Nodes,20,3,14,17,0,0,0
SetupA_Nodes,20,3,14,18,0,0,0
SetupA_Nodes,20,3,15,0,380,190,190
SetupA_Nodes,20,3,15,1,1806,744,1062
SetupA_Nodes,20,3,15,2,1685,895,790
SetupA_Nodes,20,3,15,3,2133,861,1272
SetupA_Nodes,20,3,15,4,240,202,38
SetupA_Nodes,20,3,15,5,48,48,0
SetupA_Nodes,20,3,15,6,7,7,0
SetupA_Nodes,20,3,15,7,0,0,0
SetupA_Nodes,20,3,15,8,0,0,0
SetupA_Nodes,20,3,15,9,0,0,0
SetupA_Nodes,20,3,15,10,0,0,0
SetupA_Nodes,20,3,15,11,0,0,0
SetupA_Nodes,20,3,15,12,0,0,0
SetupA_Nodes,20,3,15,13,0,0,0
SetupA_Nodes,20,3,15,14,0,0,0
SetupA_Nodes,20,3,15,15,0,0,0
SetupA_Nodes,20,3,15,16,0,0,0
SetupA_Nodes,20,3,15,17,0,0,0
SetupA_Nodes,20,3,15,18,0,0,0
SetupA_Nodes,20,3,16,0,380,190,190
SetupA_Nodes,20,3,16,1,3219,1455,1764
SetupA_Nodes,20,3,16,2,4230,2474,1756
SetupA_Nodes,20,3,16,3,5620,3044,2576
SetupA_Nodes,20,3,16,4,5849,2623,3226
SetupA_Nodes,20,3,16,5,1110,285,825
SetupA_Nodes,20,3,16,6,7,7,0
SetupA_Nodes,20,3,16,7,0,0,0
SetupA_Nodes,20,3,16,8,0,0,0
SetupA_Nodes,20,3,16,9,0,0,0
SetupA_Nodes,20,3,16,10,0,0,0
SetupA_Nodes,20,3,16,11,0,0,0
SetupA_Nodes,20,3,16,12,0,0,0
SetupA_Nodes,20,3,16,13,0,0,0
SetupA_Nodes,20,3,16,14,0,0,0
SetupA_Nodes,20,3,16,15,0,0,0
SetupA_Nodes,20,3,16,16,0,0,0
SetupA_Nodes,20,3,16,17,0,0,0
SetupA_Nodes,20,3,16,18,0,0,0
SetupA_Nodes,20,3,17,0,380,190,190
SetupA_Nodes,20,3,17,1,2109,877,1232
SetupA_Nodes,20,3,17,2,3103,1686,1417
SetupA_Nodes,20,3,17,3,2961,1214,1747
SetupA_Nodes,20,3,17,4,415,115,300
SetupA_Nodes,20,3,17,5,42,0,42
SetupA_Nodes,20,3,17,6,7,0,7
SetupA_Nodes,20,3,17,7,0,0,0
SetupA_Nodes,20,3,17,8,0,0,0
SetupA_Nodes,20,3,17,9,0,0,0
SetupA_Nodes,20,3,17,10,0,0,0
SetupA_Nodes,20,3,17,11,0,0,0
SetupA_Nodes,20,3,17,12,0,0,0
SetupA_Nodes,20,3,17,13,0,0,0
SetupA_Nodes,20,3,17,14,0,0,0
SetupA_Nodes,20,3,17,15,0,0,0
SetupA_Nodes,20,3,17,16,0,0,0
SetupA_Nodes,20,3,17,17,0,0,0
SetupA_Nodes,20,3,17,18,0,0,0
SetupA_Nodes,20,3,18,0,380,190,190
SetupA_Nodes,20,3,18,1,1236,420,816
SetupA_Nodes,20,3,18,2,1349,675,674
SetupA_Nodes,20,3,18,3,642,363,279
SetupA_Nodes,20,3,18,4,127,55,72
SetupA_Nodes,20,3,18,5,6,6,0
SetupA_Nodes,20,3,18,6,0,0,0
SetupA_Nodes,20,3,18,7,0,0,0
SetupA_Nodes,20,3,18,8,0,0,0
SetupA_Nodes,20,3,18,9,0,0,0
SetupA_Nodes,20,3,18,10,0,0,0
SetupA_Nodes,20,3,18,11,0,0,0
SetupA_Nodes,20,3,18,12,0,0,0
SetupA_Nodes,20,3,18,13,0,0,0
SetupA_Nodes,20,3,18,14,0,0,0
SetupA_Nodes,20,3,18,15,0,0,0
SetupA_Nodes,20,3,18,16,0,0,0
SetupA_Nodes,20,3,18,17,0,0,0
SetupA_Nodes,20,3,18,18,0,0,0
SetupA_Nodes,20,3,19,0,380,190,190
SetupA_Nodes,20,3,19,1,2667,1189,1478
SetupA_Nodes,20,3,19,2,1410,976,434
SetupA_Nodes,20,3,19,3,268,223,45
SetupA_Nodes,20,3,19,4,140,135,5
SetupA_Nodes,20,3,19,5,48,48,0
SetupA_Nodes,20,3,19,6,7,7,0
SetupA_Nodes,20,3,19,7,0,0,0
SetupA_Nodes,20,3,19,8,0,0,0
SetupA_Nodes,20,3,19,9,0,0,0
SetupA_Nodes,20,3,19,10,0,0,0
SetupA_Nodes,20,3,19,11,0,0,0
SetupA_Nodes,20,3,19,12,0,0,0
SetupA_Nodes,20,3,19,13,0,0,0
SetupA_Nodes,20,3,19,14,0,0,0
SetupA_Nodes,20,3,19,15,0,0,0
SetupA_Nodes,20,3,19,16,0,0,0
SetupA_Nodes,20,3,19,17,0,0,0
SetupA_Nodes,20,3,19,18,0,0,0
SetupA_Nodes,20,3,20,0,380,190,190
SetupA_Nodes,20,3,20,1,1602,616,986
SetupA_Nodes,20,3,20,2,2216,1040,1176
SetupA_Nodes,20,3,20,3,2788,1194,1594
SetupA_Nodes,20,3,20,4,290,69,221
SetupA_Nodes,20,3,20,5,40,6,34
SetupA_Nodes,20,3,20,6,0,0,0
SetupA_Nodes,20,3,20,7,0,0,0
SetupA_Nodes,20,3,20,8,0,0,0
SetupA_Nodes,20,3,20,9,0,0,0
SetupA_Nodes,20,3,20,10,0,0,0
SetupA_Nodes,20,3,20,11,0,0,0
SetupA_Nodes,20,3,20,12,0,0,0
SetupA_Nodes,20,3,20,13,0,0,0
SetupA_Nodes,20,3,20,14,0,0,0
SetupA_Nodes,20,3,20,15,0,0,0
SetupA_Nodes,20,3,20,16,0,0,0
SetupA_Nodes,20,3,20,17,0,0,0
SetupA_Nodes,20,3,20,18,0,0,0
SetupA_Nodes,20,3,21,0,380,190,190
SetupA_Nodes,20,3,21,1,2265,1047,1218
SetupA_Nodes,20,3,21,2,3920,2490,1430
SetupA_Nodes,20,3,21,3,917,659,258
SetupA_Nodes,20,3,21,4,65,65,0
SetupA_Nodes,20,3,21,5,12,12,0
SetupA_Nodes,20,3,21,6,0,0,0
SetupA_Nodes,20,3,21,7,0,0,0
SetupA_Nodes,20,3,21,8,0,0,0
SetupA_Nodes,20,3,21,9,0,0,0
SetupA_Nodes,20,3,21,10,0,0,0
SetupA_Nodes,20,3,21,11,0,0,0
SetupA_Nodes,20,3,21,12,0,0,0
SetupA_Nodes,20,3,21,13,0,0,0
SetupA_Nodes,20,3,21,14,0,0,0
SetupA_Nodes,20,3,21,15,0,0,0
SetupA_Nodes,20,3,21,16,0,0,0
SetupA_Nodes,20,3,21,17,0,0,0
SetupA_Nodes,20,3,21,18,0,0,0
SetupA_Nodes,20,3,22,0,380,190,190
SetupA_Nodes,20,3,22,1,2893,1295,1598
SetupA_Nodes,20,3,22,2,2323,1320,1003
SetupA_Nodes,20,3,22,3,2132,1091,1041
SetupA_Nodes,20,3,22,4,956,559,397
SetupA_Nodes,20,3,22,5,6,6,0
SetupA_Nodes,20,3,22,6,0,0,0
SetupA_Nodes,20,3,22,7,0,0,0
SetupA_Nodes,20,3,22,8,0,0,0
SetupA_Nodes,20,3,22,9,0,0,0
SetupA_Nodes,20,3,22,10,0,0,0
SetupA_Nodes,20,3,22,11,0,0,0
SetupA_Nodes,20,3,22,12,0,0,0
SetupA_Nodes,20,3,22,13,0,0,0
SetupA_Nodes,20,3,22,14,0,0,0
SetupA_Nodes,20,3,22,15,0,0,0
SetupA_Nodes,20,3,22,16,0,0,0
SetupA_Nodes,20,3,22,17,0,0,0
SetupA_Nodes,20,3,22,18,0,0,0
SetupA_Nodes,20,3,23,0,380,190,190
SetupA_Nodes,20,3,23,1,2442,1079,1363
SetupA_Nodes,20,3,23,2,1993,1284,709
SetupA_Nodes,20,3,23,3,708,552,156
SetupA_Nodes,20,3,23,4,150,141,9
SetupA_Nodes,20,3,23,5,48,48,0
SetupA_Nodes,20,3,23,6,7,7,0
SetupA_Nodes,20,3,23,7,0,0,0
SetupA_Nodes,20,3,23,8,0,0,0
SetupA_Nodes,20,3,23,9,0,0,0
SetupA_Nodes,20,3,23,10,0,0,0
SetupA_Nodes,20,3,23,11,0,0,0
SetupA_Nodes,20,3,23,12,0,0,0
SetupA_Nodes,20,3,23,13,0,0,0
SetupA_Nodes,20,3,23,14,0,0,0
SetupA_Nodes,20,3,23,15,0,0,0
SetupA_Nodes,20,3,23,16,0,0,0
SetupA_Nodes,20,3,23,17,0,0,0
SetupA_Nodes,20,3,23,18,0,0,0
SetupA_Nodes,20,3,24,0,380,190,190
SetupA_Nodes,20,3,24,1,2776,1111,1665
SetupA_Nodes,20,3,24,2,4699,3021,1678
SetupA_Nodes,20,3,24,3,687,582,105
SetupA_Nodes,20,3,24,4,20,20,0
SetupA_Nodes,20,3,24,5,0,0,0
SetupA_Nodes,20,3,24,6,0,0,0
SetupA_Nodes,20,3,24,7,0,0,0
SetupA_Nodes,20,3,24,8,0,0,0
SetupA_Nodes,20,3,24,9,0,0,0
SetupA_Nodes,20,3,24,10,0,0,0
SetupA_Nodes,20,3,24,11,0,0,0
SetupA_Nodes,20,3,24,12,0,0,0
SetupA_Nodes,20,3,24,13,0,0,0
SetupA_Nodes,20,3,24,14,0,0,0
SetupA_Nodes,20,3,24,15,0,0,0
SetupA_Nodes,20,3,24,16,0,0,0
SetupA_Nodes,20,3,24,17,0,0,0
SetupA_Nodes,20,3,24,18,0,0,0
SetupA_Nodes,20,3,25,0,380,190,190
SetupA_Nodes,20,3,25,1,1779,730,1049
SetupA_Nodes,20,3,25,2,2915,1651,1264
SetupA_Nodes,20,3,25,3,1275,812,463
SetupA_Nodes,20,3,25,4,129,54,75
SetupA_Nodes,20,3,25,5,6,6,0
SetupA_Nodes,20,3,25,6,0,0,0
SetupA_Nodes,20,3,25,7,0,0,0
SetupA_Nodes,20,3,25,8,0,0,0
SetupA_Nodes,20,3,25,9,0,0,0
SetupA_Nodes,20,3,25,10,0,0,0
SetupA_Nodes,20,3,25,11,0,0,0
SetupA_Nodes,20,3,25,12,0,0,0
SetupA_Nodes,20,3,25,13,0,0,0
SetupA_Nodes,20,3,25,14,0,0,0
SetupA_Nodes,20,3,25,15,0,0,0
SetupA_Nodes,20,3,25,16,0,0,0
SetupA_Nodes,20,3,25,17,0,0,0
SetupA_Nodes,20,3,25,18,0,0,0
SetupA_Nodes,20,3,26,0,380,190,190
SetupA_Nodes,20,3,26,1,2086,848,1238
SetupA_Nodes,20,3,26,2,3395,1849,1546
SetupA_Nodes,20,3,26,3,1936,1118,818
SetupA_Nodes,20,3,26,4,541,409,132
SetupA_Nodes,20,3,26,5,12,12,0
SetupA_Nodes,20,3,26,6,0,0,0
SetupA_Nodes,20,3,26,7,0,0,0
SetupA_Nodes,20,3,26,8,0,0,0
SetupA_Nodes,20,3,26,9,0,0,0
SetupA_Nodes,20,3,26,10,0,0,0
SetupA_Nodes,20,3,26,11,0,0,0
SetupA_Nodes,20,3,26,12,0,0,0
SetupA_Nodes,20,3,26,13,0,0,0
SetupA_Nodes,20,3,26,14,0,0,0
SetupA_Nodes,20,3,26,15,0,0,0
SetupA_Nodes,20,3,26,16,0,0,0
SetupA_Nodes,20,3,26,17,0,0,0
SetupA_Nodes,20,3,26,18,0,0,0
SetupA_Nodes,20,3,27,0,380,190,190
SetupA_Nodes,20,3,27,1,1931,830,1101
SetupA_Nodes,20,3,27,2,2546,1672,874
SetupA_Nodes,20,3,27,3,1327,1127,200
SetupA_Nodes,20,3,27,4,65,65,0
SetupA_Nodes,20,3,27,5,12,12,0
SetupA_Nodes,20,3,27,6,0,0,0
SetupA_Nodes,20,3,27,7,0,0,0
SetupA_Nodes,20,3,27,8,0,0,0
SetupA_Nodes,20,3,27,9,0,0,0
SetupA_Nodes,20,3,27,10,0,0,0
SetupA_Nodes,20,3,27,11,0,0,0
SetupA_Nodes,20,3,27,12,0,0,0
SetupA_Nodes,20,3,27,13,0,0,0
SetupA_Nodes,20,3,27,14,0,0,0
SetupA_Nodes,20,3,27,15,0,0,0
SetupA_Nodes,20,3,27,16,0,0,0
SetupA_Nodes,20,3,27,17,0,0,0
SetupA_Nodes,20,3,27,18,0,0,0
SetupA_Nodes,20,3,28,0,380,190,190
SetupA_Nodes,20,3,28,1,2508,1052,1456
SetupA_Nodes,20,3,28,2,2877,1889,988
SetupA_Nodes,20,3,28,3,705,605,100
SetupA_Nodes,20,3,28,4,140,135,5
SetupA_Nodes,20,3,28,5,48,48,0
SetupA_Nodes,20,3,28,6,7,7,0
SetupA_Nodes,20,3,28,7,0,0,0
SetupA_Nodes,20,3,28,8,0,0,0
SetupA_Nodes,20,3,28,9,0,0,0
SetupA_Nodes,20,3,28,10,0,0,0
SetupA_Nodes,20,3,28,11,0,0,0
SetupA_Nodes,20,3,28,12,0,0,0
SetupA_Nodes,20,3,28,13,0,0,0
SetupA_Nodes,20,3,28,14,0,0,0
SetupA_Nodes,20,3,28,15,0,0,0
SetupA_Nodes,20,3,28,16,0,0,0
SetupA_Nodes,20,3,28,17,0,0,0
SetupA_Nodes,20,3,28,18,0,0,0
SetupA_Nodes,20,3,29,0,380,190,190
SetupA_Nodes,20,3,29,1,1756,752,1004
SetupA_Nodes,20,3,29,2,711,463,248
SetupA_Nodes,20,3,29,3,156,104,52
SetupA_Nodes,20,3,29,4,40,35,5
SetupA_Nodes,20,3,29,5,6,6,0
SetupA_Nodes,20,3,29,6,0,0,0
SetupA_Nodes,20,3,29,7,0,0,0
SetupA_Nodes,20,3,29,8,0,0,0
SetupA_Nodes,20,3,29,9,0,0,0
SetupA_Nodes,20,3,29,10,0,0,0
SetupA_Nodes,20,3,29,11,0,0,0
SetupA_Nodes,20,3,29,12,0,0,0
SetupA_Nodes,20,3,29,13,0,0,0
SetupA_Nodes,20,3,29,14,0,0,0
SetupA_Nodes,20,3,29,15,0,0,0
SetupA_Nodes,20,3,29,16,0,0,0
SetupA_Nodes,20,3,29,17,0,0,0
SetupA_Nodes,20,3,29,18,0,0,0
SetupA_Nodes,30,3,0,0,870,435,435
SetupA_Nodes,30,3,0,1,4850,1807,3043
SetupA_Nodes,30,3,0,2,8061,4950,3111
SetupA_Nodes,30,3,0,3,2989,2208,781
SetupA_Nodes,30,3,0,4,180,150,30
SetupA_Nodes,30,3,0,5,48,42,6
SetupA_Nodes,30,3,0,6,7,7,0
SetupA_Nodes,30,3,0,7,0,0,0
SetupA_Nodes,30,3,0,8,0,0,0
SetupA_Nodes,30,3,0,9,0,0,0
SetupA_Nodes,30,3,0,10,0,0,0
SetupA_Nodes,30,3,0,11,0,0,0
SetupA_Nodes,30,3,0,12,0,0,0
SetupA_Nodes,30,3,0,13,0,0,0
SetupA_Nodes,30,3,0,14,0,0,0
SetupA_Nodes,30,3,0,15,0,0,0
SetupA_Nodes,30,3,0,16,0,0,0
SetupA_Nodes,30,3,0,17,0,0,0
SetupA_Nodes,30,3,0,18,0,0,0
SetupA_Nodes,30,3,0,19,0,0,0
SetupA_Nodes,30,3,0,20,0,0,0
SetupA_Nodes,30,3,0,21,0,0,0
SetupA_Nodes,30,3,0,22,0,0,0
SetupA_Nodes,30,3,0,23,0,0,0
SetupA_Nodes,30,3,0,24,0,0,0
SetupA_Nodes,30,3,0,25,0,0,0
SetupA_Nodes,30,3,0,26,0,0,0
SetupA_Nodes,30,3,0,27,0,0,0
SetupA_Nodes,30,3,0,28,0,0,0
SetupA_Nodes,30,3,1,0,870,435,435
SetupA_Nodes,30,3,1,1,7910,3495,4415
SetupA_Nodes,30,3,1,2,15020,9383,5637
SetupA_Nodes,30,3,1,3,12804,8027,4777
SetupA_Nodes,30,3,1,4,2449,1443,1006
SetupA_Nodes,30,3,1,5,12,12,0
SetupA_Nodes,30,3,1,6,0,0,0
SetupA_Nodes,30,3,1,7,0,0,0
SetupA_Nodes,30,3,1,8,0,0,0
SetupA_Nodes,30,3,1,9,0,0,0
SetupA_Nodes,30,3,1,10,0,0,0
SetupA_Nodes,30,3,1,11,0,0,0
SetupA_Nodes,30,3,1,12,0,0,0
SetupA_Nodes,30,3,1,13,0,0,0
SetupA_Nodes,30,3,1,14,0,0,0
SetupA_Nodes,30,3,1,15,0,0,0
SetupA_Nodes,30,3,1,16,0,0,0
SetupA_Nodes,30,3,1,17,0,0,0
SetupA_Nodes,30,3,1,18,0,0,0
SetupA_Nodes,30,3,1,19,0,0,0
SetupA_Nodes,30,3,1,20,0,0,0
SetupA_Nodes,30,3,1,21,0,0,0
SetupA_Nodes,30,3,1,22,0,0,0
SetupA_Nodes,30,3,1,23,0,0,0
SetupA_Nodes,30,3,1,24,0,0,0
SetupA_Nodes,30,3,1,25,0,0,0
SetupA_Nodes,30,3,1,26,0,0,0
SetupA_Nodes,30,3,1,27,0,0,0
SetupA_Nodes,30,3,1,28,0,0,0
SetupA_Nodes,30,3,2,0,870,435,435
SetupA_Nodes,30,3,2,1,7351,3161,4190
SetupA_Nodes,30,3,2,2,16068,10376,5692
SetupA_Nodes,30,3,2,3,9285,7554,1731
SetupA_Nodes,30,3,2,4,45,45,0
SetupA_Nodes,30,3,2,5,6,6,0
SetupA_Nodes,30,3,2,6,0,0,0
SetupA_Nodes,30,3,2,7,0,0,0
SetupA_Nodes,30,3,2,8,0,0,0
SetupA_Nodes,30,3,2,9,0,0,0
SetupA_Nodes,30,3,2,10,0,0,0
SetupA_Nodes,30,3,2,11,0,0,0
SetupA_Nodes,30,3,2,12,0,0,0
SetupA_Nodes,30,3,2,13,0,0,0
SetupA_Nodes,30,3,2,14,0,0,0
SetupA_Nodes,30,3,2,15,0,0,0
SetupA_Nodes,30,3,2,16,0,0,0
SetupA_Nodes,30,3,2,17,0,0,0
SetupA_Nodes,30,3,2,18,0,0,0
SetupA_Nodes,30,3,2,19,0,0,0
SetupA_Nodes,30,3,2,20,0,0,0
SetupA_Nodes,30,3,2,21,0,0,0
SetupA_Nodes,30,3,2,22,0,0,0
SetupA_Nodes,30,3,2,23,0,0,0
SetupA_Nodes,30,3,2,24,0,0,0
SetupA_Nodes,30,3,2,25,0,0,0
SetupA_Nodes,30,3,2,26,0,0,0
SetupA_Nodes,30,3,2,27,0,0,0
SetupA_Nodes,30,3,2,28,0,0,0
SetupA_Nodes,30,3,3,0,870,435,435
SetupA_Nodes,30,3,3,1,4779,1885,2894
SetupA_Nodes,30,3,3,2,6908,4279,2629
SetupA_Nodes,30,3,3,3,764,588,176
SetupA_Nodes,30,3,3,4,40,40,0
SetupA_Nodes,30,3,3,5,6,6,0
SetupA_Nodes,30,3,3,6,0,0,0
SetupA_Nodes,30,3,3,7,0,0,0
SetupA_Nodes,30,3,3,8,0,0,0
SetupA_Nodes,30,3,3,9,0,0,0
SetupA_Nodes,30,3,3,10,0,0,0
SetupA_Nodes,30,3,3,11,0,0,0
SetupA_Nodes,30,3,3,12,0,0,0
SetupA_Nodes,30,3,3,13,0,0,0
SetupA_Nodes,30,3,3,14,0,0,0
SetupA_Nodes,30,3,3,15,0,0,0
SetupA_Nodes,30,3,3,16,0,0,0
SetupA_Nodes,30,3,3,17,0,0,0
SetupA_Nodes,30,3,3,18,0,0,0
SetupA_Nodes,30,3,3,19,0,0,0
SetupA_Nodes,30,3,3,20,0,0,0
SetupA_Nodes,30,3,3,21,0,0,0
SetupA_Nodes,30,3,3,22,0,0,0
SetupA_Nodes,30,3,3,23,0,0,0
SetupA_Nodes,30,3,3,24,0,0,0
SetupA_Nodes,30,3,3,25,0,0,0
SetupA_Nodes,30,3,3,26,0,0,0
SetupA_Nodes,30,3,3,27,0,0,0
SetupA_Nodes,30,3,3,28,0,0,0
SetupA_Nodes,30,3,4,0,870,435,435
SetupA_Nodes,30,3,4,1,6460,2514,3946
SetupA_Nodes,30,3,4,2,11235,6727,4508
SetupA_Nodes,30,3,4,3,4475,3480,995
SetupA_Nodes,30,3,4,4,496,432,64
SetupA_Nodes,30,3,4,5,18,18,0
SetupA_Nodes,30,3,4,6,0,0,0
SetupA_Nodes,30,3,4,7,0,0,0
SetupA_Nodes,30,3,4,8,0,0,0
SetupA_Nodes,30,3,4,9,0,0,0
SetupA_Nodes,30,3,4,10,0,0,0
SetupA_Nodes,30,3,4,11,0,0,0
SetupA_Nodes,30,3,4,12,0,0,0
SetupA_Nodes,30,3,4,13,0,0,0
SetupA_Nodes,30,3,4,14,0,0,0
SetupA_Nodes,30,3,4,15,0,0,0
SetupA_Nodes,30,3,4,16,0,0,0
SetupA_Nodes,30,3,4,17,0,0,0
SetupA_Nodes,30,3,4,18,0,0,0
SetupA_Nodes,30,3,4,19,0,0,0
SetupA_Nodes,30,3,4,20,0,0,0
SetupA_Nodes,30,3,4,21,0,0,0
SetupA_Nodes,30,3,4,22,0,0,0
SetupA_Nodes,30,3,4,23,0,0,0
SetupA_Nodes,30,3,4,24,0,0,0
SetupA_Nodes,30,3,4,25,0,0,0
SetupA_Nodes,30,3,4,26,0,0,0
SetupA_Nodes,30,3,4,27,0,0,0
SetupA_Nodes,30,3,4,28,0,0,0
SetupA_Nodes,30,3,5,0,870,435,435
SetupA_Nodes,30,3,5,1,5865,2342,3523
SetupA_Nodes,30,3,5,2,9634,5943,3691
SetupA_Nodes,30,3,5,3,2246,1858,388
SetupA_Nodes,30,3,5,4,100,100,0
SetupA_Nodes,30,3,5,5,18,18,0
SetupA_Nodes,30,3,5,6,0,0,0
SetupA_Nodes,30,3,5,7,0,0,0
SetupA_Nodes,30,3,5,8,0,0,0
SetupA_Nodes,30,3,5,9,0,0,0
SetupA_Nodes,30,3,5,10,0,0,0
SetupA_Nodes,30,3,5,11,0,0,0
SetupA_Nodes,30,3,5,12,0,0,0
SetupA_Nodes,30,3,5,13,0,0,0
SetupA_Nodes,30,3,5,14,0,0,0
SetupA_Nodes,30,3,5,15,0,0,0
SetupA_Nodes,30,3,5,16,0,0,0
SetupA_Nodes,30,3,5,17,0,0,0
SetupA_Nodes,30,3,5,18,0,0,0
SetupA_Nodes,30,3,5,19,0,0,0
SetupA_Nodes,30,3,5,20,0,0,0
SetupA_Nodes,30,3,5,21,0,0,0
SetupA_Nodes,30,3,5,22,0,0,0
SetupA_Nodes,30,3,5,23,0,0,0
SetupA_Nodes,30,3,5,24,0,0,0
SetupA_Nodes,30,3,5,25,0,0,0
SetupA_Nodes,30,3,5,26,0,0,0
SetupA_Nodes,30,3,5,27,0,0,0
SetupA_Nodes,30,3,5,28,0,0,0
SetupA_Nodes,30,3,6,0,870,435,435
SetupA_Nodes,30,3,6,1,4301,1526,2775
SetupA_Nodes,30,3,6,2,13692,7203,6489
SetupA_Nodes,30,3,6,3,33323,20400,12923
SetupA_Nodes,30,3,6,4,28552,13621,14931
SetupA_Nodes,30,3,6,5,16189,9261,6928
SetupA_Nodes,30,3,6,6,56,56,0
SetupA_Nodes,30,3,6,7,8,8,0
SetupA_Nodes,30,3,6,8,0,0,0
SetupA_Nodes,30,3,6,9,0,0,0
SetupA_Nodes,30,3,6,10,0,0,0
SetupA_Nodes,30,3,6,11,0,0,0
SetupA_Nodes,30,3,6,12,0,0,0
SetupA_Nodes,30,3,6,13,0,0,0
SetupA_Nodes,30,3,6,14,0,0,0
SetupA_Nodes,30,3,6,15,0,0,0
SetupA_Nodes,30,3,6,16,0,0,0
SetupA_Nodes,30,3,6,17,0,0,0
SetupA_Nodes,30,3,6,18,0,0,0
SetupA_Nodes,30,3,6,19,0,0,0
SetupA_Nodes,30,3,6,20,0,0,0
SetupA_Nodes,30,3,6,21,0,0,0
SetupA_Nodes,30,3,6,22,0,0,0
SetupA_Nodes,30,3,6,23,0,0,0
SetupA_Nodes,30,3,6,24,0,0,0
SetupA_Nodes,30,3,6,25,0,0,0
SetupA_Nodes,30,3,6,26,0,0,0
SetupA_Nodes,30,3,6,27,0,0,0
SetupA_Nodes,30,3,6,28,0,0,0
SetupA_Nodes,30,3,7,0,870,435,435
SetupA_Nodes,30,3,7,1,5732,2397,3335
SetupA_Nodes,30,3,7,2,7669,4820,2849
SetupA_Nodes,30,3,7,3,1566,1141,425
SetupA_Nodes,30,3,7,4,80,55,25
SetupA_Nodes,30,3,7,5,6,6,0
SetupA_Nodes,30,3,7,6,0,0,0
SetupA_Nodes,30,3,7,7,0,0,0
SetupA_Nodes,30,3,7,8,0,0,0
SetupA_Nodes,30,3,7,9,0,0,0
SetupA_Nodes,30,3,7,10,0,0,0
SetupA_Nodes,30,3,7,11,0,0,0
SetupA_Nodes,30,3,7,12,0,0,0
SetupA_Nodes,30,3,7,13,0,0,0
SetupA_Nodes,30,3,7,14,0,0,0
SetupA_Nodes,30,3,7,15,0,0,0
SetupA_Nodes,30,3,7,16,0,0,0
SetupA_Nodes,30,3,7,17,0,0,0
SetupA_Nodes,30,3,7,18,0,0,0
SetupA_Nodes,30,3,7,19,0,0,0
SetupA_Nodes,30,3,7,20,0,0,0
SetupA_Nodes,30,3,7,21,0,0,0
SetupA_Nodes,30,3,7,22,0,0,0
SetupA_Nodes,30,3,7,23,0,0,0
SetupA_Nodes,30,3,7,24,0,0,0
SetupA_Nodes,30,3,7,25,0,0,0
SetupA_Nodes,30,3,7,26,0,0,0
SetupA_Nodes,30,3,7,27,0,0,0
SetupA_Nodes,30,3,7,28,0,0,0
SetupA_Nodes,30,3,8,0,870,435,435
SetupA_Nodes,30,3,8,1,3678,1453,2225
SetupA_Nodes,30,3,8,2,3836,1903,1933
SetupA_Nodes,30,3,8,3,769,514,255
SetupA_Nodes,30,3,8,4,150,115,35
SetupA_Nodes,30,3,8,5,48,42,6
SetupA_Nodes,30,3,8,6,7,7,0
SetupA_Nodes,30,3,8,7,0,0,0
SetupA_Nodes,30,3,8,8,0,0,0
SetupA_Nodes,30,3,8,9,0,0,0
SetupA_Nodes,30,3,8,10,0,0,0
SetupA_Nodes,30,3,8,11,0,0,0
SetupA_Nodes,30,3,8,12,0,0,0
SetupA_Nodes,30,3,8,13,0,0,0
SetupA_Nodes,30,3,8,14,0,0,0
SetupA_Nodes,30,3,8,15,0,0,0
SetupA_Nodes,30,3,8,16,0,0,0
SetupA_Nodes,30,3,8,17,0,0,0
SetupA_Nodes,30,3,8,18,0,0,0
SetupA_Nodes,30,3,8,19,0,0,0
SetupA_Nodes,30,3,8,20,0,0,0
SetupA_Nodes,30,3,8,21,0,0,0
SetupA_Nodes,30,3,8,22,0,0,0
SetupA_Nodes,30,3,8,23,0,0,0
SetupA_Nodes,30,3,8,24,0,0,0
SetupA_Nodes,30,3,8,25,0,0,0
SetupA_Nodes,30,3,8,26,0,0,0
SetupA_Nodes,30,3,8,27,0,0,0
SetupA_Nodes,30,3,8,28,0,0,0
SetupA_Nodes,30,3,9,0,870,435,435
SetupA_Nodes,30,3,9,1,3031,1046,1985
SetupA_Nodes,30,3,9,2,4265,2388,1877
SetupA_Nodes,30,3,9,3,1247,830,417
SetupA_Nodes,30,3,9,4,25,15,10
SetupA_Nodes,30,3,9,5,0,0,0
SetupA_Nodes,30,3,9,6,0,0,0
SetupA_Nodes,30,3,9,7,0,0,0
SetupA_Nodes,30,3,9,8,0,0,0
SetupA_Nodes,30,3,9,9,0,0,0
SetupA_Nodes,30,3,9,10,0,0,0
SetupA_Nodes,30,3,9,11,0,0,0
SetupA_Nodes,30,3,9,12,0,0,0
SetupA_Nodes,30,3,9,13,0,0,0
SetupA_Nodes,30,3,9,14,0,0,0
SetupA_Nodes,30,3,9,15,0,0,0
SetupA_Nodes,30,3,9,16,0,0,0
SetupA_Nodes,30,3,9,17,0,0,0
SetupA_Nodes,30,3,9,18,0,0,0
SetupA_Nodes,30,3,9,19,0,0,0
SetupA_Nodes,30,3,9,20,0,0,0
SetupA_Nodes,30,3,9,21,0,0,0
SetupA_Nodes,30,3,9,22,0,0,0
SetupA_Nodes,30,3,9,23,0,0,0
SetupA_Nodes,30,3,9,24,0,0,0
SetupA_Nodes,30,3,9,25,0,0,0
SetupA_Nodes,30,3,9,26,0,0,0
SetupA_Nodes,30,3,9,27,0,0,0
SetupA_Nodes,30,3,9,28,0,0,0
SetupA_Nodes,30,3,10,0,870,435,435
SetupA_Nodes,30,3,10,1,5384,2117,3267
SetupA_Nodes,30,3,10,2,12663,7134,5529
SetupA_Nodes,30,3,10,3,3514,2455,1059
SetupA_Nodes,30,3,10,4,730,542,188
SetupA_Nodes,30,3,10,5,84,78,6
SetupA_Nodes,30,3,10,6,14,14,0
SetupA_Nodes,30,3,10,7,0,0,0
SetupA_Nodes,30,3,10,8,0,0,0
SetupA_Nodes,30,3,10,9,0,0,0
SetupA_Nodes,30,3,10,10,0,0,0
SetupA_Nodes,30,3,10,11,0,0,0
SetupA_Nodes,30,3,10,12,0,0,0
SetupA_Nodes,30,3,10,13,0,0,0
SetupA_Nodes,30,3,10,14,0,0,0
SetupA_Nodes,30,3,10,15,0,0,0
SetupA_Nodes,30,3,10,16,0,0,0
SetupA_Nodes,30,3,10,17,0,0,0
SetupA_Nodes,30,3,10,18,0,0,0
SetupA_Nodes,30,3,10,19,0,0,0
SetupA_Nodes,30,3,10,20,0,0,0
SetupA_Nodes,30,3,10,21,0,0,0
SetupA_Nodes,30,3,10,22,0,0,0
SetupA_Nodes,30,3,10,23,0,0,0
SetupA_Nodes,30,3,10,24,0,0,0
SetupA_Nodes,30,3,10,25,0,0,0
SetupA_Nodes,30,3,10,26,0,0,0
SetupA_Nodes,30,3,10,27,0,0,0
SetupA_Nodes,30,3,10,28,0,0,0
SetupA_Nodes,30,3,11,0,870,435,435
SetupA_Nodes,30,3,11,1,6001,2266,3735
SetupA_Nodes,30,3,11,2,14984,8742,6242
SetupA_Nodes,30,3,11,3,13439,10402,3037
SetupA_Nodes,30,3,11,4,2999,2720,279
SetupA_Nodes,30,3,11,5,18,18,0
SetupA_Nodes,30,3,11,6,0,0,0
SetupA_Nodes,30,3,11,7,0,0,0
SetupA_Nodes,30,3,11,8,0,0,0
SetupA_Nodes,30,3,11,9,0,0,0
SetupA_Nodes,30,3,11,10,0,0,0
SetupA_Nodes,30,3,11,11,0,0,0
SetupA_Nodes,30,3,11,12,0,0,0
SetupA_Nodes,30,3,11,13,0,0,0
SetupA_Nodes,30,3,11,14,0,0,0
SetupA_Nodes,30,3,11,15,0,0,0
SetupA_Nodes,30,3,11,16,0,0,0
SetupA_Nodes,30,3,11,17,0,0,0
SetupA_Nodes,30,3,11,18,0,0,0
SetupA_Nodes,30,3,11,19,0,0,0
SetupA_Nodes,30,3,11,20,0,0,0
SetupA_Nodes,30,3,11,21,0,0,0
SetupA_Nodes,30,3,11,22,0,0,0
SetupA_Nodes,30,3,11,23,0,0,0
SetupA_Nodes,30,3,11,24,0,0,0
SetupA_Nodes,30,3,11,25,0,0,0
SetupA_Nodes,30,3,11,26,0,0,0
SetupA_Nodes,30,3,11,27,0,0,0
SetupA_Nodes,30,3,11,28,0,0,0
SetupA_Nodes,30,3,12,0,870,435,435
SetupA_Nodes,30,3,12,1,5033,1835,3198
SetupA_Nodes,30,3,12,2,12660,6613,6047
SetupA_Nodes,30,3,12,3,12309,9733,2576
SetupA_Nodes,30,3,12,4,255,250,5
SetupA_Nodes,30,3,12,5,54,54,0
SetupA_Nodes,30,3,12,6,7,7,0
SetupA_Nodes,30,3,12,7,0,0,0
SetupA_Nodes,30,3,12,8,0,0,0
SetupA_Nodes,30,3,12,9,0,0,0
SetupA_Nodes,30,3,12,10,0,0,0
SetupA_Nodes,30,3,12,11,0,0,0
SetupA_Nodes,30,3,12,12,0,0,0
SetupA_Nodes,30,3,12,13,0,0,0
SetupA_Nodes,30,3,12,14,0,0,0
SetupA_Nodes,30,3,12,15,0,0,0
SetupA_Nodes,30,3,12,16,0,0,0
SetupA_Nodes,30,3,12,17,0,0,0
SetupA_Nodes,30,3,12,18,0,0,0
SetupA_Nodes,30,3,12,19,0,0,0
SetupA_Nodes,30,3,12,20,0,0,0
SetupA_Nodes,30,3,12,21,0,0,0
SetupA_Nodes,30,3,12,22,0,0,0
SetupA_Nodes,30,3,12,23,0,0,0
SetupA_Nodes,30,3,12,24,0,0,0
SetupA_Nodes,30,3,12,25,0,0,0
SetupA_Nodes,30,3,12,26,0,0,0
SetupA_Nodes,30,3,12,27,0,0,0
SetupA_Nodes,30,3,12,28,0,0,0
SetupA_Nodes,30,3,13,0,870,435,435
SetupA_Nodes,30,3,13,1,7453,2834,4619
SetupA_Nodes,30,3,13,2,23049,13671,9378
SetupA_Nodes,30,3,13,3,41408,32071,9337
SetupA_Nodes,30,3,13,4,335,331,4
SetupA_Nodes,30,3,13,5,48,48,0
SetupA_Nodes,30,3,13,6,7,7,0
SetupA_Nodes,30,3,13,7,0,0,0
SetupA_Nodes,30,3,13,8,0,0,0
SetupA_Nodes,30,3,13,9,0,0,0
SetupA_Nodes,30,3,13,10,0,0,0
SetupA_Nodes,30,3,13,11,0,0,0
SetupA_Nodes,30,3,13,12,0,0,0
SetupA_Nodes,30,3,13,13,0,0,0
SetupA_Nodes,30,3,13,14,0,0,0
SetupA_Nodes,30,3,13,15,0,0,0
SetupA_Nodes,30,3,13,16,0,0,0
SetupA_Nodes,30,3,13,17,0,0,0
SetupA_Nodes,30,3,13,18,0,0,0
SetupA_Nodes,30,3,13,19,0,0,0
SetupA_Nodes,30,3,13,20,0,0,0
SetupA_Nodes,30,3,13,21,0,0,0
SetupA_Nodes,30,3,13,22,0,0,0
SetupA_Nodes,30,3,13,23,0,0,0
SetupA_Nodes,30,3,13,24,0,0,0
SetupA_Nodes,30,3,13,25,0,0,0
SetupA_Nodes,30,3,13,26,0,0,0
SetupA_Nodes,30,3,13,27,0,0,0
SetupA_Nodes,30,3,13,28,0,0,0
SetupA_Nodes,30,3,14,0,870,435,435
SetupA_Nodes,30,3,14,1,5347,2038,3309
SetupA_Nodes,30,3,14,2,4495,2780,1715
SetupA_Nodes,30,3,14,3,3431,2130,1301
SetupA_Nodes,30,3,14,4,83,79,4
SetupA_Nodes,30,3,14,5,0,0,0
SetupA_Nodes,30,3,14,6,0,0,0
SetupA_Nodes,30,3,14,7,0,0,0
SetupA_Nodes,30,3,14,8,0,0,0
SetupA_Nodes,30,3,14,9,0,0,0
SetupA_Nodes,30,3,14,10,0,0,0
SetupA_Nodes,30,3,14,11,0,0,0
SetupA_Nodes,30,3,14,12,0,0,0
SetupA_Nodes,30,3,14,13,0,0,0
SetupA_Nodes,30,3,14,14,0,0,0
SetupA_Nodes,30,3,14,15,0,0,0
SetupA_Nodes,30,3,14,16,0,0,0
SetupA_Nodes,30,3,14,17,0,0,0
SetupA_Nodes,30,3,14,18,0,0,0
SetupA_Nodes,30,3,14,19,0,0,0
SetupA_Nodes,30,3,14,20,0,0,0
SetupA_Nodes,30,3,14,21,0,0,0
SetupA_Nodes,30,3,14,22,0,0,0
SetupA_Nodes,30,3,14,23,0,0,0
SetupA_Nodes,30,3,14,24,0,0,0
SetupA_Nodes,30,3,14,25,0,0,0
SetupA_Nodes,30,3,14,26,0,0,0
SetupA_Nodes,30,3,14,27,0,0,0
SetupA_Nodes,30,3,14,28,0,0,0
SetupA_Nodes,30,3,15,0,870,435,435
SetupA_Nodes,30,3,15,1,7736,3274,4462
SetupA_Nodes,30,3,15,2,15211,9080,6131
SetupA_Nodes,30,3,15,3,10687,7159,3528
SetupA_Nodes,30,3,15,4,970,806,164
SetupA_Nodes,30,3,15,5,341,310,31
SetupA_Nodes,30,3,15,6,14,14,0
SetupA_Nodes,30,3,15,7,0,0,0
SetupA_Nodes,30,3,15,8,0,0,0
SetupA_Nodes,30,3,15,9,0,0,0
SetupA_Nodes,30,3,15,10,0,0,0
SetupA_Nodes,30,3,15,11,0,0,0
SetupA_Nodes,30,3,15,12,0,0,0
SetupA_Nodes,30,3,15,13,0,0,0
SetupA_Nodes,30,3,15,14,0,0,0
SetupA_Nodes,30,3,15,15,0,0,0
SetupA_Nodes,30,3,15,16,0,0,0
SetupA_Nodes,30,3,15,17,0,0,0
SetupA_Nodes,30,3,15,18,0,0,0
SetupA_Nodes,30,3,15,19,0,0,0
SetupA_Nodes,30,3,15,20,0,0,0
SetupA_Nodes,30,3,15,21,0,0,0
SetupA_Nodes,30,3,15,22,0,0,0
SetupA_Nodes,30,3,15,23,0,0,0
SetupA_Nodes,30,3,15,24,0,0,0
SetupA_Nodes,30,3,15,25,0,0,0
SetupA_Nodes,30,3,15,26,0,0,0
SetupA_Nodes,30,3,15,27,0,0,0
SetupA_Nodes,30,3,15,28,0,0,0
SetupA_Nodes,30,3,16,0,870,435,435
SetupA_Nodes,30,3,16,1,6051,2495,3556
SetupA_Nodes,30,3,16,2,6598,4358,2240
SetupA_Nodes,30,3,16,3,1713,1239,474
SetupA_Nodes,30,3,16,4,180,151,29
SetupA_Nodes,30,3,16,5,54,48,6
SetupA_Nodes,30,3,16,6,7,7,0
SetupA_Nodes,30,3,16,7,0,0,0
SetupA_Nodes,30,3,16,8,0,0,0
SetupA_Nodes,30,3,16,9,0,0,0
SetupA_Nodes,30,3,16,10,0,0,0
SetupA_Nodes,30,3,16,11,0,0,0
SetupA_Nodes,30,3,16,12,0,0,0
SetupA_Nodes,30,3,16,13,0,0,0
SetupA_Nodes,30,3,16,14,0,0,0
SetupA_Nodes,30,3,16,15,0,0,0
SetupA_Nodes,30,3,16,16,0,0,0
SetupA_Nodes,30,3,16,17,0,0,0
SetupA_Nodes,30,3,16,18,0,0,0
SetupA_Nodes,30,3,16,19,0,0,0
SetupA_Nodes,30,3,16,20,0,0,0
SetupA_Nodes,30,3,16,21,0,0,0
SetupA_Nodes,30,3,16,22,0,0,0
SetupA_Nodes,30,3,16,23,0,0,0
SetupA_Nodes,30,3,16,24,0,0,0
SetupA_Nodes,30,3,16,25,0,0,0
SetupA_Nodes,30,3,16,26,0,0,0
SetupA_Nodes,30,3,16,27,0,0,0
SetupA_Nodes,30,3,16,28,0,0,0
SetupA_Nodes,30,3,17,0,870,435,435
SetupA_Nodes,30,3,17,1,4691,1789,2902
SetupA_Nodes,30,3,17,2,12764,6222,6542
SetupA_Nodes,30,3,17,3,35660,14194,21466
SetupA_Nodes,30,3,17,4,27308,5137,22171
SetupA_Nodes,30,3,17,5,10895,1637,9258
SetupA_Nodes,30,3,17,6,56,0,56
SetupA_Nodes,30,3,17,7,8,0,8
SetupA_Nodes,30,3,17,8,0,0,0
SetupA_Nodes,30,3,17,9,0,0,0
SetupA_Nodes,30,3,17,10,0,0,0
SetupA_Nodes,30,3,17,11,0,0,0
SetupA_Nodes,30,3,17,12,0,0,0
SetupA_Nodes,30,3,17,13,0,0,0
SetupA_Nodes,30,3,17,14,0,0,0
SetupA_Nodes,30,3,17,15,0,0,0
SetupA_Nodes,30,3,17,16,0,0,0
SetupA_Nodes,30,3,17,17,0,0,0
SetupA_Nodes,30,3,17,18,0,0,0
SetupA_Nodes,30,3,17,19,0,0,0
SetupA_Nodes,30,3,17,20,0,0,0
SetupA_Nodes,30,3,17,21,0,0,0
SetupA_Nodes,30,3,17,22,0,0,0
SetupA_Nodes,30,3,17,23,0,0,0
SetupA_Nodes,30,3,17,24,0,0,0
SetupA_Nodes,30,3,17,25,0,0,0
SetupA_Nodes,30,3,17,26,0,0,0
SetupA_Nodes,30,3,17,27,0,0,0
SetupA_Nodes,30,3,17,28,0,0,0
SetupA_Nodes,30,3,18,0,870,435,435
SetupA_Nodes,30,3,18,1,3384,1169,2215
SetupA_Nodes,30,3,18,2,3918,1990,1928
SetupA_Nodes,30,3,18,3,3974,1665,2309
SetupA_Nodes,30,3,18,4,1410,707,703
SetupA_Nodes,30,3,18,5,718,346,372
SetupA_Nodes,30,3,18,6,0,0,0
SetupA_Nodes,30,3,18,7,0,0,0
SetupA_Nodes,30,3,18,8,0,0,0
SetupA_Nodes,30,3,18,9,0,0,0
SetupA_Nodes,30,3,18,10,0,0,0
SetupA_Nodes,30,3,18,11,0,0,0
SetupA_Nodes,30,3,18,12,0,0,0
SetupA_Nodes,30,3,18,13,0,0,0
SetupA_Nodes,30,3,18,14,0,0,0
SetupA_Nodes,30,3,18,15,0,0,0
SetupA_Nodes,30,3,18,16,0,0,0
SetupA_Nodes,30,3,18,17,0,0,0
SetupA_Nodes,30,3,18,18,0,0,0
SetupA_Nodes,30,3,18,19,0,0,0
SetupA_Nodes,30,3,18,20,0,0,0
SetupA_Nodes,30,3,18,21,0,0,0
SetupA_Nodes,30,3,18,22,0,0,0
SetupA_Nodes,30,3,18,23,0,0,0
SetupA_Nodes,30,3,18,24,0,0,0
SetupA_Nodes,30,3,18,25,0,0,0
SetupA_Nodes,30,3,18,26,0,0,0
SetupA_Nodes,30,3,18,27,0,0,0
SetupA_Nodes,30,3,18,28,0,0,0
SetupA_Nodes,30,3,19,0,870,435,435
SetupA_Nodes,30,3,19,1,4595,1672,2923
SetupA_Nodes,30,3,19,2,7980,4124,3856
SetupA_Nodes,30,3,19,3,24392,10826,13566
SetupA_Nodes,30,3,19,4,50878,28971,21907
SetupA_Nodes,30,3,19,5,7692,4636,3056
SetupA_Nodes,30,3,19,6,14,14,0
SetupA_Nodes,30,3,19,7,0,0,0
SetupA_Nodes,30,3,19,8,0,0,0
SetupA_Nodes,30,3,19,9,0,0,0
SetupA_Nodes,30,3,19,10,0,0,0
SetupA_Nodes,30,3,19,11,0,0,0
SetupA_Nodes,30,3,19,12,0,0,0
SetupA_Nodes,30,3,19,13,0,0,0
SetupA_Nodes,30,3,19,14,0,0,0
SetupA_Nodes,30,3,19,15,0,0,0
SetupA_Nodes,30,3,19,16,0,0,0
SetupA_Nodes,30,3,19,17,0,0,0
SetupA_Nodes,30,3,19,18,0,0,0
SetupA_Nodes,30,3,19,19,0,0,0
SetupA_Nodes,30,3,19,20,0,0,0
SetupA_Nodes,30,3,19,21,0,0,0
SetupA_Nodes,30,3,19,22,0,0,0
SetupA_Nodes,30,3,19,23,0,0,0
SetupA_Nodes,30,3,19,24,0,0,0
SetupA_Nodes,30,3,19,25,0,0,0
SetupA_Nodes,30,3,19,26,0,0,0
SetupA_Nodes,30,3,19,27,0,0,0
SetupA_Nodes,30,3,19,28,0,0,0
SetupA_Nodes,30,3,20,0,870,435,435
SetupA_Nodes,30,3,20,1,3191,1132,2059
SetupA_Nodes,30,3,20,2,6535,3063,3472
SetupA_Nodes,30,3,20,3,694,317,377
SetupA_Nodes,30,3,20,4,185,145,40
SetupA_Nodes,30,3,20,5,54,48,6
SetupA_Nodes,30,3,20,6,7,7,0
SetupA_Nodes,30,3,20,7,0,0,0
SetupA_Nodes,30,3,20,8,0,0,0
SetupA_Nodes,30,3,20,9,0,0,0
SetupA_Nodes,30,3,20,10,0,0,0
SetupA_Nodes,30,3,20,11,0,0,0
SetupA_Nodes,30,3,20,12,0,0,0
SetupA_Nodes,30,3,20,13,0,0,0
SetupA_Nodes,30,3,20,14,0,0,0
SetupA_Nodes,30,3,20,15,0,0,0
SetupA_Nodes,30,3,20,16,0,0,0
SetupA_Nodes,30,3,20,17,0,0,0
SetupA_Nodes,30,3,20,18,0,0,0
SetupA_Nodes,30,3,20,19,0,0,0
SetupA_Nodes,30,3,20,20,0,0,0
SetupA_Nodes,30,3,20,21,0,0,0
SetupA_Nodes,30,3,20,22,0,0,0
SetupA_Nodes,30,3,20,23,0,0,0
SetupA_Nodes,30,3,20,24,0,0,0
SetupA_Nodes,30,3,20,25,0,0,0
SetupA_Nodes,30,3,20,26,0,0,0
SetupA_Nodes,30,3,20,27,0,0,0
SetupA_Nodes,30,3,20,28,0,0,0
SetupA_Nodes,30,3,21,0,870,435,435
SetupA_Nodes,30,3,21,1,6439,2708,3731
SetupA_Nodes,30,3,21,2,20906,12404,8502
SetupA_Nodes,30,3,21,3,11762,8698,3064
SetupA_Nodes,30,3,21,4,155,145,10
SetupA_Nodes,30,3,21,5,48,48,0
SetupA_Nodes,30,3,21,6,7,7,0
SetupA_Nodes,30,3,21,7,0,0,0
SetupA_Nodes,30,3,21,8,0,0,0
SetupA_Nodes,30,3,21,9,0,0,0
SetupA_Nodes,30,3,21,10,0,0,0
SetupA_Nodes,30,3,21,11,0,0,0
SetupA_Nodes,30,3,21,12,0,0,0
SetupA_Nodes,30,3,21,13,0,0,0
SetupA_Nodes,30,3,21,14,0,0,0
SetupA_Nodes,30,3,21,15,0,0,0
SetupA_Nodes,30,3,21,16,0,0,0
SetupA_Nodes,30,3,21,17,0,0,0
SetupA_Nodes,30,3,21,18,0,0,0
SetupA_Nodes,30,3,21,19,0,0,0
SetupA_Nodes,30,3,21,20,0,0,0
SetupA_Nodes,30,3,21,21,0,0,0
SetupA_Nodes,30,3,21,22,0,0,0
SetupA_Nodes,30,3,21,23,0,0,0
SetupA_Nodes,30,3,21,24,0,0,0
SetupA_Nodes,30,3,21,25,0,0,0
SetupA_Nodes,30,3,21,26,0,0,0
SetupA_Nodes,30,3,21,27,0,0,0
SetupA_Nodes,30,3,21,28,0,0,0
SetupA_Nodes,30,3,22,0,870,435,435
SetupA_Nodes,30,3,22,1,4315,1576,2739
SetupA_Nodes,30,3,22,2,3986,2029,1957
SetupA_Nodes,30,3,22,3,579,214,365
SetupA_Nodes,30,3,22,4,125,85,40
SetupA_Nodes,30,3,22,5,18,12,6
SetupA_Nodes,30,3,22,6,0,0,0
SetupA_Nodes,30,3,22,7,0,0,0
SetupA_Nodes,30,3,22,8,0,0,0
SetupA_Nodes,30,3,22,9,0,0,0
SetupA_Nodes,30,3,22,10,0,0,0
SetupA_Nodes,30,3,22,11,0,0,0
SetupA_Nodes,30,3,22,12,0,0,0
SetupA_Nodes,30,3,22,13,0,0,0
SetupA_Nodes,30,3,22,14,0,0,0
SetupA_Nodes,30,3,22,15,0,0,0
SetupA_Nodes,30,3,22,16,0,0,0
SetupA_Nodes,30,3,22,17,0,0,0
SetupA_Nodes,30,3,22,18,0,0,0
SetupA_Nodes,30,3,22,19,0,0,0
SetupA_Nodes,30,3,22,20,0,0,0
SetupA_Nodes,30,3,22,21,0,0,0
SetupA_Nodes,30,3,22,22,0,0,0
SetupA_Nodes,30,3,22,23,0,0,0
SetupA_Nodes,30,3,22,24,0,0,0
SetupA_Nodes,30,3,22,25,0,0,0
SetupA_Nodes,30,3,22,26,0,0,0
SetupA_Nodes,30,3,22,27,0,0,0
SetupA_Nodes,30,3,22,28,0,0,0
SetupA_Nodes,30,3,23,0,870,435,435
SetupA_Nodes,30,3,23,1,6819,2512,4307
SetupA_Nodes,30,3,23,2,14126,8028,6098
SetupA_Nodes,30,3,23,3,23457,13004,10453
SetupA_Nodes,30,3,23,4,7356,5372,1984
SetupA_Nodes,30,3,23,5,508,497,11
SetupA_Nodes,30,3,23,6,7,7,0
SetupA_Nodes,30,3,23,7,0,0,0
SetupA_Nodes,30,3,23,8,0,0,0
SetupA_Nodes,30,3,23,9,0,0,0
SetupA_Nodes,30,3,23,10,0,0,0
SetupA_Nodes,30,3,23,11,0,0,0
SetupA_Nodes,30,3,23,12,0,0,0
SetupA_Nodes,30,3,23,13,0,0,0
SetupA_Nodes,30,3,23,14,0,0,0
SetupA_Nodes,30,3,23,15,0,0,0
SetupA_Nodes,30,3,23,16,0,0,0
SetupA_Nodes,30,3,23,17,0,0,0
SetupA_Nodes,30,3,23,18,0,0,0
SetupA_Nodes,30,3,23,19,0,0,0
SetupA_Nodes,30,3,23,20,0,0,0
SetupA_Nodes,30,3,23,21,0,0,0
SetupA_Nodes,30,3,23,22,0,0,0
SetupA_Nodes,30,3,23,23,0,0,0
SetupA_Nodes,30,3,23,24,0,0,0
SetupA_Nodes,30,3,23,25,0,0,0
SetupA_Nodes,30,3,23,26,0,0,0
SetupA_Nodes,30,3,23,27,0,0,0
SetupA_Nodes,30,3,23,28,0,0,0
SetupA_Nodes,30,3,24,0,870,435,435
SetupA_Nodes,30,3,24,1,7048,2835,4213
SetupA_Nodes,30,3,24,2,11072,6989,4083
SetupA_Nodes,30,3,24,3,1526,1440,86
SetupA_Nodes,30,3,24,4,25,25,0
SetupA_Nodes,30,3,24,5,0,0,0
SetupA_Nodes,30,3,24,6,0,0,0
SetupA_Nodes,30,3,24,7,0,0,0
SetupA_Nodes,30,3,24,8,0,0,0
SetupA_Nodes,30,3,24,9,0,0,0
SetupA_Nodes,30,3,24,10,0,0,0
SetupA_Nodes,30,3,24,11,0,0,0
SetupA_Nodes,30,3,24,12,0,0,0
SetupA_Nodes,30,3,24,13,0,0,0
SetupA_Nodes,30,3,24,14,0,0,0
SetupA_Nodes,30,3,24,15,0,0,0
SetupA_Nodes,30,3,24,16,0,0,0
SetupA_Nodes,30,3,24,17,0,0,0
SetupA_Nodes,30,3,24,18,0,0,0
SetupA_Nodes,30,3,24,19,0,0,0
SetupA_Nodes,30,3,24,20,0,0,0
SetupA_Nodes,30,3,24,21,0,0,0
SetupA_Nodes,30,3,24,22,0,0,0
SetupA_Nodes,30,3,24,23,0,0,0
SetupA_Nodes,30,3,24,24,0,0,0
SetupA_Nodes,30,3,24,25,0,0,0
SetupA_Nodes,30,3,24,26,0,0,0
SetupA_Nodes,30,3,24,27,0,0,0
SetupA_Nodes,30,3,24,28,0,0,0
SetupA_Nodes,30,3,25,0,870,435,435
SetupA_Nodes,30,3,25,1,4844,2069,2775
SetupA_Nodes,30,3,25,2,4958,3174,1784
SetupA_Nodes,30,3,25,3,3512,2432,1080
SetupA_Nodes,30,3,25,4,85,75,10
SetupA_Nodes,30,3,25,5,12,12,0
SetupA_Nodes,30,3,25,6,0,0,0
SetupA_Nodes,30,3,25,7,0,0,0
SetupA_Nodes,30,3,25,8,0,0,0
SetupA_Nodes,30,3,25,9,0,0,0
SetupA_Nodes,30,3,25,10,0,0,0
SetupA_Nodes,30,3,25,11,0,0,0
SetupA_Nodes,30,3,25,12,0,0,0
SetupA_Nodes,30,3,25,13,0,0,0
SetupA_Nodes,30,3,25,14,0,0,0
SetupA_Nodes,30,3,25,15,0,0,0
SetupA_Nodes,30,3,25,16,0,0,0
SetupA_Nodes,30,3,25,17,0,0,0
SetupA_Nodes,30,3,25,18,0,0,0
SetupA_Nodes,30,3,25,19,0,0,0
SetupA_Nodes,30,3,25,20,0,0,0
SetupA_Nodes,30,3,25,21,0,0,0
SetupA_Nodes,30,3,25,22,0,0,0
SetupA_Nodes,30,3,25,23,0,0,0
SetupA_Nodes,30,3,25,24,0,0,0
SetupA_Nodes,30,3,25,25,0,0,0
SetupA_Nodes,30,3,25,26,0,0,0
SetupA_Nodes,30,3,25,27,0,0,0
SetupA_Nodes,30,3,25,28,0,0,0
SetupA_Nodes,30,3,26,0,870,435,435
SetupA_Nodes,30,3,26,1,3896,1459,2437
SetupA_Nodes,30,3,26,2,6413,3310,3103
SetupA_Nodes,30,3,26,3,3192,1628,1564
SetupA_Nodes,30,3,26,4,600,320,280
SetupA_Nodes,30,3,26,5,342,174,168
SetupA_Nodes,30,3,26,6,112,56,56
SetupA_Nodes,30,3,26,7,16,8,8
SetupA_Nodes,30,3,26,8,0,0,0
SetupA_Nodes,30,3,26,9,0,0,0
SetupA_Nodes,30,3,26,10,0,0,0
SetupA_Nodes,30,3,26,11,0,0,0
SetupA_Nodes,30,3,26,12,0,0,0
SetupA_Nodes,30,3,26,13,0,0,0
SetupA_Nodes,30,3,26,14,0,0,0
SetupA_Nodes,30,3,26,15,0,0,0
SetupA_Nodes,30,3,26,16,0,0,0
SetupA_Nodes,30,3,26,17,0,0,0
SetupA_Nodes,30,3,26,18,0,0,0
SetupA_Nodes,30,3,26,19,0,0,0
SetupA_Nodes,30,3,26,20,0,0,0
SetupA_Nodes,30,3,26,21,0,0,0
SetupA_Nodes,30,3,26,22,0,0,0
SetupA_Nodes,30,3,26,23,0,0,0
SetupA_Nodes,30,3,26,24,0,0,0
SetupA_Nodes,30,3,26,25,0,0,0
SetupA_Nodes,30,3,26,26,0,0,0
SetupA_Nodes,30,3,26,27,0,0,0
SetupA_Nodes,30,3,26,28,0,0,0
SetupA_Nodes,30,3,27,0,870,435,435
SetupA_Nodes,30,3,27,1,4188,1546,2642
SetupA_Nodes,30,3,27,2,3927,2502,1425
SetupA_Nodes,30,3,27,3,757,544,213
SetupA_Nodes,30,3,27,4,424,324,100
SetupA_Nodes,30,3,27,5,90,84,6
SetupA_Nodes,30,3,27,6,14,14,0
SetupA_Nodes,30,3,27,7,0,0,0
SetupA_Nodes,30,3,27,8,0,0,0
SetupA_Nodes,30,3,27,9,0,0,0
SetupA_Nodes,30,3,27,10,0,0,0
SetupA_Nodes,30,3,27,11,0,0,0
SetupA_Nodes,30,3,27,12,0,0,0
SetupA_Nodes,30,3,27,13,0,0,0
SetupA_Nodes,30,3,27,14,0,0,0
SetupA_Nodes,30,3,27,15,0,0,0
SetupA_Nodes,30,3,27,16,0,0,0
SetupA_Nodes,30,3,27,17,0,0,0
SetupA_Nodes,30,3,27,18,0,0,0
SetupA_Nodes,30,3,27,19,0,0,0
SetupA_Nodes,30,3,27,20,0,0,0
SetupA_Nodes,30,3,27,21,0,0,0
SetupA_Nodes,30,3,27,22,0,0,0
SetupA_Nodes,30,3,27,23,0,0,0
SetupA_Nodes,30,3,27,24,0,0,0
SetupA_Nodes,30,3,27,25,0,0,0
SetupA_Nodes,30,3,27,26,0,0,0
SetupA_Nodes,30,3,27,27,0,0,0
SetupA_Nodes,30,3,27,28,0,0,0
SetupA_Nodes,30,3,28,0,870,435,435
SetupA_Nodes,30,3,28,1,5145,1965,3180
SetupA_Nodes,30,3,28,2,10164,5587,4577
SetupA_Nodes,30,3,28,3,6227,3097,3130
SetupA_Nodes,30,3,28,4,5311,2549,2762
SetupA_Nodes,30,3,28,5,48,42,6
SetupA_Nodes,30,3,28,6,7,7,0
SetupA_Nodes,30,3,28,7,0,0,0
SetupA_Nodes,30,3,28,8,0,0,0
SetupA_Nodes,30,3,28,9,0,0,0
SetupA_Nodes,30,3,28,10,0,0,0
SetupA_Nodes,30,3,28,11,0,0,0
SetupA_Nodes,30,3,28,12,0,0,0
SetupA_Nodes,30,3,28,13,0,0,0
SetupA_Nodes,30,3,28,14,0,0,0
SetupA_Nodes,30,3,28,15,0,0,0
SetupA_Nodes,30,3,28,16,0,0,0
SetupA_Nodes,30,3,28,17,0,0,0
SetupA_Nodes,30,3,28,18,0,0,0
SetupA_Nodes,30,3,28,19,0,0,0
SetupA_Nodes,30,3,28,20,0,0,0
SetupA_Nodes,30,3,28,21,0,0,0
SetupA_Nodes,30,3,28,22,0,0,0
SetupA_Nodes,30,3,28,23,0,0,0
SetupA_Nodes,30,3,28,24,0,0,0
SetupA_Nodes,30,3,28,25,0,0,0
SetupA_Nodes,30,3,28,26,0,0,0
SetupA_Nodes,30,3,28,27,0,0,0
SetupA_Nodes,30,3,28,28,0,0,0
SetupA_Nodes,30,3,29,0,870,435,435
SetupA_Nodes,30,3,29,1,4654,1671,2983
SetupA_Nodes,30,3,29,2,4194,2669,1525
SetupA_Nodes,30,3,29,3,382,333,49
SetupA_Nodes,30,3,29,4,50,50,0
SetupA_Nodes,30,3,29,5,0,0,0
SetupA_Nodes,30,3,29,6,0,0,0
SetupA_Nodes,30,3,29,7,0,0,0
SetupA_Nodes,30,3,29,8,0,0,0
SetupA_Nodes,30,3,29,9,0,0,0
SetupA_Nodes,30,3,29,10,0,0,0
SetupA_Nodes,30,3,29,11,0,0,0
SetupA_Nodes,30,3,29,12,0,0,0
SetupA_Nodes,30,3,29,13,0,0,0
SetupA_Nodes,30,3,29,14,0,0,0
SetupA_Nodes,30,3,29,15,0,0,0
SetupA_Nodes,30,3,29,16,0,0,0
SetupA_Nodes,30,3,29,17,0,0,0
SetupA_Nodes,30,3,29,18,0,0,0
SetupA_Nodes,30,3,29,19,0,0,0
SetupA_Nodes,30,3,29,20,0,0,0
SetupA_Nodes,30,3,29,21,0,0,0
SetupA_Nodes,30,3,29,22,0,0,0
SetupA_Nodes,30,3,29,23,0,0,0
SetupA_Nodes,30,3,29,24,0,0,0
SetupA_Nodes,30,3,29,25,0,0,0
SetupA_Nodes,30,3,29,26,0,0,0
SetupA_Nodes,30,3,29,27,0,0,0
SetupA_Nodes,30,3,29,28,0,0,0
SetupB_Density,20,2,0,0,380,190,190
SetupB_Density,20,2,0,1,1294,537,757
SetupB_Density,20,2,0,2,596,343,253
SetupB_Density,20,2,0,3,28,24,4
SetupB_Density,20,2,0,4,5,5,0
SetupB_Density,20,2,0,5,0,0,0
SetupB_Density,20,2,0,6,0,0,0
SetupB_Density,20,2,0,7,0,0,0
SetupB_Density,20,2,0,8,0,0,0
SetupB_Density,20,2,0,9,0,0,0
SetupB_Density,20,2,0,10,0,0,0
SetupB_Density,20,2,0,11,0,0,0
SetupB_Density,20,2,0,12,0,0,0
SetupB_Density,20,2,0,13,0,0,0
SetupB_Density,20,2,0,14,0,0,0
SetupB_Density,20,2,0,15,0,0,0
SetupB_Density,20,2,0,16,0,0,0
SetupB_Density,20,2,0,17,0,0,0
SetupB_Density,20,2,0,18,0,0,0
SetupB_Density,20,2,1,0,380,190,190
SetupB_Density,20,2,1,1,712,241,471
SetupB_Density,20,2,1,2,700,394,306
SetupB_Density,20,2,1,3,28,24,4
SetupB_Density,20,2,1,4,5,5,0
SetupB_Density,20,2,1,5,0,0,0
SetupB_Density,20,2,1,6,0,0,0
SetupB_Density,20,2,1,7,0,0,0
SetupB_Density,20,2,1,8,0,0,0
SetupB_Density,20,2,1,9,0,0,0
SetupB_Density,20,2,1,10,0,0,0
SetupB_Density,20,2,1,11,0,0,0
SetupB_Density,20,2,1,12,0,0,0
SetupB_Density,20,2,1,13,0,0,0
SetupB_Density,20,2,1,14,0,0,0
SetupB_Density,20,2,1,15,0,0,0
SetupB_Density,20,2,1,16,0,0,0
SetupB_Density,20,2,1,17,0,0,0
SetupB_Density,20,2,1,18,0,0,0
SetupB_Density,20,2,2,0,380,190,190
SetupB_Density,20,2,2,1,517,184,333
SetupB_Density,20,2,2,2,48,41,7
SetupB_Density,20,2,2,3,8,8,0
SetupB_Density,20,2,2,4,0,0,0
SetupB_Density,20,2,2,5,0,0,0
SetupB_Density,20,2,2,6,0,0,0
SetupB_Density,20,2,2,7,0,0,0
SetupB_Density,20,2,2,8,0,0,0
SetupB_Density,20,2,2,9,0,0,0
SetupB_Density,20,2,2,10,0,0,0
SetupB_Density,20,2,2,11,0,0,0
SetupB_Density,20,2,2,12,0,0,0
SetupB_Density,20,2,2,13,0,0,0
SetupB_Density,20,2,2,14,0,0,0
SetupB_Density,20,2,2,15,0,0,0
SetupB_Density,20,2,2,16,0,0,0
SetupB_Density,20,2,2,17,0,0,0
SetupB_Density,20,2,2,18,0,0,0
SetupB_Density,20,2,3,0,380,190,190
SetupB_Density,20,2,3,1,419,146,273
SetupB_Density,20,2,3,2,21,15,6
SetupB_Density,20,2,3,3,4,4,0
SetupB_Density,20,2,3,4,0,0,0
SetupB_Density,20,2,3,5,0,0,0
SetupB_Density,20,2,3,6,0,0,0
SetupB_Density,20,2,3,7,0,0,0
SetupB_Density,20,2,3,8,0,0,0
SetupB_Density,20,2,3,9,0,0,0
SetupB_Density,20,2,3,10,0,0,0
SetupB_Density,20,2,3,11,0,0,0
SetupB_Density,20,2,3,12,0,0,0
SetupB_Density,20,2,3,13,0,0,0
SetupB_Density,20,2,3,14,0,0,0
SetupB_Density,20,2,3,15,0,0,0
SetupB_Density,20,2,3,16,0,0,0
SetupB_Density,20,2,3,17,0,0,0
SetupB_Density,20,2,3,18,0,0,0
SetupB_Density,20,2,4,0,380,190,190
SetupB_Density,20,2,4,1,323,105,218
SetupB_Density,20,2,4,2,60,35,25
SetupB_Density,20,2,4,3,4,0,4
SetupB_Density,20,2,4,4,0,0,0
SetupB_Density,20,2,4,5,0,0,0
SetupB_Density,20,2,4,6,0,0,0
SetupB_Density,20,2,4,7,0,0,0
SetupB_Density,20,2,4,8,0,0,0
SetupB_Density,20,2,4,9,0,0,0
SetupB_Density,20,2,4,10,0,0,0
SetupB_Density,20,2,4,11,0,0,0
SetupB_Density,20,2,4,12,0,0,0
SetupB_Density,20,2,4,13,0,0,0
SetupB_Density,20,2,4,14,0,0,0
SetupB_Density,20,2,4,15,0,0,0
SetupB_Density,20,2,4,16,0,0,0
SetupB_Density,20,2,4,17,0,0,0
SetupB_Density,20,2,4,18,0,0,0
SetupB_Density,20,2,5,0,380,190,190
SetupB_Density,20,2,5,1,1106,449,657
SetupB_Density,20,2,5,2,67,67,0
SetupB_Density,20,2,5,3,12,12,0
SetupB_Density,20,2,5,4,0,0,0
SetupB_Density,20,2,5,5,0,0,0
SetupB_Density,20,2,5,6,0,0,0
SetupB_Density,20,2,5,7,0,0,0
SetupB_Density,20,2,5,8,0,0,0
SetupB_Density,20,2,5,9,0,0,0
SetupB_Density,20,2,5,10,0,0,0
SetupB_Density,20,2,5,11,0,0,0
SetupB_Density,20,2,5,12,0,0,0
SetupB_Density,20,2,5,13,0,0,0
SetupB_Density,20,2,5,14,0,0,0
SetupB_Density,20,2,5,15,0,0,0
SetupB_Density,20,2,5,16,0,0,0
SetupB_Density,20,2,5,17,0,0,0
SetupB_Density,20,2,5,18,0,0,0
SetupB_Density,20,2,6,0,380,190,190
SetupB_Density,20,2,6,1,1041,412,629
SetupB_Density,20,2,6,2,1459,756,703
SetupB_Density,20,2,6,3,316,219,97
SetupB_Density,20,2,6,4,5,5,0
SetupB_Density,20,2,6,5,0,0,0
SetupB_Density,20,2,6,6,0,0,0
SetupB_Density,20,2,6,7,0,0,0
SetupB_Density,20,2,6,8,0,0,0
SetupB_Density,20,2,6,9,0,0,0
SetupB_Density,20,2,6,10,0,0,0
SetupB_Density,20,2,6,11,0,0,0
SetupB_Density,20,2,6,12,0,0,0
SetupB_Density,20,2,6,13,0,0,0
SetupB_Density,20,2,6,14,0,0,0
SetupB_Density,20,2,6,15,0,0,0
SetupB_Density,20,2,6,16,0,0,0
SetupB_Density,20,2,6,17,0,0,0
SetupB_Density,20,2,6,18,0,0,0
SetupB_Density,20,2,7,0,380,190,190
SetupB_Density,20,2,7,1,622,219,403
SetupB_Density,20,2,7,2,93,73,20
SetupB_Density,20,2,7,3,8,8,0
SetupB_Density,20,2,7,4,0,0,0
SetupB_Density,20,2,7,5,0,0,0
SetupB_Density,20,2,7,6,0,0,0
SetupB_Density,20,2,7,7,0,0,0
SetupB_Density,20,2,7,8,0,0,0
SetupB_Density,20,2,7,9,0,0,0
SetupB_Density,20,2,7,10,0,0,0
SetupB_Density,20,2,7,11,0,0,0
SetupB_Density,20,2,7,12,0,0,0
SetupB_Density,20,2,7,13,0,0,0
SetupB_Density,20,2,7,14,0,0,0
SetupB_Density,20,2,7,15,0,0,0
SetupB_Density,20,2,7,16,0,0,0
SetupB_Density,20,2,7,17,0,0,0
SetupB_Density,20,2,7,18,0,0,0
SetupB_Density,20,2,8,0,380,190,190
SetupB_Density,20,2,8,1,374,137,237
SetupB_Density,20,2,8,2,94,74,20
SetupB_Density,20,2,8,3,60,60,0
SetupB_Density,20,2,8,4,30,30,0
SetupB_Density,20,2,8,5,6,6,0
SetupB_Density,20,2,8,6,0,0,0
SetupB_Density,20,2,8,7,0,0,0
SetupB_Density,20,2,8,8,0,0,0
SetupB_Density,20,2,8,9,0,0,0
SetupB_Density,20,2,8,10,0,0,0
SetupB_Density,20,2,8,11,0,0,0
SetupB_Density,20,2,8,12,0,0,0
SetupB_Density,20,2,8,13,0,0,0
SetupB_Density,20,2,8,14,0,0,0
SetupB_Density,20,2,8,15,0,0,0
SetupB_Density,20,2,8,16,0,0,0
SetupB_Density,20,2,8,17,0,0,0
SetupB_Density,20,2,8,18,0,0,0
SetupB_Density,20,2,9,0,380,190,190
SetupB_Density,20,2,9,1,873,351,522
SetupB_Density,20,2,9,2,156,78,78
SetupB_Density,20,2,9,3,24,20,4
SetupB_Density,20,2,9,4,5,5,0
SetupB_Density,20,2,9,5,0,0,0
SetupB_Density,20,2,9,6,0,0,0
SetupB_Density,20,2,9,7,0,0,0
SetupB_Density,20,2,9,8,0,0,0
SetupB_Density,20,2,9,9,0,0,0
SetupB_Density,20,2,9,10,0,0,0
SetupB_Density,20,2,9,11,0,0,0
SetupB_Density,20,2,9,12,0,0,0
SetupB_Density,20,2,9,13,0,0,0
SetupB_Density,20,2,9,14,0,0,0
SetupB_Density,20,2,9,15,0,0,0
SetupB_Density,20,2,9,16,0,0,0
SetupB_Density,20,2,9,17,0,0,0
SetupB_Density,20,2,9,18,0,0,0
SetupB_Density,20,2,10,0,380,190,190
SetupB_Density,20,2,10,1,894,390,504
SetupB_Density,20,2,10,2,129,97,32
SetupB_Density,20,2,10,3,24,24,0
SetupB_Density,20,2,10,4,5,5,0
SetupB_Density,20,2,10,5,0,0,0
SetupB_Density,20,2,10,6,0,0,0
SetupB_Density,20,2,10,7,0,0,0
SetupB_Density,20,2,10,8,0,0,0
SetupB_Density,20,2,10,9,0,0,0
SetupB_Density,20,2,10,10,0,0,0
SetupB_Density,20,2,10,11,0,0,0
SetupB_Density,20,2,10,12,0,0,0
SetupB_Density,20,2,10,13,0,0,0
SetupB_Density,20,2,10,14,0,0,0
SetupB_Density,20,2,10,15,0,0,0
SetupB_Density,20,2,10,16,0,0,0
SetupB_Density,20,2,10,17,0,0,0
SetupB_Density,20,2,10,18,0,0,0
SetupB_Density,20,2,11,0,380,190,190
SetupB_Density,20,2,11,1,499,194,305
SetupB_Density,20,2,11,2,89,69,20
SetupB_Density,20,2,11,3,60,56,4
SetupB_Density,20,2,11,4,30,30,0
SetupB_Density,20,2,11,5,6,6,0
SetupB_Density,20,2,11,6,0,0,0
SetupB_Density,20,2,11,7,0,0,0
SetupB_Density,20,2,11,8,0,0,0
SetupB_Density,20,2,11,9,0,0,0
SetupB_Density,20,2,11,10,0,0,0
SetupB_Density,20,2,11,11,0,0,0
SetupB_Density,20,2,11,12,0,0,0
SetupB_Density,20,2,11,13,0,0,0
SetupB_Density,20,2,11,14,0,0,0
SetupB_Density,20,2,11,15,0,0,0
SetupB_Density,20,2,11,16,0,0,0
SetupB_Density,20,2,11,17,0,0,0
SetupB_Density,20,2,11,18,0,0,0
SetupB_Density,20,2,12,0,380,190,190
SetupB_Density,20,2,12,1,504,208,296
SetupB_Density,20,2,12,2,111,81,30
SetupB_Density,20,2,12,3,12,12,0
SetupB_Density,20,2,12,4,0,0,0
SetupB_Density,20,2,12,5,0,0,0
SetupB_Density,20,2,12,6,0,0,0
SetupB_Density,20,2,12,7,0,0,0
SetupB_Density,20,2,12,8,0,0,0
SetupB_Density,20,2,12,9,0,0,0
SetupB_Density,20,2,12,10,0,0,0
SetupB_Density,20,2,12,11,0,0,0
SetupB_Density,20,2,12,12,0,0,0
SetupB_Density,20,2,12,13,0,0,0
SetupB_Density,20,2,12,14,0,0,0
SetupB_Density,20,2,12,15,0,0,0
SetupB_Density,20,2,12,16,0,0,0
SetupB_Density,20,2,12,17,0,0,0
SetupB_Density,20,2,12,18,0,0,0
SetupB_Density,20,2,13,0,380,190,190
SetupB_Density,20,2,13,1,1654,739,915
SetupB_Density,20,2,13,2,2109,1349,760
SetupB_Density,20,2,13,3,72,72,0
SetupB_Density,20,2,13,4,30,30,0
SetupB_Density,20,2,13,5,6,6,0
SetupB_Density,20,2,13,6,0,0,0
SetupB_Density,20,2,13,7,0,0,0
SetupB_Density,20,2,13,8,0,0,0
SetupB_Density,20,2,13,9,0,0,0
SetupB_Density,20,2,13,10,0,0,0
SetupB_Density,20,2,13,11,0,0,0
SetupB_Density,20,2,13,12,0,0,0
SetupB_Density,20,2,13,13,0,0,0
SetupB_Density,20,2,13,14,0,0,0
SetupB_Density,20,2,13,15,0,0,0
SetupB_Density,20,2,13,16,0,0,0
SetupB_Density,20,2,13,17,0,0,0
SetupB_Density,20,2,13,18,0,0,0
SetupB_Density,20,2,14,0,380,190,190
SetupB_Density,20,2,14,1,549,188,361
SetupB_Density,20,2,14,2,287,148,139
SetupB_Density,20,2,14,3,16,12,4
SetupB_Density,20,2,14,4,0,0,0
SetupB_Density,20,2,14,5,0,0,0
SetupB_Density,20,2,14,6,0,0,0
SetupB_Density,20,2,14,7,0,0,0
SetupB_Density,20,2,14,8,0,0,0
SetupB_Density,20,2,14,9,0,0,0
SetupB_Density,20,2,14,10,0,0,0
SetupB_Density,20,2,14,11,0,0,0
SetupB_Density,20,2,14,12,0,0,0
SetupB_Density,20,2,14,13,0,0,0
SetupB_Density,20,2,14,14,0,0,0
SetupB_Density,20,2,14,15,0,0,0
SetupB_Density,20,2,14,16,0,0,0
SetupB_Density,20,2,14,17,0,0,0
SetupB_Density,20,2,14,18,0,0,0
SetupB_Density,20,2,15,0,380,190,190
SetupB_Density,20,2,15,1,802,336,466
SetupB_Density,20,2,15,2,772,349,423
SetupB_Density,20,2,15,3,543,182,361
SetupB_Density,20,2,15,4,65,36,29
SetupB_Density,20,2,15,5,0,0,0
SetupB_Density,20,2,15,6,0,0,0
SetupB_Density,20,2,15,7,0,0,0
SetupB_Density,20,2,15,8,0,0,0
SetupB_Density,20,2,15,9,0,0,0
SetupB_Density,20,2,15,10,0,0,0
SetupB_Density,20,2,15,11,0,0,0
SetupB_Density,20,2,15,12,0,0,0
SetupB_Density,20,2,15,13,0,0,0
SetupB_Density,20,2,15,14,0,0,0
SetupB_Density,20,2,15,15,0,0,0
SetupB_Density,20,2,15,16,0,0,0
SetupB_Density,20,2,15,17,0,0,0
SetupB_Density,20,2,15,18,0,0,0
SetupB_Density,20,2,16,0,380,190,190
SetupB_Density,20,2,16,1,1525,703,822
SetupB_Density,20,2,16,2,199,173,26
SetupB_Density,20,2,16,3,64,64,0
SetupB_Density,20,2,16,4,30,30,0
SetupB_Density,20,2,16,5,6,6,0
SetupB_Density,20,2,16,6,0,0,0
SetupB_Density,20,2,16,7,0,0,0
SetupB_Density,20,2,16,8,0,0,0
SetupB_Density,20,2,16,9,0,0,0
SetupB_Density,20,2,16,10,0,0,0
SetupB_Density,20,2,16,11,0,0,0
SetupB_Density,20,2,16,12,0,0,0
SetupB_Density,20,2,16,13,0,0,0
SetupB_Density,20,2,16,14,0,0,0
SetupB_Density,20,2,16,15,0,0,0
SetupB_Density,20,2,16,16,0,0,0
SetupB_Density,20,2,16,17,0,0,0
SetupB_Density,20,2,16,18,0,0,0
SetupB_Density,20,2,17,0,380,190,190
SetupB_Density,20,2,17,1,444,144,300
SetupB_Density,20,2,17,2,403,190,213
SetupB_Density,20,2,17,3,86,32,54
SetupB_Density,20,2,17,4,10,5,5
SetupB_Density,20,2,17,5,0,0,0
SetupB_Density,20,2,17,6,0,0,0
SetupB_Density,20,2,17,7,0,0,0
SetupB_Density,20,2,17,8,0,0,0
SetupB_Density,20,2,17,9,0,0,0
SetupB_Density,20,2,17,10,0,0,0
SetupB_Density,20,2,17,11,0,0,0
SetupB_Density,20,2,17,12,0,0,0
SetupB_Density,20,2,17,13,0,0,0
SetupB_Density,20,2,17,14,0,0,0
SetupB_Density,20,2,17,15,0,0,0
SetupB_Density,20,2,17,16,0,0,0
SetupB_Density,20,2,17,17,0,0,0
SetupB_Density,20,2,17,18,0,0,0
SetupB_Density,20,2,18,0,380,190,190
SetupB_Density,20,2,18,1,425,139,286
SetupB_Density,20,2,18,2,259,110,149
SetupB_Density,20,2,18,3,8,4,4
SetupB_Density,20,2,18,4,0,0,0
SetupB_Density,20,2,18,5,0,0,0
SetupB_Density,20,2,18,6,0,0,0
SetupB_Density,20,2,18,7,0,0,0
SetupB_Density,20,2,18,8,0,0,0
SetupB_Density,20,2,18,9,0,0,0
SetupB_Density,20,2,18,10,0,0,0
SetupB_Density,20,2,18,11,0,0,0
SetupB_Density,20,2,18,12,0,0,0
SetupB_Density,20,2,18,13,0,0,0
SetupB_Density,20,2,18,14,0,0,0
SetupB_Density,20,2,18,15,0,0,0
SetupB_Density,20,2,18,16,0,0,0
SetupB_Density,20,2,18,17,0,0,0
SetupB_Density,20,2,18,18,0,0,0
SetupB_Density,20,2,19,0,380,190,190
SetupB_Density,20,2,19,1,540,213,327
SetupB_Density,20,2,19,2,59,47,12
SetupB_Density,20,2,19,3,8,8,0
SetupB_Density,20,2,19,4,0,0,0
SetupB_Density,20,2,19,5,0,0,0
SetupB_Density,20,2,19,6,0,0,0
SetupB_Density,20,2,19,7,0,0,0
SetupB_Density,20,2,19,8,0,0,0
SetupB_Density,20,2,19,9,0,0,0
SetupB_Density,20,2,19,10,0,0,0
SetupB_Density,20,2,19,11,0,0,0
SetupB_Density,20,2,19,12,0,0,0
SetupB_Density,20,2,19,13,0,0,0
SetupB_Density,20,2,19,14,0,0,0
SetupB_Density,20,2,19,15,0,0,0
SetupB_Density,20,2,19,16,0,0,0
SetupB_Density,20,2,19,17,0,0,0
SetupB_Density,20,2,19,18,0,0,0
SetupB_Density,20,2,20,0,380,190,190
SetupB_Density,20,2,20,1,458,145,313
SetupB_Density,20,2,20,2,186,78,108
SetupB_Density,20,2,20,3,28,8,20
SetupB_Density,20,2,20,4,5,0,5
SetupB_Density,20,2,20,5,0,0,0
SetupB_Density,20,2,20,6,0,0,0
SetupB_Density,20,2,20,7,0,0,0
SetupB_Density,20,2,20,8,0,0,0
SetupB_Density,20,2,20,9,0,0,0
SetupB_Density,20,2,20,10,0,0,0
SetupB_Density,20,2,20,11,0,0,0
SetupB_Density,20,2,20,12,0,0,0
SetupB_Density,20,2,20,13,0,0,0
SetupB_Density,20,2,20,14,0,0,0
SetupB_Density,20,2,20,15,0,0,0
SetupB_Density,20,2,20,16,0,0,0
SetupB_Density,20,2,20,17,0,0,0
SetupB_Density,20,2,20,18,0,0,0
SetupB_Density,20,2,21,0,380,190,190
SetupB_Density,20,2,21,1,738,338,400
SetupB_Density,20,2,21,2,231,162,69
SetupB_Density,20,2,21,3,12,12,0
SetupB_Density,20,2,21,4,0,0,0
SetupB_Density,20,2,21,5,0,0,0
SetupB_Density,20,2,21,6,0,0,0
SetupB_Density,20,2,21,7,0,0,0
SetupB_Density,20,2,21,8,0,0,0
SetupB_Density,20,2,21,9,0,0,0
SetupB_Density,20,2,21,10,0,0,0
SetupB_Density,20,2,21,11,0,0,0
SetupB_Density,20,2,21,12,0,0,0
SetupB_Density,20,2,21,13,0,0,0
SetupB_Density,20,2,21,14,0,0,0
SetupB_Density,20,2,21,15,0,0,0
SetupB_Density,20,2,21,16,0,0,0
SetupB_Density,20,2,21,17,0,0,0
SetupB_Density,20,2,21,18,0,0,0
SetupB_Density,20,2,22,0,380,190,190
SetupB_Density,20,2,22,1,466,175,291
SetupB_Density,20,2,22,2,115,55,60
SetupB_Density,20,2,22,3,8,4,4
SetupB_Density,20,2,22,4,0,0,0
SetupB_Density,20,2,22,5,0,0,0
SetupB_Density,20,2,22,6,0,0,0
SetupB_Density,20,2,22,7,0,0,0
SetupB_Density,20,2,22,8,0,0,0
SetupB_Density,20,2,22,9,0,0,0
SetupB_Density,20,2,22,10,0,0,0
SetupB_Density,20,2,22,11,0,0,0
SetupB_Density,20,2,22,12,0,0,0
SetupB_Density,20,2,22,13,0,0,0
SetupB_Density,20,2,22,14,0,0,0
SetupB_Density,20,2,22,15,0,0,0
SetupB_Density,20,2,22,16,0,0,0
SetupB_Density,20,2,22,17,0,0,0
SetupB_Density,20,2,22,18,0,0,0
SetupB_Density,20,2,23,0,380,190,190
SetupB_Density,20,2,23,1,579,194,385
SetupB_Density,20,2,23,2,359,179,180
SetupB_Density,20,2,23,3,99,70,29
SetupB_Density,20,2,23,4,10,10,0
SetupB_Density,20,2,23,5,0,0,0
SetupB_Density,20,2,23,6,0,0,0
SetupB_Density,20,2,23,7,0,0,0
SetupB_Density,20,2,23,8,0,0,0
SetupB_Density,20,2,23,9,0,0,0
SetupB_Density,20,2,23,10,0,0,0
SetupB_Density,20,2,23,11,0,0,0
SetupB_Density,20,2,23,12,0,0,0
SetupB_Density,20,2,23,13,0,0,0
SetupB_Density,20,2,23,14,0,0,0
SetupB_Density,20,2,23,15,0,0,0
SetupB_Density,20,2,23,16,0,0,0
SetupB_Density,20,2,23,17,0,0,0
SetupB_Density,20,2,23,18,0,0,0
SetupB_Density,20,2,24,0,380,190,190
SetupB_Density,20,2,24,1,937,381,556
SetupB_Density,20,2,24,2,271,188,83
SetupB_Density,20,2,24,3,84,81,3
SetupB_Density,20,2,24,4,0,0,0
SetupB_Density,20,2,24,5,0,0,0
SetupB_Density,20,2,24,6,0,0,0
SetupB_Density,20,2,24,7,0,0,0
SetupB_Density,20,2,24,8,0,0,0
SetupB_Density,20,2,24,9,0,0,0
SetupB_Density,20,2,24,10,0,0,0
SetupB_Density,20,2,24,11,0,0,0
SetupB_Density,20,2,24,12,0,0,0
SetupB_Density,20,2,24,13,0,0,0
SetupB_Density,20,2,24,14,0,0,0
SetupB_Density,20,2,24,15,0,0,0
SetupB_Density,20,2,24,16,0,0,0
SetupB_Density,20,2,24,17,0,0,0
SetupB_Density,20,2,24,18,0,0,0
SetupB_Density,20,2,25,0,380,190,190
SetupB_Density,20,2,25,1,596,210,386
SetupB_Density,20,2,25,2,356,154,202
SetupB_Density,20,2,25,3,234,52,182
SetupB_Density,20,2,25,4,27,1,26
SetupB_Density,20,2,25,5,0,0,0
SetupB_Density,20,2,25,6,0,0,0
SetupB_Density,20,2,25,7,0,0,0
SetupB_Density,20,2,25,8,0,0,0
SetupB_Density,20,2,25,9,0,0,0
SetupB_Density,20,2,25,10,0,0,0
SetupB_Density,20,2,25,11,0,0,0
SetupB_Density,20,2,25,12,0,0,0
SetupB_Density,20,2,25,13,0,0,0
SetupB_Density,20,2,25,14,0,0,0
SetupB_Density,20,2,25,15,0,0,0
SetupB_Density,20,2,25,16,0,0,0
SetupB_Density,20,2,25,17,0,0,0
SetupB_Density,20,2,25,18,0,0,0
SetupB_Density,20,2,26,0,380,190,190
SetupB_Density,20,2,26,1,546,206,340
SetupB_Density,20,2,26,2,69,53,16
SetupB_Density,20,2,26,3,24,20,4
SetupB_Density,20,2,26,4,5,5,0
SetupB_Density,20,2,26,5,0,0,0
SetupB_Density,20,2,26,6,0,0,0
SetupB_Density,20,2,26,7,0,0,0
SetupB_Density,20,2,26,8,0,0,0
SetupB_Density,20,2,26,9,0,0,0
SetupB_Density,20,2,26,10,0,0,0
SetupB_Density,20,2,26,11,0,0,0
SetupB_Density,20,2,26,12,0,0,0
SetupB_Density,20,2,26,13,0,0,0
SetupB_Density,20,2,26,14,0,0,0
SetupB_Density,20,2,26,15,0,0,0
SetupB_Density,20,2,26,16,0,0,0
SetupB_Density,20,2,26,17,0,0,0
SetupB_Density,20,2,26,18,0,0,0
SetupB_Density,20,2,27,0,380,190,190
SetupB_Density,20,2,27,1,1000,440,560
SetupB_Density,20,2,27,2,188,156,32
SetupB_Density,20,2,27,3,44,44,0
SetupB_Density,20,2,27,4,10,10,0
SetupB_Density,20,2,27,5,0,0,0
SetupB_Density,20,2,27,6,0,0,0
SetupB_Density,20,2,27,7,0,0,0
SetupB_Density,20,2,27,8,0,0,0
SetupB_Density,20,2,27,9,0,0,0
SetupB_Density,20,2,27,10,0,0,0
SetupB_Density,20,2,27,11,0,0,0
SetupB_Density,20,2,27,12,0,0,0
SetupB_Density,20,2,27,13,0,0,0
SetupB_Density,20,2,27,14,0,0,0
SetupB_Density,20,2,27,15,0,0,0
SetupB_Density,20,2,27,16,0,0,0
SetupB_Density,20,2,27,17,0,0,0
SetupB_Density,20,2,27,18,0,0,0
SetupB_Density,20,2,28,0,380,190,190
SetupB_Density,20,2,28,1,664,270,394
SetupB_Density,20,2,28,2,144,102,42
SetupB_Density,20,2,28,3,64,41,23
SetupB_Density,20,2,28,4,15,10,5
SetupB_Density,20,2,28,5,0,0,0
SetupB_Density,20,2,28,6,0,0,0
SetupB_Density,20,2,28,7,0,0,0
SetupB_Density,20,2,28,8,0,0,0
SetupB_Density,20,2,28,9,0,0,0
SetupB_Density,20,2,28,10,0,0,0
SetupB_Density,20,2,28,11,0,0,0
SetupB_Density,20,2,28,12,0,0,0
SetupB_Density,20,2,28,13,0,0,0
SetupB_Density,20,2,28,14,0,0,0
SetupB_Density,20,2,28,15,0,0,0
SetupB_Density,20,2,28,16,0,0,0
SetupB_Density,20,2,28,17,0,0,0
SetupB_Density,20,2,28,18,0,0,0
SetupB_Density,20,2,29,0,380,190,190
SetupB_Density,20,2,29,1,399,110,289
SetupB_Density,20,2,29,2,30,12,18
SetupB_Density,20,2,29,3,4,0,4
SetupB_Density,20,2,29,4,0,0,0
SetupB_Density,20,2,29,5,0,0,0
SetupB_Density,20,2,29,6,0,0,0
SetupB_Density,20,2,29,7,0,0,0
SetupB_Density,20,2,29,8,0,0,0
SetupB_Density,20,2,29,9,0,0,0
SetupB_Density,20,2,29,10,0,0,0
SetupB_Density,20,2,29,11,0,0,0
SetupB_Density,20,2,29,12,0,0,0
SetupB_Density,20,2,29,13,0,0,0
SetupB_Density,20,2,29,14,0,0,0
SetupB_Density,20,2,29,15,0,0,0
SetupB_Density,20,2,29,16,0,0,0
SetupB_Density,20,2,29,17,0,0,0
SetupB_Density,20,2,29,18,0,0,0
SetupB_Density,20,3,0,0,380,190,190
SetupB_Density,20,3,0,1,3245,1476,1769
SetupB_Density,20,3,0,2,8092,5020,3072
SetupB_Density,20,3,0,3,6422,5376,1046
SetupB_Density,20,3,0,4,524,459,65
SetupB_Density,20,3,0,5,54,54,0
SetupB_Density,20,3,0,6,7,7,0
SetupB_Density,20,3,0,7,0,0,0
SetupB_Density,20,3,0,8,0,0,0
SetupB_Density,20,3,0,9,0,0,0
SetupB_Density,20,3,0,10,0,0,0
SetupB_Density,20,3,0,11,0,0,0
SetupB_Density,20,3,0,12,0,0,0
SetupB_Density,20,3,0,13,0,0,0
SetupB_Density,20,3,0,14,0,0,0
SetupB_Density,20,3,0,15,0,0,0
SetupB_Density,20,3,0,16,0,0,0
SetupB_Density,20,3,0,17,0,0,0
SetupB_Density,20,3,0,18,0,0,0
SetupB_Density,20,3,1,0,380,190,190
SetupB_Density,20,3,1,1,1812,633,1179
SetupB_Density,20,3,1,2,4814,2397,2417
SetupB_Density,20,3,1,3,6222,3400,2822
SetupB_Density,20,3,1,4,6164,4763,1401
SetupB_Density,20,3,1,5,12,12,0
SetupB_Density,20,3,1,6,0,0,0
SetupB_Density,20,3,1,7,0,0,0
SetupB_Density,20,3,1,8,0,0,0
SetupB_Density,20,3,1,9,0,0,0
SetupB_Density,20,3,1,10,0,0,0
SetupB_Density,20,3,1,11,0,0,0
SetupB_Density,20,3,1,12,0,0,0
SetupB_Density,20,3,1,13,0,0,0
SetupB_Density,20,3,1,14,0,0,0
SetupB_Density,20,3,1,15,0,0,0
SetupB_Density,20,3,1,16,0,0,0
SetupB_Density,20,3,1,17,0,0,0
SetupB_Density,20,3,1,18,0,0,0
SetupB_Density,20,3,2,0,380,190,190
SetupB_Density,20,3,2,1,1438,552,886
SetupB_Density,20,3,2,2,1554,1046,508
SetupB_Density,20,3,2,3,1036,703,333
SetupB_Density,20,3,2,4,35,30,5
SetupB_Density,20,3,2,5,6,6,0
SetupB_Density,20,3,2,6,0,0,0
SetupB_Density,20,3,2,7,0,0,0
SetupB_Density,20,3,2,8,0,0,0
SetupB_Density,20,3,2,9,0,0,0
SetupB_Density,20,3,2,10,0,0,0
SetupB_Density,20,3,2,11,0,0,0
SetupB_Density,20,3,2,12,0,0,0
SetupB_Density,20,3,2,13,0,0,0
SetupB_Density,20,3,2,14,0,0,0
SetupB_Density,20,3,2,15,0,0,0
SetupB_Density,20,3,2,16,0,0,0
SetupB_Density,20,3,2,17,0,0,0
SetupB_Density,20,3,2,18,0,0,0
SetupB_Density,20,3,3,0,380,190,190
SetupB_Density,20,3,3,1,1531,545,986
SetupB_Density,20,3,3,2,1495,856,639
SetupB_Density,20,3,3,3,40,32,8
SetupB_Density,20,3,3,4,5,5,0
SetupB_Density,20,3,3,5,0,0,0
SetupB_Density,20,3,3,6,0,0,0
SetupB_Density,20,3,3,7,0,0,0
SetupB_Density,20,3,3,8,0,0,0
SetupB_Density,20,3,3,9,0,0,0
SetupB_Density,20,3,3,10,0,0,0
SetupB_Density,20,3,3,11,0,0,0
SetupB_Density,20,3,3,12,0,0,0
SetupB_Density,20,3,3,13,0,0,0
SetupB_Density,20,3,3,14,0,0,0
SetupB_Density,20,3,3,15,0,0,0
SetupB_Density,20,3,3,16,0,0,0
SetupB_Density,20,3,3,17,0,0,0
SetupB_Density,20,3,3,18,0,0,0
SetupB_Density,20,3,4,0,380,190,190
SetupB_Density,20,3,4,1,1934,747,1187
SetupB_Density,20,3,4,2,2092,1373,719
SetupB_Density,20,3,4,3,157,143,14
SetupB_Density,20,3,4,4,15,15,0
SetupB_Density,20,3,4,5,0,0,0
SetupB_Density,20,3,4,6,0,0,0
SetupB_Density,20,3,4,7,0,0,0
SetupB_Density,20,3,4,8,0,0,0
SetupB_Density,20,3,4,9,0,0,0
SetupB_Density,20,3,4,10,0,0,0
SetupB_Density,20,3,4,11,0,0,0
SetupB_Density,20,3,4,12,0,0,0
SetupB_Density,20,3,4,13,0,0,0
SetupB_Density,20,3,4,14,0,0,0
SetupB_Density,20,3,4,15,0,0,0
SetupB_Density,20,3,4,16,0,0,0
SetupB_Density,20,3,4,17,0,0,0
SetupB_Density,20,3,4,18,0,0,0
SetupB_Density,20,3,5,0,380,190,190
SetupB_Density,20,3,5,1,3945,1820,2125
SetupB_Density,20,3,5,2,5863,3814,2049
SetupB_Density,20,3,5,3,142,128,14
SetupB_Density,20,3,5,4,45,45,0
SetupB_Density,20,3,5,5,6,6,0
SetupB_Density,20,3,5,6,0,0,0
SetupB_Density,20,3,5,7,0,0,0
SetupB_Density,20,3,5,8,0,0,0
SetupB_Density,20,3,5,9,0,0,0
SetupB_Density,20,3,5,10,0,0,0
SetupB_Density,20,3,5,11,0,0,0
SetupB_Density,20,3,5,12,0,0,0
SetupB_Density,20,3,5,13,0,0,0
SetupB_Density,20,3,5,14,0,0,0
SetupB_Density,20,3,5,15,0,0,0
SetupB_Density,20,3,5,16,0,0,0
SetupB_Density,20,3,5,17,0,0,0
SetupB_Density,20,3,5,18,0,0,0
SetupB_Density,20,3,6,0,380,190,190
SetupB_Density,20,3,6,1,1704,709,995
SetupB_Density,20,3,6,2,3133,1919,1214
SetupB_Density,20,3,6,3,4603,3042,1561
SetupB_Density,20,3,6,4,4739,3397,1342
SetupB_Density,20,3,6,5,12,12,0
SetupB_Density,20,3,6,6,0,0,0
SetupB_Density,20,3,6,7,0,0,0
SetupB_Density,20,3,6,8,0,0,0
SetupB_Density,20,3,6,9,0,0,0
SetupB_Density,20,3,6,10,0,0,0
SetupB_Density,20,3,6,11,0,0,0
SetupB_Density,20,3,6,12,0,0,0
SetupB_Density,20,3,6,13,0,0,0
SetupB_Density,20,3,6,14,0,0,0
SetupB_Density,20,3,6,15,0,0,0
SetupB_Density,20,3,6,16,0,0,0
SetupB_Density,20,3,6,17,0,0,0
SetupB_Density,20,3,6,18,0,0,0
SetupB_Density,20,3,7,0,380,190,190
SetupB_Density,20,3,7,1,2530,1085,1445
SetupB_Density,20,3,7,2,3269,2079,1190
SetupB_Density,20,3,7,3,1356,1202,154
SetupB_Density,20,3,7,4,15,15,0
SetupB_Density,20,3,7,5,0,0,0
SetupB_Density,20,3,7,6,0,0,0
SetupB_Density,20,3,7,7,0,0,0
SetupB_Density,20,3,7,8,0,0,0
SetupB_Density,20,3,7,9,0,0,0
SetupB_Density,20,3,7,10,0,0,0
SetupB_Density,20,3,7,11,0,0,0
SetupB_Density,20,3,7,12,0,0,0
SetupB_Density,20,3,7,13,0,0,0
SetupB_Density,20,3,7,14,0,0,0
SetupB_Density,20,3,7,15,0,0,0
SetupB_Density,20,3,7,16,0,0,0
SetupB_Density,20,3,7,17,0,0,0
SetupB_Density,20,3,7,18,0,0,0
SetupB_Density,20,3,8,0,380,190,190
SetupB_Density,20,3,8,1,1086,352,734
SetupB_Density,20,3,8,2,777,430,347
SetupB_Density,20,3,8,3,367,237,130
SetupB_Density,20,3,8,4,169,135,34
SetupB_Density,20,3,8,5,42,42,0
SetupB_Density,20,3,8,6,7,7,0
SetupB_Density,20,3,8,7,0,0,0
SetupB_Density,20,3,8,8,0,0,0
SetupB_Density,20,3,8,9,0,0,0
SetupB_Density,20,3,8,10,0,0,0
SetupB_Density,20,3,8,11,0,0,0
SetupB_Density,20,3,8,12,0,0,0
SetupB_Density,20,3,8,13,0,0,0
SetupB_Density,20,3,8,14,0,0,0
SetupB_Density,20,3,8,15,0,0,0
SetupB_Density,20,3,8,16,0,0,0
SetupB_Density,20,3,8,17,0,0,0
SetupB_Density,20,3,8,18,0,0,0
SetupB_Density,20,3,9,0,380,190,190
SetupB_Density,20,3,9,1,2049,818,1231
SetupB_Density,20,3,9,2,1952,1110,842
SetupB_Density,20,3,9,3,547,359,188
SetupB_Density,20,3,9,4,35,30,5
SetupB_Density,20,3,9,5,6,6,0
SetupB_Density,20,3,9,6,0,0,0
SetupB_Density,20,3,9,7,0,0,0
SetupB_Density,20,3,9,8,0,0,0
SetupB_Density,20,3,9,9,0,0,0
SetupB_Density,20,3,9,10,0,0,0
SetupB_Density,20,3,9,11,0,0,0
SetupB_Density,20,3,9,12,0,0,0
SetupB_Density,20,3,9,13,0,0,0
SetupB_Density,20,3,9,14,0,0,0
SetupB_Density,20,3,9,15,0,0,0
SetupB_Density,20,3,9,16,0,0,0
SetupB_Density,20,3,9,17,0,0,0
SetupB_Density,20,3,9,18,0,0,0
SetupB_Density,20,3,10,0,380,190,190
SetupB_Density,20,3,10,1,2193,897,1296
SetupB_Density,20,3,10,2,2968,1931,1037
SetupB_Density,20,3,10,3,661,585,76
SetupB_Density,20,3,10,4,40,40,0
SetupB_Density,20,3,10,5,6,6,0
SetupB_Density,20,3,10,6,0,0,0
SetupB_Density,20,3,10,7,0,0,0
SetupB_Density,20,3,10,8,0,0,0
SetupB_Density,20,3,10,9,0,0,0
SetupB_Density,20,3,10,10,0,0,0
SetupB_Density,20,3,10,11,0,0,0
SetupB_Density,20,3,10,12,0,0,0
SetupB_Density,20,3,10,13,0,0,0
SetupB_Density,20,3,10,14,0,0,0
SetupB_Density,20,3,10,15,0,0,0
SetupB_Density,20,3,10,16,0,0,0
SetupB_Density,20,3,10,17,0,0,0
SetupB_Density,20,3,10,18,0,0,0
SetupB_Density,20,3,11,0,380,190,190
SetupB_Density,20,3,11,1,1619,599,1020
SetupB_Density,20,3,11,2,3794,2099,1695
SetupB_Density,20,3,11,3,2592,1935,657
SetupB_Density,20,3,11,4,145,137,8
SetupB_Density,20,3,11,5,48,48,0
SetupB_Density,20,3,11,6,7,7,0
SetupB_Density,20,3,11,7,0,0,0
SetupB_Density,20,3,11,8,0,0,0
SetupB_Density,20,3,11,9,0,0,0
SetupB_Density,20,3,11,10,0,0,0
SetupB_Density,20,3,11,11,0,0,0
SetupB_Density,20,3,11,12,0,0,0
SetupB_Density,20,3,11,13,0,0,0
SetupB_Density,20,3,11,14,0,0,0
SetupB_Density,20,3,11,15,0,0,0
SetupB_Density,20,3,11,16,0,0,0
SetupB_Density,20,3,11,17,0,0,0
SetupB_Density,20,3,11,18,0,0,0
SetupB_Density,20,3,12,0,380,190,190
SetupB_Density,20,3,12,1,1667,636,1031
SetupB_Density,20,3,12,2,2281,1447,834
SetupB_Density,20,3,12,3,929,784,145
SetupB_Density,20,3,12,4,110,110,0
SetupB_Density,20,3,12,5,6,6,0
SetupB_Density,20,3,12,6,0,0,0
SetupB_Density,20,3,12,7,0,0,0
SetupB_Density,20,3,12,8,0,0,0
SetupB_Density,20,3,12,9,0,0,0
SetupB_Density,20,3,12,10,0,0,0
SetupB_Density,20,3,12,11,0,0,0
SetupB_Density,20,3,12,12,0,0,0
SetupB_Density,20,3,12,13,0,0,0
SetupB_Density,20,3,12,14,0,0,0
SetupB_Density,20,3,12,15,0,0,0
SetupB_Density,20,3,12,16,0,0,0
SetupB_Density,20,3,12,17,0,0,0
SetupB_Density,20,3,12,18,0,0,0
SetupB_Density,20,3,13,0,380,190,190
SetupB_Density,20,3,13,1,2847,1259,1588
SetupB_Density,20,3,13,2,6039,3687,2352
SetupB_Density,20,3,13,3,1176,1044,132
SetupB_Density,20,3,13,4,215,215,0
SetupB_Density,20,3,13,5,84,84,0
SetupB_Density,20,3,13,6,14,14,0
SetupB_Density,20,3,13,7,0,0,0
SetupB_Density,20,3,13,8,0,0,0
SetupB_Density,20,3,13,9,0,0,0
SetupB_Density,20,3,13,10,0,0,0
SetupB_Density,20,3,13,11,0,0,0
SetupB_Density,20,3,13,12,0,0,0
SetupB_Density,20,3,13,13,0,0,0
SetupB_Density,20,3,13,14,0,0,0
SetupB_Density,20,3,13,15,0,0,0
SetupB_Density,20,3,13,16,0,0,0
SetupB_Density,20,3,13,17,0,0,0
SetupB_Density,20,3,13,18,0,0,0
SetupB_Density,20,3,14,0,380,190,190
SetupB_Density,20,3,14,1,1869,752,1117
SetupB_Density,20,3,14,2,2611,1550,1061
SetupB_Density,20,3,14,3,495,339,156
SetupB_Density,20,3,14,4,10,5,5
SetupB_Density,20,3,14,5,0,0,0
SetupB_Density,20,3,14,6,0,0,0
SetupB_Density,20,3,14,7,0,0,0
SetupB_Density,20,3,14,8,0,0,0
SetupB_Density,20,3,14,9,0,0,0
SetupB_Density,20,3,14,10,0,0,0
SetupB_Density,20,3,14,11,0,0,0
SetupB_Density,20,3,14,12,0,0,0
SetupB_Density,20,3,14,13,0,0,0
SetupB_Density,20,3,14,14,0,0,0
SetupB_Density,20,3,14,15,0,0,0
SetupB_Density,20,3,14,16,0,0,0
SetupB_Density,20,3,14,17,0,0,0
SetupB_Density,20,3,14,18,0,0,0
SetupB_Density,20,3,15,0,380,190,190
SetupB_Density,20,3,15,1,1806,744,1062
SetupB_Density,20,3,15,2,1685,895,790
SetupB_Density,20,3,15,3,2133,861,1272
SetupB_Density,20,3,15,4,240,202,38
SetupB_Density,20,3,15,5,48,48,0
SetupB_Density,20,3,15,6,7,7,0
SetupB_Density,20,3,15,7,0,0,0
SetupB_Density,20,3,15,8,0,0,0
SetupB_Density,20,3,15,9,0,0,0
SetupB_Density,20,3,15,10,0,0,0
SetupB_Density,20,3,15,11,0,0,0
SetupB_Density,20,3,15,12,0,0,0
SetupB_Density,20,3,15,13,0,0,0
SetupB_Density,20,3,15,14,0,0,0
SetupB_Density,20,3,15,15,0,0,0
SetupB_Density,20,3,15,16,0,0,0
SetupB_Density,20,3,15,17,0,0,0
SetupB_Density,20,3,15,18,0,0,0
SetupB_Density,20,3,16,0,380,190,190
SetupB_Density,20,3,16,1,3219,1455,1764
SetupB_Density,20,3,16,2,4230,2474,1756
SetupB_Density,20,3,16,3,5620,3044,2576
SetupB_Density,20,3,16,4,5849,2623,3226
SetupB_Density,20,3,16,5,1110,285,825
SetupB_Density,20,3,16,6,7,7,0
SetupB_Density,20,3,16,7,0,0,0
SetupB_Density,20,3,16,8,0,0,0
SetupB_Density,20,3,16,9,0,0,0
SetupB_Density,20,3,16,10,0,0,0
SetupB_Density,20,3,16,11,0,0,0
SetupB_Density,20,3,16,12,0,0,0
SetupB_Density,20,3,16,13,0,0,0
SetupB_Density,20,3,16,14,0,0,0
SetupB_Density,20,3,16,15,0,0,0
SetupB_Density,20,3,16,16,0,0,0
SetupB_Density,20,3,16,17,0,0,0
SetupB_Density,20,3,16,18,0,0,0
SetupB_Density,20,3,17,0,380,190,190
SetupB_Density,20,3,17,1,2109,877,1232
SetupB_Density,20,3,17,2,3103,1686,1417
SetupB_Density,20,3,17,3,2961,1214,1747
SetupB_Density,20,3,17,4,415,115,300
SetupB_Density,20,3,17,5,42,0,42
SetupB_Density,20,3,17,6,7,0,7
SetupB_Density,20,3,17,7,0,0,0
SetupB_Density,20,3,17,8,0,0,0
SetupB_Density,20,3,17,9,0,0,0
SetupB_Density,20,3,17,10,0,0,0
SetupB_Density,20,3,17,11,0,0,0
SetupB_Density,20,3,17,12,0,0,0
SetupB_Density,20,3,17,13,0,0,0
SetupB_Density,20,3,17,14,0,0,0
SetupB_Density,20,3,17,15,0,0,0
SetupB_Density,20,3,17,16,0,0,0
SetupB_Density,20,3,17,17,0,0,0
SetupB_Density,20,3,17,18,0,0,0
SetupB_Density,20,3,18,0,380,190,190
SetupB_Density,20,3,18,1,1236,420,816
SetupB_Density,20,3,18,2,1349,675,674
SetupB_Density,20,3,18,3,642,363,279
SetupB_Density,20,3,18,4,127,55,72
SetupB_Density,20,3,18,5,6,6,0
SetupB_Density,20,3,18,6,0,0,0
SetupB_Density,20,3,18,7,0,0,0
SetupB_Density,20,3,18,8,0,0,0
SetupB_Density,20,3,18,9,0,0,0
SetupB_Density,20,3,18,10,0,0,0
SetupB_Density,20,3,18,11,0,0,0
SetupB_Density,20,3,18,12,0,0,0
SetupB_Density,20,3,18,13,0,0,0
SetupB_Density,20,3,18,14,0,0,0
SetupB_Density,20,3,18,15,0,0,0
SetupB_Density,20,3,18,16,0,0,0
SetupB_Density,20,3,18,17,0,0,0
SetupB_Density,20,3,18,18,0,0,0
SetupB_Density,20,3,19,0,380,190,190
SetupB_Density,20,3,19,1,2667,1189,1478
SetupB_Density,20,3,19,2,1410,976,434
SetupB_Density,20,3,19,3,268,223,45
SetupB_Density,20,3,19,4,140,135,5
SetupB_Density,20,3,19,5,48,48,0
SetupB_Density,20,3,19,6,7,7,0
SetupB_Density,20,3,19,7,0,0,0
SetupB_Density,20,3,19,8,0,0,0
SetupB_Density,20,3,19,9,0,0,0
SetupB_Density,20,3,19,10,0,0,0
SetupB_Density,20,3,19,11,0,0,0
SetupB_Density,20,3,19,12,0,0,0
SetupB_Density,20,3,19,13,0,0,0
SetupB_Density,20,3,19,14,0,0,0
SetupB_Density,20,3,19,15,0,0,0
SetupB_Density,20,3,19,16,0,0,0
SetupB_Density,20,3,19,17,0,0,0
SetupB_Density,20,3,19,18,0,0,0
SetupB_Density,20,3,20,0,380,190,190
SetupB_Density,20,3,20,1,1602,616,986
SetupB_Density,20,3,20,2,2216,1040,1176
SetupB_Density,20,3,20,3,2788,1194,1594
SetupB_Density,20,3,20,4,290,69,221
SetupB_Density,20,3,20,5,40,6,34
SetupB_Density,20,3,20,6,0,0,0
SetupB_Density,20,3,20,7,0,0,0
SetupB_Density,20,3,20,8,0,0,0
SetupB_Density,20,3,20,9,0,0,0
SetupB_Density,20,3,20,10,0,0,0
SetupB_Density,20,3,20,11,0,0,0
SetupB_Density,20,3,20,12,0,0,0
SetupB_Density,20,3,20,13,0,0,0
SetupB_Density,20,3,20,14,0,0,0
SetupB_Density,20,3,20,15,0,0,0
SetupB_Density,20,3,20,16,0,0,0
SetupB_Density,20,3,20,17,0,0,0
SetupB_Density,20,3,20,18,0,0,0
SetupB_Density,20,3,21,0,380,190,190
SetupB_Density,20,3,21,1,2265,1047,1218
SetupB_Density,20,3,21,2,3920,2490,1430
SetupB_Density,20,3,21,3,917,659,258
SetupB_Density,20,3,21,4,65,65,0
SetupB_Density,20,3,21,5,12,12,0
SetupB_Density,20,3,21,6,0,0,0
SetupB_Density,20,3,21,7,0,0,0
SetupB_Density,20,3,21,8,0,0,0
SetupB_Density,20,3,21,9,0,0,0
SetupB_Density,20,3,21,10,0,0,0
SetupB_Density,20,3,21,11,0,0,0
SetupB_Density,20,3,21,12,0,0,0
SetupB_Density,20,3,21,13,0,0,0
SetupB_Density,20,3,21,14,0,0,0
SetupB_Density,20,3,21,15,0,0,0
SetupB_Density,20,3,21,16,0,0,0
SetupB_Density,20,3,21,17,0,0,0
SetupB_Density,20,3,21,18,0,0,0
SetupB_Density,20,3,22,0,380,190,190
SetupB_Density,20,3,22,1,2893,1295,1598
SetupB_Density,20,3,22,2,2323,1320,1003
SetupB_Density,20,3,22,3,2132,1091,1041
SetupB_Density,20,3,22,4,956,559,397
SetupB_Density,20,3,22,5,6,6,0
SetupB_Density,20,3,22,6,0,0,0
SetupB_Density,20,3,22,7,0,0,0
SetupB_Density,20,3,22,8,0,0,0
SetupB_Density,20,3,22,9,0,0,0
SetupB_Density,20,3,22,10,0,0,0
SetupB_Density,20,3,22,11,0,0,0
SetupB_Density,20,3,22,12,0,0,0
SetupB_Density,20,3,22,13,0,0,0
SetupB_Density,20,3,22,14,0,0,0
SetupB_Density,20,3,22,15,0,0,0
SetupB_Density,20,3,22,16,0,0,0
SetupB_Density,20,3,22,17,0,0,0
SetupB_Density,20,3,22,18,0,0,0
SetupB_Density,20,3,23,0,380,190,190
SetupB_Density,20,3,23,1,2442,1079,1363
SetupB_Density,20,3,23,2,1993,1284,709
SetupB_Density,20,3,23,3,708,552,156
SetupB_Density,20,3,23,4,150,141,9
SetupB_Density,20,3,23,5,48,48,0
SetupB_Density,20,3,23,6,7,7,0
SetupB_Density,20,3,23,7,0,0,0
SetupB_Density,20,3,23,8,0,0,0
SetupB_Density,20,3,23,9,0,0,0
SetupB_Density,20,3,23,10,0,0,0
SetupB_Density,20,3,23,11,0,0,0
SetupB_Density,20,3,23,12,0,0,0
SetupB_Density,20,3,23,13,0,0,0
SetupB_Density,20,3,23,14,0,0,0
SetupB_Density,20,3,23,15,0,0,0
SetupB_Density,20,3,23,16,0,0,0
SetupB_Density,20,3,23,17,0,0,0
SetupB_Density,20,3,23,18,0,0,0
SetupB_Density,20,3,24,0,380,190,190
SetupB_Density,20,3,24,1,2776,1111,1665
SetupB_Density,20,3,24,2,4699,3021,1678
SetupB_Density,20,3,24,3,687,582,105
SetupB_Density,20,3,24,4,20,20,0
SetupB_Density,20,3,24,5,0,0,0
SetupB_Density,20,3,24,6,0,0,0
SetupB_Density,20,3,24,7,0,0,0
SetupB_Density,20,3,24,8,0,0,0
SetupB_Density,20,3,24,9,0,0,0
SetupB_Density,20,3,24,10,0,0,0
SetupB_Density,20,3,24,11,0,0,0
SetupB_Density,20,3,24,12,0,0,0
SetupB_Density,20,3,24,13,0,0,0
SetupB_Density,20,3,24,14,0,0,0
SetupB_Density,20,3,24,15,0,0,0
SetupB_Density,20,3,24,16,0,0,0
SetupB_Density,20,3,24,17,0,0,0
SetupB_Density,20,3,24,18,0,0,0
SetupB_Density,20,3,25,0,380,190,190
SetupB_Density,20,3,25,1,1779,730,1049
SetupB_Density,20,3,25,2,2915,1651,1264
SetupB_Density,20,3,25,3,1275,812,463
SetupB_Density,20,3,25,4,129,54,75
SetupB_Density,20,3,25,5,6,6,0
SetupB_Density,20,3,25,6,0,0,0
SetupB_Density,20,3,25,7,0,0,0
SetupB_Density,20,3,25,8,0,0,0
SetupB_Density,20,3,25,9,0,0,0
SetupB_Density,20,3,25,10,0,0,0
SetupB_Density,20,3,25,11,0,0,0
SetupB_Density,20,3,25,12,0,0,0
SetupB_Density,20,3,25,13,0,0,0
SetupB_Density,20,3,25,14,0,0,0
SetupB_Density,20,3,25,15,0,0,0
SetupB_Density,20,3,25,16,0,0,0
SetupB_Density,20,3,25,17,0,0,0
SetupB_Density,20,3,25,18,0,0,0
SetupB_Density,20,3,26,0,380,190,190
SetupB_Density,20,3,26,1,2086,848,1238
SetupB_Density,20,3,26,2,3395,1849,1546
SetupB_Density,20,3,26,3,1936,1118,818
SetupB_Density,20,3,26,4,541,409,132
SetupB_Density,20,3,26,5,12,12,0
SetupB_Density,20,3,26,6,0,0,0
SetupB_Density,20,3,26,7,0,0,0
SetupB_Density,20,3,26,8,0,0,0
SetupB_Density,20,3,26,9,0,0,0
SetupB_Density,20,3,26,10,0,0,0
SetupB_Density,20,3,26,11,0,0,0
SetupB_Density,20,3,26,12,0,0,0
SetupB_Density,20,3,26,13,0,0,0
SetupB_Density,20,3,26,14,0,0,0
SetupB_Density,20,3,26,15,0,0,0
SetupB_Density,20,3,26,16,0,0,0
SetupB_Density,20,3,26,17,0,0,0
SetupB_Density,20,3,26,18,0,0,0
SetupB_Density,20,3,27,0,380,190,190
SetupB_Density,20,3,27,1,1931,830,1101
SetupB_Density,20,3,27,2,2546,1672,874
SetupB_Density,20,3,27,3,1327,1127,200
SetupB_Density,20,3,27,4,65,65,0
SetupB_Density,20,3,27,5,12,12,0
SetupB_Density,20,3,27,6,0,0,0
SetupB_Density,20,3,27,7,0,0,0
SetupB_Density,20,3,27,8,0,0,0
SetupB_Density,20,3,27,9,0,0,0
SetupB_Density,20,3,27,10,0,0,0
SetupB_Density,20,3,27,11,0,0,0
SetupB_Density,20,3,27,12,0,0,0
SetupB_Density,20,3,27,13,0,0,0
SetupB_Density,20,3,27,14,0,0,0
SetupB_Density,20,3,27,15,0,0,0
SetupB_Density,20,3,27,16,0,0,0
SetupB_Density,20,3,27,17,0,0,0
SetupB_Density,20,3,27,18,0,0,0
SetupB_Density,20,3,28,0,380,190,190
SetupB_Density,20,3,28,1,2508,1052,1456
SetupB_Density,20,3,28,2,2877,1889,988
SetupB_Density,20,3,28,3,705,605,100
SetupB_Density,20,3,28,4,140,135,5
SetupB_Density,20,3,28,5,48,48,0
SetupB_Density,20,3,28,6,7,7,0
SetupB_Density,20,3,28,7,0,0,0
SetupB_Density,20,3,28,8,0,0,0
SetupB_Density,20,3,28,9,0,0,0
SetupB_Density,20,3,28,10,0,0,0
SetupB_Density,20,3,28,11,0,0,0
SetupB_Density,20,3,28,12,0,0,0
SetupB_Density,20,3,28,13,0,0,0
SetupB_Density,20,3,28,14,0,0,0
SetupB_Density,20,3,28,15,0,0,0
SetupB_Density,20,3,28,16,0,0,0
SetupB_Density,20,3,28,17,0,0,0
SetupB_Density,20,3,28,18,0,0,0
SetupB_Density,20,3,29,0,380,190,190
SetupB_Density,20,3,29,1,1756,752,1004
SetupB_Density,20,3,29,2,711,463,248
SetupB_Density,20,3,29,3,156,104,52
SetupB_Density,20,3,29,4,40,35,5
SetupB_Density,20,3,29,5,6,6,0
SetupB_Density,20,3,29,6,0,0,0
SetupB_Density,20,3,29,7,0,0,0
SetupB_Density,20,3,29,8,0,0,0
SetupB_Density,20,3,29,9,0,0,0
SetupB_Density,20,3,29,10,0,0,0
SetupB_Density,20,3,29,11,0,0,0
SetupB_Density,20,3,29,12,0,0,0
SetupB_Density,20,3,29,13,0,0,0
SetupB_Density,20,3,29,14,0,0,0
SetupB_Density,20,3,29,15,0,0,0
SetupB_Density,20,3,29,16,0,0,0
SetupB_Density,20,3,29,17,0,0,0
SetupB_Density,20,3,29,18,0,0,0
SetupB_Density,20,4,0,0,380,190,190
SetupB_Density,20,4,0,1,4847,2206,2641
SetupB_Density,20,4,0,2,17418,10533,6885
SetupB_Density,20,4,0,3,22727,17048,5679
SetupB_Density,20,4,0,4,11580,10611,969
SetupB_Density,20,4,0,5,102,102,0
SetupB_Density,20,4,0,6,7,7,0
SetupB_Density,20,4,0,7,0,0,0
SetupB_Density,20,4,0,8,0,0,0
SetupB_Density,20,4,0,9,0,0,0
SetupB_Density,20,4,0,10,0,0,0
SetupB_Density,20,4,0,11,0,0,0
SetupB_Density,20,4,0,12,0,0,0
SetupB_Density,20,4,0,13,0,0,0
SetupB_Density,20,4,0,14,0,0,0
SetupB_Density,20,4,0,15,0,0,0
SetupB_Density,20,4,0,16,0,0,0
SetupB_Density,20,4,0,17,0,0,0
SetupB_Density,20,4,0,18,0,0,0
SetupB_Density,20,4,1,0,380,190,190
SetupB_Density,20,4,1,1,2632,992,1640
SetupB_Density,20,4,1,2,9943,5218,4725
SetupB_Density,20,4,1,3,10196,6776,3420
SetupB_Density,20,4,1,4,16842,12920,3922
SetupB_Density,20,4,1,5,18210,14378,3832
SetupB_Density,20,4,1,6,22379,17615,4764
SetupB_Density,20,4,1,7,6691,6191,500
SetupB_Density,20,4,1,8,0,0,0
SetupB_Density,20,4,1,9,0,0,0
SetupB_Density,20,4,1,10,0,0,0
SetupB_Density,20,4,1,11,0,0,0
SetupB_Density,20,4,1,12,0,0,0
SetupB_Density,20,4,1,13,0,0,0
SetupB_Density,20,4,1,14,0,0,0
SetupB_Density,20,4,1,15,0,0,0
SetupB_Density,20,4,1,16,0,0,0
SetupB_Density,20,4,1,17,0,0,0
SetupB_Density,20,4,1,18,0,0,0
SetupB_Density,20,4,2,0,380,190,190
SetupB_Density,20,4,2,1,3352,1413,1939
SetupB_Density,20,4,2,2,7180,4705,2475
SetupB_Density,20,4,2,3,6204,5131,1073
SetupB_Density,20,4,2,4,1549,1312,237
SetupB_Density,20,4,2,5,60,54,6
SetupB_Density,20,4,2,6,7,7,0
SetupB_Density,20,4,2,7,0,0,0
SetupB_Density,20,4,2,8,0,0,0
SetupB_Density,20,4,2,9,0,0,0
SetupB_Density,20,4,2,10,0,0,0
SetupB_Density,20,4,2,11,0,0,0
SetupB_Density,20,4,2,12,0,0,0
SetupB_Density,20,4,2,13,0,0,0
SetupB_Density,20,4,2,14,0,0,0
SetupB_Density,20,4,2,15,0,0,0
SetupB_Density,20,4,2,16,0,0,0
SetupB_Density,20,4,2,17,0,0,0
SetupB_Density,20,4,2,18,0,0,0
SetupB_Density,20,4,3,0,380,190,190
SetupB_Density,20,4,3,1,3659,1546,2113
SetupB_Density,20,4,3,2,11865,7014,4851
SetupB_Density,20,4,3,3,20228,14645,5583
SetupB_Density,20,4,3,4,3586,2729,857
SetupB_Density,20,4,3,5,234,203,31
SetupB_Density,20,4,3,6,7,1,6
SetupB_Density,20,4,3,7,0,0,0
SetupB_Density,20,4,3,8,0,0,0
SetupB_Density,20,4,3,9,0,0,0
SetupB_Density,20,4,3,10,0,0,0
SetupB_Density,20,4,3,11,0,0,0
SetupB_Density,20,4,3,12,0,0,0
SetupB_Density,20,4,3,13,0,0,0
SetupB_Density,20,4,3,14,0,0,0
SetupB_Density,20,4,3,15,0,0,0
SetupB_Density,20,4,3,16,0,0,0
SetupB_Density,20,4,3,17,0,0,0
SetupB_Density,20,4,3,18,0,0,0
SetupB_Density,20,4,4,0,380,190,190
SetupB_Density,20,4,4,1,3774,1661,2113
SetupB_Density,20,4,4,2,12326,7170,5156
SetupB_Density,20,4,4,3,18081,12310,5771
SetupB_Density,20,4,4,4,2452,1760,692
SetupB_Density,20,4,4,5,18,12,6
SetupB_Density,20,4,4,6,0,0,0
SetupB_Density,20,4,4,7,0,0,0
SetupB_Density,20,4,4,8,0,0,0
SetupB_Density,20,4,4,9,0,0,0
SetupB_Density,20,4,4,10,0,0,0
SetupB_Density,20,4,4,11,0,0,0
SetupB_Density,20,4,4,12,0,0,0
SetupB_Density,20,4,4,13,0,0,0
SetupB_Density,20,4,4,14,0,0,0
SetupB_Density,20,4,4,15,0,0,0
SetupB_Density,20,4,4,16,0,0,0
SetupB_Density,20,4,4,17,0,0,0
SetupB_Density,20,4,4,18,0,0,0
SetupB_Density,20,4,5,0,380,190,190
SetupB_Density,20,4,5,1,4124,1863,2261
SetupB_Density,20,4,5,2,10520,6408,4112
SetupB_Density,20,4,5,3,8564,6423,2141
SetupB_Density,20,4,5,4,1625,1317,308
SetupB_Density,20,4,5,5,18,18,0
SetupB_Density,20,4,5,6,0,0,0
SetupB_Density,20,4,5,7,0,0,0
SetupB_Density,20,4,5,8,0,0,0
SetupB_Density,20,4,5,9,0,0,0
SetupB_Density,20,4,5,10,0,0,0
SetupB_Density,20,4,5,11,0,0,0
SetupB_Density,20,4,5,12,0,0,0
SetupB_Density,20,4,5,13,0,0,0
SetupB_Density,20,4,5,14,0,0,0
SetupB_Density,20,4,5,15,0,0,0
SetupB_Density,20,4,5,16,0,0,0
SetupB_Density,20,4,5,17,0,0,0
SetupB_Density,20,4,5,18,0,0,0
SetupB_Density,20,4,6,0,380,190,190
SetupB_Density,20,4,6,1,3240,1420,1820
SetupB_Density,20,4,6,2,13305,7474,5831
SetupB_Density,20,4,6,3,18638,12311,6327
SetupB_Density,20,4,6,4,27185,18665,8520
SetupB_Density,20,4,6,5,8111,5511,2600
SetupB_Density,20,4,6,6,254,210,44
SetupB_Density,20,4,6,7,8,8,0
SetupB_Density,20,4,6,8,0,0,0
SetupB_Density,20,4,6,9,0,0,0
SetupB_Density,20,4,6,10,0,0,0
SetupB_Density,20,4,6,11,0,0,0
SetupB_Density,20,4,6,12,0,0,0
SetupB_Density,20,4,6,13,0,0,0
SetupB_Density,20,4,6,14,0,0,0
SetupB_Density,20,4,6,15,0,0,0
SetupB_Density,20,4,6,16,0,0,0
SetupB_Density,20,4,6,17,0,0,0
SetupB_Density,20,4,6,18,0,0,0
SetupB_Density,20,4,7,0,380,190,190
SetupB_Density,20,4,7,1,4025,1817,2208
SetupB_Density,20,4,7,2,12635,7470,5165
SetupB_Density,20,4,7,3,17610,13625,3985
SetupB_Density,20,4,7,4,6659,5398,1261
SetupB_Density,20,4,7,5,2326,2225,101
SetupB_Density,20,4,7,6,0,0,0
SetupB_Density,20,4,7,7,0,0,0
SetupB_Density,20,4,7,8,0,0,0
SetupB_Density,20,4,7,9,0,0,0
SetupB_Density,20,4,7,10,0,0,0
SetupB_Density,20,4,7,11,0,0,0
SetupB_Density,20,4,7,12,0,0,0
SetupB_Density,20,4,7,13,0,0,0
SetupB_Density,20,4,7,14,0,0,0
SetupB_Density,20,4,7,15,0,0,0
SetupB_Density,20,4,7,16,0,0,0
SetupB_Density,20,4,7,17,0,0,0
SetupB_Density,20,4,7,18,0,0,0
SetupB_Density,20,4,8,0,380,190,190
SetupB_Density,20,4,8,1,3601,1641,1960
SetupB_Density,20,4,8,2,5376,3223,2153
SetupB_Density,20,4,8,3,8793,5966,2827
SetupB_Density,20,4,8,4,3266,2372,894
SetupB_Density,20,4,8,5,1335,815,520
SetupB_Density,20,4,8,6,65,24,41
SetupB_Density,20,4,8,7,0,0,0
SetupB_Density,20,4,8,8,0,0,0
SetupB_Density,20,4,8,9,0,0,0
SetupB_Density,20,4,8,10,0,0,0
SetupB_Density,20,4,8,11,0,0,0
SetupB_Density,20,4,8,12,0,0,0
SetupB_Density,20,4,8,13,0,0,0
SetupB_Density,20,4,8,14,0,0,0
SetupB_Density,20,4,8,15,0,0,0
SetupB_Density,20,4,8,16,0,0,0
SetupB_Density,20,4,8,17,0,0,0
SetupB_Density,20,4,8,18,0,0,0
SetupB_Density,20,4,9,0,380,190,190
SetupB_Density,20,4,9,1,4731,2244,2487
SetupB_Density,20,4,9,2,13589,8419,5170
SetupB_Density,20,4,9,3,15632,11128,4504
SetupB_Density,20,4,9,4,1661,1481,180
SetupB_Density,20,4,9,5,607,535,72
SetupB_Density,20,4,9,6,7,7,0
SetupB_Density,20,4,9,7,0,0,0
SetupB_Density,20,4,9,8,0,0,0
SetupB_Density,20,4,9,9,0,0,0
SetupB_Density,20,4,9,10,0,0,0
SetupB_Density,20,4,9,11,0,0,0
SetupB_Density,20,4,9,12,0,0,0
SetupB_Density,20,4,9,13,0,0,0
SetupB_Density,20,4,9,14,0,0,0
SetupB_Density,20,4,9,15,0,0,0
SetupB_Density,20,4,9,16,0,0,0
SetupB_Density,20,4,9,17,0,0,0
SetupB_Density,20,4,9,18,0,0,0
SetupB_Density,20,4,10,0,380,190,190
SetupB_Density,20,4,10,1,4136,1891,2245
SetupB_Density,20,4,10,2,16398,9835,6563
SetupB_Density,20,4,10,3,18867,15246,3621
SetupB_Density,20,4,10,4,4740,4255,485
SetupB_Density,20,4,10,5,158,100,58
SetupB_Density,20,4,10,6,7,7,0
SetupB_Density,20,4,10,7,0,0,0
SetupB_Density,20,4,10,8,0,0,0
SetupB_Density,20,4,10,9,0,0,0
SetupB_Density,20,4,10,10,0,0,0
SetupB_Density,20,4,10,11,0,0,0
SetupB_Density,20,4,10,12,0,0,0
SetupB_Density,20,4,10,13,0,0,0
SetupB_Density,20,4,10,14,0,0,0
SetupB_Density,20,4,10,15,0,0,0
SetupB_Density,20,4,10,16,0,0,0
SetupB_Density,20,4,10,17,0,0,0
SetupB_Density,20,4,10,18,0,0,0
SetupB_Density,20,4,11,0,380,190,190
SetupB_Density,20,4,11,1,3626,1522,2104
SetupB_Density,20,4,11,2,14082,7759,6323
SetupB_Density,20,4,11,3,18456,12314,6142
SetupB_Density,20,4,11,4,12897,10058,2839
SetupB_Density,20,4,11,5,4986,4562,424
SetupB_Density,20,4,11,6,21,21,0
SetupB_Density,20,4,11,7,0,0,0
SetupB_Density,20,4,11,8,0,0,0
SetupB_Density,20,4,11,9,0,0,0
SetupB_Density,20,4,11,10,0,0,0
SetupB_Density,20,4,11,11,0,0,0
SetupB_Density,20,4,11,12,0,0,0
SetupB_Density,20,4,11,13,0,0,0
SetupB_Density,20,4,11,14,0,0,0
SetupB_Density,20,4,11,15,0,0,0
SetupB_Density,20,4,11,16,0,0,0
SetupB_Density,20,4,11,17,0,0,0
SetupB_Density,20,4,11,18,0,0,0
SetupB_Density,20,4,12,0,380,190,190
SetupB_Density,20,4,12,1,3716,1540,2176
SetupB_Density,20,4,12,2,13059,7932,5127
SetupB_Density,20,4,12,3,15300,12271,3029
SetupB_Density,20,4,12,4,6438,5523,915
SetupB_Density,20,4,12,5,18,18,0
SetupB_Density,20,4,12,6,0,0,0
SetupB_Density,20,4,12,7,0,0,0
SetupB_Density,20,4,12,8,0,0,0
SetupB_Density,20,4,12,9,0,0,0
SetupB_Density,20,4,12,10,0,0,0
SetupB_Density,20,4,12,11,0,0,0
SetupB_Density,20,4,12,12,0,0,0
SetupB_Density,20,4,12,13,0,0,0
SetupB_Density,20,4,12,14,0,0,0
SetupB_Density,20,4,12,15,0,0,0
SetupB_Density,20,4,12,16,0,0,0
SetupB_Density,20,4,12,17,0,0,0
SetupB_Density,20,4,12,18,0,0,0
SetupB_Density,20,4,13,0,380,190,190
SetupB_Density,20,4,13,1,4074,1858,2216
SetupB_Density,20,4,13,2,17487,9678,7809
SetupB_Density,20,4,13,3,22402,16635,5767
SetupB_Density,20,4,13,4,4839,4689,150
SetupB_Density,20,4,13,5,1008,1008,0
SetupB_Density,20,4,13,6,504,504,0
SetupB_Density,20,4,13,7,144,144,0
SetupB_Density,20,4,13,8,18,18,0
SetupB_Density,20,4,13,9,0,0,0
SetupB_Density,20,4,13,10,0,0,0
SetupB_Density,20,4,13,11,0,0,0
SetupB_Density,20,4,13,12,0,0,0
SetupB_Density,20,4,13,13,0,0,0
SetupB_Density,20,4,13,14,0,0,0
SetupB_Density,20,4,13,15,0,0,0
SetupB_Density,20,4,13,16,0,0,0
SetupB_Density,20,4,13,17,0,0,0
SetupB_Density,20,4,13,18,0,0,0
SetupB_Density,20,4,14,0,380,190,190
SetupB_Density,20,4,14,1,3548,1594,1954
SetupB_Density,20,4,14,2,8697,5556,3141
SetupB_Density,20,4,14,3,11099,8605,2494
SetupB_Density,20,4,14,4,2735,2564,171
SetupB_Density,20,4,14,5,54,48,6
SetupB_Density,20,4,14,6,7,7,0
SetupB_Density,20,4,14,7,0,0,0
SetupB_Density,20,4,14,8,0,0,0
SetupB_Density,20,4,14,9,0,0,0
SetupB_Density,20,4,14,10,0,0,0
SetupB_Density,20,4,14,11,0,0,0
SetupB_Density,20,4,14,12,0,0,0
SetupB_Density,20,4,14,13,0,0,0
SetupB_Density,20,4,14,14,0,0,0
SetupB_Density,20,4,14,15,0,0,0
SetupB_Density,20,4,14,16,0,0,0
SetupB_Density,20,4,14,17,0,0,0
SetupB_Density,20,4,14,18,0,0,0
SetupB_Density,20,4,15,0,380,190,190
SetupB_Density,20,4,15,1,3157,1367,1790
SetupB_Density,20,4,15,2,6490,4146,2344
SetupB_Density,20,4,15,3,10440,7515,2925
SetupB_Density,20,4,15,4,9840,8051,1789
SetupB_Density,20,4,15,5,216,216,0
SetupB_Density,20,4,15,6,63,63,0
SetupB_Density,20,4,15,7,8,8,0
SetupB_Density,20,4,15,8,0,0,0
SetupB_Density,20,4,15,9,0,0,0
SetupB_Density,20,4,15,10,0,0,0
SetupB_Density,20,4,15,11,0,0,0
SetupB_Density,20,4,15,12,0,0,0
SetupB_Density,20,4,15,13,0,0,0
SetupB_Density,20,4,15,14,0,0,0
SetupB_Density,20,4,15,15,0,0,0
SetupB_Density,20,4,15,16,0,0,0
SetupB_Density,20,4,15,17,0,0,0
SetupB_Density,20,4,15,18,0,0,0
SetupB_Density,20,4,16,0,380,190,190
SetupB_Density,20,4,16,1,4665,2169,2496
SetupB_Density,20,4,16,2,12353,7303,5050
SetupB_Density,20,4,16,3,17699,12570,5129
SetupB_Density,20,4,16,4,14832,10551,4281
SetupB_Density,20,4,16,5,18563,10848,7715
SetupB_Density,20,4,16,6,4080,3002,1078
SetupB_Density,20,4,16,7,8,8,0
SetupB_Density,20,4,16,8,0,0,0
SetupB_Density,20,4,16,9,0,0,0
SetupB_Density,20,4,16,10,0,0,0
SetupB_Density,20,4,16,11,0,0,0
SetupB_Density,20,4,16,12,0,0,0
SetupB_Density,20,4,16,13,0,0,0
SetupB_Density,20,4,16,14,0,0,0
SetupB_Density,20,4,16,15,0,0,0
SetupB_Density,20,4,16,16,0,0,0
SetupB_Density,20,4,16,17,0,0,0
SetupB_Density,20,4,16,18,0,0,0
SetupB_Density,20,4,17,0,380,190,190
SetupB_Density,20,4,17,1,3332,1417,1915
SetupB_Density,20,4,17,2,11838,6963,4875
SetupB_Density,20,4,17,3,15886,10072,5814
SetupB_Density,20,4,17,4,7711,5190,2521
SetupB_Density,20,4,17,5,1812,1306,506
SetupB_Density,20,4,17,6,7,0,7
SetupB_Density,20,4,17,7,0,0,0
SetupB_Density,20,4,17,8,0,0,0
SetupB_Density,20,4,17,9,0,0,0
SetupB_Density,20,4,17,10,0,0,0
SetupB_Density,20,4,17,11,0,0,0
SetupB_Density,20,4,17,12,0,0,0
SetupB_Density,20,4,17,13,0,0,0
SetupB_Density,20,4,17,14,0,0,0
SetupB_Density,20,4,17,15,0,0,0
SetupB_Density,20,4,17,16,0,0,0
SetupB_Density,20,4,17,17,0,0,0
SetupB_Density,20,4,17,18,0,0,0
SetupB_Density,20,4,18,0,380,190,190
SetupB_Density,20,4,18,1,3042,1147,1895
SetupB_Density,20,4,18,2,9708,5453,4255
SetupB_Density,20,4,18,3,20482,15464,5018
SetupB_Density,20,4,18,4,7916,6746,1170
SetupB_Density,20,4,18,5,1860,1727,133
SetupB_Density,20,4,18,6,7,7,0
SetupB_Density,20,4,18,7,0,0,0
SetupB_Density,20,4,18,8,0,0,0
SetupB_Density,20,4,18,9,0,0,0
SetupB_Density,20,4,18,10,0,0,0
SetupB_Density,20,4,18,11,0,0,0
SetupB_Density,20,4,18,12,0,0,0
SetupB_Density,20,4,18,13,0,0,0
SetupB_Density,20,4,18,14,0,0,0
SetupB_Density,20,4,18,15,0,0,0
SetupB_Density,20,4,18,16,0,0,0
SetupB_Density,20,4,18,17,0,0,0
SetupB_Density,20,4,18,18,0,0,0
SetupB_Density,20,4,19,0,380,190,190
SetupB_Density,20,4,19,1,4674,2159,2515
SetupB_Density,20,4,19,2,11659,7427,4232
SetupB_Density,20,4,19,3,13792,11325,2467
SetupB_Density,20,4,19,4,9209,8430,779
SetupB_Density,20,4,19,5,548,469,79
SetupB_Density,20,4,19,6,7,7,0
SetupB_Density,20,4,19,7,0,0,0
SetupB_Density,20,4,19,8,0,0,0
SetupB_Density,20,4,19,9,0,0,0
SetupB_Density,20,4,19,10,0,0,0
SetupB_Density,20,4,19,11,0,0,0
SetupB_Density,20,4,19,12,0,0,0
SetupB_Density,20,4,19,13,0,0,0
SetupB_Density,20,4,19,14,0,0,0
SetupB_Density,20,4,19,15,0,0,0
SetupB_Density,20,4,19,16,0,0,0
SetupB_Density,20,4,19,17,0,0,0
SetupB_Density,20,4,19,18,0,0,0
SetupB_Density,20,4,20,0,380,190,190
SetupB_Density,20,4,20,1,2682,1024,1658
SetupB_Density,20,4,20,2,8201,4583,3618
SetupB_Density,20,4,20,3,16090,10915,5175
SetupB_Density,20,4,20,4,16359,10596,5763
SetupB_Density,20,4,20,5,18738,11934,6804
SetupB_Density,20,4,20,6,23632,14203,9429
SetupB_Density,20,4,20,7,6599,4214,2385
SetupB_Density,20,4,20,8,0,0,0
SetupB_Density,20,4,20,9,0,0,0
SetupB_Density,20,4,20,10,0,0,0
SetupB_Density,20,4,20,11,0,0,0
SetupB_Density,20,4,20,12,0,0,0
SetupB_Density,20,4,20,13,0,0,0
SetupB_Density,20,4,20,14,0,0,0
SetupB_Density,20,4,20,15,0,0,0
SetupB_Density,20,4,20,16,0,0,0
SetupB_Density,20,4,20,17,0,0,0
SetupB_Density,20,4,20,18,0,0,0
SetupB_Density,20,4,21,0,380,190,190
SetupB_Density,20,4,21,1,3344,1497,1847
SetupB_Density,20,4,21,2,10852,6136,4716
SetupB_Density,20,4,21,3,32155,21336,10819
SetupB_Density,20,4,21,4,30237,21383,8854
SetupB_Density,20,4,21,5,17598,8712,8886
SetupB_Density,20,4,21,6,266,266,0
SetupB_Density,20,4,21,7,72,72,0
SetupB_Density,20,4,21,8,9,9,0
SetupB_Density,20,4,21,9,0,0,0
SetupB_Density,20,4,21,10,0,0,0
SetupB_Density,20,4,21,11,0,0,0
SetupB_Density,20,4,21,12,0,0,0
SetupB_Density,20,4,21,13,0,0,0
SetupB_Density,20,4,21,14,0,0,0
SetupB_Density,20,4,21,15,0,0,0
SetupB_Density,20,4,21,16,0,0,0
SetupB_Density,20,4,21,17,0,0,0
SetupB_Density,20,4,21,18,0,0,0
SetupB_Density,20,4,22,0,380,190,190
SetupB_Density,20,4,22,1,4367,1997,2370
SetupB_Density,20,4,22,2,12272,7558,4714
SetupB_Density,20,4,22,3,12042,8628,3414
SetupB_Density,20,4,22,4,21465,14243,7222
SetupB_Density,20,4,22,5,9983,5744,4239
SetupB_Density,20,4,22,6,1451,893,558
SetupB_Density,20,4,22,7,0,0,0
SetupB_Density,20,4,22,8,0,0,0
SetupB_Density,20,4,22,9,0,0,0
SetupB_Density,20,4,22,10,0,0,0
SetupB_Density,20,4,22,11,0,0,0
SetupB_Density,20,4,22,12,0,0,0
SetupB_Density,20,4,22,13,0,0,0
SetupB_Density,20,4,22,14,0,0,0
SetupB_Density,20,4,22,15,0,0,0
SetupB_Density,20,4,22,16,0,0,0
SetupB_Density,20,4,22,17,0,0,0
SetupB_Density,20,4,22,18,0,0,0
SetupB_Density,20,4,23,0,380,190,190
SetupB_Density,20,4,23,1,3736,1723,2013
SetupB_Density,20,4,23,2,7453,4804,2649
SetupB_Density,20,4,23,3,9182,5898,3284
SetupB_Density,20,4,23,4,8433,5703,2730
SetupB_Density,20,4,23,5,6341,4317,2024
SetupB_Density,20,4,23,6,4462,3276,1186
SetupB_Density,20,4,23,7,72,72,0
SetupB_Density,20,4,23,8,9,9,0
SetupB_Density,20,4,23,9,0,0,0
SetupB_Density,20,4,23,10,0,0,0
SetupB_Density,20,4,23,11,0,0,0
SetupB_Density,20,4,23,12,0,0,0
SetupB_Density,20,4,23,13,0,0,0
SetupB_Density,20,4,23,14,0,0,0
SetupB_Density,20,4,23,15,0,0,0
SetupB_Density,20,4,23,16,0,0,0
SetupB_Density,20,4,23,17,0,0,0
SetupB_Density,20,4,23,18,0,0,0
SetupB_Density,20,4,24,0,380,190,190
SetupB_Density,20,4,24,1,5081,2274,2807
SetupB_Density,20,4,24,2,23761,13969,9792
SetupB_Density,20,4,24,3,15966,13587,2379
SetupB_Density,20,4,24,4,6681,6097,584
SetupB_Density,20,4,24,5,706,688,18
SetupB_Density,20,4,24,6,259,259,0
SetupB_Density,20,4,24,7,72,72,0
SetupB_Density,20,4,24,8,9,9,0
SetupB_Density,20,4,24,9,0,0,0
SetupB_Density,20,4,24,10,0,0,0
SetupB_Density,20,4,24,11,0,0,0
SetupB_Density,20,4,24,12,0,0,0
SetupB_Density,20,4,24,13,0,0,0
SetupB_Density,20,4,24,14,0,0,0
SetupB_Density,20,4,24,15,0,0,0
SetupB_Density,20,4,24,16,0,0,0
SetupB_Density,20,4,24,17,0,0,0
SetupB_Density,20,4,24,18,0,0,0
SetupB_Density,20,4,25,0,380,190,190
SetupB_Density,20,4,25,1,2855,1171,1684
SetupB_Density,20,4,25,2,12194,6723,5471
SetupB_Density,20,4,25,3,14161,9447,4714
SetupB_Density,20,4,25,4,19169,13241,5928
SetupB_Density,20,4,25,5,10368,7180,3188
SetupB_Density,20,4,25,6,1561,1135,426
SetupB_Density,20,4,25,7,0,0,0
SetupB_Density,20,4,25,8,0,0,0
SetupB_Density,20,4,25,9,0,0,0
SetupB_Density,20,4,25,10,0,0,0
SetupB_Density,20,4,25,11,0,0,0
SetupB_Density,20,4,25,12,0,0,0
SetupB_Density,20,4,25,13,0,0,0
SetupB_Density,20,4,25,14,0,0,0
SetupB_Density,20,4,25,15,0,0,0
SetupB_Density,20,4,25,16,0,0,0
SetupB_Density,20,4,25,17,0,0,0
SetupB_Density,20,4,25,18,0,0,0
SetupB_Density,20,4,26,0,380,190,190
SetupB_Density,20,4,26,1,3043,1296,1747
SetupB_Density,20,4,26,2,11303,6121,5182
SetupB_Density,20,4,26,3,26869,16541,10328
SetupB_Density,20,4,26,4,20200,11452,8748
SetupB_Density,20,4,26,5,4465,2662,1803
SetupB_Density,20,4,26,6,7,7,0
SetupB_Density,20,4,26,7,0,0,0
SetupB_Density,20,4,26,8,0,0,0
SetupB_Density,20,4,26,9,0,0,0
SetupB_Density,20,4,26,10,0,0,0
SetupB_Density,20,4,26,11,0,0,0
SetupB_Density,20,4,26,12,0,0,0
SetupB_Density,20,4,26,13,0,0,0
SetupB_Density,20,4,26,14,0,0,0
SetupB_Density,20,4,26,15,0,0,0
SetupB_Density,20,4,26,16,0,0,0
SetupB_Density,20,4,26,17,0,0,0
SetupB_Density,20,4,26,18,0,0,0
SetupB_Density,20,4,27,0,380,190,190
SetupB_Density,20,4,27,1,3742,1677,2065
SetupB_Density,20,4,27,2,14342,8043,6299
SetupB_Density,20,4,27,3,24484,16391,8093
SetupB_Density,20,4,27,4,7819,7195,624
SetupB_Density,20,4,27,5,72,66,6
SetupB_Density,20,4,27,6,7,7,0
SetupB_Density,20,4,27,7,0,0,0
SetupB_Density,20,4,27,8,0,0,0
SetupB_Density,20,4,27,9,0,0,0
SetupB_Density,20,4,27,10,0,0,0
SetupB_Density,20,4,27,11,0,0,0
SetupB_Density,20,4,27,12,0,0,0
SetupB_Density,20,4,27,13,0,0,0
SetupB_Density,20,4,27,14,0,0,0
SetupB_Density,20,4,27,15,0,0,0
SetupB_Density,20,4,27,16,0,0,0
SetupB_Density,20,4,27,17,0,0,0
SetupB_Density,20,4,27,18,0,0,0
SetupB_Density,20,4,28,0,380,190,190
SetupB_Density,20,4,28,1,3963,1773,2190
SetupB_Density,20,4,28,2,13109,7714,5395
SetupB_Density,20,4,28,3,18222,12885,5337
SetupB_Density,20,4,28,4,7170,3140,4030
SetupB_Density,20,4,28,5,7577,2690,4887
SetupB_Density,20,4,28,6,77,70,7
SetupB_Density,20,4,28,7,8,8,0
SetupB_Density,20,4,28,8,0,0,0
SetupB_Density,20,4,28,9,0,0,0
SetupB_Density,20,4,28,10,0,0,0
SetupB_Density,20,4,28,11,0,0,0
SetupB_Density,20,4,28,12,0,0,0
SetupB_Density,20,4,28,13,0,0,0
SetupB_Density,20,4,28,14,0,0,0
SetupB_Density,20,4,28,15,0,0,0
SetupB_Density,20,4,28,16,0,0,0
SetupB_Density,20,4,28,17,0,0,0
SetupB_Density,20,4,28,18,0,0,0
SetupB_Density,20,4,29,0,380,190,190
SetupB_Density,20,4,29,1,3630,1649,1981
SetupB_Density,20,4,29,2,7434,4761,2673
SetupB_Density,20,4,29,3,2185,1476,709
SetupB_Density,20,4,29,4,1845,1135,710
SetupB_Density,20,4,29,5,506,275,231
SetupB_Density,20,4,29,6,7,7,0
SetupB_Density,20,4,29,7,0,0,0
SetupB_Density,20,4,29,8,0,0,0
SetupB_Density,20,4,29,9,0,0,0
SetupB_Density,20,4,29,10,0,0,0
SetupB_Density,20,4,29,11,0,0,0
SetupB_Density,20,4,29,12,0,0,0
SetupB_Density,20,4,29,13,0,0,0
SetupB_Density,20,4,29,14,0,0,0
SetupB_Density,20,4,29,15,0,0,0
SetupB_Density,20,4,29,16,0,0,0
SetupB_Density,20,4,29,17,0,0,0
SetupB_Density,20,4,29,18,0,0,0
SetupB_Density,20,5,0,0,380,190,190
SetupB_Density,20,5,0,1,6130,3011,3119
SetupB_Density,20,5,0,2,27905,16322,11583
SetupB_Density,20,5,0,3,55440,40431,15009
SetupB_Density,20,5,0,4,55459,49747,5712
SetupB_Density,20,5,0,5,19212,16557,2655
SetupB_Density,20,5,0,6,23830,19051,4779
SetupB_Density,20,5,0,7,6804,4731,2073
SetupB_Density,20,5,0,8,0,0,0
SetupB_Density,20,5,0,9,0,0,0
SetupB_Density,20,5,0,10,0,0,0
SetupB_Density,20,5,0,11,0,0,0
SetupB_Density,20,5,0,12,0,0,0
SetupB_Density,20,5,0,13,0,0,0
SetupB_Density,20,5,0,14,0,0,0
SetupB_Density,20,5,0,15,0,0,0
SetupB_Density,20,5,0,16,0,0,0
SetupB_Density,20,5,0,17,0,0,0
SetupB_Density,20,5,0,18,0,0,0
SetupB_Density,20,5,1,0,380,190,190
SetupB_Density,20,5,1,1,3060,1197,1863
SetupB_Density,20,5,1,2,14436,7865,6571
SetupB_Density,20,5,1,3,26376,17448,8928
SetupB_Density,20,5,1,4,47646,35149,12497
SetupB_Density,20,5,1,5,30462,25737,4725
SetupB_Density,20,5,1,6,24990,21596,3394
SetupB_Density,20,5,1,7,24400,20868,3532
SetupB_Density,20,5,1,8,17636,14833,2803
SetupB_Density,20,5,1,9,111,105,6
SetupB_Density,20,5,1,10,0,0,0
SetupB_Density,20,5,1,11,0,0,0
SetupB_Density,20,5,1,12,0,0,0
SetupB_Density,20,5,1,13,0,0,0
SetupB_Density,20,5,1,14,0,0,0
SetupB_Density,20,5,1,15,0,0,0
SetupB_Density,20,5,1,16,0,0,0
SetupB_Density,20,5,1,17,0,0,0
SetupB_Density,20,5,1,18,0,0,0
SetupB_Density,20,5,2,0,380,190,190
SetupB_Density,20,5,2,1,4638,2057,2581
SetupB_Density,20,5,2,2,18128,10855,7273
SetupB_Density,20,5,2,3,52051,37375,14676
SetupB_Density,20,5,2,4,69795,58820,10975
SetupB_Density,20,5,2,5,54766,47709,7057
SetupB_Density,20,5,2,6,5817,5418,399
SetupB_Density,20,5,2,7,1308,1120,188
SetupB_Density,20,5,2,8,9,9,0
SetupB_Density,20,5,2,9,0,0,0
SetupB_Density,20,5,2,10,0,0,0
SetupB_Density,20,5,2,11,0,0,0
SetupB_Density,20,5,2,12,0,0,0
SetupB_Density,20,5,2,13,0,0,0
SetupB_Density,20,5,2,14,0,0,0
SetupB_Density,20,5,2,15,0,0,0
SetupB_Density,20,5,2,16,0,0,0
SetupB_Density,20,5,2,17,0,0,0
SetupB_Density,20,5,2,18,0,0,0
SetupB_Density,20,5,3,0,380,190,190
SetupB_Density,20,5,3,1,4616,2044,2572
SetupB_Density,20,5,3,2,19686,12158,7528
SetupB_Density,20,5,3,3,65960,50157,15803
SetupB_Density,20,5,3,4,52075,42502,9573
SetupB_Density,20,5,3,5,29791,26577,3214
SetupB_Density,20,5,3,6,6556,6399,157
SetupB_Density,20,5,3,7,16,16,0
SetupB_Density,20,5,3,8,0,0,0
SetupB_Density,20,5,3,9,0,0,0
SetupB_Density,20,5,3,10,0,0,0
SetupB_Density,20,5,3,11,0,0,0
SetupB_Density,20,5,3,12,0,0,0
SetupB_Density,20,5,3,13,0,0,0
SetupB_Density,20,5,3,14,0,0,0
SetupB_Density,20,5,3,15,0,0,0
SetupB_Density,20,5,3,16,0,0,0
SetupB_Density,20,5,3,17,0,0,0
SetupB_Density,20,5,3,18,0,0,0
SetupB_Density,20,5,4,0,380,190,190
SetupB_Density,20,5,4,1,4728,2189,2539
SetupB_Density,20,5,4,2,18086,10844,7242
SetupB_Density,20,5,4,3,40748,29281,11467
SetupB_Density,20,5,4,4,36584,28600,7984
SetupB_Density,20,5,4,5,36754,23526,13228
SetupB_Density,20,5,4,6,12200,5555,6645
SetupB_Density,20,5,4,7,1165,353,812
SetupB_Density,20,5,4,8,9,9,0
SetupB_Density,20,5,4,9,0,0,0
SetupB_Density,20,5,4,10,0,0,0
SetupB_Density,20,5,4,11,0,0,0
SetupB_Density,20,5,4,12,0,0,0
SetupB_Density,20,5,4,13,0,0,0
SetupB_Density,20,5,4,14,0,0,0
SetupB_Density,20,5,4,15,0,0,0
SetupB_Density,20,5,4,16,0,0,0
SetupB_Density,20,5,4,17,0,0,0
SetupB_Density,20,5,4,18,0,0,0
SetupB_Density,20,5,5,0,380,190,190
SetupB_Density,20,5,5,1,4848,2234,2614
SetupB_Density,20,5,5,2,18351,11186,7165
SetupB_Density,20,5,5,3,33185,25876,7309
SetupB_Density,20,5,5,4,42808,36972,5836
SetupB_Density,20,5,5,5,7272,6719,553
SetupB_Density,20,5,5,6,70,70,0
SetupB_Density,20,5,5,7,8,8,0
SetupB_Density,20,5,5,8,0,0,0
SetupB_Density,20,5,5,9,0,0,0
SetupB_Density,20,5,5,10,0,0,0
SetupB_Density,20,5,5,11,0,0,0
SetupB_Density,20,5,5,12,0,0,0
SetupB_Density,20,5,5,13,0,0,0
SetupB_Density,20,5,5,14,0,0,0
SetupB_Density,20,5,5,15,0,0,0
SetupB_Density,20,5,5,16,0,0,0
SetupB_Density,20,5,5,17,0,0,0
SetupB_Density,20,5,5,18,0,0,0
SetupB_Density,20,5,6,0,380,190,190
SetupB_Density,20,5,6,1,4482,2017,2465
SetupB_Density,20,5,6,2,24311,14367,9944
SetupB_Density,20,5,6,3,46017,36906,9111
SetupB_Density,20,5,6,4,88362,79044,9318
SetupB_Density,20,5,6,5,59622,55486,4136
SetupB_Density,20,5,6,6,23515,21150,2365
SetupB_Density,20,5,6,7,10647,10031,616
SetupB_Density,20,5,6,8,1412,1391,21
SetupB_Density,20,5,6,9,0,0,0
SetupB_Density,20,5,6,10,0,0,0
SetupB_Density,20,5,6,11,0,0,0
SetupB_Density,20,5,6,12,0,0,0
SetupB_Density,20,5,6,13,0,0,0
SetupB_Density,20,5,6,14,0,0,0
SetupB_Density,20,5,6,15,0,0,0
SetupB_Density,20,5,6,16,0,0,0
SetupB_Density,20,5,6,17,0,0,0
SetupB_Density,20,5,6,18,0,0,0
SetupB_Density,20,5,7,0,380,190,190
SetupB_Density,20,5,7,1,5197,2374,2823
SetupB_Density,20,5,7,2,20967,12885,8082
SetupB_Density,20,5,7,3,58214,44955,13259
SetupB_Density,20,5,7,4,46904,40113,6791
SetupB_Density,20,5,7,5,19078,15632,3446
SetupB_Density,20,5,7,6,10150,9522,628
SetupB_Density,20,5,7,7,80,80,0
SetupB_Density,20,5,7,8,9,9,0
SetupB_Density,20,5,7,9,0,0,0
SetupB_Density,20,5,7,10,0,0,0
SetupB_Density,20,5,7,11,0,0,0
SetupB_Density,20,5,7,12,0,0,0
SetupB_Density,20,5,7,13,0,0,0
SetupB_Density,20,5,7,14,0,0,0
SetupB_Density,20,5,7,15,0,0,0
SetupB_Density,20,5,7,16,0,0,0
SetupB_Density,20,5,7,17,0,0,0
SetupB_Density,20,5,7,18,0,0,0
SetupB_Density,20,5,8,0,380,190,190
SetupB_Density,20,5,8,1,5090,2419,2671
SetupB_Density,20,5,8,2,15287,9328,5959
SetupB_Density,20,5,8,3,30857,22812,8045
SetupB_Density,20,5,8,4,44264,36822,7442
SetupB_Density,20,5,8,5,24577,21655,2922
SetupB_Density,20,5,8,6,1151,1105,46
SetupB_Density,20,5,8,7,88,88,0
SetupB_Density,20,5,8,8,0,0,0
SetupB_Density,20,5,8,9,0,0,0
SetupB_Density,20,5,8,10,0,0,0
SetupB_Density,20,5,8,11,0,0,0
SetupB_Density,20,5,8,12,0,0,0
SetupB_Density,20,5,8,13,0,0,0
SetupB_Density,20,5,8,14,0,0,0
SetupB_Density,20,5,8,15,0,0,0
SetupB_Density,20,5,8,16,0,0,0
SetupB_Density,20,5,8,17,0,0,0
SetupB_Density,20,5,8,18,0,0,0
SetupB_Density,20,5,9,0,380,190,190
SetupB_Density,20,5,9,1,5511,2586,2925
SetupB_Density,20,5,9,2,25674,15567,10107
SetupB_Density,20,5,9,3,47851,36241,11610
SetupB_Density,20,5,9,4,72181,62733,9448
SetupB_Density,20,5,9,5,36406,32983,3423
SetupB_Density,20,5,9,6,6318,6212,106
SetupB_Density,20,5,9,7,8,8,0
SetupB_Density,20,5,9,8,0,0,0
SetupB_Density,20,5,9,9,0,0,0
SetupB_Density,20,5,9,10,0,0,0
SetupB_Density,20,5,9,11,0,0,0
SetupB_Density,20,5,9,12,0,0,0
SetupB_Density,20,5,9,13,0,0,0
SetupB_Density,20,5,9,14,0,0,0
SetupB_Density,20,5,9,15,0,0,0
SetupB_Density,20,5,9,16,0,0,0
SetupB_Density,20,5,9,17,0,0,0
SetupB_Density,20,5,9,18,0,0,0
SetupB_Density,20,5,10,0,380,190,190
SetupB_Density,20,5,10,1,4391,1977,2414
SetupB_Density,20,5,10,2,24779,13577,11202
SetupB_Density,20,5,10,3,76467,49637,26830
SetupB_Density,20,5,10,4,59089,45816,13273
SetupB_Density,20,5,10,5,12753,8866,3887
SetupB_Density,20,5,10,6,1575,1193,382
SetupB_Density,20,5,10,7,72,72,0
SetupB_Density,20,5,10,8,9,9,0
SetupB_Density,20,5,10,9,0,0,0
SetupB_Density,20,5,10,10,0,0,0
SetupB_Density,20,5,10,11,0,0,0
SetupB_Density,20,5,10,12,0,0,0
SetupB_Density,20,5,10,13,0,0,0
SetupB_Density,20,5,10,14,0,0,0
SetupB_Density,20,5,10,15,0,0,0
SetupB_Density,20,5,10,16,0,0,0
SetupB_Density,20,5,10,17,0,0,0
SetupB_Density,20,5,10,18,0,0,0
SetupB_Density,20,5,11,0,380,190,190
SetupB_Density,20,5,11,1,4748,2159,2589
SetupB_Density,20,5,11,2,19074,11692,7382
SetupB_Density,20,5,11,3,39965,28458,11507
SetupB_Density,20,5,11,4,71243,55371,15872
SetupB_Density,20,5,11,5,93027,78000,15027
SetupB_Density,20,5,11,6,130834,113484,17350
SetupB_Density,20,5,11,7,31571,29714,1857
SetupB_Density,20,5,11,8,0,0,0
SetupB_Density,20,5,11,9,0,0,0
SetupB_Density,20,5,11,10,0,0,0
SetupB_Density,20,5,11,11,0,0,0
SetupB_Density,20,5,11,12,0,0,0
SetupB_Density,20,5,11,13,0,0,0
SetupB_Density,20,5,11,14,0,0,0
SetupB_Density,20,5,11,15,0,0,0
SetupB_Density,20,5,11,16,0,0,0
SetupB_Density,20,5,11,17,0,0,0
SetupB_Density,20,5,11,18,0,0,0
SetupB_Density,20,5,12,0,380,190,190
SetupB_Density,20,5,12,1,4825,2200,2625
SetupB_Density,20,5,12,2,17552,10982,6570
SetupB_Density,20,5,12,3,43044,33845,9199
SetupB_Density,20,5,12,4,23208,20297,2911
SetupB_Density,20,5,12,5,6402,5703,699
SetupB_Density,20,5,12,6,5810,5218,592
SetupB_Density,20,5,12,7,1320,1091,229
SetupB_Density,20,5,12,8,97,91,6
SetupB_Density,20,5,12,9,0,0,0
SetupB_Density,20,5,12,10,0,0,0
SetupB_Density,20,5,12,11,0,0,0
SetupB_Density,20,5,12,12,0,0,0
SetupB_Density,20,5,12,13,0,0,0
SetupB_Density,20,5,12,14,0,0,0
SetupB_Density,20,5,12,15,0,0,0
SetupB_Density,20,5,12,16,0,0,0
SetupB_Density,20,5,12,17,0,0,0
SetupB_Density,20,5,12,18,0,0,0
SetupB_Density,20,5,13,0,380,190,190
SetupB_Density,20,5,13,1,4800,2187,2613
SetupB_Density,20,5,13,2,30159,15826,14333
SetupB_Density,20,5,13,3,86775,57000,29775
SetupB_Density,20,5,13,4,60341,51065,9276
SetupB_Density,20,5,13,5,60998,58807,2191
SetupB_Density,20,5,13,6,3213,3209,4
SetupB_Density,20,5,13,7,1680,1680,0
SetupB_Density,20,5,13,8,585,585,0
SetupB_Density,20,5,13,9,120,120,0
SetupB_Density,20,5,13,10,11,11,0
SetupB_Density,20,5,13,11,0,0,0
SetupB_Density,20,5,13,12,0,0,0
SetupB_Density,20,5,13,13,0,0,0
SetupB_Density,20,5,13,14,0,0,0
SetupB_Density,20,5,13,15,0,0,0
SetupB_Density,20,5,13,16,0,0,0
SetupB_Density,20,5,13,17,0,0,0
SetupB_Density,20,5,13,18,0,0,0
SetupB_Density,20,5,14,0,380,190,190
SetupB_Density,20,5,14,1,4221,1844,2377
SetupB_Density,20,5,14,2,16668,9991,6677
SetupB_Density,20,5,14,3,39925,28380,11545
SetupB_Density,20,5,14,4,100402,77708,22694
SetupB_Density,20,5,14,5,31936,19541,12395
SetupB_Density,20,5,14,6,23071,14909,8162
SetupB_Density,20,5,14,7,1336,1011,325
SetupB_Density,20,5,14,8,490,408,82
SetupB_Density,20,5,14,9,10,10,0
SetupB_Density,20,5,14,10,0,0,0
SetupB_Density,20,5,14,11,0,0,0
SetupB_Density,20,5,14,12,0,0,0
SetupB_Density,20,5,14,13,0,0,0
SetupB_Density,20,5,14,14,0,0,0
SetupB_Density,20,5,14,15,0,0,0
SetupB_Density,20,5,14,16,0,0,0
SetupB_Density,20,5,14,17,0,0,0
SetupB_Density,20,5,14,18,0,0,0
SetupB_Density,20,5,15,0,380,190,190
SetupB_Density,20,5,15,1,5364,2571,2793
SetupB_Density,20,5,15,2,15598,10196,5402
SetupB_Density,20,5,15,3,29075,23509,5566
SetupB_Density,20,5,15,4,37798,34928,2870
SetupB_Density,20,5,15,5,52793,48752,4041
SetupB_Density,20,5,15,6,5793,5785,8
SetupB_Density,20,5,15,7,368,368,0
SetupB_Density,20,5,15,8,90,90,0
SetupB_Density,20,5,15,9,10,10,0
SetupB_Density,20,5,15,10,0,0,0
SetupB_Density,20,5,15,11,0,0,0
SetupB_Density,20,5,15,12,0,0,0
SetupB_Density,20,5,15,13,0,0,0
SetupB_Density,20,5,15,14,0,0,0
SetupB_Density,20,5,15,15,0,0,0
SetupB_Density,20,5,15,16,0,0,0
SetupB_Density,20,5,15,17,0,0,0
SetupB_Density,20,5,15,18,0,0,0
SetupB_Density,20,5,16,0,380,190,190
SetupB_Density,20,5,16,1,6016,2935,3081
SetupB_Density,20,5,16,2,22167,13509,8658
SetupB_Density,20,5,16,3,52800,39299,13501
SetupB_Density,20,5,16,4,60694,52424,8270
SetupB_Density,20,5,16,5,39721,36366,3355
SetupB_Density,20,5,16,6,45619,41646,3973
SetupB_Density,20,5,16,7,34832,31555,3277
SetupB_Density,20,5,16,8,0,0,0
SetupB_Density,20,5,16,9,0,0,0
SetupB_Density,20,5,16,10,0,0,0
SetupB_Density,20,5,16,11,0,0,0
SetupB_Density,20,5,16,12,0,0,0
SetupB_Density,20,5,16,13,0,0,0
SetupB_Density,20,5,16,14,0,0,0
SetupB_Density,20,5,16,15,0,0,0
SetupB_Density,20,5,16,16,0,0,0
SetupB_Density,20,5,16,17,0,0,0
SetupB_Density,20,5,16,18,0,0,0
SetupB_Density,20,5,17,0,380,190,190
SetupB_Density,20,5,17,1,4187,1829,2358
SetupB_Density,20,5,17,2,21038,12156,8882
SetupB_Density,20,5,17,3,38565,27555,11010
SetupB_Density,20,5,17,4,41379,31005,10374
SetupB_Density,20,5,17,5,64291,48134,16157
SetupB_Density,20,5,17,6,47567,35812,11755
SetupB_Density,20,5,17,7,19899,16102,3797
SetupB_Density,20,5,17,8,0,0,0
SetupB_Density,20,5,17,9,0,0,0
SetupB_Density,20,5,17,10,0,0,0
SetupB_Density,20,5,17,11,0,0,0
SetupB_Density,20,5,17,12,0,0,0
SetupB_Density,20,5,17,13,0,0,0
SetupB_Density,20,5,17,14,0,0,0
SetupB_Density,20,5,17,15,0,0,0
SetupB_Density,20,5,17,16,0,0,0
SetupB_Density,20,5,17,17,0,0,0
SetupB_Density,20,5,17,18,0,0,0
SetupB_Density,20,5,18,0,380,190,190
SetupB_Density,20,5,18,1,4024,1696,2328
SetupB_Density,20,5,18,2,16129,9742,6387
SetupB_Density,20,5,18,3,62456,44863,17593
SetupB_Density,20,5,18,4,152045,123677,28368
SetupB_Density,20,5,18,5,159158,134584,24574
SetupB_Density,20,5,18,6,86437,72414,14023
SetupB_Density,20,5,18,7,8,8,0
SetupB_Density,20,5,18,8,0,0,0
SetupB_Density,20,5,18,9,0,0,0
SetupB_Density,20,5,18,10,0,0,0
SetupB_Density,20,5,18,11,0,0,0
SetupB_Density,20,5,18,12,0,0,0
SetupB_Density,20,5,18,13,0,0,0
SetupB_Density,20,5,18,14,0,0,0
SetupB_Density,20,5,18,15,0,0,0
SetupB_Density,20,5,18,16,0,0,0
SetupB_Density,20,5,18,17,0,0,0
SetupB_Density,20,5,18,18,0,0,0
SetupB_Density,20,5,19,0,380,190,190
SetupB_Density,20,5,19,1,6253,3047,3206
SetupB_Density,20,5,19,2,34445,20763,13682
SetupB_Density,20,5,19,3,85338,66081,19257
SetupB_Density,20,5,19,4,66906,61094,5812
SetupB_Density,20,5,19,5,99872,95941,3931
SetupB_Density,20,5,19,6,67535,65235,2300
SetupB_Density,20,5,19,7,8,8,0
SetupB_Density,20,5,19,8,0,0,0
SetupB_Density,20,5,19,9,0,0,0
SetupB_Density,20,5,19,10,0,0,0
SetupB_Density,20,5,19,11,0,0,0
SetupB_Density,20,5,19,12,0,0,0
SetupB_Density,20,5,19,13,0,0,0
SetupB_Density,20,5,19,14,0,0,0
SetupB_Density,20,5,19,15,0,0,0
SetupB_Density,20,5,19,16,0,0,0
SetupB_Density,20,5,19,17,0,0,0
SetupB_Density,20,5,19,18,0,0,0
SetupB_Density,20,5,20,0,380,190,190
SetupB_Density,20,5,20,1,3963,1640,2323
SetupB_Density,20,5,20,2,18258,10863,7395
SetupB_Density,20,5,20,3,42724,31675,11049
SetupB_Density,20,5,20,4,68247,56761,11486
SetupB_Density,20,5,20,5,79206,72083,7123
SetupB_Density,20,5,20,6,44180,39140,5040
SetupB_Density,20,5,20,7,10312,10034,278
SetupB_Density,20,5,20,8,4190,4050,140
SetupB_Density,20,5,20,9,0,0,0
SetupB_Density,20,5,20,10,0,0,0
SetupB_Density,20,5,20,11,0,0,0
SetupB_Density,20,5,20,12,0,0,0
SetupB_Density,20,5,20,13,0,0,0
SetupB_Density,20,5,20,14,0,0,0
SetupB_Density,20,5,20,15,0,0,0
SetupB_Density,20,5,20,16,0,0,0
SetupB_Density,20,5,20,17,0,0,0
SetupB_Density,20,5,20,18,0,0,0
SetupB_Density,20,5,21,0,380,190,190
SetupB_Density,20,5,21,1,4117,1894,2223
SetupB_Density,20,5,21,2,21136,11503,9633
SetupB_Density,20,5,21,3,56784,37205,19579
SetupB_Density,20,5,21,4,99819,73530,26289
SetupB_Density,20,5,21,5,124412,91371,33041
SetupB_Density,20,5,21,6,108574,69106,39468
SetupB_Density,20,5,21,7,376,376,0
SetupB_Density,20,5,21,8,90,90,0
SetupB_Density,20,5,21,9,10,10,0
SetupB_Density,20,5,21,10,0,0,0
SetupB_Density,20,5,21,11,0,0,0
SetupB_Density,20,5,21,12,0,0,0
SetupB_Density,20,5,21,13,0,0,0
SetupB_Density,20,5,21,14,0,0,0
SetupB_Density,20,5,21,15,0,0,0
SetupB_Density,20,5,21,16,0,0,0
SetupB_Density,20,5,21,17,0,0,0
SetupB_Density,20,5,21,18,0,0,0
SetupB_Density,20,5,22,0,380,190,190
SetupB_Density,20,5,22,1,5174,2475,2699
SetupB_Density,20,5,22,2,25704,14138,11566
SetupB_Density,20,5,22,3,55060,39804,15256
SetupB_Density,20,5,22,4,53051,40627,12424
SetupB_Density,20,5,22,5,113536,86290,27246
SetupB_Density,20,5,22,6,129053,87999,41054
SetupB_Density,20,5,22,7,26165,23190,2975
SetupB_Density,20,5,22,8,0,0,0
SetupB_Density,20,5,22,9,0,0,0
SetupB_Density,20,5,22,10,0,0,0
SetupB_Density,20,5,22,11,0,0,0
SetupB_Density,20,5,22,12,0,0,0
SetupB_Density,20,5,22,13,0,0,0
SetupB_Density,20,5,22,14,0,0,0
SetupB_Density,20,5,22,15,0,0,0
SetupB_Density,20,5,22,16,0,0,0
SetupB_Density,20,5,22,17,0,0,0
SetupB_Density,20,5,22,18,0,0,0
SetupB_Density,20,5,23,0,380,190,190
SetupB_Density,20,5,23,1,6042,2903,3139
SetupB_Density,20,5,23,2,25534,15656,9878
SetupB_Density,20,5,23,3,43996,33541,10455
SetupB_Density,20,5,23,4,36622,32616,4006
SetupB_Density,20,5,23,5,20845,20141,704
SetupB_Density,20,5,23,6,12789,12474,315
SetupB_Density,20,5,23,7,6501,6308,193
SetupB_Density,20,5,23,8,18,18,0
SetupB_Density,20,5,23,9,0,0,0
SetupB_Density,20,5,23,10,0,0,0
SetupB_Density,20,5,23,11,0,0,0
SetupB_Density,20,5,23,12,0,0,0
SetupB_Density,20,5,23,13,0,0,0
SetupB_Density,20,5,23,14,0,0,0
SetupB_Density,20,5,23,15,0,0,0
SetupB_Density,20,5,23,16,0,0,0
SetupB_Density,20,5,23,17,0,0,0
SetupB_Density,20,5,23,18,0,0,0
SetupB_Density,20,5,24,0,380,190,190
SetupB_Density,20,5,24,1,5896,2789,3107
SetupB_Density,20,5,24,2,30343,17397,12946
SetupB_Density,20,5,24,3,46246,36368,9878
SetupB_Density,20,5,24,4,95650,84061,11589
SetupB_Density,20,5,24,5,79791,75789,4002
SetupB_Density,20,5,24,6,273,273,0
SetupB_Density,20,5,24,7,72,72,0
SetupB_Density,20,5,24,8,9,9,0
SetupB_Density,20,5,24,9,0,0,0
SetupB_Density,20,5,24,10,0,0,0
SetupB_Density,20,5,24,11,0,0,0
SetupB_Density,20,5,24,12,0,0,0
SetupB_Density,20,5,24,13,0,0,0
SetupB_Density,20,5,24,14,0,0,0
SetupB_Density,20,5,24,15,0,0,0
SetupB_Density,20,5,24,16,0,0,0
SetupB_Density,20,5,24,17,0,0,0
SetupB_Density,20,5,24,18,0,0,0
SetupB_Density,20,5,25,0,380,190,190
SetupB_Density,20,5,25,1,3627,1493,2134
SetupB_Density,20,5,25,2,18207,9812,8395
SetupB_Density,20,5,25,3,61180,40760,20420
SetupB_Density,20,5,25,4,128009,100530,27479
SetupB_Density,20,5,25,5,124218,108040,16178
SetupB_Density,20,5,25,6,26313,23179,3134
SetupB_Density,20,5,25,7,144,144,0
SetupB_Density,20,5,25,8,18,18,0
SetupB_Density,20,5,25,9,0,0,0
SetupB_Density,20,5,25,10,0,0,0
SetupB_Density,20,5,25,11,0,0,0
SetupB_Density,20,5,25,12,0,0,0
SetupB_Density,20,5,25,13,0,0,0
SetupB_Density,20,5,25,14,0,0,0
SetupB_Density,20,5,25,15,0,0,0
SetupB_Density,20,5,25,16,0,0,0
SetupB_Density,20,5,25,17,0,0,0
SetupB_Density,20,5,25,18,0,0,0
SetupB_Density,20,5,26,0,380,190,190
SetupB_Density,20,5,26,1,4650,2111,2539
SetupB_Density,20,5,26,2,17118,10885,6233
SetupB_Density,20,5,26,3,40747,31261,9486
SetupB_Density,20,5,26,4,87007,72089,14918
SetupB_Density,20,5,26,5,188907,162304,26603
SetupB_Density,20,5,26,6,133241,112013,21228
SetupB_Density,20,5,26,7,40994,37459,3535
SetupB_Density,20,5,26,8,0,0,0
SetupB_Density,20,5,26,9,0,0,0
SetupB_Density,20,5,26,10,0,0,0
SetupB_Density,20,5,26,11,0,0,0
SetupB_Density,20,5,26,12,0,0,0
SetupB_Density,20,5,26,13,0,0,0
SetupB_Density,20,5,26,14,0,0,0
SetupB_Density,20,5,26,15,0,0,0
SetupB_Density,20,5,26,16,0,0,0
SetupB_Density,20,5,26,17,0,0,0
SetupB_Density,20,5,26,18,0,0,0
SetupB_Density,20,5,27,0,380,190,190
SetupB_Density,20,5,27,1,5585,2688,2897
SetupB_Density,20,5,27,2,20080,12837,7243
SetupB_Density,20,5,27,3,66936,49142,17794
SetupB_Density,20,5,27,4,105365,92316,13049
SetupB_Density,20,5,27,5,41772,34459,7313
SetupB_Density,20,5,27,6,38625,31091,7534
SetupB_Density,20,5,27,7,4025,4000,25
SetupB_Density,20,5,27,8,99,99,0
SetupB_Density,20,5,27,9,10,10,0
SetupB_Density,20,5,27,10,0,0,0
SetupB_Density,20,5,27,11,0,0,0
SetupB_Density,20,5,27,12,0,0,0
SetupB_Density,20,5,27,13,0,0,0
SetupB_Density,20,5,27,14,0,0,0
SetupB_Density,20,5,27,15,0,0,0
SetupB_Density,20,5,27,16,0,0,0
SetupB_Density,20,5,27,17,0,0,0
SetupB_Density,20,5,27,18,0,0,0
SetupB_Density,20,5,28,0,380,190,190
SetupB_Density,20,5,28,1,4585,2047,2538
SetupB_Density,20,5,28,2,26178,14417,11761
SetupB_Density,20,5,28,3,47830,34029,13801
SetupB_Density,20,5,28,4,33278,23949,9329
SetupB_Density,20,5,28,5,19332,9674,9658
SetupB_Density,20,5,28,6,16065,6966,9099
SetupB_Density,20,5,28,7,88,80,8
SetupB_Density,20,5,28,8,9,9,0
SetupB_Density,20,5,28,9,0,0,0
SetupB_Density,20,5,28,10,0,0,0
SetupB_Density,20,5,28,11,0,0,0
SetupB_Density,20,5,28,12,0,0,0
SetupB_Density,20,5,28,13,0,0,0
SetupB_Density,20,5,28,14,0,0,0
SetupB_Density,20,5,28,15,0,0,0
SetupB_Density,20,5,28,16,0,0,0
SetupB_Density,20,5,28,17,0,0,0
SetupB_Density,20,5,28,18,0,0,0
SetupB_Density,20,5,29,0,380,190,190
SetupB_Density,20,5,29,1,4314,1930,2384
SetupB_Density,20,5,29,2,27521,14072,13449
SetupB_Density,20,5,29,3,38761,27044,11717
SetupB_Density,20,5,29,4,63395,44026,19369
SetupB_Density,20,5,29,5,71611,49242,22369
SetupB_Density,20,5,29,6,54266,39092,15174
SetupB_Density,20,5,29,7,16,16,0
SetupB_Density,20,5,29,8,0,0,0
SetupB_Density,20,5,29,9,0,0,0
SetupB_Density,20,5,29,10,0,0,0
SetupB_Density,20,5,29,11,0,0,0
SetupB_Density,20,5,29,12,0,0,0
SetupB_Density,20,5,29,13,0,0,0
SetupB_Density,20,5,29,14,0,0,0
SetupB_Density,20,5,29,15,0,0,0
SetupB_Density,20,5,29,16,0,0,0
SetupB_Density,20,5,29,17,0,0,0
SetupB_Density,20,5,29,18,0,0,0
