Setup,Nodes,Samples,Deg,Graph,Data,Rep,Algo,F1,Prec,Rec,SHD,Requests,Actual_CIT,Cond_CIT,Performed_CITs,Bypassed_CITs,Time_Total,Time_CIT,Time_Overhead
SetupA_NodeScaling,10,5000,3,er,linear_sem,0,Standard PC,0.9655172413793104,1.0,0.9333333333333333,1.0,1016,676,631,676,340,0.1206364631652832,0.11668133735656738,0.00395512580871582
SetupA_NodeScaling,10,5000,3,er,linear_sem,1,Standard PC,0.9285714285714286,1.0,0.8666666666666667,2.0,811,559,514,559,252,0.736823320388794,0.7315428256988525,0.005280494689941406
SetupA_NodeScaling,10,5000,3,er,linear_sem,2,Standard PC,0.7142857142857142,0.7692307692307693,0.6666666666666666,8.0,577,428,383,428,149,0.3558928966522217,0.3529031276702881,0.0029897689819335938
SetupA_NodeScaling,10,5000,3,er,linear_sem,3,Standard PC,0.8571428571428571,0.9230769230769231,0.8,4.0,589,415,370,415,174,0.4101533889770508,0.4064178466796875,0.0037355422973632812
SetupA_NodeScaling,10,5000,3,er,linear_sem,4,Standard PC,0.896551724137931,0.9285714285714286,0.8666666666666667,3.0,1107,714,669,714,393,0.8787376880645752,0.8720340728759766,0.006703615188598633
SetupA_NodeScaling,10,5000,3,er,linear_sem,5,Standard PC,0.8148148148148148,0.9166666666666666,0.7333333333333333,5.0,821,496,451,496,325,0.32562708854675293,0.321178674697876,0.004448413848876953
SetupA_NodeScaling,10,5000,3,er,linear_sem,6,Standard PC,0.888888888888889,1.0,0.8,3.0,872,528,483,528,344,0.10403990745544434,0.10003829002380371,0.004001617431640625
SetupA_NodeScaling,10,5000,3,er,linear_sem,7,Standard PC,0.9655172413793104,1.0,0.9333333333333333,1.0,1048,705,660,705,343,0.3839986324310303,0.37864041328430176,0.005358219146728516
SetupA_NodeScaling,10,5000,3,er,linear_sem,8,Standard PC,0.8000000000000002,0.8,0.8,6.0,1222,762,717,762,460,0.41784143447875977,0.41139864921569824,0.0064427852630615234
SetupA_NodeScaling,10,5000,3,er,linear_sem,9,Standard PC,0.9285714285714286,1.0,0.8666666666666667,2.0,815,698,653,698,117,0.5314552783966064,0.5266361236572266,0.004819154739379883
SetupA_NodeScaling,10,5000,3,er,linear_sem,10,Standard PC,0.9285714285714286,1.0,0.8666666666666667,2.0,765,474,429,474,291,0.15196466445922852,0.14893770217895508,0.0030269622802734375
SetupA_NodeScaling,10,5000,3,er,linear_sem,11,Standard PC,0.896551724137931,0.9285714285714286,0.8666666666666667,3.0,689,495,450,495,194,0.21564984321594238,0.21265935897827148,0.0029904842376708984
SetupA_NodeScaling,10,5000,3,er,linear_sem,12,Standard PC,0.8275862068965518,0.8571428571428571,0.8,5.0,786,562,517,562,224,0.5369467735290527,0.5318527221679688,0.005094051361083984
SetupA_NodeScaling,10,5000,3,er,linear_sem,13,Standard PC,0.9333333333333333,0.9333333333333333,0.9333333333333333,2.0,758,589,544,589,169,0.14117693901062012,0.13798832893371582,0.003188610076904297
SetupA_NodeScaling,10,5000,3,er,linear_sem,14,Standard PC,0.7142857142857142,0.7692307692307693,0.6666666666666666,8.0,731,487,442,487,244,0.15864944458007812,0.15491962432861328,0.0037298202514648438
SetupA_NodeScaling,10,5000,3,er,linear_sem,15,Standard PC,0.8571428571428571,0.9230769230769231,0.8,4.0,623,466,421,466,157,0.09444093704223633,0.09077048301696777,0.0036704540252685547
SetupA_NodeScaling,10,5000,3,er,linear_sem,16,Standard PC,0.9655172413793104,1.0,0.9333333333333333,1.0,853,589,544,589,264,0.5141754150390625,0.5088112354278564,0.005364179611206055
SetupA_NodeScaling,10,5000,3,er,linear_sem,17,Standard PC,0.888888888888889,1.0,0.8,3.0,559,358,313,358,201,0.15793108940124512,0.15462255477905273,0.003308534622192383
SetupA_NodeScaling,10,5000,3,er,linear_sem,18,Standard PC,0.888888888888889,1.0,0.8,3.0,794,509,464,509,285,0.2735471725463867,0.2703850269317627,0.0031621456146240234
SetupA_NodeScaling,10,5000,3,er,linear_sem,19,Standard PC,0.8148148148148148,0.9166666666666666,0.7333333333333333,5.0,934,564,519,564,370,0.4012141227722168,0.3960855007171631,0.005128622055053711
SetupA_NodeScaling,10,5000,3,er,linear_sem,20,Standard PC,0.846153846153846,1.0,0.7333333333333333,4.0,678,470,425,470,208,0.5070276260375977,0.5032675266265869,0.003760099411010742
SetupA_NodeScaling,10,5000,3,er,linear_sem,21,Standard PC,0.9285714285714286,1.0,0.8666666666666667,2.0,1050,710,665,710,340,0.20745205879211426,0.20267033576965332,0.0047817230224609375
SetupA_NodeScaling,10,5000,3,er,linear_sem,22,Standard PC,0.888888888888889,1.0,0.8,3.0,866,583,538,583,283,0.3669924736022949,0.36235475540161133,0.004637718200683594
SetupA_NodeScaling,10,5000,3,er,linear_sem,23,Standard PC,0.888888888888889,1.0,0.8,3.0,758,508,463,508,250,0.34131312370300293,0.3378887176513672,0.003424406051635742
SetupA_NodeScaling,10,5000,3,er,linear_sem,24,Standard PC,1.0,1.0,1.0,0.0,376,259,214,259,117,0.35574769973754883,0.353456974029541,0.0022907257080078125
SetupA_NodeScaling,10,5000,3,er,linear_sem,25,Standard PC,0.8571428571428571,0.9230769230769231,0.8,4.0,634,421,376,421,213,0.05342411994934082,0.05096936225891113,0.0024547576904296875
SetupA_NodeScaling,10,5000,3,er,linear_sem,26,Standard PC,0.8148148148148148,0.9166666666666666,0.7333333333333333,5.0,733,472,427,472,261,0.30062127113342285,0.2977585792541504,0.002862691879272461
SetupA_NodeScaling,10,5000,3,er,linear_sem,27,Standard PC,0.888888888888889,1.0,0.8,3.0,707,486,441,486,221,0.1461789608001709,0.14298605918884277,0.003192901611328125
SetupA_NodeScaling,10,5000,3,er,linear_sem,28,Standard PC,0.6666666666666667,0.8888888888888888,0.5333333333333333,8.0,642,396,351,396,246,0.3246438503265381,0.32177305221557617,0.002870798110961914
SetupA_NodeScaling,10,5000,3,er,linear_sem,29,Standard PC,0.9285714285714286,1.0,0.8666666666666667,2.0,795,509,464,509,286,0.07344627380371094,0.07044792175292969,0.00299835205078125
SetupA_NodeScaling,10,5000,3,er,linear_sem,0,DF-PC (Pure),0.9655172413793104,1.0,0.9333333333333333,1.0,1016,611,566,611,405,0.10539364814758301,0.08923888206481934,0.016154766082763672
SetupA_NodeScaling,10,5000,3,er,linear_sem,1,DF-PC (Pure),0.9285714285714286,1.0,0.8666666666666667,2.0,811,422,377,422,389,0.06755471229553223,0.05687737464904785,0.010677337646484375
SetupA_NodeScaling,10,5000,3,er,linear_sem,2,DF-PC (Pure),0.7142857142857142,0.7692307692307693,0.6666666666666666,8.0,577,285,240,285,292,0.052518367767333984,0.04411482810974121,0.008403539657592773
SetupA_NodeScaling,10,5000,3,er,linear_sem,3,DF-PC (Pure),0.896551724137931,0.9285714285714286,0.8666666666666667,3.0,599,298,253,298,301,0.07639193534851074,0.06783056259155273,0.008561372756958008
SetupA_NodeScaling,10,5000,3,er,linear_sem,4,DF-PC (Pure),0.896551724137931,0.9285714285714286,0.8666666666666667,3.0,1107,651,606,651,456,0.1991267204284668,0.18234872817993164,0.016777992248535156
SetupA_NodeScaling,10,5000,3,er,linear_sem,5,DF-PC (Pure),0.8148148148148148,0.9166666666666666,0.7333333333333333,5.0,825,421,376,421,404,0.13333725929260254,0.1241910457611084,0.00914621353149414
SetupA_NodeScaling,10,5000,3,er,linear_sem,6,DF-PC (Pure),0.888888888888889,1.0,0.8,3.0,872,501,456,501,371,0.14342188835144043,0.13228535652160645,0.011136531829833984
SetupA_NodeScaling,10,5000,3,er,linear_sem,7,DF-PC (Pure),0.9655172413793104,1.0,0.9333333333333333,1.0,1048,590,545,590,458,0.16783761978149414,0.15240120887756348,0.015436410903930664
SetupA_NodeScaling,10,5000,3,er,linear_sem,8,DF-PC (Pure),0.8000000000000002,0.8,0.8,6.0,1222,712,667,712,510,0.22072100639343262,0.20085954666137695,0.019861459732055664
SetupA_NodeScaling,10,5000,3,er,linear_sem,9,DF-PC (Pure),0.9285714285714286,1.0,0.8666666666666667,2.0,815,263,218,263,552,0.062254905700683594,0.04729747772216797,0.014957427978515625
SetupA_NodeScaling,10,5000,3,er,linear_sem,10,DF-PC (Pure),0.9285714285714286,1.0,0.8666666666666667,2.0,765,434,389,434,331,0.12773346900939941,0.11784243583679199,0.009891033172607422
SetupA_NodeScaling,10,5000,3,er,linear_sem,11,DF-PC (Pure),0.896551724137931,0.9285714285714286,0.8666666666666667,3.0,689,330,285,330,359,0.11660003662109375,0.1082618236541748,0.008338212966918945
SetupA_NodeScaling,10,5000,3,er,linear_sem,12,DF-PC (Pure),0.8000000000000002,0.8,0.8,6.0,790,437,392,437,353,0.09914755821228027,0.08692526817321777,0.0122222900390625
SetupA_NodeScaling,10,5000,3,er,linear_sem,13,DF-PC (Pure),0.9333333333333333,0.9333333333333333,0.9333333333333333,2.0,758,290,245,290,468,0.08378028869628906,0.0734713077545166,0.010308980941772461
SetupA_NodeScaling,10,5000,3,er,linear_sem,14,DF-PC (Pure),0.7142857142857142,0.7692307692307693,0.6666666666666666,8.0,731,412,367,412,319,0.06940293312072754,0.05962634086608887,0.009776592254638672
SetupA_NodeScaling,10,5000,3,er,linear_sem,15,DF-PC (Pure),0.896551724137931,0.9285714285714286,0.8666666666666667,3.0,627,302,257,302,325,0.04919075965881348,0.0404658317565918,0.00872492790222168
SetupA_NodeScaling,10,5000,3,er,linear_sem,16,DF-PC (Pure),0.9655172413793104,1.0,0.9333333333333333,1.0,853,479,434,479,374,0.1225287914276123,0.11062407493591309,0.011904716491699219
SetupA_NodeScaling,10,5000,3,er,linear_sem,17,DF-PC (Pure),0.888888888888889,1.0,0.8,3.0,559,268,223,268,291,0.08893299102783203,0.08134245872497559,0.007590532302856445
SetupA_NodeScaling,10,5000,3,er,linear_sem,18,DF-PC (Pure),0.888888888888889,1.0,0.8,3.0,794,431,386,431,363,0.1302785873413086,0.11913585662841797,0.011142730712890625
SetupA_NodeScaling,10,5000,3,er,linear_sem,19,DF-PC (Pure),0.8148148148148148,0.9166666666666666,0.7333333333333333,5.0,934,537,492,537,397,0.2907707691192627,0.2786431312561035,0.01212763786315918
SetupA_NodeScaling,10,5000,3,er,linear_sem,20,DF-PC (Pure),0.846153846153846,1.0,0.7333333333333333,4.0,678,375,330,375,303,0.13254976272583008,0.12226700782775879,0.010282754898071289
SetupA_NodeScaling,10,5000,3,er,linear_sem,21,DF-PC (Pure),0.9285714285714286,1.0,0.8666666666666667,2.0,1050,611,566,611,439,0.22998309135437012,0.21432781219482422,0.0156552791595459
SetupA_NodeScaling,10,5000,3,er,linear_sem,22,DF-PC (Pure),0.888888888888889,1.0,0.8,3.0,866,445,400,445,421,0.14574360847473145,0.1335911750793457,0.012152433395385742
SetupA_NodeScaling,10,5000,3,er,linear_sem,23,DF-PC (Pure),0.888888888888889,1.0,0.8,3.0,758,378,333,378,380,0.0691533088684082,0.06015753746032715,0.008995771408081055
SetupA_NodeScaling,10,5000,3,er,linear_sem,24,DF-PC (Pure),1.0,1.0,1.0,0.0,376,157,112,157,219,0.035242557525634766,0.030951261520385742,0.0042912960052490234
SetupA_NodeScaling,10,5000,3,er,linear_sem,25,DF-PC (Pure),0.8571428571428571,0.9230769230769231,0.8,4.0,634,324,279,324,310,0.14565467834472656,0.13721299171447754,0.008441686630249023
SetupA_NodeScaling,10,5000,3,er,linear_sem,26,DF-PC (Pure),0.7407407407407408,0.8333333333333334,0.6666666666666666,7.0,753,402,357,402,351,0.0782170295715332,0.06954288482666016,0.008674144744873047
SetupA_NodeScaling,10,5000,3,er,linear_sem,27,DF-PC (Pure),0.8571428571428571,0.9230769230769231,0.8,4.0,736,385,340,385,351,0.08041644096374512,0.07016634941101074,0.010250091552734375
SetupA_NodeScaling,10,5000,3,er,linear_sem,28,DF-PC (Pure),0.6666666666666667,0.8888888888888888,0.5333333333333333,8.0,649,350,305,350,299,0.21608543395996094,0.20602631568908691,0.010059118270874023
SetupA_NodeScaling,10,5000,3,er,linear_sem,29,DF-PC (Pure),0.9285714285714286,1.0,0.8666666666666667,2.0,795,434,389,434,361,0.0835566520690918,0.07276749610900879,0.010789155960083008
SetupA_NodeScaling,10,5000,3,sf,linear_sem,0,Standard PC,1.0,1.0,1.0,0.0,202,124,79,124,78,0.01919269561767578,0.018083810806274414,0.0011088848114013672
SetupA_NodeScaling,10,5000,3,sf,linear_sem,1,Standard PC,0.9411764705882353,1.0,0.8888888888888888,1.0,273,157,112,157,116,0.03682732582092285,0.03527259826660156,0.001554727554321289
SetupA_NodeScaling,10,5000,3,sf,linear_sem,2,Standard PC,1.0,1.0,1.0,0.0,345,272,227,272,73,0.07695984840393066,0.07490992546081543,0.0020499229431152344
SetupA_NodeScaling,10,5000,3,sf,linear_sem,3,Standard PC,1.0,1.0,1.0,0.0,190,112,67,112,78,0.017474889755249023,0.016464710235595703,0.0010101795196533203
SetupA_NodeScaling,10,5000,3,sf,linear_sem,4,Standard PC,1.0,1.0,1.0,0.0,207,131,86,131,76,0.032453298568725586,0.03138542175292969,0.0010678768157958984
SetupA_NodeScaling,10,5000,3,sf,linear_sem,5,Standard PC,0.9473684210526316,0.9,1.0,1.0,221,144,99,144,77,0.024866342544555664,0.023786067962646484,0.0010802745819091797
SetupA_NodeScaling,10,5000,3,sf,linear_sem,6,Standard PC,0.8750000000000001,1.0,0.7777777777777778,2.0,239,145,100,145,94,0.025552988052368164,0.024181127548217773,0.0013718605041503906
SetupA_NodeScaling,10,5000,3,sf,linear_sem,7,Standard PC,1.0,1.0,1.0,0.0,585,515,470,515,70,0.2015857696533203,0.19928550720214844,0.002300262451171875
SetupA_NodeScaling,10,5000,3,sf,linear_sem,8,Standard PC,1.0,1.0,1.0,0.0,249,168,123,168,81,0.030635595321655273,0.029448747634887695,0.0011868476867675781
SetupA_NodeScaling,10,5000,3,sf,linear_sem,9,Standard PC,1.0,1.0,1.0,0.0,233,176,131,176,57,0.1039419174194336,0.10239958763122559,0.0015423297882080078
SetupA_NodeScaling,10,5000,3,sf,linear_sem,10,Standard PC,1.0,1.0,1.0,0.0,197,126,81,126,71,0.04431867599487305,0.04314017295837402,0.0011785030364990234
SetupA_NodeScaling,10,5000,3,sf,linear_sem,11,Standard PC,0.9411764705882353,1.0,0.8888888888888888,1.0,261,175,130,175,86,0.08395624160766602,0.08211994171142578,0.0018362998962402344
SetupA_NodeScaling,10,5000,3,sf,linear_sem,12,Standard PC,1.0,1.0,1.0,0.0,278,210,165,210,68,0.044883012771606445,0.043137550354003906,0.001745462417602539
SetupA_NodeScaling,10,5000,3,sf,linear_sem,13,Standard PC,1.0,1.0,1.0,0.0,244,183,138,183,61,0.028510570526123047,0.02731609344482422,0.0011944770812988281
SetupA_NodeScaling,10,5000,3,sf,linear_sem,14,Standard PC,1.0,1.0,1.0,0.0,560,509,464,509,51,0.10997509956359863,0.1077723503112793,0.002202749252319336
SetupA_NodeScaling,10,5000,3,sf,linear_sem,15,Standard PC,1.0,1.0,1.0,0.0,225,137,92,137,88,0.022716760635375977,0.0214536190032959,0.0012631416320800781
SetupA_NodeScaling,10,5000,3,sf,linear_sem,16,Standard PC,1.0,1.0,1.0,0.0,319,265,220,265,54,0.2557346820831299,0.25417351722717285,0.0015611648559570312
SetupA_NodeScaling,10,5000,3,sf,linear_sem,17,Standard PC,1.0,1.0,1.0,0.0,206,131,86,131,75,0.03819632530212402,0.03700876235961914,0.0011875629425048828
SetupA_NodeScaling,10,5000,3,sf,linear_sem,18,Standard PC,1.0,1.0,1.0,0.0,240,157,112,157,83,0.06272411346435547,0.06126523017883301,0.001458883285522461
SetupA_NodeScaling,10,5000,3,sf,linear_sem,19,Standard PC,1.0,1.0,1.0,0.0,188,117,72,117,71,0.05199074745178223,0.05100083351135254,0.0009899139404296875
SetupA_NodeScaling,10,5000,3,sf,linear_sem,20,Standard PC,1.0,1.0,1.0,0.0,196,125,80,125,71,0.08038854598999023,0.07888674736022949,0.0015017986297607422
SetupA_NodeScaling,10,5000,3,sf,linear_sem,21,Standard PC,1.0,1.0,1.0,0.0,258,150,105,150,108,0.03679013252258301,0.03542280197143555,0.001367330551147461
SetupA_NodeScaling,10,5000,3,sf,linear_sem,22,Standard PC,1.0,1.0,1.0,0.0,255,172,127,172,83,0.028206348419189453,0.026831388473510742,0.001374959945678711
SetupA_NodeScaling,10,5000,3,sf,linear_sem,23,Standard PC,1.0,1.0,1.0,0.0,272,215,170,215,57,0.09251046180725098,0.09087777137756348,0.0016326904296875
SetupA_NodeScaling,10,5000,3,sf,linear_sem,24,Standard PC,0.9473684210526316,0.9,1.0,1.0,368,306,261,306,62,0.3185250759124756,0.3163795471191406,0.002145528793334961
SetupA_NodeScaling,10,5000,3,sf,linear_sem,25,Standard PC,1.0,1.0,1.0,0.0,185,121,76,121,64,0.022591590881347656,0.021364450454711914,0.0012271404266357422
SetupA_NodeScaling,10,5000,3,sf,linear_sem,26,Standard PC,1.0,1.0,1.0,0.0,215,158,113,158,57,0.10345149040222168,0.1019737720489502,0.0014777183532714844
SetupA_NodeScaling,10,5000,3,sf,linear_sem,27,Standard PC,1.0,1.0,1.0,0.0,247,185,140,185,62,0.027410030364990234,0.026150226593017578,0.0012598037719726562
SetupA_NodeScaling,10,5000,3,sf,linear_sem,28,Standard PC,0.9411764705882353,1.0,0.8888888888888888,1.0,302,191,146,191,111,0.0585026741027832,0.056768178939819336,0.0017344951629638672
SetupA_NodeScaling,10,5000,3,sf,linear_sem,29,Standard PC,1.0,1.0,1.0,0.0,594,517,472,517,77,0.49980783462524414,0.4957892894744873,0.004018545150756836
SetupA_NodeScaling,10,5000,3,sf,linear_sem,0,DF-PC (Pure),1.0,1.0,1.0,0.0,202,89,44,89,113,0.015559911727905273,0.013535499572753906,0.002024412155151367
SetupA_NodeScaling,10,5000,3,sf,linear_sem,1,DF-PC (Pure),0.9411764705882353,1.0,0.8888888888888888,1.0,273,134,89,134,139,0.17888236045837402,0.17504334449768066,0.0038390159606933594
SetupA_NodeScaling,10,5000,3,sf,linear_sem,2,DF-PC (Pure),1.0,1.0,1.0,0.0,345,178,133,178,167,0.12168192863464355,0.11440014839172363,0.007281780242919922
SetupA_NodeScaling,10,5000,3,sf,linear_sem,3,DF-PC (Pure),1.0,1.0,1.0,0.0,190,88,43,88,102,0.027323484420776367,0.025109529495239258,0.0022139549255371094
SetupA_NodeScaling,10,5000,3,sf,linear_sem,4,DF-PC (Pure),1.0,1.0,1.0,0.0,207,92,47,92,115,0.030068635940551758,0.027141571044921875,0.002927064895629883
SetupA_NodeScaling,10,5000,3,sf,linear_sem,5,DF-PC (Pure),0.9473684210526316,0.9,1.0,1.0,221,95,50,95,126,0.021294116973876953,0.018569231033325195,0.002724885940551758
SetupA_NodeScaling,10,5000,3,sf,linear_sem,6,DF-PC (Pure),0.8750000000000001,1.0,0.7777777777777778,2.0,241,112,67,112,129,0.02158975601196289,0.01873183250427246,0.0028579235076904297
SetupA_NodeScaling,10,5000,3,sf,linear_sem,7,DF-PC (Pure),1.0,1.0,1.0,0.0,585,313,268,313,272,0.30264735221862793,0.2852973937988281,0.017349958419799805
SetupA_NodeScaling,10,5000,3,sf,linear_sem,8,DF-PC (Pure),1.0,1.0,1.0,0.0,249,123,78,123,126,0.05221247673034668,0.048592329025268555,0.003620147705078125
SetupA_NodeScaling,10,5000,3,sf,linear_sem,9,DF-PC (Pure),1.0,1.0,1.0,0.0,233,70,25,70,163,0.05443382263183594,0.051682472229003906,0.0027513504028320312
SetupA_NodeScaling,10,5000,3,sf,linear_sem,10,DF-PC (Pure),1.0,1.0,1.0,0.0,197,85,40,85,112,0.015554189682006836,0.013253450393676758,0.002300739288330078
SetupA_NodeScaling,10,5000,3,sf,linear_sem,11,DF-PC (Pure),0.9411764705882353,1.0,0.8888888888888888,1.0,261,128,83,128,133,0.05525469779968262,0.051293134689331055,0.0039615631103515625
SetupA_NodeScaling,10,5000,3,sf,linear_sem,12,DF-PC (Pure),1.0,1.0,1.0,0.0,278,111,66,111,167,0.04333186149597168,0.03947758674621582,0.0038542747497558594
SetupA_NodeScaling,10,5000,3,sf,linear_sem,13,DF-PC (Pure),1.0,1.0,1.0,0.0,244,75,30,75,169,0.016376972198486328,0.013350725173950195,0.003026247024536133
SetupA_NodeScaling,10,5000,3,sf,linear_sem,14,DF-PC (Pure),1.0,1.0,1.0,0.0,560,51,6,51,509,0.019533395767211914,0.009324312210083008,0.010209083557128906
SetupA_NodeScaling,10,5000,3,sf,linear_sem,15,DF-PC (Pure),1.0,1.0,1.0,0.0,225,107,62,107,118,0.024815082550048828,0.022387027740478516,0.0024280548095703125
SetupA_NodeScaling,10,5000,3,sf,linear_sem,16,DF-PC (Pure),1.0,1.0,1.0,0.0,319,57,12,57,262,0.015203475952148438,0.010652303695678711,0.0045511722564697266
SetupA_NodeScaling,10,5000,3,sf,linear_sem,17,DF-PC (Pure),1.0,1.0,1.0,0.0,206,92,47,92,114,0.014696836471557617,0.01252126693725586,0.002175569534301758
SetupA_NodeScaling,10,5000,3,sf,linear_sem,18,DF-PC (Pure),0.9473684210526316,0.9,1.0,1.0,245,104,59,104,141,0.04810023307800293,0.04511618614196777,0.0029840469360351562
SetupA_NodeScaling,10,5000,3,sf,linear_sem,19,DF-PC (Pure),1.0,1.0,1.0,0.0,188,78,33,78,110,0.01672673225402832,0.014610528945922852,0.0021162033081054688
SetupA_NodeScaling,10,5000,3,sf,linear_sem,20,DF-PC (Pure),1.0,1.0,1.0,0.0,196,87,42,87,109,0.09483695030212402,0.09208130836486816,0.0027556419372558594
SetupA_NodeScaling,10,5000,3,sf,linear_sem,21,DF-PC (Pure),1.0,1.0,1.0,0.0,258,127,82,127,131,0.021336793899536133,0.0184781551361084,0.0028586387634277344
SetupA_NodeScaling,10,5000,3,sf,linear_sem,22,DF-PC (Pure),1.0,1.0,1.0,0.0,255,125,80,125,130,0.0889582633972168,0.08519268035888672,0.003765583038330078
SetupA_NodeScaling,10,5000,3,sf,linear_sem,23,DF-PC (Pure),1.0,1.0,1.0,0.0,272,96,51,96,176,0.048951148986816406,0.04510974884033203,0.003841400146484375
SetupA_NodeScaling,10,5000,3,sf,linear_sem,24,DF-PC (Pure),0.9,0.8181818181818182,1.0,2.0,573,62,17,62,511,0.021497726440429688,0.011627197265625,0.009870529174804688
SetupA_NodeScaling,10,5000,3,sf,linear_sem,25,DF-PC (Pure),1.0,1.0,1.0,0.0,185,68,23,68,117,0.011605262756347656,0.00979161262512207,0.001813650131225586
SetupA_NodeScaling,10,5000,3,sf,linear_sem,26,DF-PC (Pure),1.0,1.0,1.0,0.0,215,60,15,60,155,0.017132997512817383,0.014830350875854492,0.0023026466369628906
SetupA_NodeScaling,10,5000,3,sf,linear_sem,27,DF-PC (Pure),0.9473684210526316,0.9,1.0,1.0,247,78,33,78,169,0.021152496337890625,0.018169164657592773,0.0029833316802978516
SetupA_NodeScaling,10,5000,3,sf,linear_sem,28,DF-PC (Pure),0.9411764705882353,1.0,0.8888888888888888,1.0,302,153,108,153,149,0.02994680404663086,0.02621316909790039,0.0037336349487304688
SetupA_NodeScaling,10,5000,3,sf,linear_sem,29,DF-PC (Pure),1.0,1.0,1.0,0.0,594,320,275,320,274,0.3095831871032715,0.29261183738708496,0.016971349716186523
SetupA_NodeScaling,20,5000,3,er,linear_sem,0,Standard PC,0.9285714285714286,1.0,0.8666666666666667,4.0,3196,2156,1966,2156,1040,0.5499308109283447,0.5348145961761475,0.015116214752197266
SetupA_NodeScaling,20,5000,3,er,linear_sem,1,Standard PC,0.8363636363636363,0.92,0.7666666666666667,9.0,3488,2411,2221,2411,1077,0.3222086429595947,0.30907225608825684,0.01313638687133789
SetupA_NodeScaling,20,5000,3,er,linear_sem,2,Standard PC,0.8571428571428571,0.9230769230769231,0.8,8.0,2782,2008,1818,2008,774,0.4018900394439697,0.3893909454345703,0.012499094009399414
SetupA_NodeScaling,20,5000,3,er,linear_sem,3,Standard PC,0.8076923076923077,0.9545454545454546,0.7,10.0,3547,2353,2163,2353,1194,0.4875216484069824,0.47184109687805176,0.015680551528930664
SetupA_NodeScaling,20,5000,3,er,linear_sem,4,Standard PC,0.7083333333333334,0.9444444444444444,0.5666666666666667,14.0,4650,3076,2886,3076,1574,0.6697816848754883,0.6501903533935547,0.019591331481933594
SetupA_NodeScaling,20,5000,3,er,linear_sem,5,Standard PC,0.8421052631578948,0.8888888888888888,0.8,9.0,3641,2482,2292,2482,1159,0.39751386642456055,0.38387203216552734,0.013641834259033203
SetupA_NodeScaling,20,5000,3,er,linear_sem,6,Standard PC,0.7407407407407408,0.8333333333333334,0.6666666666666666,14.0,3359,2221,2031,2221,1138,0.5334377288818359,0.5174412727355957,0.015996456146240234
SetupA_NodeScaling,20,5000,3,er,linear_sem,7,Standard PC,0.9090909090909091,1.0,0.8333333333333334,5.0,1833,1275,1085,1275,558,0.2901577949523926,0.2799344062805176,0.010223388671875
SetupA_NodeScaling,20,5000,3,er,linear_sem,8,Standard PC,0.8679245283018869,1.0,0.7666666666666667,7.0,4412,2938,2748,2938,1474,0.5490767955780029,0.5305459499359131,0.018530845642089844
SetupA_NodeScaling,20,5000,3,er,linear_sem,9,Standard PC,0.9310344827586207,0.9642857142857143,0.9,4.0,2500,1802,1612,1802,698,0.45856642723083496,0.44568538665771484,0.012881040573120117
SetupA_NodeScaling,20,5000,3,er,linear_sem,10,Standard PC,0.846153846153846,1.0,0.7333333333333333,8.0,3407,2237,2047,2237,1170,0.4816775321960449,0.46697545051574707,0.014702081680297852
SetupA_NodeScaling,20,5000,3,er,linear_sem,11,Standard PC,0.7777777777777777,0.875,0.7,12.0,3046,2148,1958,2148,898,0.34459972381591797,0.3325774669647217,0.012022256851196289
SetupA_NodeScaling,20,5000,3,er,linear_sem,12,Standard PC,0.8571428571428571,0.9230769230769231,0.8,8.0,3109,2161,1971,2161,948,0.9928436279296875,0.9751133918762207,0.017730236053466797
SetupA_NodeScaling,20,5000,3,er,linear_sem,13,Standard PC,0.8301886792452831,0.9565217391304348,0.7333333333333333,9.0,3547,2361,2171,2361,1186,1.1439545154571533,1.1240153312683105,0.019939184188842773
SetupA_NodeScaling,20,5000,3,er,linear_sem,14,Standard PC,0.8727272727272728,0.96,0.8,7.0,2583,1857,1667,1857,726,0.3373103141784668,0.3234579563140869,0.013852357864379883
SetupA_NodeScaling,20,5000,3,er,linear_sem,15,Standard PC,0.8214285714285715,0.8846153846153846,0.7666666666666667,10.0,2841,2056,1866,2056,785,1.1919825077056885,1.1736667156219482,0.018315792083740234
SetupA_NodeScaling,20,5000,3,er,linear_sem,16,Standard PC,0.8363636363636363,0.92,0.7666666666666667,9.0,3209,2111,1921,2111,1098,1.0043294429779053,0.9861414432525635,0.018187999725341797
SetupA_NodeScaling,20,5000,3,er,linear_sem,17,Standard PC,0.7857142857142856,0.8461538461538461,0.7333333333333333,12.0,4005,2780,2590,2780,1225,1.2125563621520996,1.1893646717071533,0.02319169044494629
SetupA_NodeScaling,20,5000,3,er,linear_sem,18,Standard PC,0.7407407407407408,0.8333333333333334,0.6666666666666666,14.0,3567,2308,2118,2308,1259,0.3735201358795166,0.36080288887023926,0.012717247009277344
SetupA_NodeScaling,20,5000,3,er,linear_sem,19,Standard PC,0.8,0.88,0.7333333333333333,11.0,2576,1680,1490,1680,896,0.7842364311218262,0.7684006690979004,0.01583576202392578
SetupA_NodeScaling,20,5000,3,er,linear_sem,20,Standard PC,0.8771929824561403,0.9259259259259259,0.8333333333333334,7.0,2712,1844,1654,1844,868,0.7644360065460205,0.7502529621124268,0.01418304443359375
SetupA_NodeScaling,20,5000,3,er,linear_sem,21,Standard PC,0.7777777777777777,0.875,0.7,12.0,4085,2648,2458,2648,1437,0.7585406303405762,0.7375500202178955,0.020990610122680664
SetupA_NodeScaling,20,5000,3,er,linear_sem,22,Standard PC,0.7636363636363636,0.84,0.7,13.0,3226,2132,1942,2132,1094,0.7959794998168945,0.7803738117218018,0.015605688095092773
SetupA_NodeScaling,20,5000,3,er,linear_sem,23,Standard PC,0.8771929824561403,0.9259259259259259,0.8333333333333334,7.0,3959,2726,2536,2726,1233,0.5813424587249756,0.5626072883605957,0.018735170364379883
SetupA_NodeScaling,20,5000,3,er,linear_sem,24,Standard PC,0.9090909090909091,1.0,0.8333333333333334,5.0,2948,2123,1933,2123,825,0.2702341079711914,0.25945591926574707,0.010778188705444336
SetupA_NodeScaling,20,5000,3,er,linear_sem,25,Standard PC,0.8928571428571429,0.9615384615384616,0.8333333333333334,6.0,3581,2271,2081,2271,1310,0.2800581455230713,0.2680044174194336,0.012053728103637695
SetupA_NodeScaling,20,5000,3,er,linear_sem,26,Standard PC,0.8571428571428571,0.9230769230769231,0.8,8.0,3108,2160,1970,2160,948,0.8985340595245361,0.8801155090332031,0.018418550491333008
SetupA_NodeScaling,20,5000,3,er,linear_sem,27,Standard PC,0.8301886792452831,0.9565217391304348,0.7333333333333333,9.0,3362,2306,2116,2306,1056,1.2203269004821777,1.2025542259216309,0.017772674560546875
SetupA_NodeScaling,20,5000,3,er,linear_sem,28,Standard PC,0.6923076923076923,0.8181818181818182,0.6,16.0,3435,2388,2198,2388,1047,0.3834407329559326,0.3711435794830322,0.01229715347290039
SetupA_NodeScaling,20,5000,3,er,linear_sem,29,Standard PC,0.8620689655172413,0.8928571428571429,0.8333333333333334,8.0,3894,2703,2513,2703,1191,0.36808085441589355,0.3546624183654785,0.013418436050415039
SetupA_NodeScaling,20,5000,3,er,linear_sem,0,DF-PC (Pure),0.9285714285714286,1.0,0.8666666666666667,4.0,3199,1629,1439,1629,1570,0.36237382888793945,0.3207728862762451,0.041600942611694336
SetupA_NodeScaling,20,5000,3,er,linear_sem,1,DF-PC (Pure),0.8363636363636363,0.92,0.7666666666666667,9.0,3488,1845,1655,1845,1643,0.3820490837097168,0.33483266830444336,0.04721641540527344
SetupA_NodeScaling,20,5000,3,er,linear_sem,2,DF-PC (Pure),0.8571428571428571,0.9230769230769231,0.8,8.0,2782,1361,1171,1361,1421,0.559666633605957,0.5166971683502197,0.042969465255737305
SetupA_NodeScaling,20,5000,3,er,linear_sem,3,DF-PC (Pure),0.8076923076923077,0.9545454545454546,0.7,10.0,3547,1932,1742,1932,1615,0.6193170547485352,0.5688016414642334,0.05051541328430176
SetupA_NodeScaling,20,5000,3,er,linear_sem,4,DF-PC (Pure),0.7083333333333334,0.9444444444444444,0.5666666666666667,14.0,4650,2600,2410,2600,2050,0.509434700012207,0.45247888565063477,0.056955814361572266
SetupA_NodeScaling,20,5000,3,er,linear_sem,5,DF-PC (Pure),0.8421052631578948,0.8888888888888888,0.8,9.0,3641,1952,1762,1952,1689,0.4627833366394043,0.41817808151245117,0.044605255126953125
SetupA_NodeScaling,20,5000,3,er,linear_sem,6,DF-PC (Pure),0.7142857142857142,0.7692307692307693,0.6666666666666666,16.0,3380,1790,1600,1790,1590,0.40619349479675293,0.3565497398376465,0.049643754959106445
SetupA_NodeScaling,20,5000,3,er,linear_sem,7,DF-PC (Pure),0.8771929824561403,0.9259259259259259,0.8333333333333334,7.0,1992,818,628,818,1174,0.24930739402770996,0.2218461036682129,0.02746129035949707
SetupA_NodeScaling,20,5000,3,er,linear_sem,8,DF-PC (Pure),0.8679245283018869,1.0,0.7666666666666667,7.0,4412,2485,2295,2485,1927,0.5164642333984375,0.46215033531188965,0.05431389808654785
SetupA_NodeScaling,20,5000,3,er,linear_sem,9,DF-PC (Pure),0.9310344827586207,0.9642857142857143,0.9,4.0,2500,1146,956,1146,1354,0.3180429935455322,0.2858436107635498,0.03219938278198242
SetupA_NodeScaling,20,5000,3,er,linear_sem,10,DF-PC (Pure),0.846153846153846,1.0,0.7333333333333333,8.0,3407,1887,1697,1887,1520,0.4312784671783447,0.38375115394592285,0.047527313232421875
SetupA_NodeScaling,20,5000,3,er,linear_sem,11,DF-PC (Pure),0.7636363636363636,0.84,0.7,13.0,3148,1616,1426,1616,1532,0.37456512451171875,0.3289759159088135,0.04558920860290527
SetupA_NodeScaling,20,5000,3,er,linear_sem,12,DF-PC (Pure),0.8421052631578948,0.8888888888888888,0.8,9.0,3251,1679,1489,1679,1572,0.44591808319091797,0.3984365463256836,0.047481536865234375
SetupA_NodeScaling,20,5000,3,er,linear_sem,13,DF-PC (Pure),0.8301886792452831,0.9565217391304348,0.7333333333333333,9.0,3547,1888,1698,1888,1659,0.5866184234619141,0.5409505367279053,0.04566788673400879
SetupA_NodeScaling,20,5000,3,er,linear_sem,14,DF-PC (Pure),0.8727272727272728,0.96,0.8,7.0,2583,1187,997,1187,1396,0.3510091304779053,0.31459641456604004,0.036412715911865234
SetupA_NodeScaling,20,5000,3,er,linear_sem,15,DF-PC (Pure),0.8214285714285715,0.8846153846153846,0.7666666666666667,10.0,2841,1291,1101,1291,1550,0.2836132049560547,0.24338316917419434,0.04023003578186035
SetupA_NodeScaling,20,5000,3,er,linear_sem,16,DF-PC (Pure),0.8363636363636363,0.92,0.7666666666666667,9.0,3210,1618,1428,1618,1592,0.40601325035095215,0.36188650131225586,0.04412674903869629
SetupA_NodeScaling,20,5000,3,er,linear_sem,17,DF-PC (Pure),0.7857142857142856,0.8461538461538461,0.7333333333333333,12.0,4014,2153,1963,2153,1861,0.6801671981811523,0.6212174892425537,0.05894970893859863
SetupA_NodeScaling,20,5000,3,er,linear_sem,18,DF-PC (Pure),0.7407407407407408,0.8333333333333334,0.6666666666666666,14.0,3607,2026,1836,2026,1581,0.3691103458404541,0.318328857421875,0.0507814884185791
SetupA_NodeScaling,20,5000,3,er,linear_sem,19,DF-PC (Pure),0.8363636363636363,0.92,0.7666666666666667,9.0,2760,1535,1345,1535,1225,0.27713823318481445,0.23709464073181152,0.04004359245300293
SetupA_NodeScaling,20,5000,3,er,linear_sem,20,DF-PC (Pure),0.8771929824561403,0.9259259259259259,0.8333333333333334,7.0,2712,1339,1149,1339,1373,0.2648324966430664,0.22760510444641113,0.03722739219665527
SetupA_NodeScaling,20,5000,3,er,linear_sem,21,DF-PC (Pure),0.7636363636363636,0.84,0.7,13.0,4186,2291,2101,2291,1895,0.44085001945495605,0.3844730854034424,0.05637693405151367
SetupA_NodeScaling,20,5000,3,er,linear_sem,22,DF-PC (Pure),0.75,0.8076923076923077,0.7,14.0,3229,1612,1422,1612,1617,0.3153510093688965,0.2781088352203369,0.03724217414855957
SetupA_NodeScaling,20,5000,3,er,linear_sem,23,DF-PC (Pure),0.8771929824561403,0.9259259259259259,0.8333333333333334,7.0,3959,2143,1953,2143,1816,0.3633437156677246,0.3152186870574951,0.04812502861022949
SetupA_NodeScaling,20,5000,3,er,linear_sem,24,DF-PC (Pure),0.9285714285714286,1.0,0.8666666666666667,4.0,2973,1371,1181,1371,1602,0.40172338485717773,0.35938572883605957,0.042337656021118164
SetupA_NodeScaling,20,5000,3,er,linear_sem,25,DF-PC (Pure),0.8928571428571429,0.9615384615384616,0.8333333333333334,6.0,3581,1855,1665,1855,1726,0.491687536239624,0.44614696502685547,0.045540571212768555
SetupA_NodeScaling,20,5000,3,er,linear_sem,26,DF-PC (Pure),0.8571428571428571,0.9230769230769231,0.8,8.0,3117,1584,1394,1584,1533,0.6987001895904541,0.6515631675720215,0.04713702201843262
SetupA_NodeScaling,20,5000,3,er,linear_sem,27,DF-PC (Pure),0.8148148148148148,0.9166666666666666,0.7333333333333333,10.0,3387,1635,1445,1635,1752,0.40515971183776855,0.36081767082214355,0.044342041015625
SetupA_NodeScaling,20,5000,3,er,linear_sem,28,DF-PC (Pure),0.6923076923076923,0.8181818181818182,0.6,16.0,3435,1847,1657,1847,1588,1.032454013824463,0.9751491546630859,0.05730485916137695
SetupA_NodeScaling,20,5000,3,er,linear_sem,29,DF-PC (Pure),0.8620689655172413,0.8928571428571429,0.8333333333333334,8.0,3894,1905,1715,1905,1989,0.9058594703674316,0.8453128337860107,0.0605466365814209
SetupA_NodeScaling,20,5000,3,sf,linear_sem,0,Standard PC,1.0,1.0,1.0,0.0,903,614,424,614,289,0.29213905334472656,0.2852048873901367,0.006934165954589844
SetupA_NodeScaling,20,5000,3,sf,linear_sem,1,Standard PC,0.8125000000000001,1.0,0.6842105263157895,6.0,886,521,331,521,365,0.23666810989379883,0.23026752471923828,0.006400585174560547
SetupA_NodeScaling,20,5000,3,sf,linear_sem,2,Standard PC,1.0,1.0,1.0,0.0,1568,1285,1095,1285,283,0.9374306201934814,0.9266049861907959,0.010825634002685547
SetupA_NodeScaling,20,5000,3,sf,linear_sem,3,Standard PC,0.9444444444444444,1.0,0.8947368421052632,2.0,761,456,266,456,305,0.260037899017334,0.2544410228729248,0.00559687614440918
SetupA_NodeScaling,20,5000,3,sf,linear_sem,4,Standard PC,1.0,1.0,1.0,0.0,955,662,472,662,293,0.3044555187225342,0.29718518257141113,0.007270336151123047
SetupA_NodeScaling,20,5000,3,sf,linear_sem,5,Standard PC,0.972972972972973,1.0,0.9473684210526315,1.0,1717,1428,1238,1428,289,1.5521762371063232,1.540745735168457,0.011430501937866211
SetupA_NodeScaling,20,5000,3,sf,linear_sem,6,Standard PC,1.0,1.0,1.0,0.0,2052,1705,1515,1705,347,0.7137677669525146,0.7027583122253418,0.011009454727172852
SetupA_NodeScaling,20,5000,3,sf,linear_sem,7,Standard PC,1.0,1.0,1.0,0.0,5894,5616,5426,5616,278,5.911786794662476,5.882774591445923,0.029012203216552734
SetupA_NodeScaling,20,5000,3,sf,linear_sem,8,Standard PC,0.7499999999999999,0.9230769230769231,0.631578947368421,8.0,780,464,274,464,316,0.06649899482727051,0.062317609786987305,0.004181385040283203
SetupA_NodeScaling,20,5000,3,sf,linear_sem,9,Standard PC,1.0,1.0,1.0,0.0,1177,940,750,940,237,0.1546938419342041,0.14910054206848145,0.005593299865722656
SetupA_NodeScaling,20,5000,3,sf,linear_sem,10,Standard PC,1.0,1.0,1.0,0.0,840,566,376,566,274,0.09337663650512695,0.0882575511932373,0.0051190853118896484
SetupA_NodeScaling,20,5000,3,sf,linear_sem,11,Standard PC,0.9444444444444444,1.0,0.8947368421052632,2.0,906,579,389,579,327,0.10209178924560547,0.09687280654907227,0.005218982696533203
SetupA_NodeScaling,20,5000,3,sf,linear_sem,12,Standard PC,1.0,1.0,1.0,0.0,3005,2751,2561,2751,254,3.506053924560547,3.4901599884033203,0.015893936157226562
SetupA_NodeScaling,20,5000,3,sf,linear_sem,13,Standard PC,1.0,1.0,1.0,0.0,3867,3640,3450,3640,227,3.353379726409912,3.335149049758911,0.018230676651000977
SetupA_NodeScaling,20,5000,3,sf,linear_sem,14,Standard PC,1.0,1.0,1.0,0.0,5574,5369,5179,5369,205,7.375238656997681,7.3406455516815186,0.03459310531616211
SetupA_NodeScaling,20,5000,3,sf,linear_sem,15,Standard PC,0.8571428571428572,0.9375,0.7894736842105263,5.0,821,531,341,531,290,0.18121647834777832,0.17595243453979492,0.0052640438079833984
SetupA_NodeScaling,20,5000,3,sf,linear_sem,16,Standard PC,1.0,1.0,1.0,0.0,5834,5615,5425,5615,219,17.777700424194336,17.740972757339478,0.0367276668548584
SetupA_NodeScaling,20,5000,3,sf,linear_sem,17,Standard PC,0.9142857142857143,1.0,0.8421052631578947,3.0,802,532,342,532,270,0.3863499164581299,0.3806624412536621,0.0056874752044677734
SetupA_NodeScaling,20,5000,3,sf,linear_sem,18,Standard PC,1.0,1.0,1.0,0.0,890,609,419,609,281,0.13169646263122559,0.12598156929016113,0.005714893341064453
SetupA_NodeScaling,20,5000,3,sf,linear_sem,19,Standard PC,1.0,1.0,1.0,0.0,781,484,294,484,297,0.10901856422424316,0.1041727066040039,0.004845857620239258
SetupA_NodeScaling,20,5000,3,sf,linear_sem,20,Standard PC,1.0,1.0,1.0,0.0,937,651,461,651,286,0.33414292335510254,0.3269357681274414,0.007207155227661133
SetupA_NodeScaling,20,5000,3,sf,linear_sem,21,Standard PC,0.9500000000000001,0.9047619047619048,1.0,2.0,1069,722,532,722,347,0.6639926433563232,0.6566252708435059,0.007367372512817383
SetupA_NodeScaling,20,5000,3,sf,linear_sem,22,Standard PC,1.0,1.0,1.0,0.0,898,574,384,574,324,0.2787303924560547,0.2719857692718506,0.0067446231842041016
SetupA_NodeScaling,20,5000,3,sf,linear_sem,23,Standard PC,1.0,1.0,1.0,0.0,6043,5819,5629,5819,224,13.021217823028564,12.981942415237427,0.039275407791137695
SetupA_NodeScaling,20,5000,3,sf,linear_sem,24,Standard PC,0.9230769230769231,0.9,0.9473684210526315,3.0,5882,5608,5418,5608,274,2.462667465209961,2.4338624477386475,0.028805017471313477
SetupA_NodeScaling,20,5000,3,sf,linear_sem,25,Standard PC,0.9743589743589743,0.95,1.0,1.0,840,557,367,557,283,0.10348868370056152,0.09811115264892578,0.005377531051635742
SetupA_NodeScaling,20,5000,3,sf,linear_sem,26,Standard PC,0.9743589743589743,0.95,1.0,1.0,1473,1235,1045,1235,238,0.38732075691223145,0.3805959224700928,0.006724834442138672
SetupA_NodeScaling,20,5000,3,sf,linear_sem,27,Standard PC,0.9473684210526315,0.9473684210526315,0.9473684210526315,2.0,2037,1803,1613,1803,234,0.5581836700439453,0.5494747161865234,0.008708953857421875
SetupA_NodeScaling,20,5000,3,sf,linear_sem,28,Standard PC,0.918918918918919,0.9444444444444444,0.8947368421052632,3.0,1158,766,576,766,392,0.13169336318969727,0.12564873695373535,0.006044626235961914
SetupA_NodeScaling,20,5000,3,sf,linear_sem,29,Standard PC,0.8,1.0,0.6666666666666666,6.0,731,466,276,466,265,0.12063813209533691,0.11624455451965332,0.004393577575683594
SetupA_NodeScaling,20,5000,3,sf,linear_sem,0,DF-PC (Pure),1.0,1.0,1.0,0.0,903,426,236,426,477,0.0838017463684082,0.07052063941955566,0.013281106948852539
SetupA_NodeScaling,20,5000,3,sf,linear_sem,1,DF-PC (Pure),0.7878787878787878,0.9285714285714286,0.6842105263157895,7.0,886,422,232,422,464,0.1069037914276123,0.09668326377868652,0.010220527648925781
SetupA_NodeScaling,20,5000,3,sf,linear_sem,2,DF-PC (Pure),0.9743589743589743,0.95,1.0,1.0,1568,772,582,772,796,0.18284988403320312,0.15110230445861816,0.03174757957458496
SetupA_NodeScaling,20,5000,3,sf,linear_sem,3,DF-PC (Pure),0.9444444444444444,1.0,0.8947368421052632,2.0,761,365,175,365,396,0.05608177185058594,0.04807639122009277,0.008005380630493164
SetupA_NodeScaling,20,5000,3,sf,linear_sem,4,DF-PC (Pure),0.9500000000000001,0.9047619047619048,1.0,2.0,987,455,265,455,532,0.09152078628540039,0.07763338088989258,0.013887405395507812
SetupA_NodeScaling,20,5000,3,sf,linear_sem,5,DF-PC (Pure),0.972972972972973,1.0,0.9473684210526315,1.0,1717,874,684,874,843,0.3181467056274414,0.27058982849121094,0.04755687713623047
SetupA_NodeScaling,20,5000,3,sf,linear_sem,6,DF-PC (Pure),1.0,1.0,1.0,0.0,2052,992,802,992,1060,0.9365887641906738,0.8830430507659912,0.05354571342468262
SetupA_NodeScaling,20,5000,3,sf,linear_sem,7,DF-PC (Pure),0.9743589743589743,0.95,1.0,1.0,5894,3117,2927,3117,2777,3.5988922119140625,3.3045718669891357,0.29432034492492676
SetupA_NodeScaling,20,5000,3,sf,linear_sem,8,DF-PC (Pure),0.7499999999999999,0.9230769230769231,0.631578947368421,8.0,780,370,180,370,410,0.128326416015625,0.11783146858215332,0.01049494743347168
SetupA_NodeScaling,20,5000,3,sf,linear_sem,9,DF-PC (Pure),0.9743589743589743,0.95,1.0,1.0,1310,360,170,360,950,0.11787629127502441,0.0948951244354248,0.02298116683959961
SetupA_NodeScaling,20,5000,3,sf,linear_sem,10,DF-PC (Pure),1.0,1.0,1.0,0.0,840,344,154,344,496,0.06003761291503906,0.05014753341674805,0.009890079498291016
SetupA_NodeScaling,20,5000,3,sf,linear_sem,11,DF-PC (Pure),0.9444444444444444,1.0,0.8947368421052632,2.0,906,424,234,424,482,0.08655023574829102,0.07487964630126953,0.011670589447021484
SetupA_NodeScaling,20,5000,3,sf,linear_sem,12,DF-PC (Pure),0.9743589743589743,0.95,1.0,1.0,3008,1541,1351,1541,1467,0.7373764514923096,0.625481128692627,0.11189532279968262
SetupA_NodeScaling,20,5000,3,sf,linear_sem,13,DF-PC (Pure),0.9743589743589743,0.95,1.0,1.0,3870,792,602,792,3078,0.3349912166595459,0.23033714294433594,0.10465407371520996
SetupA_NodeScaling,20,5000,3,sf,linear_sem,14,DF-PC (Pure),0.9411764705882353,0.8888888888888888,1.0,2.0,5594,207,17,207,5387,0.22901248931884766,0.030653953552246094,0.19835853576660156
SetupA_NodeScaling,20,5000,3,sf,linear_sem,15,DF-PC (Pure),0.8333333333333333,0.8823529411764706,0.7894736842105263,6.0,825,359,169,359,466,0.1555166244506836,0.14420580863952637,0.011310815811157227
SetupA_NodeScaling,20,5000,3,sf,linear_sem,16,DF-PC (Pure),0.972972972972973,0.9473684210526315,1.0,1.0,11855,264,74,264,11591,0.49355030059814453,0.04036307334899902,0.4531872272491455
SetupA_NodeScaling,20,5000,3,sf,linear_sem,17,DF-PC (Pure),0.9142857142857143,1.0,0.8421052631578947,3.0,802,329,139,329,473,0.062352895736694336,0.05354046821594238,0.008812427520751953
SetupA_NodeScaling,20,5000,3,sf,linear_sem,18,DF-PC (Pure),1.0,1.0,1.0,0.0,890,363,173,363,527,0.0585789680480957,0.0486447811126709,0.009934186935424805
SetupA_NodeScaling,20,5000,3,sf,linear_sem,19,DF-PC (Pure),1.0,1.0,1.0,0.0,781,348,158,348,433,0.06872987747192383,0.060111284255981445,0.008618593215942383
SetupA_NodeScaling,20,5000,3,sf,linear_sem,20,DF-PC (Pure),1.0,1.0,1.0,0.0,937,431,241,431,506,0.09604120254516602,0.08127260208129883,0.014768600463867188
SetupA_NodeScaling,20,5000,3,sf,linear_sem,21,DF-PC (Pure),0.9268292682926829,0.8636363636363636,1.0,3.0,1093,509,319,509,584,0.14372849464416504,0.12712836265563965,0.01660013198852539
SetupA_NodeScaling,20,5000,3,sf,linear_sem,22,DF-PC (Pure),1.0,1.0,1.0,0.0,898,421,231,421,477,0.12902164459228516,0.11632680892944336,0.012694835662841797
SetupA_NodeScaling,20,5000,3,sf,linear_sem,23,DF-PC (Pure),0.9743589743589743,0.95,1.0,1.0,6087,467,277,467,5620,0.386260986328125,0.19097614288330078,0.19528484344482422
SetupA_NodeScaling,20,5000,3,sf,linear_sem,24,DF-PC (Pure),0.8780487804878049,0.8181818181818182,0.9473684210526315,5.0,11919,289,99,289,11630,0.5446534156799316,0.08024215698242188,0.46441125869750977
SetupA_NodeScaling,20,5000,3,sf,linear_sem,25,DF-PC (Pure),0.9743589743589743,0.95,1.0,1.0,840,349,159,349,491,0.0625603199005127,0.05248904228210449,0.010071277618408203
SetupA_NodeScaling,20,5000,3,sf,linear_sem,26,DF-PC (Pure),0.9500000000000001,0.9047619047619048,1.0,2.0,1476,498,308,498,978,0.2835986614227295,0.25420665740966797,0.029392004013061523
SetupA_NodeScaling,20,5000,3,sf,linear_sem,27,DF-PC (Pure),0.9743589743589743,0.95,1.0,1.0,3307,483,293,483,2824,0.3037068843841553,0.22030377388000488,0.08340311050415039
SetupA_NodeScaling,20,5000,3,sf,linear_sem,28,DF-PC (Pure),0.918918918918919,0.9444444444444444,0.8947368421052632,3.0,1158,553,363,553,605,0.1498866081237793,0.13273048400878906,0.017156124114990234
SetupA_NodeScaling,20,5000,3,sf,linear_sem,29,DF-PC (Pure),0.75,0.8571428571428571,0.6666666666666666,8.0,739,332,142,332,407,0.07848906517028809,0.0697484016418457,0.008740663528442383
SetupA_NodeScaling,30,5000,3,er,linear_sem,0,Standard PC,0.7901234567901234,0.8888888888888888,0.7111111111111111,17.0,9896,5726,5291,5726,4170,1.0750741958618164,1.0419895648956299,0.03308463096618652
SetupA_NodeScaling,30,5000,3,er,linear_sem,1,Standard PC,0.8148148148148148,0.9166666666666666,0.7333333333333333,15.0,7679,5161,4726,5161,2518,1.192150354385376,1.1649620532989502,0.02718830108642578
SetupA_NodeScaling,30,5000,3,er,linear_sem,2,Standard PC,0.7951807228915663,0.868421052631579,0.7333333333333333,17.0,8763,6400,5965,6400,2363,1.2006337642669678,1.1688733100891113,0.031760454177856445
SetupA_NodeScaling,30,5000,3,er,linear_sem,3,Standard PC,0.8395061728395062,0.9444444444444444,0.7555555555555555,13.0,8738,5638,5203,5638,3100,0.811241865158081,0.7812230587005615,0.03001880645751953
SetupA_NodeScaling,30,5000,3,er,linear_sem,4,Standard PC,0.7341772151898734,0.8529411764705882,0.6444444444444445,21.0,6465,4456,4021,4456,2009,2.4690442085266113,2.4411227703094482,0.027921438217163086
SetupA_NodeScaling,30,5000,3,er,linear_sem,5,Standard PC,0.9069767441860465,0.9512195121951219,0.8666666666666667,8.0,5435,3978,3543,3978,1457,1.012434959411621,0.9859714508056641,0.02646350860595703
SetupA_NodeScaling,30,5000,3,er,linear_sem,6,Standard PC,0.8048780487804879,0.8918918918918919,0.7333333333333333,16.0,8469,5318,4883,5318,3151,1.5812456607818604,1.5384976863861084,0.04274797439575195
SetupA_NodeScaling,30,5000,3,er,linear_sem,7,Standard PC,0.9534883720930233,1.0,0.9111111111111111,4.0,4692,3131,2696,3131,1561,0.4919726848602295,0.4687833786010742,0.023189306259155273
SetupA_NodeScaling,30,5000,3,er,linear_sem,8,Standard PC,0.7654320987654321,0.8611111111111112,0.6888888888888889,19.0,6716,4369,3934,4369,2347,1.275089979171753,1.2426345348358154,0.0324554443359375
SetupA_NodeScaling,30,5000,3,er,linear_sem,9,Standard PC,0.7710843373493975,0.8421052631578947,0.7111111111111111,19.0,5039,3411,2976,3411,1628,0.8593251705169678,0.8370113372802734,0.022313833236694336
SetupA_NodeScaling,30,5000,3,er,linear_sem,10,Standard PC,0.7848101265822784,0.9117647058823529,0.6888888888888889,17.0,6957,4695,4260,4695,2262,1.5786254405975342,1.548628330230713,0.02999711036682129
SetupA_NodeScaling,30,5000,3,er,linear_sem,11,Standard PC,0.8433734939759038,0.9210526315789473,0.7777777777777778,13.0,6629,4458,4023,4458,2171,1.033790111541748,1.00742506980896,0.026365041732788086
SetupA_NodeScaling,30,5000,3,er,linear_sem,12,Standard PC,0.8095238095238095,0.8717948717948718,0.7555555555555555,16.0,7945,5573,5138,5573,2372,4.141906499862671,4.105123519897461,0.03678297996520996
SetupA_NodeScaling,30,5000,3,er,linear_sem,13,Standard PC,0.8372093023255814,0.8780487804878049,0.8,14.0,5745,4299,3864,4299,1446,2.8105061054229736,2.7857768535614014,0.024729251861572266
SetupA_NodeScaling,30,5000,3,er,linear_sem,14,Standard PC,0.8192771084337349,0.8947368421052632,0.7555555555555555,15.0,5985,4543,4108,4543,1442,1.6643753051757812,1.6348159313201904,0.02955937385559082
SetupA_NodeScaling,30,5000,3,er,linear_sem,15,Standard PC,0.9545454545454545,0.9767441860465116,0.9333333333333333,4.0,4361,3007,2572,3007,1354,0.7132668495178223,0.6907830238342285,0.02248382568359375
SetupA_NodeScaling,30,5000,3,er,linear_sem,16,Standard PC,0.9024390243902439,1.0,0.8222222222222222,8.0,6805,4571,4136,4571,2234,1.3226945400238037,1.2850546836853027,0.03763985633850098
SetupA_NodeScaling,30,5000,3,er,linear_sem,17,Standard PC,0.8192771084337349,0.8947368421052632,0.7555555555555555,15.0,7375,5445,5010,5445,1930,2.1190929412841797,2.0782246589660645,0.040868282318115234
SetupA_NodeScaling,30,5000,3,er,linear_sem,18,Standard PC,0.7179487179487178,0.8484848484848485,0.6222222222222222,22.0,8721,5731,5296,5731,2990,2.6481616497039795,2.6166956424713135,0.031466007232666016
SetupA_NodeScaling,30,5000,3,er,linear_sem,19,Standard PC,0.8354430379746834,0.9705882352941176,0.7333333333333333,13.0,6320,4325,3890,4325,1995,1.231661319732666,1.2097983360290527,0.02186298370361328
SetupA_NodeScaling,30,5000,3,er,linear_sem,20,Standard PC,0.7407407407407408,0.8333333333333334,0.6666666666666666,21.0,7849,5010,4575,5010,2839,1.8114261627197266,1.7745161056518555,0.036910057067871094
SetupA_NodeScaling,30,5000,3,er,linear_sem,21,Standard PC,0.7948717948717948,0.9393939393939394,0.6888888888888889,16.0,6527,4309,3874,4309,2218,4.893831968307495,4.8602454662323,0.03358650207519531
SetupA_NodeScaling,30,5000,3,er,linear_sem,22,Standard PC,0.8536585365853658,0.9459459459459459,0.7777777777777778,12.0,6544,4210,3775,4210,2334,0.6003246307373047,0.5730195045471191,0.027305126190185547
SetupA_NodeScaling,30,5000,3,er,linear_sem,23,Standard PC,0.7560975609756098,0.8378378378378378,0.6888888888888889,20.0,6202,4391,3956,4391,1811,0.7453300952911377,0.7197613716125488,0.025568723678588867
SetupA_NodeScaling,30,5000,3,er,linear_sem,24,Standard PC,0.8780487804878049,0.972972972972973,0.8,10.0,5568,3689,3254,3689,1879,0.8270998001098633,0.7989373207092285,0.028162479400634766
SetupA_NodeScaling,30,5000,3,er,linear_sem,25,Standard PC,0.8536585365853658,0.9459459459459459,0.7777777777777778,12.0,6116,3954,3519,3954,2162,0.8630306720733643,0.8386247158050537,0.024405956268310547
SetupA_NodeScaling,30,5000,3,er,linear_sem,26,Standard PC,0.8372093023255814,0.8780487804878049,0.8,14.0,5615,3923,3488,3923,1692,1.761366605758667,1.7269296646118164,0.034436941146850586
SetupA_NodeScaling,30,5000,3,er,linear_sem,27,Standard PC,0.8250000000000001,0.9428571428571428,0.7333333333333333,14.0,6523,4568,4133,4568,1955,1.95131254196167,1.9141101837158203,0.03720235824584961
SetupA_NodeScaling,30,5000,3,er,linear_sem,28,Standard PC,0.7951807228915663,0.868421052631579,0.7333333333333333,17.0,6709,4954,4519,4954,1755,0.7228074073791504,0.6954033374786377,0.027404069900512695
SetupA_NodeScaling,30,5000,3,er,linear_sem,29,Standard PC,0.7857142857142856,0.8461538461538461,0.7333333333333333,18.0,7198,5076,4641,5076,2122,0.7309858798980713,0.7042076587677002,0.026778221130371094
SetupA_NodeScaling,30,5000,3,er,linear_sem,0,DF-PC (Pure),0.7804878048780488,0.8648648648648649,0.7111111111111111,18.0,9926,5044,4609,5044,4882,4.638245582580566,4.508443355560303,0.12980222702026367
SetupA_NodeScaling,30,5000,3,er,linear_sem,1,DF-PC (Pure),0.8148148148148148,0.9166666666666666,0.7333333333333333,15.0,7682,3734,3299,3734,3948,0.8963391780853271,0.8011953830718994,0.09514379501342773
SetupA_NodeScaling,30,5000,3,er,linear_sem,2,DF-PC (Pure),0.7857142857142856,0.8461538461538461,0.7333333333333333,18.0,8817,4417,3982,4417,4400,1.8705854415893555,1.7339107990264893,0.1366746425628662
SetupA_NodeScaling,30,5000,3,er,linear_sem,3,DF-PC (Pure),0.8192771084337349,0.8947368421052632,0.7555555555555555,15.0,8801,4410,3975,4410,4391,1.0507864952087402,0.9494013786315918,0.10138511657714844
SetupA_NodeScaling,30,5000,3,er,linear_sem,4,DF-PC (Pure),0.7341772151898734,0.8529411764705882,0.6444444444444445,21.0,6467,3322,2887,3322,3145,0.8157947063446045,0.7334449291229248,0.08234977722167969
SetupA_NodeScaling,30,5000,3,er,linear_sem,5,DF-PC (Pure),0.8863636363636364,0.9069767441860465,0.8666666666666667,10.0,5510,2509,2074,2509,3001,0.7490878105163574,0.6636037826538086,0.08548402786254883
SetupA_NodeScaling,30,5000,3,er,linear_sem,6,DF-PC (Pure),0.8048780487804879,0.8918918918918919,0.7333333333333333,16.0,8480,4203,3768,4203,4277,0.8066554069519043,0.7154269218444824,0.09122848510742188
SetupA_NodeScaling,30,5000,3,er,linear_sem,7,DF-PC (Pure),0.9425287356321839,0.9761904761904762,0.9111111111111111,5.0,4739,2051,1616,2051,2688,0.44377970695495605,0.3920431137084961,0.05173659324645996
SetupA_NodeScaling,30,5000,3,er,linear_sem,8,DF-PC (Pure),0.7654320987654321,0.8611111111111112,0.6888888888888889,19.0,6738,3430,2995,3430,3308,0.7786695957183838,0.6910760402679443,0.08759355545043945
SetupA_NodeScaling,30,5000,3,er,linear_sem,9,DF-PC (Pure),0.7710843373493975,0.8421052631578947,0.7111111111111111,19.0,5039,2100,1665,2100,2939,0.5653390884399414,0.5021448135375977,0.06319427490234375
SetupA_NodeScaling,30,5000,3,er,linear_sem,10,DF-PC (Pure),0.7848101265822784,0.9117647058823529,0.6888888888888889,17.0,6958,3358,2923,3358,3600,0.7120907306671143,0.6189830303192139,0.09310770034790039
SetupA_NodeScaling,30,5000,3,er,linear_sem,11,DF-PC (Pure),0.8433734939759038,0.9210526315789473,0.7777777777777778,13.0,6629,3237,2802,3237,3392,1.3201930522918701,1.2246885299682617,0.0955045223236084
SetupA_NodeScaling,30,5000,3,er,linear_sem,12,DF-PC (Pure),0.8095238095238095,0.8717948717948718,0.7555555555555555,16.0,7949,3873,3438,3873,4076,1.0144052505493164,0.9085428714752197,0.10586237907409668
SetupA_NodeScaling,30,5000,3,er,linear_sem,13,DF-PC (Pure),0.8275862068965518,0.8571428571428571,0.8,15.0,5753,2462,2027,2462,3291,0.7257373332977295,0.6527950763702393,0.07294225692749023
SetupA_NodeScaling,30,5000,3,er,linear_sem,14,DF-PC (Pure),0.8192771084337349,0.8947368421052632,0.7555555555555555,15.0,6136,2627,2192,2627,3509,0.6042113304138184,0.5245013236999512,0.07971000671386719
SetupA_NodeScaling,30,5000,3,er,linear_sem,15,DF-PC (Pure),0.9545454545454545,0.9767441860465116,0.9333333333333333,4.0,4466,1764,1329,1764,2702,0.7953627109527588,0.7442471981048584,0.05111551284790039
SetupA_NodeScaling,30,5000,3,er,linear_sem,16,DF-PC (Pure),0.891566265060241,0.9736842105263158,0.8222222222222222,9.0,7027,3360,2925,3360,3667,0.6697213649749756,0.5854020118713379,0.0843193531036377
SetupA_NodeScaling,30,5000,3,er,linear_sem,17,DF-PC (Pure),0.8192771084337349,0.8947368421052632,0.7555555555555555,15.0,7392,3209,2774,3209,4183,0.47844862937927246,0.39197754859924316,0.0864710807800293
SetupA_NodeScaling,30,5000,3,er,linear_sem,18,DF-PC (Pure),0.7179487179487178,0.8484848484848485,0.6222222222222222,22.0,8725,4673,4238,4673,4052,1.5464839935302734,1.436067819595337,0.11041617393493652
SetupA_NodeScaling,30,5000,3,er,linear_sem,19,DF-PC (Pure),0.8354430379746834,0.9705882352941176,0.7333333333333333,13.0,6342,3252,2817,3252,3090,1.9250004291534424,1.8461849689483643,0.07881546020507812
SetupA_NodeScaling,30,5000,3,er,linear_sem,20,DF-PC (Pure),0.7407407407407408,0.8333333333333334,0.6666666666666666,21.0,7862,3980,3545,3980,3882,1.2832770347595215,1.179072618484497,0.10420441627502441
SetupA_NodeScaling,30,5000,3,er,linear_sem,21,DF-PC (Pure),0.7901234567901234,0.8888888888888888,0.7111111111111111,17.0,6669,3611,3176,3611,3058,1.195096731185913,1.107374906539917,0.0877218246459961
SetupA_NodeScaling,30,5000,3,er,linear_sem,22,DF-PC (Pure),0.8536585365853658,0.9459459459459459,0.7777777777777778,12.0,6544,3330,2895,3330,3214,0.6303184032440186,0.5477433204650879,0.08257508277893066
SetupA_NodeScaling,30,5000,3,er,linear_sem,23,DF-PC (Pure),0.7560975609756098,0.8378378378378378,0.6888888888888889,20.0,6208,3155,2720,3155,3053,1.0784406661987305,0.9932801723480225,0.08516049385070801
SetupA_NodeScaling,30,5000,3,er,linear_sem,24,DF-PC (Pure),0.8780487804878049,0.972972972972973,0.8,10.0,5571,2722,2287,2722,2849,0.42993736267089844,0.36592936515808105,0.06400799751281738
SetupA_NodeScaling,30,5000,3,er,linear_sem,25,DF-PC (Pure),0.8536585365853658,0.9459459459459459,0.7777777777777778,12.0,6122,2959,2524,2959,3163,0.4309403896331787,0.3645656108856201,0.0663747787475586
SetupA_NodeScaling,30,5000,3,er,linear_sem,26,DF-PC (Pure),0.8505747126436781,0.8809523809523809,0.8222222222222222,13.0,5677,2380,1945,2380,3297,0.4983530044555664,0.3531327247619629,0.14522027969360352
SetupA_NodeScaling,30,5000,3,er,linear_sem,27,DF-PC (Pure),0.8148148148148148,0.9166666666666666,0.7333333333333333,15.0,6538,3289,2854,3289,3249,1.8247308731079102,1.7339746952056885,0.09075617790222168
SetupA_NodeScaling,30,5000,3,er,linear_sem,28,DF-PC (Pure),0.7951807228915663,0.868421052631579,0.7333333333333333,17.0,6709,3375,2940,3375,3334,0.963038444519043,0.8757104873657227,0.08732795715332031
SetupA_NodeScaling,30,5000,3,er,linear_sem,29,DF-PC (Pure),0.7674418604651163,0.8048780487804879,0.7333333333333333,20.0,7304,3288,2853,3288,4016,0.7630863189697266,0.6707108020782471,0.09237551689147949
SetupA_NodeScaling,30,5000,3,sf,linear_sem,0,Standard PC,0.983050847457627,0.9666666666666667,1.0,1.0,3470,2883,2448,2883,587,1.3860840797424316,1.3695111274719238,0.016572952270507812
SetupA_NodeScaling,30,5000,3,sf,linear_sem,1,Standard PC,0.9454545454545454,1.0,0.896551724137931,3.0,4142,3436,3001,3436,706,1.7580687999725342,1.7388622760772705,0.019206523895263672
SetupA_NodeScaling,30,5000,3,sf,linear_sem,2,Standard PC,0.983050847457627,0.9666666666666667,1.0,1.0,7719,7102,6667,7102,617,5.361955165863037,5.326695442199707,0.03525972366333008
SetupA_NodeScaling,30,5000,3,sf,linear_sem,3,Standard PC,0.9491525423728815,0.9333333333333333,0.9655172413793104,3.0,3934,3306,2871,3306,628,1.8108806610107422,1.7925639152526855,0.01831674575805664
SetupA_NodeScaling,30,5000,3,sf,linear_sem,4,Standard PC,0.9824561403508771,1.0,0.9655172413793104,1.0,3395,2787,2352,2787,608,0.617835283279419,0.6013484001159668,0.01648688316345215
SetupA_NodeScaling,30,5000,3,sf,linear_sem,5,Standard PC,0.9655172413793104,0.9655172413793104,0.9655172413793104,2.0,4041,3437,3002,3437,604,1.3721058368682861,1.3533759117126465,0.01872992515563965
SetupA_NodeScaling,30,5000,3,sf,linear_sem,6,Standard PC,0.8076923076923076,0.9130434782608695,0.7241379310344828,10.0,2474,1826,1391,1826,648,0.968111515045166,0.9501826763153076,0.0179288387298584
SetupA_NodeScaling,30,5000,3,sf,linear_sem,7,Standard PC,0.8571428571428571,1.0,0.75,7.0,1467,896,461,896,571,0.18976855278015137,0.17835664749145508,0.011411905288696289
SetupA_NodeScaling,30,5000,3,sf,linear_sem,8,Standard PC,0.983050847457627,0.9666666666666667,1.0,1.0,12864,12224,11789,12224,640,34.261046171188354,34.199501037597656,0.06154513359069824
SetupA_NodeScaling,30,5000,3,sf,linear_sem,9,Standard PC,1.0,1.0,1.0,0.0,3881,3356,2921,3356,525,2.5273423194885254,2.5089428424835205,0.018399477005004883
SetupA_NodeScaling,30,5000,3,sf,linear_sem,10,Standard PC,1.0,1.0,1.0,0.0,1866,1237,802,1237,629,0.4185903072357178,0.40645503997802734,0.01213526725769043
SetupA_NodeScaling,30,5000,3,sf,linear_sem,11,Standard PC,0.8333333333333333,1.0,0.7142857142857143,8.0,1524,919,484,919,605,0.22599148750305176,0.2161109447479248,0.009880542755126953
SetupA_NodeScaling,30,5000,3,sf,linear_sem,12,Standard PC,0.9615384615384615,1.0,0.9259259259259259,2.0,3958,3417,2982,3417,541,2.9882373809814453,2.9662439823150635,0.021993398666381836
SetupA_NodeScaling,30,5000,3,sf,linear_sem,13,Standard PC,0.9454545454545454,0.896551724137931,1.0,3.0,6667,6198,5763,6198,469,29.606385946273804,29.571065425872803,0.03532052040100098
SetupA_NodeScaling,30,5000,3,sf,linear_sem,14,Standard PC,0.9787234042553191,0.9583333333333334,1.0,1.0,6221,5753,5318,5753,468,3.945617437362671,3.9203903675079346,0.025227069854736328
SetupA_NodeScaling,30,5000,3,sf,linear_sem,15,Standard PC,0.9666666666666666,0.9354838709677419,1.0,2.0,6763,6170,5735,6170,593,4.174087762832642,4.147049427032471,0.0270383358001709
SetupA_NodeScaling,30,5000,3,sf,linear_sem,16,Standard PC,1.0,1.0,1.0,0.0,6722,6236,5801,6236,486,11.495796203613281,11.45350694656372,0.04228925704956055
SetupA_NodeScaling,30,5000,3,sf,linear_sem,17,Standard PC,0.9642857142857143,1.0,0.9310344827586207,2.0,2441,1865,1430,1865,576,2.9081475734710693,2.8907864093780518,0.017361164093017578
SetupA_NodeScaling,30,5000,3,sf,linear_sem,18,Standard PC,0.9473684210526316,0.9642857142857143,0.9310344827586207,3.0,1879,1246,811,1246,633,0.27024269104003906,0.25966858863830566,0.010574102401733398
SetupA_NodeScaling,30,5000,3,sf,linear_sem,19,Standard PC,0.9824561403508771,1.0,0.9655172413793104,1.0,1817,1191,756,1191,626,0.6293141841888428,0.6181459426879883,0.011168241500854492
SetupA_NodeScaling,30,5000,3,sf,linear_sem,20,Standard PC,1.0,1.0,1.0,0.0,2345,1746,1311,1746,599,2.0661091804504395,2.048022985458374,0.01808619499206543
SetupA_NodeScaling,30,5000,3,sf,linear_sem,21,Standard PC,0.9090909090909091,0.9615384615384616,0.8620689655172413,5.0,1900,1183,748,1183,717,2.1146717071533203,2.101586103439331,0.013085603713989258
SetupA_NodeScaling,30,5000,3,sf,linear_sem,22,Standard PC,0.9824561403508771,1.0,0.9655172413793104,1.0,2705,2051,1616,2051,654,1.675107479095459,1.6600167751312256,0.015090703964233398
SetupA_NodeScaling,30,5000,3,sf,linear_sem,23,Standard PC,0.9818181818181818,0.9642857142857143,1.0,1.0,12112,11601,11166,11601,511,8.96800971031189,8.911264657974243,0.056745052337646484
SetupA_NodeScaling,30,5000,3,sf,linear_sem,24,Standard PC,0.9433962264150945,0.8928571428571429,1.0,3.0,6266,5772,5337,5772,494,7.218446254730225,7.185739994049072,0.032706260681152344
SetupA_NodeScaling,30,5000,3,sf,linear_sem,25,Standard PC,0.983050847457627,0.9666666666666667,1.0,1.0,3016,2405,1970,2405,611,0.8113400936126709,0.7938995361328125,0.0174405574798584
SetupA_NodeScaling,30,5000,3,sf,linear_sem,26,Standard PC,0.9818181818181818,1.0,0.9642857142857143,1.0,4735,4214,3779,4214,521,3.518610715866089,3.492485761642456,0.026124954223632812
SetupA_NodeScaling,30,5000,3,sf,linear_sem,27,Standard PC,0.9473684210526316,0.9642857142857143,0.9310344827586207,3.0,4160,3609,3174,3609,551,8.945600509643555,8.921257495880127,0.024343013763427734
SetupA_NodeScaling,30,5000,3,sf,linear_sem,28,Standard PC,0.8363636363636363,0.8846153846153846,0.7931034482758621,9.0,3327,2488,2053,2488,839,1.0153517723083496,1.0001564025878906,0.015195369720458984
SetupA_NodeScaling,30,5000,3,sf,linear_sem,29,Standard PC,0.8780487804878048,0.9,0.8571428571428571,5.0,2125,1619,1184,1619,506,1.7763545513153076,1.7652029991149902,0.011151552200317383
SetupA_NodeScaling,30,5000,3,sf,linear_sem,0,DF-PC (Pure),0.983050847457627,0.9666666666666667,1.0,1.0,3470,1778,1343,1778,1692,1.209714651107788,1.1115503311157227,0.09816431999206543
SetupA_NodeScaling,30,5000,3,sf,linear_sem,1,DF-PC (Pure),0.9285714285714286,0.9629629629629629,0.896551724137931,4.0,4142,2054,1619,2054,2088,5.238727569580078,5.098780393600464,0.13994717597961426
SetupA_NodeScaling,30,5000,3,sf,linear_sem,2,DF-PC (Pure),0.9666666666666666,0.9354838709677419,1.0,2.0,7722,3992,3557,3992,3730,6.040440559387207,5.62168025970459,0.4187602996826172
SetupA_NodeScaling,30,5000,3,sf,linear_sem,3,DF-PC (Pure),0.9152542372881356,0.9,0.9310344827586207,5.0,2780,1290,855,1290,1490,0.8814077377319336,0.8183012008666992,0.06310653686523438
SetupA_NodeScaling,30,5000,3,sf,linear_sem,4,DF-PC (Pure),0.9824561403508771,1.0,0.9655172413793104,1.0,3395,1738,1303,1738,1657,0.7232804298400879,0.6333754062652588,0.0899050235748291
SetupA_NodeScaling,30,5000,3,sf,linear_sem,5,DF-PC (Pure),0.9655172413793104,0.9655172413793104,0.9655172413793104,2.0,4041,2026,1591,2026,2015,2.8017899990081787,2.6690711975097656,0.13271880149841309
SetupA_NodeScaling,30,5000,3,sf,linear_sem,6,DF-PC (Pure),0.7924528301886793,0.875,0.7241379310344828,11.0,2503,1252,817,1252,1251,1.0233948230743408,0.9628989696502686,0.060495853424072266
SetupA_NodeScaling,30,5000,3,sf,linear_sem,7,DF-PC (Pure),0.830188679245283,0.88,0.7857142857142857,9.0,1471,668,233,668,803,0.49315309524536133,0.47589588165283203,0.017257213592529297
SetupA_NodeScaling,30,5000,3,sf,linear_sem,8,DF-PC (Pure),0.983050847457627,0.9666666666666667,1.0,1.0,12864,6856,6421,6856,6008,26.662500381469727,25.808329343795776,0.8541710376739502
SetupA_NodeScaling,30,5000,3,sf,linear_sem,9,DF-PC (Pure),0.983050847457627,0.9666666666666667,1.0,1.0,3884,700,265,700,3184,0.18829131126403809,0.10228395462036133,0.08600735664367676
SetupA_NodeScaling,30,5000,3,sf,linear_sem,10,DF-PC (Pure),0.983050847457627,0.9666666666666667,1.0,1.0,2077,720,285,720,1357,0.22848844528198242,0.19892191886901855,0.029566526412963867
SetupA_NodeScaling,30,5000,3,sf,linear_sem,11,DF-PC (Pure),0.8,0.9090909090909091,0.7142857142857143,10.0,1774,860,425,860,914,0.379772424697876,0.35228538513183594,0.02748703956604004
SetupA_NodeScaling,30,5000,3,sf,linear_sem,12,DF-PC (Pure),0.9090909090909091,0.8928571428571429,0.9259259259259259,5.0,4182,1876,1441,1876,2306,1.8310692310333252,1.7043523788452148,0.12671685218811035
SetupA_NodeScaling,30,5000,3,sf,linear_sem,13,DF-PC (Pure),0.9122807017543859,0.8387096774193549,1.0,5.0,6671,504,69,504,6167,0.2588655948638916,0.07166481018066406,0.18720078468322754
SetupA_NodeScaling,30,5000,3,sf,linear_sem,14,DF-PC (Pure),0.9583333333333334,0.92,1.0,2.0,6224,506,71,506,5718,0.3193676471710205,0.1359562873840332,0.1834113597869873
SetupA_NodeScaling,30,5000,3,sf,linear_sem,15,DF-PC (Pure),0.9508196721311475,0.90625,1.0,3.0,6779,3516,3081,3516,3263,4.63790488243103,4.336811065673828,0.30109381675720215
SetupA_NodeScaling,30,5000,3,sf,linear_sem,16,DF-PC (Pure),0.9803921568627451,0.9615384615384616,1.0,1.0,6723,752,317,752,5971,0.44486522674560547,0.2374439239501953,0.20742130279541016
SetupA_NodeScaling,30,5000,3,sf,linear_sem,17,DF-PC (Pure),0.9642857142857143,1.0,0.9310344827586207,2.0,2441,938,503,938,1503,0.40514588356018066,0.35968780517578125,0.045458078384399414
SetupA_NodeScaling,30,5000,3,sf,linear_sem,18,DF-PC (Pure),0.9310344827586207,0.9310344827586207,0.9310344827586207,4.0,1889,848,413,848,1041,0.25756049156188965,0.1562502384185791,0.10131025314331055
SetupA_NodeScaling,30,5000,3,sf,linear_sem,19,DF-PC (Pure),0.9824561403508771,1.0,0.9655172413793104,1.0,1817,798,363,798,1019,0.20725297927856445,0.18175768852233887,0.025495290756225586
SetupA_NodeScaling,30,5000,3,sf,linear_sem,20,DF-PC (Pure),0.983050847457627,0.9666666666666667,1.0,1.0,2348,1116,681,1116,1232,0.48566389083862305,0.43973422050476074,0.045929670333862305
SetupA_NodeScaling,30,5000,3,sf,linear_sem,21,DF-PC (Pure),0.9090909090909091,0.9615384615384616,0.8620689655172413,5.0,1900,891,456,891,1009,0.9077017307281494,0.8817570209503174,0.02594470977783203
SetupA_NodeScaling,30,5000,3,sf,linear_sem,22,DF-PC (Pure),0.9655172413793104,0.9655172413793104,0.9655172413793104,2.0,2711,1352,917,1352,1359,0.4801194667816162,0.4199638366699219,0.060155630111694336
SetupA_NodeScaling,30,5000,3,sf,linear_sem,23,DF-PC (Pure),0.9473684210526316,0.9,1.0,3.0,17740,3315,2880,3315,14425,8.118413925170898,7.1668291091918945,0.9515848159790039
SetupA_NodeScaling,30,5000,3,sf,linear_sem,24,DF-PC (Pure),0.9259259259259259,0.8620689655172413,1.0,4.0,6267,534,99,534,5733,0.2906818389892578,0.10487532615661621,0.1858065128326416
SetupA_NodeScaling,30,5000,3,sf,linear_sem,25,DF-PC (Pure),0.9666666666666666,0.9354838709677419,1.0,2.0,3030,1228,793,1228,1802,2.605947971343994,2.535234212875366,0.07071375846862793
SetupA_NodeScaling,30,5000,3,sf,linear_sem,26,DF-PC (Pure),0.9824561403508771,0.9655172413793104,1.0,1.0,7468,1108,673,1108,6360,1.2390389442443848,1.014033317565918,0.2250056266784668
SetupA_NodeScaling,30,5000,3,sf,linear_sem,27,DF-PC (Pure),0.9,0.8709677419354839,0.9310344827586207,6.0,4736,1145,710,1145,3591,1.01369309425354,0.8891968727111816,0.1244962215423584
SetupA_NodeScaling,30,5000,3,sf,linear_sem,28,DF-PC (Pure),0.8363636363636363,0.8846153846153846,0.7931034482758621,9.0,3332,1677,1242,1677,1655,0.37290501594543457,0.2939324378967285,0.07897257804870605
SetupA_NodeScaling,30,5000,3,sf,linear_sem,29,DF-PC (Pure),0.8571428571428571,0.8571428571428571,0.8571428571428571,6.0,2128,1078,643,1078,1050,1.1766746044158936,1.1301243305206299,0.04655027389526367
SetupA_NodeScaling,40,5000,3,er,linear_sem,0,Standard PC,0.8288288288288289,0.9019607843137255,0.7666666666666667,19.0,18455,11330,10550,11330,7125,4.437266826629639,4.36626124382019,0.07100558280944824
SetupA_NodeScaling,40,5000,3,er,linear_sem,1,Standard PC,0.8869565217391303,0.9272727272727272,0.85,13.0,10571,7330,6550,7330,3241,4.332359313964844,4.285221099853516,0.047138214111328125
SetupA_NodeScaling,40,5000,3,er,linear_sem,2,Standard PC,0.8411214953271028,0.9574468085106383,0.75,17.0,11910,7649,6869,7649,4261,2.5335047245025635,2.484703302383423,0.048801422119140625
SetupA_NodeScaling,40,5000,3,er,linear_sem,3,Standard PC,0.8771929824561403,0.9259259259259259,0.8333333333333334,14.0,10614,7795,7015,7795,2819,7.630101442337036,7.578855037689209,0.05124640464782715
SetupA_NodeScaling,40,5000,3,er,linear_sem,4,Standard PC,0.7927927927927927,0.8627450980392157,0.7333333333333333,23.0,13231,9355,8575,9355,3876,3.6694061756134033,3.6116456985473633,0.05776047706604004
SetupA_NodeScaling,40,5000,3,er,linear_sem,5,Standard PC,0.7777777777777777,0.875,0.7,24.0,13437,9479,8699,9479,3958,1.7122001647949219,1.66111421585083,0.0510859489440918
SetupA_NodeScaling,40,5000,3,er,linear_sem,6,Standard PC,0.8214285714285715,0.8846153846153846,0.7666666666666667,20.0,14100,8861,8081,8861,5239,5.065406322479248,5.010831356048584,0.05457496643066406
SetupA_NodeScaling,40,5000,3,er,linear_sem,7,Standard PC,0.8760330578512396,0.8688524590163934,0.8833333333333333,15.0,10588,7693,6913,7693,2895,2.688230514526367,2.643754243850708,0.04447627067565918
SetupA_NodeScaling,40,5000,3,er,linear_sem,8,Standard PC,0.8518518518518519,0.9583333333333334,0.7666666666666667,16.0,13554,9525,8745,9525,4029,3.361177682876587,3.297996997833252,0.06318068504333496
SetupA_NodeScaling,40,5000,3,er,linear_sem,9,Standard PC,0.8648648648648648,0.9411764705882353,0.8,15.0,9698,6171,5391,6171,3527,0.7405295372009277,0.7023377418518066,0.038191795349121094
SetupA_NodeScaling,40,5000,3,er,linear_sem,10,Standard PC,0.9009009009009009,0.9803921568627451,0.8333333333333334,11.0,8739,5771,4991,5771,2968,1.7084236145019531,1.6691014766693115,0.0393221378326416
SetupA_NodeScaling,40,5000,3,er,linear_sem,11,Standard PC,0.882882882882883,0.9607843137254902,0.8166666666666667,13.0,10073,7069,6289,7069,3004,1.4629473686218262,1.4167678356170654,0.04617953300476074
SetupA_NodeScaling,40,5000,3,er,linear_sem,12,Standard PC,0.7706422018348624,0.8571428571428571,0.7,25.0,22517,14050,13270,14050,8467,1.8761794567108154,1.8004624843597412,0.07571697235107422
SetupA_NodeScaling,40,5000,3,er,linear_sem,13,Standard PC,0.9137931034482758,0.9464285714285714,0.8833333333333333,10.0,9308,6633,5853,6633,2675,1.1555657386779785,1.1168346405029297,0.03873109817504883
SetupA_NodeScaling,40,5000,3,er,linear_sem,14,Standard PC,0.8468468468468469,0.9215686274509803,0.7833333333333333,17.0,11472,8392,7612,8392,3080,14.26605224609375,14.202715396881104,0.06333684921264648
SetupA_NodeScaling,40,5000,3,er,linear_sem,15,Standard PC,0.8073394495412844,0.8979591836734694,0.7333333333333333,21.0,13932,9759,8979,9759,4173,1.3678255081176758,1.316357135772705,0.0514683723449707
SetupA_NodeScaling,40,5000,3,er,linear_sem,16,Standard PC,0.9380530973451328,1.0,0.8833333333333333,7.0,10625,7448,6668,7448,3177,2.9013819694519043,2.8488824367523193,0.05249953269958496
SetupA_NodeScaling,40,5000,3,er,linear_sem,17,Standard PC,0.9009009009009009,0.9803921568627451,0.8333333333333334,11.0,12102,8221,7441,8221,3881,1.0395374298095703,0.9938910007476807,0.04564642906188965
SetupA_NodeScaling,40,5000,3,er,linear_sem,18,Standard PC,0.826923076923077,0.9772727272727273,0.7166666666666667,18.0,13684,9627,8847,9627,4057,9.322713613510132,9.253684282302856,0.06902933120727539
SetupA_NodeScaling,40,5000,3,er,linear_sem,19,Standard PC,0.849056603773585,0.9782608695652174,0.75,16.0,12194,8716,7936,8716,3478,2.029146909713745,1.9741840362548828,0.054962873458862305
SetupA_NodeScaling,40,5000,3,er,linear_sem,20,Standard PC,0.9203539823008849,0.9811320754716981,0.8666666666666667,9.0,9647,6921,6141,6921,2726,1.9877629280090332,1.942331314086914,0.04543161392211914
SetupA_NodeScaling,40,5000,3,er,linear_sem,21,Standard PC,0.8928571428571429,0.9615384615384616,0.8333333333333334,12.0,14472,9585,8805,9585,4887,1.8688716888427734,1.8154621124267578,0.053409576416015625
SetupA_NodeScaling,40,5000,3,er,linear_sem,22,Standard PC,0.8468468468468469,0.9215686274509803,0.7833333333333333,17.0,13595,10090,9310,10090,3505,2.2061378955841064,2.149611473083496,0.05652642250061035
SetupA_NodeScaling,40,5000,3,er,linear_sem,23,Standard PC,0.8623853211009175,0.9591836734693877,0.7833333333333333,15.0,16027,10279,9499,10279,5748,3.795680522918701,3.71696138381958,0.0787191390991211
SetupA_NodeScaling,40,5000,3,er,linear_sem,24,Standard PC,0.8869565217391303,0.9272727272727272,0.85,13.0,10002,7637,6857,7637,2365,2.4686279296875,2.414527177810669,0.054100751876831055
SetupA_NodeScaling,40,5000,3,er,linear_sem,25,Standard PC,0.8623853211009175,0.9591836734693877,0.7833333333333333,15.0,9320,6526,5746,6526,2794,2.709259033203125,2.656454563140869,0.05280447006225586
SetupA_NodeScaling,40,5000,3,er,linear_sem,26,Standard PC,0.8256880733944955,0.9183673469387755,0.75,19.0,13065,9748,8968,9748,3317,3.0443174839019775,2.9832916259765625,0.06102585792541504
SetupA_NodeScaling,40,5000,3,er,linear_sem,27,Standard PC,0.8113207547169811,0.9347826086956522,0.7166666666666667,20.0,12518,8711,7931,8711,3807,1.177231788635254,1.129399061203003,0.04783272743225098
SetupA_NodeScaling,40,5000,3,er,linear_sem,28,Standard PC,0.8869565217391303,0.9272727272727272,0.85,13.0,7634,5368,4588,5368,2266,0.6539905071258545,0.6205031871795654,0.03348731994628906
SetupA_NodeScaling,40,5000,3,er,linear_sem,29,Standard PC,0.9217391304347826,0.9636363636363636,0.8833333333333333,9.0,12135,8544,7764,8544,3591,1.2604963779449463,1.2149875164031982,0.04550886154174805
SetupA_NodeScaling,40,5000,3,er,linear_sem,0,DF-PC (Pure),0.8288288288288289,0.9019607843137255,0.7666666666666667,19.0,18455,9167,8387,9167,9288,1.3426995277404785,1.142686128616333,0.2000133991241455
SetupA_NodeScaling,40,5000,3,er,linear_sem,1,DF-PC (Pure),0.8869565217391303,0.9272727272727272,0.85,13.0,10612,4969,4189,4969,5643,1.3048443794250488,1.169684886932373,0.13515949249267578
SetupA_NodeScaling,40,5000,3,er,linear_sem,2,DF-PC (Pure),0.8333333333333334,0.9375,0.75,18.0,11964,6109,5329,6109,5855,1.7423920631408691,1.5918726921081543,0.15051937103271484
SetupA_NodeScaling,40,5000,3,er,linear_sem,3,DF-PC (Pure),0.8695652173913043,0.9090909090909091,0.8333333333333334,15.0,10625,4965,4185,4965,5660,0.8236234188079834,0.6829099655151367,0.14071345329284668
SetupA_NodeScaling,40,5000,3,er,linear_sem,4,DF-PC (Pure),0.7857142857142856,0.8461538461538461,0.7333333333333333,24.0,13404,6449,5669,6449,6955,1.756568431854248,1.5749013423919678,0.18166708946228027
SetupA_NodeScaling,40,5000,3,er,linear_sem,5,DF-PC (Pure),0.7706422018348624,0.8571428571428571,0.7,25.0,13536,6686,5906,6686,6850,1.9133095741271973,1.7229194641113281,0.19039011001586914
SetupA_NodeScaling,40,5000,3,er,linear_sem,6,DF-PC (Pure),0.8214285714285715,0.8846153846153846,0.7666666666666667,20.0,14106,6867,6087,6867,7239,1.0765395164489746,0.9233510494232178,0.15318846702575684
SetupA_NodeScaling,40,5000,3,er,linear_sem,7,DF-PC (Pure),0.8688524590163934,0.8548387096774194,0.8833333333333333,16.0,10630,4228,3448,4228,6402,1.0457913875579834,0.8145227432250977,0.23126864433288574
SetupA_NodeScaling,40,5000,3,er,linear_sem,8,DF-PC (Pure),0.8440366972477065,0.9387755102040817,0.7666666666666667,17.0,13662,6623,5843,6623,7039,2.992441415786743,2.7007389068603516,0.2917025089263916
SetupA_NodeScaling,40,5000,3,er,linear_sem,9,DF-PC (Pure),0.8495575221238938,0.9056603773584906,0.8,17.0,9819,4286,3506,4286,5533,1.4665069580078125,1.3480730056762695,0.11843395233154297
SetupA_NodeScaling,40,5000,3,er,linear_sem,10,DF-PC (Pure),0.8849557522123894,0.9433962264150944,0.8333333333333334,13.0,8888,4086,3306,4086,4802,1.3382458686828613,1.2202022075653076,0.11804366111755371
SetupA_NodeScaling,40,5000,3,er,linear_sem,11,DF-PC (Pure),0.8749999999999999,0.9423076923076923,0.8166666666666667,14.0,10077,4222,3442,4222,5855,1.0688655376434326,0.951530933380127,0.11733460426330566
SetupA_NodeScaling,40,5000,3,er,linear_sem,12,DF-PC (Pure),0.7636363636363636,0.84,0.7,26.0,22696,12248,11468,12248,10448,12.213977336883545,11.893930673599243,0.32004666328430176
SetupA_NodeScaling,40,5000,3,er,linear_sem,13,DF-PC (Pure),0.9137931034482758,0.9464285714285714,0.8833333333333333,10.0,9315,4082,3302,4082,5233,0.6391081809997559,0.5249931812286377,0.11411499977111816
SetupA_NodeScaling,40,5000,3,er,linear_sem,14,DF-PC (Pure),0.8648648648648648,0.9411764705882353,0.8,15.0,11496,5476,4696,5476,6020,2.2330963611602783,2.0539982318878174,0.17909812927246094
SetupA_NodeScaling,40,5000,3,er,linear_sem,15,DF-PC (Pure),0.8,0.88,0.7333333333333333,22.0,13999,7236,6456,7236,6763,2.167480707168579,1.9654285907745361,0.20205211639404297
SetupA_NodeScaling,40,5000,3,er,linear_sem,16,DF-PC (Pure),0.9298245614035088,0.9814814814814815,0.8833333333333333,8.0,10835,4740,3960,4740,6095,0.7304370403289795,0.6026628017425537,0.12777423858642578
SetupA_NodeScaling,40,5000,3,er,linear_sem,17,DF-PC (Pure),0.8928571428571429,0.9615384615384616,0.8333333333333334,12.0,12150,5640,4860,5640,6510,1.075972557067871,0.9153857231140137,0.16058683395385742
SetupA_NodeScaling,40,5000,3,er,linear_sem,18,DF-PC (Pure),0.8301886792452831,0.9565217391304348,0.7333333333333333,18.0,13930,6790,6010,6790,7140,1.025301456451416,0.8581242561340332,0.1671772003173828
SetupA_NodeScaling,40,5000,3,er,linear_sem,19,DF-PC (Pure),0.8333333333333334,0.9375,0.75,18.0,12229,5957,5177,5957,6272,1.4731359481811523,1.3090884685516357,0.1640474796295166
SetupA_NodeScaling,40,5000,3,er,linear_sem,20,DF-PC (Pure),0.9203539823008849,0.9811320754716981,0.8666666666666667,9.0,9650,4485,3705,4485,5165,3.923149824142456,3.775571346282959,0.14757847785949707
SetupA_NodeScaling,40,5000,3,er,linear_sem,21,DF-PC (Pure),0.8849557522123894,0.9433962264150944,0.8333333333333334,13.0,14539,6962,6182,6962,7577,1.7015600204467773,1.5198071002960205,0.18175292015075684
SetupA_NodeScaling,40,5000,3,er,linear_sem,22,DF-PC (Pure),0.8392857142857143,0.9038461538461539,0.7833333333333333,18.0,13612,6786,6006,6786,6826,1.5560739040374756,1.3524179458618164,0.20365595817565918
SetupA_NodeScaling,40,5000,3,er,linear_sem,23,DF-PC (Pure),0.8623853211009175,0.9591836734693877,0.7833333333333333,15.0,16037,7317,6537,7317,8720,1.8177947998046875,1.6422362327575684,0.17555856704711914
SetupA_NodeScaling,40,5000,3,er,linear_sem,24,DF-PC (Pure),0.8717948717948718,0.8947368421052632,0.85,15.0,10377,4127,3347,4127,6250,1.6276588439941406,1.463653564453125,0.16400527954101562
SetupA_NodeScaling,40,5000,3,er,linear_sem,25,DF-PC (Pure),0.8468468468468469,0.9215686274509803,0.7833333333333333,17.0,9447,4339,3559,4339,5108,0.6775376796722412,0.5652191638946533,0.11231851577758789
SetupA_NodeScaling,40,5000,3,er,linear_sem,26,DF-PC (Pure),0.8256880733944955,0.9183673469387755,0.75,19.0,13072,6065,5285,6065,7007,1.4343352317810059,1.2438864707946777,0.19044876098632812
SetupA_NodeScaling,40,5000,3,er,linear_sem,27,DF-PC (Pure),0.8113207547169811,0.9347826086956522,0.7166666666666667,20.0,12542,6084,5304,6084,6458,1.8813130855560303,1.7107784748077393,0.17053461074829102
SetupA_NodeScaling,40,5000,3,er,linear_sem,28,DF-PC (Pure),0.8869565217391303,0.9272727272727272,0.85,13.0,7645,3590,2810,3590,4055,0.7350790500640869,0.6279041767120361,0.10717487335205078
SetupA_NodeScaling,40,5000,3,er,linear_sem,29,DF-PC (Pure),0.9217391304347826,0.9636363636363636,0.8833333333333333,9.0,12145,5941,5161,5941,6204,1.1805906295776367,1.0204761028289795,0.16011452674865723
SetupA_NodeScaling,40,5000,3,sf,linear_sem,0,Standard PC,0.9610389610389611,0.9736842105263158,0.9487179487179487,3.0,9028,8011,7231,8011,1017,10.095484018325806,10.056872367858887,0.038611650466918945
SetupA_NodeScaling,40,5000,3,sf,linear_sem,1,Standard PC,0.9189189189189189,0.9714285714285714,0.8717948717948718,6.0,5602,4421,3641,4421,1181,1.2034311294555664,1.1767082214355469,0.02672290802001953
SetupA_NodeScaling,40,5000,3,sf,linear_sem,2,Standard PC,0.9736842105263158,0.9736842105263158,0.9736842105263158,2.0,8902,7870,7090,7870,1032,11.838569164276123,11.788686275482178,0.04988288879394531
SetupA_NodeScaling,40,5000,3,sf,linear_sem,3,Standard PC,1.0,1.0,1.0,0.0,7953,6871,6091,6871,1082,5.769925594329834,5.728949785232544,0.04097580909729004
SetupA_NodeScaling,40,5000,3,sf,linear_sem,4,Standard PC,0.9870129870129869,1.0,0.9743589743589743,1.0,5881,4856,4076,4856,1025,8.565507411956787,8.522976398468018,0.04253101348876953
SetupA_NodeScaling,40,5000,3,sf,linear_sem,5,Standard PC,0.9870129870129869,1.0,0.9743589743589743,1.0,5367,4307,3527,4307,1060,1.6865744590759277,1.6596705913543701,0.026903867721557617
SetupA_NodeScaling,40,5000,3,sf,linear_sem,6,Standard PC,0.8484848484848484,1.0,0.7368421052631579,10.0,3347,2302,1522,2302,1045,0.7724194526672363,0.7505321502685547,0.02188730239868164
SetupA_NodeScaling,40,5000,3,sf,linear_sem,7,Standard PC,0.9859154929577464,0.9722222222222222,1.0,1.0,13697,12729,11949,12729,968,27.352971076965332,27.272979974746704,0.07999110221862793
SetupA_NodeScaling,40,5000,3,sf,linear_sem,8,Standard PC,1.0,1.0,1.0,0.0,13883,12838,12058,12838,1045,54.03364086151123,53.952502965927124,0.08113789558410645
SetupA_NodeScaling,40,5000,3,sf,linear_sem,9,Standard PC,1.0,1.0,1.0,0.0,7546,6667,5887,6667,879,14.78819727897644,14.74732756614685,0.040869712829589844
SetupA_NodeScaling,40,5000,3,sf,linear_sem,10,Standard PC,0.9870129870129869,1.0,0.9743589743589743,1.0,3154,2102,1322,2102,1052,1.1114921569824219,1.0894579887390137,0.022034168243408203
SetupA_NodeScaling,40,5000,3,sf,linear_sem,11,Standard PC,0.8615384615384616,1.0,0.7567567567567568,9.0,2381,1352,572,1352,1029,0.3880424499511719,0.3671696186065674,0.020872831344604492
SetupA_NodeScaling,40,5000,3,sf,linear_sem,12,Standard PC,0.9041095890410958,0.9166666666666666,0.8918918918918919,7.0,4839,3889,3109,3889,950,1.9881043434143066,1.9556784629821777,0.032425880432128906
SetupA_NodeScaling,40,5000,3,sf,linear_sem,13,Standard PC,0.9428571428571428,0.8918918918918919,1.0,4.0,9174,8361,7581,8361,813,8.571897029876709,8.528344869613647,0.04355216026306152
SetupA_NodeScaling,40,5000,3,sf,linear_sem,14,Standard PC,0.9836065573770492,0.967741935483871,1.0,1.0,7196,6348,5568,6348,848,13.30433464050293,13.266313791275024,0.03802084922790527
SetupA_NodeScaling,40,5000,3,sf,linear_sem,15,Standard PC,0.9066666666666667,0.9444444444444444,0.8717948717948718,7.0,3706,2682,1902,2682,1024,0.4333016872406006,0.41237854957580566,0.020923137664794922
SetupA_NodeScaling,40,5000,3,sf,linear_sem,16,Standard PC,1.0,1.0,1.0,0.0,7376,6560,5780,6560,816,8.71962022781372,8.681184530258179,0.03843569755554199
SetupA_NodeScaling,40,5000,3,sf,linear_sem,17,Standard PC,1.0,1.0,1.0,0.0,12537,11576,10796,11576,961,21.547385931015015,21.478532552719116,0.06885337829589844
SetupA_NodeScaling,40,5000,3,sf,linear_sem,18,Standard PC,0.951219512195122,0.9069767441860465,1.0,4.0,4170,3149,2369,3149,1021,0.5796680450439453,0.5540375709533691,0.025630474090576172
SetupA_NodeScaling,40,5000,3,sf,linear_sem,19,Standard PC,0.9473684210526315,0.972972972972973,0.9230769230769231,4.0,3137,2032,1252,2032,1105,2.0978784561157227,2.0717740058898926,0.026104450225830078
SetupA_NodeScaling,40,5000,3,sf,linear_sem,20,Standard PC,0.9230769230769231,0.9230769230769231,0.9230769230769231,6.0,3820,2834,2054,2834,986,0.4912722110748291,0.4698061943054199,0.02146601676940918
SetupA_NodeScaling,40,5000,3,sf,linear_sem,21,Standard PC,0.9610389610389611,0.9736842105263158,0.9487179487179487,3.0,4920,3751,2971,3751,1169,1.4118094444274902,1.3857808113098145,0.02602863311767578
SetupA_NodeScaling,40,5000,3,sf,linear_sem,22,Standard PC,0.9610389610389611,0.9736842105263158,0.9487179487179487,3.0,8667,7577,6797,7577,1090,16.24820852279663,16.2033212184906,0.04488730430603027
SetupA_NodeScaling,40,5000,3,sf,linear_sem,23,Standard PC,1.0,1.0,1.0,0.0,18454,17573,16793,17573,881,14.453593730926514,14.383727550506592,0.06986618041992188
SetupA_NodeScaling,40,5000,3,sf,linear_sem,24,Standard PC,0.955223880597015,0.9411764705882353,0.9696969696969697,3.0,7340,6454,5674,6454,886,6.1524529457092285,6.119395971298218,0.03305697441101074
SetupA_NodeScaling,40,5000,3,sf,linear_sem,25,Standard PC,0.9333333333333333,0.9722222222222222,0.8974358974358975,5.0,4240,3214,2434,3214,1026,6.83197283744812,6.80120849609375,0.030764341354370117
SetupA_NodeScaling,40,5000,3,sf,linear_sem,26,Standard PC,1.0,1.0,1.0,0.0,9963,9037,8257,9037,926,38.16146779060364,38.09328055381775,0.06818723678588867
SetupA_NodeScaling,40,5000,3,sf,linear_sem,27,Standard PC,0.9866666666666666,0.9736842105263158,1.0,1.0,9808,8861,8081,8861,947,8.045917749404907,7.997035503387451,0.048882246017456055
SetupA_NodeScaling,40,5000,3,sf,linear_sem,28,Standard PC,0.9589041095890412,0.9722222222222222,0.9459459459459459,3.0,16561,15334,14554,15334,1227,54.809770584106445,54.714967250823975,0.0948033332824707
SetupA_NodeScaling,40,5000,3,sf,linear_sem,29,Standard PC,0.962962962962963,1.0,0.9285714285714286,2.0,4167,3298,2518,3298,869,4.034362316131592,4.006182670593262,0.028179645538330078
SetupA_NodeScaling,40,5000,3,sf,linear_sem,0,DF-PC (Pure),0.9367088607594937,0.925,0.9487179487179487,5.0,9038,4456,3676,4456,4582,12.321691513061523,11.874341249465942,0.44735026359558105
SetupA_NodeScaling,40,5000,3,sf,linear_sem,1,DF-PC (Pure),0.9189189189189189,0.9714285714285714,0.8717948717948718,6.0,5602,2807,2027,2807,2795,3.1205461025238037,2.967250347137451,0.15329575538635254
SetupA_NodeScaling,40,5000,3,sf,linear_sem,2,DF-PC (Pure),0.9610389610389611,0.9487179487179487,0.9736842105263158,3.0,8902,4434,3654,4434,4468,9.379579067230225,8.924522638320923,0.45505642890930176
SetupA_NodeScaling,40,5000,3,sf,linear_sem,3,DF-PC (Pure),0.9397590361445783,0.8863636363636364,1.0,5.0,8045,2484,1704,2484,5561,7.914274454116821,7.601370334625244,0.31290411949157715
SetupA_NodeScaling,40,5000,3,sf,linear_sem,4,DF-PC (Pure),0.9620253164556962,0.95,0.9743589743589743,3.0,5900,3005,2225,3005,2895,11.693505764007568,11.49012804031372,0.20337772369384766
SetupA_NodeScaling,40,5000,3,sf,linear_sem,5,DF-PC (Pure),0.9870129870129869,1.0,0.9743589743589743,1.0,5385,2499,1719,2499,2886,1.9903037548065186,1.842397689819336,0.14790606498718262
SetupA_NodeScaling,40,5000,3,sf,linear_sem,6,DF-PC (Pure),0.8235294117647058,0.9333333333333333,0.7368421052631579,12.0,3358,1084,304,1084,2274,1.8927221298217773,1.832228183746338,0.06049394607543945
SetupA_NodeScaling,40,5000,3,sf,linear_sem,7,DF-PC (Pure),0.958904109589041,0.9210526315789473,1.0,3.0,13705,7233,6453,7233,6472,25.058168172836304,24.343344688415527,0.7148234844207764
SetupA_NodeScaling,40,5000,3,sf,linear_sem,8,DF-PC (Pure),1.0,1.0,1.0,0.0,13883,7344,6564,7344,6539,18.989822149276733,18.12876296043396,0.8610591888427734
SetupA_NodeScaling,40,5000,3,sf,linear_sem,9,DF-PC (Pure),0.9620253164556963,0.926829268292683,1.0,3.0,7552,994,214,994,6558,0.7509517669677734,0.5095119476318359,0.2414398193359375
SetupA_NodeScaling,40,5000,3,sf,linear_sem,10,DF-PC (Pure),0.9743589743589743,0.9743589743589743,0.9743589743589743,2.0,3162,1323,543,1323,1839,1.0311837196350098,0.9882314205169678,0.04295229911804199
SetupA_NodeScaling,40,5000,3,sf,linear_sem,11,DF-PC (Pure),0.8484848484848485,0.9655172413793104,0.7567567567567568,10.0,2381,1152,372,1152,1229,0.5279338359832764,0.49838805198669434,0.02954578399658203
SetupA_NodeScaling,40,5000,3,sf,linear_sem,12,DF-PC (Pure),0.8918918918918919,0.8918918918918919,0.8918918918918919,8.0,4878,2379,1599,2379,2499,4.528770685195923,4.390941381454468,0.13782930374145508
SetupA_NodeScaling,40,5000,3,sf,linear_sem,13,DF-PC (Pure),0.9166666666666666,0.8461538461538461,1.0,6.0,9179,826,46,826,8353,0.38640308380126953,0.11841630935668945,0.2679867744445801
SetupA_NodeScaling,40,5000,3,sf,linear_sem,14,DF-PC (Pure),0.9523809523809523,0.9090909090909091,1.0,3.0,7311,906,126,906,6405,1.6521074771881104,1.4027955532073975,0.2493119239807129
SetupA_NodeScaling,40,5000,3,sf,linear_sem,15,DF-PC (Pure),0.8947368421052632,0.918918918918919,0.8717948717948718,8.0,3733,1601,821,1601,2132,0.5446302890777588,0.48115086555480957,0.06347942352294922
SetupA_NodeScaling,40,5000,3,sf,linear_sem,16,DF-PC (Pure),0.9428571428571428,0.8918918918918919,1.0,4.0,7383,837,57,837,6546,0.5888104438781738,0.3874695301055908,0.201340913772583
SetupA_NodeScaling,40,5000,3,sf,linear_sem,17,DF-PC (Pure),0.9866666666666666,0.9736842105263158,1.0,1.0,12543,3766,2986,3766,8777,16.63423776626587,16.099019289016724,0.5352184772491455
SetupA_NodeScaling,40,5000,3,sf,linear_sem,18,DF-PC (Pure),0.9285714285714286,0.8666666666666667,1.0,6.0,4230,1350,570,1350,2880,0.4969058036804199,0.4192464351654053,0.07765936851501465
SetupA_NodeScaling,40,5000,3,sf,linear_sem,19,DF-PC (Pure),0.9230769230769231,0.9230769230769231,0.9230769230769231,6.0,3178,1387,607,1387,1791,0.3090846538543701,0.2655501365661621,0.04353451728820801
SetupA_NodeScaling,40,5000,3,sf,linear_sem,20,DF-PC (Pure),0.888888888888889,0.8571428571428571,0.9230769230769231,9.0,3876,1855,1075,1855,2021,1.6394765377044678,1.5534920692443848,0.08598446846008301
SetupA_NodeScaling,40,5000,3,sf,linear_sem,21,DF-PC (Pure),0.9610389610389611,0.9736842105263158,0.9487179487179487,3.0,4924,2430,1650,2430,2494,3.006540060043335,2.8885743618011475,0.1179656982421875
SetupA_NodeScaling,40,5000,3,sf,linear_sem,22,DF-PC (Pure),0.9487179487179487,0.9487179487179487,0.9487179487179487,4.0,8671,4519,3739,4519,4152,6.345996141433716,5.945158243179321,0.40083789825439453
SetupA_NodeScaling,40,5000,3,sf,linear_sem,23,DF-PC (Pure),0.9444444444444444,0.8947368421052632,1.0,4.0,18478,7037,6257,7037,11441,28.777836322784424,27.68489408493042,1.092942237854004
SetupA_NodeScaling,40,5000,3,sf,linear_sem,24,DF-PC (Pure),0.9411764705882354,0.9142857142857143,0.9696969696969697,4.0,7359,984,204,984,6375,1.0566492080688477,0.8204092979431152,0.23623991012573242
SetupA_NodeScaling,40,5000,3,sf,linear_sem,25,DF-PC (Pure),0.9090909090909091,0.9210526315789473,0.8974358974358975,7.0,4247,1419,639,1419,2828,0.5035812854766846,0.43135499954223633,0.07222628593444824
SetupA_NodeScaling,40,5000,3,sf,linear_sem,26,DF-PC (Pure),0.9866666666666666,0.9736842105263158,1.0,1.0,9970,2301,1521,2301,7669,2.865471839904785,2.474708318710327,0.390763521194458
SetupA_NodeScaling,40,5000,3,sf,linear_sem,27,DF-PC (Pure),0.9367088607594937,0.8809523809523809,1.0,5.0,9816,2274,1494,2274,7542,4.227980375289917,3.89399790763855,0.3339824676513672
SetupA_NodeScaling,40,5000,3,sf,linear_sem,28,DF-PC (Pure),0.9459459459459459,0.9459459459459459,0.9459459459459459,4.0,16568,8747,7967,8747,7821,19.559161901474,18.534600496292114,1.0245614051818848
SetupA_NodeScaling,40,5000,3,sf,linear_sem,29,DF-PC (Pure),0.8813559322033899,0.8387096774193549,0.9285714285714286,7.0,4209,2152,1372,2152,2057,2.6801018714904785,2.5463294982910156,0.1337723731994629
SetupA_NodeScaling,50,5000,3,er,linear_sem,0,Standard PC,0.8714285714285714,0.9384615384615385,0.8133333333333334,18.0,21799,14097,12872,14097,7702,4.909179925918579,4.816500663757324,0.09267926216125488
SetupA_NodeScaling,50,5000,3,er,linear_sem,1,Standard PC,0.9361702127659575,1.0,0.88,9.0,15219,10292,9067,10292,4927,3.752589225769043,3.68593430519104,0.06665492057800293
SetupA_NodeScaling,50,5000,3,er,linear_sem,2,Standard PC,0.8181818181818181,0.9473684210526315,0.72,24.0,15178,10241,9016,10241,4937,2.3574461936950684,2.2965586185455322,0.06088757514953613
SetupA_NodeScaling,50,5000,3,er,linear_sem,3,Standard PC,0.8333333333333333,0.9649122807017544,0.7333333333333333,22.0,16858,10946,9721,10946,5912,6.397221565246582,6.313241958618164,0.08397960662841797
SetupA_NodeScaling,50,5000,3,er,linear_sem,4,Standard PC,0.7941176470588235,0.8852459016393442,0.72,28.0,18477,12757,11532,12757,5720,2.2987773418426514,2.2215282917022705,0.07724905014038086
SetupA_NodeScaling,50,5000,3,er,linear_sem,5,Standard PC,0.8759124087591241,0.967741935483871,0.8,17.0,21329,14636,13411,14636,6693,5.960562467575073,5.858957052230835,0.10160541534423828
SetupA_NodeScaling,50,5000,3,er,linear_sem,6,Standard PC,0.838235294117647,0.9344262295081968,0.76,22.0,18247,12349,11124,12349,5898,12.088398218154907,12.007899284362793,0.08049893379211426
SetupA_NodeScaling,50,5000,3,er,linear_sem,7,Standard PC,0.9090909090909091,0.9558823529411765,0.8666666666666667,13.0,12493,8758,7533,8758,3735,2.329186201095581,2.2701289653778076,0.05905723571777344
SetupA_NodeScaling,50,5000,3,er,linear_sem,8,Standard PC,0.7669172932330827,0.8793103448275862,0.68,31.0,22682,14792,13567,14792,7890,12.420238018035889,12.30862307548523,0.11161494255065918
SetupA_NodeScaling,50,5000,3,er,linear_sem,9,Standard PC,0.8201438848920863,0.890625,0.76,25.0,15128,10924,9699,10924,4204,6.817179918289185,6.75545334815979,0.06172657012939453
SetupA_NodeScaling,50,5000,3,er,linear_sem,10,Standard PC,0.9361702127659575,1.0,0.88,9.0,15752,10235,9010,10235,5517,1.8604905605316162,1.7921226024627686,0.06836795806884766
SetupA_NodeScaling,50,5000,3,er,linear_sem,11,Standard PC,0.8125,0.9811320754716981,0.6933333333333334,24.0,19318,12599,11374,12599,6719,14.14751124382019,14.055967807769775,0.09154343605041504
SetupA_NodeScaling,50,5000,3,er,linear_sem,12,Standard PC,0.8592592592592593,0.9666666666666667,0.7733333333333333,19.0,17460,12409,11184,12409,5051,2.6653759479522705,2.5821099281311035,0.08326601982116699
SetupA_NodeScaling,50,5000,3,er,linear_sem,13,Standard PC,0.8740740740740739,0.9833333333333333,0.7866666666666666,17.0,13338,9941,8716,9941,3397,1.7441933155059814,1.6810784339904785,0.06311488151550293
SetupA_NodeScaling,50,5000,3,er,linear_sem,14,Standard PC,0.8857142857142857,0.9538461538461539,0.8266666666666667,16.0,17731,13524,12299,13524,4207,2.080435037612915,2.0020604133605957,0.07837462425231934
SetupA_NodeScaling,50,5000,3,er,linear_sem,15,Standard PC,0.8592592592592593,0.9666666666666667,0.7733333333333333,19.0,16919,12057,10832,12057,4862,32.03940558433533,31.94863271713257,0.09077286720275879
SetupA_NodeScaling,50,5000,3,er,linear_sem,16,Standard PC,0.8611111111111112,0.8985507246376812,0.8266666666666667,20.0,17359,12578,11353,12578,4781,3.7283260822296143,3.6523945331573486,0.07593154907226562
SetupA_NodeScaling,50,5000,3,er,linear_sem,17,Standard PC,0.8088235294117647,0.9016393442622951,0.7333333333333333,26.0,24523,16617,15392,16617,7906,3.3822784423828125,3.2774572372436523,0.10482120513916016
SetupA_NodeScaling,50,5000,3,er,linear_sem,18,Standard PC,0.7999999999999999,0.9,0.72,27.0,31661,19583,18358,19583,12078,3.516266107559204,3.394711971282959,0.12155413627624512
SetupA_NodeScaling,50,5000,3,er,linear_sem,19,Standard PC,0.8091603053435114,0.9464285714285714,0.7066666666666667,25.0,19715,13738,12513,13738,5977,3.3277666568756104,3.2423102855682373,0.08545637130737305
SetupA_NodeScaling,50,5000,3,er,linear_sem,20,Standard PC,0.8405797101449275,0.9206349206349206,0.7733333333333333,22.0,17411,12374,11149,12374,5037,2.4501514434814453,2.3720510005950928,0.07810044288635254
SetupA_NodeScaling,50,5000,3,er,linear_sem,21,Standard PC,0.8951048951048952,0.9411764705882353,0.8533333333333334,15.0,24293,16836,15611,16836,7457,3.5411839485168457,3.4325480461120605,0.10863590240478516
SetupA_NodeScaling,50,5000,3,er,linear_sem,22,Standard PC,0.8633093525179856,0.9375,0.8,19.0,21311,14403,13178,14403,6908,4.230263948440552,4.144922494888306,0.0853414535522461
SetupA_NodeScaling,50,5000,3,er,linear_sem,23,Standard PC,0.9027777777777778,0.9420289855072463,0.8666666666666667,14.0,21387,14297,13072,14297,7090,3.427236795425415,3.3259694576263428,0.10126733779907227
SetupA_NodeScaling,50,5000,3,er,linear_sem,24,Standard PC,0.9219858156028369,0.9848484848484849,0.8666666666666667,11.0,15075,10459,9234,10459,4616,1.4411118030548096,1.3756186962127686,0.06549310684204102
SetupA_NodeScaling,50,5000,3,er,linear_sem,25,Standard PC,0.8405797101449275,0.9206349206349206,0.7733333333333333,22.0,15006,10159,8934,10159,4847,2.9016273021698,2.82855224609375,0.0730750560760498
SetupA_NodeScaling,50,5000,3,er,linear_sem,26,Standard PC,0.8345323741007193,0.90625,0.7733333333333333,23.0,25574,17096,15871,17096,8478,4.518939733505249,4.407935380935669,0.11100435256958008
SetupA_NodeScaling,50,5000,3,er,linear_sem,27,Standard PC,0.8652482269503545,0.9242424242424242,0.8133333333333334,19.0,11041,7964,6739,7964,3077,1.6611275672912598,1.606553316116333,0.05457425117492676
SetupA_NodeScaling,50,5000,3,er,linear_sem,28,Standard PC,0.823529411764706,0.9180327868852459,0.7466666666666667,24.0,16642,11260,10035,11260,5382,2.0724050998687744,1.992769718170166,0.0796353816986084
SetupA_NodeScaling,50,5000,3,er,linear_sem,29,Standard PC,0.8405797101449275,0.9206349206349206,0.7733333333333333,22.0,19292,13813,12588,13813,5479,3.073969841003418,2.992017984390259,0.08195185661315918
SetupA_NodeScaling,50,5000,3,er,linear_sem,0,DF-PC (Pure),0.8732394366197183,0.9253731343283582,0.8266666666666667,18.0,21967,10108,8883,10108,11859,1.5146703720092773,1.2645933628082275,0.2500770092010498
SetupA_NodeScaling,50,5000,3,er,linear_sem,1,DF-PC (Pure),0.9361702127659575,1.0,0.88,9.0,15235,6342,5117,6342,8893,2.096313953399658,1.9135518074035645,0.18276214599609375
SetupA_NodeScaling,50,5000,3,er,linear_sem,2,DF-PC (Pure),0.8120300751879699,0.9310344827586207,0.72,25.0,15295,7222,5997,7222,8073,1.7717912197113037,1.5952847003936768,0.17650651931762695
SetupA_NodeScaling,50,5000,3,er,linear_sem,3,DF-PC (Pure),0.8208955223880597,0.9322033898305084,0.7333333333333333,24.0,16959,7933,6708,7933,9026,2.151158571243286,1.8656272888183594,0.28553128242492676
SetupA_NodeScaling,50,5000,3,er,linear_sem,4,DF-PC (Pure),0.7883211678832117,0.8709677419354839,0.72,29.0,18683,8873,7648,8873,9810,2.426974058151245,2.182624101638794,0.24434995651245117
SetupA_NodeScaling,50,5000,3,er,linear_sem,5,DF-PC (Pure),0.8714285714285714,0.9384615384615385,0.8133333333333334,18.0,21603,9974,8749,9974,11629,1.7294094562530518,1.452441692352295,0.27696776390075684
SetupA_NodeScaling,50,5000,3,er,linear_sem,6,DF-PC (Pure),0.838235294117647,0.9344262295081968,0.76,22.0,18299,8363,7138,8363,9936,1.7433342933654785,1.5084011554718018,0.23493313789367676
SetupA_NodeScaling,50,5000,3,er,linear_sem,7,DF-PC (Pure),0.8904109589041095,0.9154929577464789,0.8666666666666667,16.0,12817,5486,4261,5486,7331,1.3732807636260986,1.1938493251800537,0.17943143844604492
SetupA_NodeScaling,50,5000,3,er,linear_sem,8,DF-PC (Pure),0.7611940298507464,0.864406779661017,0.68,32.0,22696,10807,9582,10807,11889,4.366509914398193,4.071195125579834,0.2953147888183594
SetupA_NodeScaling,50,5000,3,er,linear_sem,9,DF-PC (Pure),0.8142857142857143,0.8769230769230769,0.76,26.0,15144,6563,5338,6563,8581,2.905129909515381,2.703261137008667,0.20186877250671387
SetupA_NodeScaling,50,5000,3,er,linear_sem,10,DF-PC (Pure),0.9295774647887323,0.9850746268656716,0.88,10.0,15919,6949,5724,6949,8970,1.4555339813232422,1.2714264392852783,0.18410754203796387
SetupA_NodeScaling,50,5000,3,er,linear_sem,11,DF-PC (Pure),0.821705426356589,0.9814814814814815,0.7066666666666667,23.0,19596,9487,8262,9487,10109,1.8550848960876465,1.6359586715698242,0.21912622451782227
SetupA_NodeScaling,50,5000,3,er,linear_sem,12,DF-PC (Pure),0.8633093525179856,0.9375,0.8,19.0,17727,8275,7050,8275,9452,4.134857892990112,3.9022464752197266,0.23261141777038574
SetupA_NodeScaling,50,5000,3,er,linear_sem,13,DF-PC (Pure),0.8550724637681159,0.9365079365079365,0.7866666666666666,20.0,13574,5658,4433,5658,7916,1.9739975929260254,1.7947747707366943,0.17922282218933105
SetupA_NodeScaling,50,5000,3,er,linear_sem,14,DF-PC (Pure),0.8794326241134751,0.9393939393939394,0.8266666666666667,17.0,17750,8082,6857,8082,9668,2.4592063426971436,2.194243907928467,0.26496243476867676
SetupA_NodeScaling,50,5000,3,er,linear_sem,15,DF-PC (Pure),0.8529411764705883,0.9508196721311475,0.7733333333333333,20.0,16997,8048,6823,8048,8949,1.6775710582733154,1.431187391281128,0.2463836669921875
SetupA_NodeScaling,50,5000,3,er,linear_sem,16,DF-PC (Pure),0.863013698630137,0.8873239436619719,0.84,20.0,17659,7474,6249,7474,10185,1.1910655498504639,0.9769253730773926,0.2141401767730713
SetupA_NodeScaling,50,5000,3,er,linear_sem,17,DF-PC (Pure),0.8088235294117647,0.9016393442622951,0.7333333333333333,26.0,24523,12873,11648,12873,11650,3.0813143253326416,2.7366528511047363,0.3446614742279053
SetupA_NodeScaling,50,5000,3,er,linear_sem,18,DF-PC (Pure),0.7883211678832117,0.8709677419354839,0.72,29.0,32057,15844,14619,15844,16213,4.548332929611206,4.168182134628296,0.38015079498291016
SetupA_NodeScaling,50,5000,3,er,linear_sem,19,DF-PC (Pure),0.8030303030303029,0.9298245614035088,0.7066666666666667,26.0,19803,9790,8565,9790,10013,5.019140243530273,4.7697227001190186,0.24941754341125488
SetupA_NodeScaling,50,5000,3,er,linear_sem,20,DF-PC (Pure),0.8405797101449275,0.9206349206349206,0.7733333333333333,22.0,17478,8221,6996,8221,9257,1.7195155620574951,1.4422762393951416,0.2772393226623535
SetupA_NodeScaling,50,5000,3,er,linear_sem,21,DF-PC (Pure),0.8827586206896552,0.9142857142857143,0.8533333333333334,17.0,24641,11725,10500,11725,12916,4.07177996635437,3.7513439655303955,0.3204360008239746
SetupA_NodeScaling,50,5000,3,er,linear_sem,22,DF-PC (Pure),0.8571428571428571,0.9230769230769231,0.8,20.0,21407,10007,8782,10007,11400,2.375061511993408,2.1154253482818604,0.25963616371154785
SetupA_NodeScaling,50,5000,3,er,linear_sem,23,DF-PC (Pure),0.896551724137931,0.9285714285714286,0.8666666666666667,15.0,21458,10005,8780,10005,11453,1.4300332069396973,1.1431066989898682,0.2869265079498291
SetupA_NodeScaling,50,5000,3,er,linear_sem,24,DF-PC (Pure),0.896551724137931,0.9285714285714286,0.8666666666666667,15.0,15288,6413,5188,6413,8875,1.0038280487060547,0.8240044116973877,0.179823637008667
SetupA_NodeScaling,50,5000,3,er,linear_sem,25,DF-PC (Pure),0.8285714285714286,0.8923076923076924,0.7733333333333333,24.0,15153,6673,5448,6673,8480,1.9659180641174316,1.7787542343139648,0.1871638298034668
SetupA_NodeScaling,50,5000,3,er,linear_sem,26,DF-PC (Pure),0.8285714285714286,0.8923076923076924,0.7733333333333333,24.0,25619,12649,11424,12649,12970,3.0058703422546387,2.6774632930755615,0.32840704917907715
SetupA_NodeScaling,50,5000,3,er,linear_sem,27,DF-PC (Pure),0.8671328671328671,0.9117647058823529,0.8266666666666667,19.0,11147,4793,3568,4793,6354,2.268911838531494,2.11911940574646,0.14979243278503418
SetupA_NodeScaling,50,5000,3,er,linear_sem,28,DF-PC (Pure),0.8,0.8615384615384616,0.7466666666666667,28.0,16779,7927,6702,7927,8852,5.4003586769104,5.188716173171997,0.21164250373840332
SetupA_NodeScaling,50,5000,3,er,linear_sem,29,DF-PC (Pure),0.8285714285714286,0.8923076923076924,0.7733333333333333,24.0,19499,8715,7490,8715,10784,2.247318744659424,1.9916863441467285,0.2556324005126953
SetupA_NodeScaling,50,5000,3,sf,linear_sem,0,Standard PC,0.9795918367346939,0.96,1.0,2.0,20666,19157,17932,19157,1509,58.2846097946167,58.18325901031494,0.10135078430175781
SetupA_NodeScaling,50,5000,3,sf,linear_sem,1,Standard PC,0.8275862068965516,0.9,0.7659574468085106,15.0,5279,3571,2346,3571,1708,1.8498315811157227,1.8125159740447998,0.03731560707092285
SetupA_NodeScaling,50,5000,3,sf,linear_sem,2,Standard PC,0.8536585365853658,0.9210526315789473,0.7954545454545454,12.0,8625,7085,5860,7085,1540,11.32278323173523,11.270277500152588,0.0525057315826416
SetupA_NodeScaling,50,5000,3,sf,linear_sem,3,Standard PC,0.9696969696969697,0.96,0.9795918367346939,3.0,6448,4822,3597,4822,1626,1.7940561771392822,1.7585475444793701,0.03550863265991211
SetupA_NodeScaling,50,5000,3,sf,linear_sem,4,Standard PC,0.9896907216494846,0.9795918367346939,1.0,1.0,21061,19486,18261,19486,1575,62.04984784126282,61.94623637199402,0.10361146926879883
SetupA_NodeScaling,50,5000,3,sf,linear_sem,5,Standard PC,0.9473684210526316,0.9782608695652174,0.9183673469387755,5.0,9285,7705,6480,7705,1580,5.582350492477417,5.528712034225464,0.053638458251953125
SetupA_NodeScaling,50,5000,3,sf,linear_sem,6,Standard PC,0.8863636363636365,0.9285714285714286,0.8478260869565217,10.0,4439,3003,1778,3003,1436,0.6850671768188477,0.651073694229126,0.03399348258972168
SetupA_NodeScaling,50,5000,3,sf,linear_sem,7,Standard PC,0.9610389610389611,0.9736842105263158,0.9487179487179487,3.0,6420,5024,3799,5024,1396,2.212925910949707,2.17191219329834,0.04101371765136719
SetupA_NodeScaling,50,5000,3,sf,linear_sem,8,Standard PC,0.9896907216494846,0.9795918367346939,1.0,1.0,15493,13900,12675,13900,1593,42.639392614364624,42.55326819419861,0.08612442016601562
SetupA_NodeScaling,50,5000,3,sf,linear_sem,9,Standard PC,0.9795918367346939,0.96,1.0,2.0,9608,8231,7006,8231,1377,13.347585201263428,13.28835916519165,0.059226036071777344
SetupA_NodeScaling,50,5000,3,sf,linear_sem,10,Standard PC,0.968421052631579,1.0,0.9387755102040817,3.0,4899,3277,2052,3277,1622,1.220844030380249,1.1859683990478516,0.03487563133239746
SetupA_NodeScaling,50,5000,3,sf,linear_sem,11,Standard PC,0.8705882352941177,0.9024390243902439,0.8409090909090909,11.0,4065,2498,1273,2498,1567,0.8815627098083496,0.8497240543365479,0.03183865547180176
SetupA_NodeScaling,50,5000,3,sf,linear_sem,12,Standard PC,0.9565217391304347,0.9361702127659575,0.9777777777777777,4.0,17073,15650,14425,15650,1423,26.832091808319092,26.760438203811646,0.07165360450744629
SetupA_NodeScaling,50,5000,3,sf,linear_sem,13,Standard PC,0.9438202247191011,0.8936170212765957,1.0,5.0,12987,11723,10498,11723,1264,12.008127450942993,11.942776918411255,0.06535053253173828
SetupA_NodeScaling,50,5000,3,sf,linear_sem,14,Standard PC,0.972972972972973,0.9473684210526315,1.0,2.0,7773,6515,5290,6515,1258,14.374229192733765,14.325798034667969,0.0484311580657959
SetupA_NodeScaling,50,5000,3,sf,linear_sem,15,Standard PC,0.9583333333333334,0.92,1.0,4.0,15635,14263,13038,14263,1372,36.90912628173828,36.82546401023865,0.08366227149963379
SetupA_NodeScaling,50,5000,3,sf,linear_sem,16,Standard PC,0.9662921348314606,0.9347826086956522,1.0,3.0,10512,9230,8005,9230,1282,27.81536293029785,27.7569797039032,0.05838322639465332
SetupA_NodeScaling,50,5000,3,sf,linear_sem,17,Standard PC,0.9024390243902439,0.9736842105263158,0.8409090909090909,8.0,5934,4456,3231,4456,1478,7.216325044631958,7.1784327030181885,0.03789234161376953
SetupA_NodeScaling,50,5000,3,sf,linear_sem,18,Standard PC,0.9591836734693877,0.9591836734693877,0.9591836734693877,4.0,10316,8756,7531,8756,1560,19.897425413131714,19.837902545928955,0.05952286720275879
SetupA_NodeScaling,50,5000,3,sf,linear_sem,19,Standard PC,1.0,1.0,1.0,0.0,5362,3706,2481,3706,1656,4.1528401374816895,4.115893602371216,0.03694653511047363
SetupA_NodeScaling,50,5000,3,sf,linear_sem,20,Standard PC,0.9696969696969697,0.9411764705882353,1.0,3.0,17357,15863,14638,15863,1494,81.96199822425842,81.86674904823303,0.09524917602539062
SetupA_NodeScaling,50,5000,3,sf,linear_sem,21,Standard PC,0.9010989010989012,0.9761904761904762,0.8367346938775511,9.0,6185,4353,3128,4353,1832,1.0248589515686035,0.988649845123291,0.0362091064453125
SetupA_NodeScaling,50,5000,3,sf,linear_sem,22,Standard PC,0.968421052631579,0.9787234042553191,0.9583333333333334,3.0,16464,14819,13594,14819,1645,9.875673770904541,9.80141830444336,0.07425546646118164
SetupA_NodeScaling,50,5000,3,sf,linear_sem,23,Standard PC,0.9655172413793104,0.9545454545454546,0.9767441860465116,3.0,17364,15974,14749,15974,1390,37.990917444229126,37.91882014274597,0.0720973014831543
SetupA_NodeScaling,50,5000,3,sf,linear_sem,24,Standard PC,0.9767441860465117,0.9545454545454546,1.0,2.0,8840,7492,6267,7492,1348,11.80377459526062,11.754351377487183,0.0494232177734375
SetupA_NodeScaling,50,5000,3,sf,linear_sem,25,Standard PC,0.9484536082474228,0.9019607843137255,1.0,5.0,17069,15684,14459,15684,1385,41.52798390388489,41.44664263725281,0.08134126663208008
SetupA_NodeScaling,50,5000,3,sf,linear_sem,26,Standard PC,0.989247311827957,1.0,0.9787234042553191,1.0,8435,6985,5760,6985,1450,11.795493125915527,11.747407674789429,0.04808545112609863
SetupA_NodeScaling,50,5000,3,sf,linear_sem,27,Standard PC,0.9777777777777777,0.9777777777777777,0.9777777777777777,2.0,9877,8412,7187,8412,1465,48.31535291671753,48.26086115837097,0.05449175834655762
SetupA_NodeScaling,50,5000,3,sf,linear_sem,28,Standard PC,0.7894736842105263,0.9090909090909091,0.6976744186046512,16.0,4761,3061,1836,3061,1700,3.668705940246582,3.637805223464966,0.03090071678161621
SetupA_NodeScaling,50,5000,3,sf,linear_sem,29,Standard PC,0.88,0.8918918918918919,0.868421052631579,9.0,3085,1741,516,1741,1344,6.634469032287598,6.594037294387817,0.04043173789978027
SetupA_NodeScaling,50,5000,3,sf,linear_sem,0,DF-PC (Pure),0.9696969696969697,0.9411764705882353,1.0,3.0,20676,10637,9412,10637,10039,43.630884885787964,42.33329367637634,1.297591209411621
SetupA_NodeScaling,50,5000,3,sf,linear_sem,1,DF-PC (Pure),0.8181818181818182,0.8780487804878049,0.7659574468085106,16.0,5323,2622,1397,2622,2701,1.4917230606079102,1.3943219184875488,0.09740114212036133
SetupA_NodeScaling,50,5000,3,sf,linear_sem,2,DF-PC (Pure),0.8235294117647058,0.8536585365853658,0.7954545454545454,15.0,8673,4407,3182,4407,4266,26.286412715911865,25.92961597442627,0.3567967414855957
SetupA_NodeScaling,50,5000,3,sf,linear_sem,3,DF-PC (Pure),0.96,0.9411764705882353,0.9795918367346939,4.0,6476,3097,1872,3097,3379,6.6934473514556885,6.531421899795532,0.16202545166015625
SetupA_NodeScaling,50,5000,3,sf,linear_sem,4,DF-PC (Pure),0.9795918367346939,0.96,1.0,2.0,21070,11107,9882,11107,9963,9.178267002105713,8.091589212417603,1.0866777896881104
SetupA_NodeScaling,50,5000,3,sf,linear_sem,5,DF-PC (Pure),0.9278350515463918,0.9375,0.9183673469387755,7.0,9291,4489,3264,4489,4802,7.361254692077637,7.003448963165283,0.3578057289123535
SetupA_NodeScaling,50,5000,3,sf,linear_sem,6,DF-PC (Pure),0.8863636363636365,0.9285714285714286,0.8478260869565217,10.0,4439,1606,381,1606,2833,1.015230417251587,0.949310302734375,0.06592011451721191
SetupA_NodeScaling,50,5000,3,sf,linear_sem,7,DF-PC (Pure),0.9135802469135802,0.8809523809523809,0.9487179487179487,7.0,6437,3247,2022,3247,3190,12.02018117904663,11.833078384399414,0.1871027946472168
SetupA_NodeScaling,50,5000,3,sf,linear_sem,8,DF-PC (Pure),0.9600000000000001,0.9230769230769231,1.0,4.0,15499,8055,6830,8055,7444,18.624987363815308,17.840623378753662,0.7843639850616455
SetupA_NodeScaling,50,5000,3,sf,linear_sem,9,DF-PC (Pure),0.9504950495049505,0.9056603773584906,1.0,5.0,9663,1527,302,1527,8136,0.5053153038024902,0.2250058650970459,0.28030943870544434
SetupA_NodeScaling,50,5000,3,sf,linear_sem,10,DF-PC (Pure),0.9484536082474228,0.9583333333333334,0.9387755102040817,5.0,5480,2185,960,2185,3295,0.8249149322509766,0.6355626583099365,0.18935227394104004
SetupA_NodeScaling,50,5000,3,sf,linear_sem,11,DF-PC (Pure),0.8409090909090909,0.8409090909090909,0.8409090909090909,14.0,4269,2067,842,2067,2202,6.078239440917969,6.006108283996582,0.07213115692138672
SetupA_NodeScaling,50,5000,3,sf,linear_sem,12,DF-PC (Pure),0.9166666666666665,0.8627450980392157,0.9777777777777777,8.0,17101,8874,7649,8874,8227,41.30132985115051,40.30643391609192,0.9948959350585938
SetupA_NodeScaling,50,5000,3,sf,linear_sem,13,DF-PC (Pure),0.9032258064516129,0.8235294117647058,1.0,9.0,13017,1269,44,1269,11748,1.2312171459197998,0.7078456878662109,0.5233714580535889
SetupA_NodeScaling,50,5000,3,sf,linear_sem,14,DF-PC (Pure),0.923076923076923,0.8571428571428571,1.0,6.0,7794,1266,41,1266,6528,0.5812118053436279,0.3471052646636963,0.23410654067993164
SetupA_NodeScaling,50,5000,3,sf,linear_sem,15,DF-PC (Pure),0.8846153846153846,0.7931034482758621,1.0,12.0,16615,7700,6475,7700,8915,25.212550163269043,24.219637870788574,0.9929122924804688
SetupA_NodeScaling,50,5000,3,sf,linear_sem,16,DF-PC (Pure),0.9052631578947368,0.8269230769230769,1.0,9.0,16716,1345,120,1345,15371,0.8105926513671875,0.24719476699829102,0.5633978843688965
SetupA_NodeScaling,50,5000,3,sf,linear_sem,17,DF-PC (Pure),0.8314606741573033,0.8222222222222222,0.8409090909090909,15.0,6068,1596,371,1596,4472,0.795245885848999,0.6878440380096436,0.10740184783935547
SetupA_NodeScaling,50,5000,3,sf,linear_sem,18,DF-PC (Pure),0.9504950495049506,0.9230769230769231,0.9795918367346939,5.0,10425,3693,2468,3693,6732,4.926403045654297,4.566692590713501,0.3597104549407959
SetupA_NodeScaling,50,5000,3,sf,linear_sem,19,DF-PC (Pure),0.9514563106796117,0.9074074074074074,1.0,5.0,5460,2438,1213,2438,3022,1.9564168453216553,1.8668437004089355,0.08957314491271973
SetupA_NodeScaling,50,5000,3,sf,linear_sem,20,DF-PC (Pure),0.9504950495049505,0.9056603773584906,1.0,5.0,17385,9081,7856,9081,8304,53.57406735420227,52.42082071304321,1.1532466411590576
SetupA_NodeScaling,50,5000,3,sf,linear_sem,21,DF-PC (Pure),0.8913043478260869,0.9534883720930233,0.8367346938775511,10.0,6201,2983,1758,2983,3218,5.765491962432861,5.62999415397644,0.1354978084564209
SetupA_NodeScaling,50,5000,3,sf,linear_sem,22,DF-PC (Pure),0.9199999999999999,0.8846153846153846,0.9583333333333334,8.0,29606,15660,14435,15660,13946,73.08273935317993,71.12200546264648,1.9607338905334473
SetupA_NodeScaling,50,5000,3,sf,linear_sem,23,DF-PC (Pure),0.9662921348314606,0.9347826086956522,1.0,3.0,25954,7642,6417,7642,18312,25.87888813018799,24.482290744781494,1.3965973854064941
SetupA_NodeScaling,50,5000,3,sf,linear_sem,24,DF-PC (Pure),0.9545454545454545,0.9130434782608695,1.0,4.0,8903,1760,535,1760,7143,5.425997734069824,5.132920503616333,0.2930772304534912
SetupA_NodeScaling,50,5000,3,sf,linear_sem,25,DF-PC (Pure),0.92,0.8518518518518519,1.0,8.0,17112,4269,3044,4269,12843,17.27827739715576,16.474339962005615,0.8039374351501465
SetupA_NodeScaling,50,5000,3,sf,linear_sem,26,DF-PC (Pure),0.968421052631579,0.9583333333333334,0.9787234042553191,3.0,8443,2900,1675,2900,5543,11.46628451347351,11.233818769454956,0.2324657440185547
SetupA_NodeScaling,50,5000,3,sf,linear_sem,27,DF-PC (Pure),0.946236559139785,0.9166666666666666,0.9777777777777777,5.0,9882,2176,951,2176,7706,1.4046072959899902,1.1379928588867188,0.2666144371032715
SetupA_NodeScaling,50,5000,3,sf,linear_sem,28,DF-PC (Pure),0.759493670886076,0.8333333333333334,0.6976744186046512,19.0,4780,2324,1099,2324,2456,8.147010326385498,8.057544708251953,0.08946561813354492
SetupA_NodeScaling,50,5000,3,sf,linear_sem,29,DF-PC (Pure),0.8354430379746836,0.8048780487804879,0.868421052631579,13.0,3135,1479,254,1479,1656,1.9150559902191162,1.871157169342041,0.043898820877075195
SetupB_DensityScaling,30,5000,2,er,linear_sem,0,Standard PC,0.9655172413793104,1.0,0.9333333333333333,2.0,2689,1679,1244,1679,1010,0.2456645965576172,0.2334599494934082,0.012204647064208984
SetupB_DensityScaling,30,5000,2,er,linear_sem,1,Standard PC,1.0,1.0,1.0,0.0,2384,1485,1050,1485,899,0.2688426971435547,0.25574231147766113,0.013100385665893555
SetupB_DensityScaling,30,5000,2,er,linear_sem,2,Standard PC,0.9152542372881356,0.9310344827586207,0.9,5.0,4517,3128,2693,3128,1389,0.5772020816802979,0.5592072010040283,0.01799488067626953
SetupB_DensityScaling,30,5000,2,er,linear_sem,3,Standard PC,1.0,1.0,1.0,0.0,1948,1182,747,1182,766,0.22268009185791016,0.2109532356262207,0.011726856231689453
SetupB_DensityScaling,30,5000,2,er,linear_sem,4,Standard PC,0.9285714285714286,1.0,0.8666666666666667,4.0,2630,1600,1165,1600,1030,2.850555181503296,2.8344616889953613,0.01609349250793457
SetupB_DensityScaling,30,5000,2,er,linear_sem,5,Standard PC,1.0,1.0,1.0,0.0,2419,1517,1082,1517,902,0.2859175205230713,0.27234649658203125,0.013571023941040039
SetupB_DensityScaling,30,5000,2,er,linear_sem,6,Standard PC,0.8620689655172413,0.8928571428571429,0.8333333333333334,8.0,2908,1710,1275,1710,1198,0.22672677040100098,0.21364092826843262,0.01308584213256836
SetupB_DensityScaling,30,5000,2,er,linear_sem,7,Standard PC,1.0,1.0,1.0,0.0,1567,897,462,897,670,0.1297755241394043,0.12053179740905762,0.00924372673034668
SetupB_DensityScaling,30,5000,2,er,linear_sem,8,Standard PC,0.9666666666666667,0.9666666666666667,0.9666666666666667,2.0,2097,1333,898,1333,764,0.2587318420410156,0.24593663215637207,0.012795209884643555
SetupB_DensityScaling,30,5000,2,er,linear_sem,9,Standard PC,0.9655172413793104,1.0,0.9333333333333333,2.0,2520,1556,1121,1556,964,0.28674960136413574,0.27469849586486816,0.012051105499267578
SetupB_DensityScaling,30,5000,2,er,linear_sem,10,Standard PC,0.983050847457627,1.0,0.9666666666666667,1.0,2479,1539,1104,1539,940,0.32351016998291016,0.30950307846069336,0.014007091522216797
SetupB_DensityScaling,30,5000,2,er,linear_sem,11,Standard PC,0.8928571428571429,0.9615384615384616,0.8333333333333334,6.0,3176,2156,1721,2156,1020,0.34783267974853516,0.3338000774383545,0.014032602310180664
SetupB_DensityScaling,30,5000,2,er,linear_sem,12,Standard PC,0.9655172413793104,1.0,0.9333333333333333,2.0,2984,1953,1518,1953,1031,0.601597785949707,0.5885224342346191,0.01307535171508789
SetupB_DensityScaling,30,5000,2,er,linear_sem,13,Standard PC,1.0,1.0,1.0,0.0,1636,1014,579,1014,622,0.20988941192626953,0.1941852569580078,0.01570415496826172
SetupB_DensityScaling,30,5000,2,er,linear_sem,14,Standard PC,0.9655172413793104,1.0,0.9333333333333333,2.0,2491,1630,1195,1630,861,0.7089083194732666,0.6967282295227051,0.012180089950561523
SetupB_DensityScaling,30,5000,2,er,linear_sem,15,Standard PC,0.983050847457627,1.0,0.9666666666666667,1.0,1467,913,478,913,554,0.16261553764343262,0.15280461311340332,0.009810924530029297
SetupB_DensityScaling,30,5000,2,er,linear_sem,16,Standard PC,1.0,1.0,1.0,0.0,2231,1407,972,1407,824,0.25394344329833984,0.2423996925354004,0.011543750762939453
SetupB_DensityScaling,30,5000,2,er,linear_sem,17,Standard PC,0.9666666666666667,0.9666666666666667,0.9666666666666667,2.0,2341,1506,1071,1506,835,0.23340225219726562,0.22037696838378906,0.013025283813476562
SetupB_DensityScaling,30,5000,2,er,linear_sem,18,Standard PC,0.9285714285714286,1.0,0.8666666666666667,4.0,3345,2103,1668,2103,1242,0.5008516311645508,0.4870176315307617,0.013833999633789062
SetupB_DensityScaling,30,5000,2,er,linear_sem,19,Standard PC,0.9473684210526316,1.0,0.9,3.0,2493,1627,1192,1627,866,0.24237370491027832,0.22997403144836426,0.012399673461914062
SetupB_DensityScaling,30,5000,2,er,linear_sem,20,Standard PC,0.9310344827586207,0.9642857142857143,0.9,4.0,2669,1601,1166,1601,1068,0.2895240783691406,0.27536559104919434,0.014158487319946289
SetupB_DensityScaling,30,5000,2,er,linear_sem,21,Standard PC,0.9491525423728815,0.9655172413793104,0.9333333333333333,3.0,3267,2109,1674,2109,1158,0.2949512004852295,0.2799105644226074,0.01504063606262207
SetupB_DensityScaling,30,5000,2,er,linear_sem,22,Standard PC,0.9473684210526316,1.0,0.9,3.0,2317,1365,930,1365,952,0.320389986038208,0.3086540699005127,0.011735916137695312
SetupB_DensityScaling,30,5000,2,er,linear_sem,23,Standard PC,0.9836065573770492,0.967741935483871,1.0,1.0,2250,1480,1045,1480,770,0.23864531517028809,0.22539830207824707,0.013247013092041016
SetupB_DensityScaling,30,5000,2,er,linear_sem,24,Standard PC,1.0,1.0,1.0,0.0,2144,1230,795,1230,914,0.3833608627319336,0.37285327911376953,0.010507583618164062
SetupB_DensityScaling,30,5000,2,er,linear_sem,25,Standard PC,0.870967741935484,0.84375,0.9,8.0,2221,1456,1021,1456,765,0.2050337791442871,0.1933133602142334,0.011720418930053711
SetupB_DensityScaling,30,5000,2,er,linear_sem,26,Standard PC,1.0,1.0,1.0,0.0,2292,1403,968,1403,889,0.4061601161956787,0.3937675952911377,0.012392520904541016
SetupB_DensityScaling,30,5000,2,er,linear_sem,27,Standard PC,0.8727272727272728,0.96,0.8,7.0,2316,1512,1077,1512,804,0.24277710914611816,0.22979164123535156,0.012985467910766602
SetupB_DensityScaling,30,5000,2,er,linear_sem,28,Standard PC,0.9655172413793104,1.0,0.9333333333333333,2.0,2486,1613,1178,1613,873,0.6868958473205566,0.6750929355621338,0.011802911758422852
SetupB_DensityScaling,30,5000,2,er,linear_sem,29,Standard PC,0.983050847457627,1.0,0.9666666666666667,1.0,2457,1584,1149,1584,873,0.28025031089782715,0.2673985958099365,0.012851715087890625
SetupB_DensityScaling,30,5000,2,er,linear_sem,0,DF-PC (Pure),0.9655172413793104,1.0,0.9333333333333333,2.0,2701,1248,813,1248,1453,0.2205061912536621,0.19050240516662598,0.030003786087036133
SetupB_DensityScaling,30,5000,2,er,linear_sem,1,DF-PC (Pure),0.967741935483871,0.9375,1.0,2.0,2535,1003,568,1003,1532,0.18574094772338867,0.15638351440429688,0.029357433319091797
SetupB_DensityScaling,30,5000,2,er,linear_sem,2,DF-PC (Pure),0.8852459016393444,0.8709677419354839,0.9,7.0,4808,2032,1597,2032,2776,0.4742591381072998,0.42093539237976074,0.05332374572753906
SetupB_DensityScaling,30,5000,2,er,linear_sem,3,DF-PC (Pure),0.967741935483871,0.9375,1.0,2.0,1956,851,416,851,1105,0.1358809471130371,0.11517715454101562,0.020703792572021484
SetupB_DensityScaling,30,5000,2,er,linear_sem,4,DF-PC (Pure),0.9310344827586207,0.9642857142857143,0.9,4.0,2636,1242,807,1242,1394,0.8972446918487549,0.8606443405151367,0.036600351333618164
SetupB_DensityScaling,30,5000,2,er,linear_sem,5,DF-PC (Pure),1.0,1.0,1.0,0.0,2419,1055,620,1055,1364,0.20550966262817383,0.17795586585998535,0.027553796768188477
SetupB_DensityScaling,30,5000,2,er,linear_sem,6,DF-PC (Pure),0.8620689655172413,0.8928571428571429,0.8333333333333334,8.0,2912,1384,949,1384,1528,0.25580763816833496,0.2264866828918457,0.029320955276489258
SetupB_DensityScaling,30,5000,2,er,linear_sem,7,DF-PC (Pure),0.9836065573770492,0.967741935483871,1.0,1.0,1573,712,277,712,861,0.265347957611084,0.24937725067138672,0.015970706939697266
SetupB_DensityScaling,30,5000,2,er,linear_sem,8,DF-PC (Pure),0.9666666666666667,0.9666666666666667,0.9666666666666667,2.0,2097,952,517,952,1145,0.17209649085998535,0.14816856384277344,0.023927927017211914
SetupB_DensityScaling,30,5000,2,er,linear_sem,9,DF-PC (Pure),0.9491525423728815,0.9655172413793104,0.9333333333333333,3.0,2545,1152,717,1152,1393,0.28057861328125,0.25426650047302246,0.02631211280822754
SetupB_DensityScaling,30,5000,2,er,linear_sem,10,DF-PC (Pure),0.983050847457627,1.0,0.9666666666666667,1.0,2482,1114,679,1114,1368,0.1833667755126953,0.15574002265930176,0.027626752853393555
SetupB_DensityScaling,30,5000,2,er,linear_sem,11,DF-PC (Pure),0.8771929824561403,0.9259259259259259,0.8333333333333334,7.0,3203,1467,1032,1467,1736,0.40741634368896484,0.37000274658203125,0.037413597106933594
SetupB_DensityScaling,30,5000,2,er,linear_sem,12,DF-PC (Pure),0.9655172413793104,1.0,0.9333333333333333,2.0,3034,1464,1029,1464,1570,0.6534550189971924,0.6194417476654053,0.03401327133178711
SetupB_DensityScaling,30,5000,2,er,linear_sem,13,DF-PC (Pure),0.9836065573770492,0.967741935483871,1.0,1.0,1643,718,283,718,925,0.12774872779846191,0.1087648868560791,0.018983840942382812
SetupB_DensityScaling,30,5000,2,er,linear_sem,14,DF-PC (Pure),0.983050847457627,1.0,0.9666666666666667,1.0,2576,1121,686,1121,1455,0.3927481174468994,0.36313748359680176,0.029610633850097656
SetupB_DensityScaling,30,5000,2,er,linear_sem,15,DF-PC (Pure),0.9508196721311476,0.9354838709677419,0.9666666666666667,3.0,1522,606,171,606,916,0.1150522232055664,0.09757256507873535,0.017479658126831055
SetupB_DensityScaling,30,5000,2,er,linear_sem,16,DF-PC (Pure),1.0,1.0,1.0,0.0,2231,938,503,938,1293,0.17173361778259277,0.14757585525512695,0.02415776252746582
SetupB_DensityScaling,30,5000,2,er,linear_sem,17,DF-PC (Pure),0.9354838709677419,0.90625,0.9666666666666667,4.0,2365,959,524,959,1406,0.418872594833374,0.39215755462646484,0.02671504020690918
SetupB_DensityScaling,30,5000,2,er,linear_sem,18,DF-PC (Pure),0.9285714285714286,1.0,0.8666666666666667,4.0,3350,1540,1105,1540,1810,2.1746819019317627,2.1314938068389893,0.04318809509277344
SetupB_DensityScaling,30,5000,2,er,linear_sem,19,DF-PC (Pure),0.9310344827586207,0.9642857142857143,0.9,4.0,2542,1203,768,1203,1339,0.19663310050964355,0.16463112831115723,0.03200197219848633
SetupB_DensityScaling,30,5000,2,er,linear_sem,20,DF-PC (Pure),0.9152542372881356,0.9310344827586207,0.9,5.0,2669,1377,942,1377,1292,0.4960036277770996,0.46421194076538086,0.03179168701171875
SetupB_DensityScaling,30,5000,2,er,linear_sem,21,DF-PC (Pure),0.9491525423728815,0.9655172413793104,0.9333333333333333,3.0,3299,1459,1024,1459,1840,0.5013844966888428,0.46712207794189453,0.03426241874694824
SetupB_DensityScaling,30,5000,2,er,linear_sem,22,DF-PC (Pure),0.9473684210526316,1.0,0.9,3.0,2321,1041,606,1041,1280,0.16968488693237305,0.145521879196167,0.024163007736206055
SetupB_DensityScaling,30,5000,2,er,linear_sem,23,DF-PC (Pure),0.9836065573770492,0.967741935483871,1.0,1.0,2296,981,546,981,1315,0.3679168224334717,0.340792179107666,0.027124643325805664
SetupB_DensityScaling,30,5000,2,er,linear_sem,24,DF-PC (Pure),0.9836065573770492,0.967741935483871,1.0,1.0,2148,980,545,980,1168,0.23796749114990234,0.21401071548461914,0.023956775665283203
SetupB_DensityScaling,30,5000,2,er,linear_sem,25,DF-PC (Pure),0.84375,0.7941176470588235,0.9,10.0,2337,982,547,982,1355,0.29317688941955566,0.266510009765625,0.026666879653930664
SetupB_DensityScaling,30,5000,2,er,linear_sem,26,DF-PC (Pure),1.0,1.0,1.0,0.0,2292,1000,565,1000,1292,0.2487506866455078,0.22539305686950684,0.023357629776000977
SetupB_DensityScaling,30,5000,2,er,linear_sem,27,DF-PC (Pure),0.8421052631578948,0.8888888888888888,0.8,9.0,2387,955,520,955,1432,0.21394681930541992,0.1880631446838379,0.02588367462158203
SetupB_DensityScaling,30,5000,2,er,linear_sem,28,DF-PC (Pure),0.9655172413793104,1.0,0.9333333333333333,2.0,2496,1079,644,1079,1417,0.5173792839050293,0.48871731758117676,0.02866196632385254
SetupB_DensityScaling,30,5000,2,er,linear_sem,29,DF-PC (Pure),0.9666666666666667,0.9666666666666667,0.9666666666666667,2.0,2489,1065,630,1065,1424,0.1988375186920166,0.17177557945251465,0.027061939239501953
SetupB_DensityScaling,30,5000,2,sf,linear_sem,0,Standard PC,0.983050847457627,0.9666666666666667,1.0,1.0,3470,2883,2448,2883,587,1.4296579360961914,1.4144396781921387,0.015218257904052734
SetupB_DensityScaling,30,5000,2,sf,linear_sem,1,Standard PC,0.9454545454545454,1.0,0.896551724137931,3.0,4142,3436,3001,3436,706,2.184356451034546,2.165841817855835,0.018514633178710938
SetupB_DensityScaling,30,5000,2,sf,linear_sem,2,Standard PC,0.983050847457627,0.9666666666666667,1.0,1.0,7719,7102,6667,7102,617,11.088737487792969,11.055256366729736,0.03348112106323242
SetupB_DensityScaling,30,5000,2,sf,linear_sem,3,Standard PC,0.9491525423728815,0.9333333333333333,0.9655172413793104,3.0,3934,3306,2871,3306,628,6.036401987075806,6.01586389541626,0.0205380916595459
SetupB_DensityScaling,30,5000,2,sf,linear_sem,4,Standard PC,0.9824561403508771,1.0,0.9655172413793104,1.0,3395,2787,2352,2787,608,3.256908893585205,3.2389843463897705,0.01792454719543457
SetupB_DensityScaling,30,5000,2,sf,linear_sem,5,Standard PC,0.9655172413793104,0.9655172413793104,0.9655172413793104,2.0,4041,3437,3002,3437,604,12.336214065551758,12.313092708587646,0.023121356964111328
SetupB_DensityScaling,30,5000,2,sf,linear_sem,6,Standard PC,0.8076923076923076,0.9130434782608695,0.7241379310344828,10.0,2474,1826,1391,1826,648,1.2843661308288574,1.2722947597503662,0.012071371078491211
SetupB_DensityScaling,30,5000,2,sf,linear_sem,7,Standard PC,0.8571428571428571,1.0,0.75,7.0,1467,896,461,896,571,2.562455654144287,2.551896810531616,0.010558843612670898
SetupB_DensityScaling,30,5000,2,sf,linear_sem,8,Standard PC,0.983050847457627,0.9666666666666667,1.0,1.0,12864,12224,11789,12224,640,34.53256106376648,34.46857714653015,0.06398391723632812
SetupB_DensityScaling,30,5000,2,sf,linear_sem,9,Standard PC,1.0,1.0,1.0,0.0,3881,3356,2921,3356,525,4.431522369384766,4.414422988891602,0.017099380493164062
SetupB_DensityScaling,30,5000,2,sf,linear_sem,10,Standard PC,1.0,1.0,1.0,0.0,1866,1237,802,1237,629,2.01450777053833,2.003535747528076,0.010972023010253906
SetupB_DensityScaling,30,5000,2,sf,linear_sem,11,Standard PC,0.8333333333333333,1.0,0.7142857142857143,8.0,1524,919,484,919,605,0.28017115592956543,0.2704179286956787,0.009753227233886719
SetupB_DensityScaling,30,5000,2,sf,linear_sem,12,Standard PC,0.9615384615384615,1.0,0.9259259259259259,2.0,3958,3417,2982,3417,541,1.8123610019683838,1.7935066223144531,0.018854379653930664
SetupB_DensityScaling,30,5000,2,sf,linear_sem,13,Standard PC,0.9454545454545454,0.896551724137931,1.0,3.0,6667,6198,5763,6198,469,21.303203344345093,21.266858339309692,0.03634500503540039
SetupB_DensityScaling,30,5000,2,sf,linear_sem,14,Standard PC,0.9787234042553191,0.9583333333333334,1.0,1.0,6221,5753,5318,5753,468,7.965309143066406,7.93856406211853,0.026745080947875977
SetupB_DensityScaling,30,5000,2,sf,linear_sem,15,Standard PC,0.9666666666666666,0.9354838709677419,1.0,2.0,6763,6170,5735,6170,593,26.777104139328003,26.73580551147461,0.041298627853393555
SetupB_DensityScaling,30,5000,2,sf,linear_sem,16,Standard PC,1.0,1.0,1.0,0.0,6722,6236,5801,6236,486,13.46794605255127,13.433459281921387,0.03448677062988281
SetupB_DensityScaling,30,5000,2,sf,linear_sem,17,Standard PC,0.9642857142857143,1.0,0.9310344827586207,2.0,2441,1865,1430,1865,576,0.4608895778656006,0.44822144508361816,0.012668132781982422
SetupB_DensityScaling,30,5000,2,sf,linear_sem,18,Standard PC,0.9473684210526316,0.9642857142857143,0.9310344827586207,3.0,1879,1246,811,1246,633,0.4327082633972168,0.42139601707458496,0.011312246322631836
SetupB_DensityScaling,30,5000,2,sf,linear_sem,19,Standard PC,0.9824561403508771,1.0,0.9655172413793104,1.0,1817,1191,756,1191,626,0.3072209358215332,0.296497106552124,0.01072382926940918
SetupB_DensityScaling,30,5000,2,sf,linear_sem,20,Standard PC,1.0,1.0,1.0,0.0,2345,1746,1311,1746,599,1.1407594680786133,1.1278526782989502,0.012906789779663086
SetupB_DensityScaling,30,5000,2,sf,linear_sem,21,Standard PC,0.9090909090909091,0.9615384615384616,0.8620689655172413,5.0,1900,1183,748,1183,717,0.37891507148742676,0.36786341667175293,0.011051654815673828
SetupB_DensityScaling,30,5000,2,sf,linear_sem,22,Standard PC,0.9824561403508771,1.0,0.9655172413793104,1.0,2705,2051,1616,2051,654,6.006717681884766,5.990970849990845,0.0157468318939209
SetupB_DensityScaling,30,5000,2,sf,linear_sem,23,Standard PC,0.9818181818181818,0.9642857142857143,1.0,1.0,12112,11601,11166,11601,511,19.00134515762329,18.958279609680176,0.043065547943115234
SetupB_DensityScaling,30,5000,2,sf,linear_sem,24,Standard PC,0.9433962264150945,0.8928571428571429,1.0,3.0,6266,5772,5337,5772,494,15.276669025421143,15.245388746261597,0.0312802791595459
SetupB_DensityScaling,30,5000,2,sf,linear_sem,25,Standard PC,0.983050847457627,0.9666666666666667,1.0,1.0,3016,2405,1970,2405,611,1.8265721797943115,1.8126001358032227,0.013972043991088867
SetupB_DensityScaling,30,5000,2,sf,linear_sem,26,Standard PC,0.9818181818181818,1.0,0.9642857142857143,1.0,4735,4214,3779,4214,521,2.809490203857422,2.788431167602539,0.021059036254882812
SetupB_DensityScaling,30,5000,2,sf,linear_sem,27,Standard PC,0.9473684210526316,0.9642857142857143,0.9310344827586207,3.0,4160,3609,3174,3609,551,12.650631427764893,12.625970363616943,0.02466106414794922
SetupB_DensityScaling,30,5000,2,sf,linear_sem,28,Standard PC,0.8363636363636363,0.8846153846153846,0.7931034482758621,9.0,3327,2488,2053,2488,839,1.1734349727630615,1.158564567565918,0.014870405197143555
SetupB_DensityScaling,30,5000,2,sf,linear_sem,29,Standard PC,0.8780487804878048,0.9,0.8571428571428571,5.0,2125,1619,1184,1619,506,0.8233489990234375,0.8113009929656982,0.012048006057739258
SetupB_DensityScaling,30,5000,2,sf,linear_sem,0,DF-PC (Pure),0.983050847457627,0.9666666666666667,1.0,1.0,3470,1778,1343,1778,1692,2.7610342502593994,2.6136136054992676,0.14742064476013184
SetupB_DensityScaling,30,5000,2,sf,linear_sem,1,DF-PC (Pure),0.9285714285714286,0.9629629629629629,0.896551724137931,4.0,4142,2054,1619,2054,2088,2.6931252479553223,2.5621275901794434,0.1309976577758789
SetupB_DensityScaling,30,5000,2,sf,linear_sem,2,DF-PC (Pure),0.9666666666666666,0.9354838709677419,1.0,2.0,7722,3992,3557,3992,3730,9.4133141040802,9.059089183807373,0.35422492027282715
SetupB_DensityScaling,30,5000,2,sf,linear_sem,3,DF-PC (Pure),0.9152542372881356,0.9,0.9310344827586207,5.0,2780,1290,855,1290,1490,0.632624626159668,0.5710515975952148,0.061573028564453125
SetupB_DensityScaling,30,5000,2,sf,linear_sem,4,DF-PC (Pure),0.9824561403508771,1.0,0.9655172413793104,1.0,3395,1738,1303,1738,1657,4.319542169570923,4.217831134796143,0.10171103477478027
SetupB_DensityScaling,30,5000,2,sf,linear_sem,5,DF-PC (Pure),0.9655172413793104,0.9655172413793104,0.9655172413793104,2.0,4041,2026,1591,2026,2015,1.7896769046783447,1.6539065837860107,0.13577032089233398
SetupB_DensityScaling,30,5000,2,sf,linear_sem,6,DF-PC (Pure),0.7924528301886793,0.875,0.7241379310344828,11.0,2503,1252,817,1252,1251,0.9874022006988525,0.928483247756958,0.05891895294189453
SetupB_DensityScaling,30,5000,2,sf,linear_sem,7,DF-PC (Pure),0.830188679245283,0.88,0.7857142857142857,9.0,1471,668,233,668,803,0.8012492656707764,0.7831006050109863,0.01814866065979004
SetupB_DensityScaling,30,5000,2,sf,linear_sem,8,DF-PC (Pure),0.983050847457627,0.9666666666666667,1.0,1.0,12864,6856,6421,6856,6008,31.7482967376709,30.89061713218689,0.8576796054840088
SetupB_DensityScaling,30,5000,2,sf,linear_sem,9,DF-PC (Pure),0.983050847457627,0.9666666666666667,1.0,1.0,3884,700,265,700,3184,0.2590184211730957,0.1580796241760254,0.10093879699707031
SetupB_DensityScaling,30,5000,2,sf,linear_sem,10,DF-PC (Pure),0.983050847457627,0.9666666666666667,1.0,1.0,2077,720,285,720,1357,0.1957237720489502,0.169647216796875,0.026076555252075195
SetupB_DensityScaling,30,5000,2,sf,linear_sem,11,DF-PC (Pure),0.8,0.9090909090909091,0.7142857142857143,10.0,1774,860,425,860,914,0.32675814628601074,0.29857850074768066,0.028179645538330078
SetupB_DensityScaling,30,5000,2,sf,linear_sem,12,DF-PC (Pure),0.9090909090909091,0.8928571428571429,0.9259259259259259,5.0,4182,1876,1441,1876,2306,7.749583721160889,7.612409353256226,0.13717436790466309
SetupB_DensityScaling,30,5000,2,sf,linear_sem,13,DF-PC (Pure),0.9122807017543859,0.8387096774193549,1.0,5.0,6671,504,69,504,6167,0.2455582618713379,0.0639188289642334,0.1816394329071045
SetupB_DensityScaling,30,5000,2,sf,linear_sem,14,DF-PC (Pure),0.9583333333333334,0.92,1.0,2.0,6224,506,71,506,5718,0.4662771224975586,0.24408221244812012,0.22219491004943848
SetupB_DensityScaling,30,5000,2,sf,linear_sem,15,DF-PC (Pure),0.9508196721311475,0.90625,1.0,3.0,6779,3516,3081,3516,3263,10.048341989517212,9.711990356445312,0.3363516330718994
SetupB_DensityScaling,30,5000,2,sf,linear_sem,16,DF-PC (Pure),0.9803921568627451,0.9615384615384616,1.0,1.0,6723,752,317,752,5971,0.8223838806152344,0.632455587387085,0.18992829322814941
SetupB_DensityScaling,30,5000,2,sf,linear_sem,17,DF-PC (Pure),0.9642857142857143,1.0,0.9310344827586207,2.0,2441,938,503,938,1503,0.7980880737304688,0.755295991897583,0.04279208183288574
SetupB_DensityScaling,30,5000,2,sf,linear_sem,18,DF-PC (Pure),0.9310344827586207,0.9310344827586207,0.9310344827586207,4.0,1889,848,413,848,1041,0.43451786041259766,0.4091804027557373,0.02533745765686035
SetupB_DensityScaling,30,5000,2,sf,linear_sem,19,DF-PC (Pure),0.9824561403508771,1.0,0.9655172413793104,1.0,1817,798,363,798,1019,0.3838679790496826,0.3594481945037842,0.024419784545898438
SetupB_DensityScaling,30,5000,2,sf,linear_sem,20,DF-PC (Pure),0.983050847457627,0.9666666666666667,1.0,1.0,2348,1116,681,1116,1232,0.6041991710662842,0.5597169399261475,0.04448223114013672
SetupB_DensityScaling,30,5000,2,sf,linear_sem,21,DF-PC (Pure),0.9090909090909091,0.9615384615384616,0.8620689655172413,5.0,1900,891,456,891,1009,0.4760420322418213,0.45286035537719727,0.023181676864624023
SetupB_DensityScaling,30,5000,2,sf,linear_sem,22,DF-PC (Pure),0.9655172413793104,0.9655172413793104,0.9655172413793104,2.0,2711,1352,917,1352,1359,1.4740653038024902,1.4125664234161377,0.06149888038635254
SetupB_DensityScaling,30,5000,2,sf,linear_sem,23,DF-PC (Pure),0.9473684210526316,0.9,1.0,3.0,17740,3315,2880,3315,14425,8.968337059020996,7.975572109222412,0.992764949798584
SetupB_DensityScaling,30,5000,2,sf,linear_sem,24,DF-PC (Pure),0.9259259259259259,0.8620689655172413,1.0,4.0,6267,534,99,534,5733,0.6397013664245605,0.4603922367095947,0.17930912971496582
SetupB_DensityScaling,30,5000,2,sf,linear_sem,25,DF-PC (Pure),0.9666666666666666,0.9354838709677419,1.0,2.0,3030,1228,793,1228,1802,0.6585097312927246,0.5902097225189209,0.06830000877380371
SetupB_DensityScaling,30,5000,2,sf,linear_sem,26,DF-PC (Pure),0.9824561403508771,0.9655172413793104,1.0,1.0,7468,1108,673,1108,6360,1.7366375923156738,1.5021727085113525,0.2344648838043213
SetupB_DensityScaling,30,5000,2,sf,linear_sem,27,DF-PC (Pure),0.9,0.8709677419354839,0.9310344827586207,6.0,4736,1145,710,1145,3591,1.588681697845459,1.4499702453613281,0.13871145248413086
SetupB_DensityScaling,30,5000,2,sf,linear_sem,28,DF-PC (Pure),0.8363636363636363,0.8846153846153846,0.7931034482758621,9.0,3332,1677,1242,1677,1655,2.280155658721924,2.1187684535980225,0.16138720512390137
SetupB_DensityScaling,30,5000,2,sf,linear_sem,29,DF-PC (Pure),0.8571428571428571,0.8571428571428571,0.8571428571428571,6.0,2128,1078,643,1078,1050,1.164064884185791,1.1146759986877441,0.049388885498046875
SetupB_DensityScaling,30,5000,3,er,linear_sem,0,Standard PC,0.7901234567901234,0.8888888888888888,0.7111111111111111,17.0,9896,5726,5291,5726,4170,3.161823272705078,3.1266696453094482,0.03515362739562988
SetupB_DensityScaling,30,5000,3,er,linear_sem,1,Standard PC,0.8148148148148148,0.9166666666666666,0.7333333333333333,15.0,7679,5161,4726,5161,2518,1.8195521831512451,1.7880711555480957,0.031481027603149414
SetupB_DensityScaling,30,5000,3,er,linear_sem,2,Standard PC,0.7951807228915663,0.868421052631579,0.7333333333333333,17.0,8763,6400,5965,6400,2363,1.2991912364959717,1.2691149711608887,0.030076265335083008
SetupB_DensityScaling,30,5000,3,er,linear_sem,3,Standard PC,0.8395061728395062,0.9444444444444444,0.7555555555555555,13.0,8738,5638,5203,5638,3100,1.9304370880126953,1.9004368782043457,0.03000020980834961
SetupB_DensityScaling,30,5000,3,er,linear_sem,4,Standard PC,0.7341772151898734,0.8529411764705882,0.6444444444444445,21.0,6465,4456,4021,4456,2009,1.5269529819488525,1.4965722560882568,0.030380725860595703
SetupB_DensityScaling,30,5000,3,er,linear_sem,5,Standard PC,0.9069767441860465,0.9512195121951219,0.8666666666666667,8.0,5435,3978,3543,3978,1457,1.4671063423156738,1.4449834823608398,0.022122859954833984
SetupB_DensityScaling,30,5000,3,er,linear_sem,6,Standard PC,0.8048780487804879,0.8918918918918919,0.7333333333333333,16.0,8469,5318,4883,5318,3151,1.78592848777771,1.750380277633667,0.03554821014404297
SetupB_DensityScaling,30,5000,3,er,linear_sem,7,Standard PC,0.9534883720930233,1.0,0.9111111111111111,4.0,4692,3131,2696,3131,1561,0.86549973487854,0.8433213233947754,0.02217841148376465
SetupB_DensityScaling,30,5000,3,er,linear_sem,8,Standard PC,0.7654320987654321,0.8611111111111112,0.6888888888888889,19.0,6716,4369,3934,4369,2347,1.2346370220184326,1.2068824768066406,0.027754545211791992
SetupB_DensityScaling,30,5000,3,er,linear_sem,9,Standard PC,0.7710843373493975,0.8421052631578947,0.7111111111111111,19.0,5039,3411,2976,3411,1628,1.0410547256469727,1.016402244567871,0.024652481079101562
SetupB_DensityScaling,30,5000,3,er,linear_sem,10,Standard PC,0.7848101265822784,0.9117647058823529,0.6888888888888889,17.0,6957,4695,4260,4695,2262,0.6372907161712646,0.6119952201843262,0.025295495986938477
SetupB_DensityScaling,30,5000,3,er,linear_sem,11,Standard PC,0.8433734939759038,0.9210526315789473,0.7777777777777778,13.0,6629,4458,4023,4458,2171,1.3699672222137451,1.3445427417755127,0.025424480438232422
SetupB_DensityScaling,30,5000,3,er,linear_sem,12,Standard PC,0.8095238095238095,0.8717948717948718,0.7555555555555555,16.0,7945,5573,5138,5573,2372,2.6839072704315186,2.6526191234588623,0.03128814697265625
SetupB_DensityScaling,30,5000,3,er,linear_sem,13,Standard PC,0.8372093023255814,0.8780487804878049,0.8,14.0,5745,4299,3864,4299,1446,5.031473636627197,5.003552198410034,0.027921438217163086
SetupB_DensityScaling,30,5000,3,er,linear_sem,14,Standard PC,0.8192771084337349,0.8947368421052632,0.7555555555555555,15.0,5985,4543,4108,4543,1442,0.54538893699646,0.5223991870880127,0.022989749908447266
SetupB_DensityScaling,30,5000,3,er,linear_sem,15,Standard PC,0.9545454545454545,0.9767441860465116,0.9333333333333333,4.0,4361,3007,2572,3007,1354,0.5337815284729004,0.5154228210449219,0.018358707427978516
SetupB_DensityScaling,30,5000,3,er,linear_sem,16,Standard PC,0.9024390243902439,1.0,0.8222222222222222,8.0,6805,4571,4136,4571,2234,1.1942048072814941,1.162611484527588,0.03159332275390625
SetupB_DensityScaling,30,5000,3,er,linear_sem,17,Standard PC,0.8192771084337349,0.8947368421052632,0.7555555555555555,15.0,7375,5445,5010,5445,1930,3.473264455795288,3.4412131309509277,0.03205132484436035
SetupB_DensityScaling,30,5000,3,er,linear_sem,18,Standard PC,0.7179487179487178,0.8484848484848485,0.6222222222222222,22.0,8721,5731,5296,5731,2990,1.0026359558105469,0.9681775569915771,0.03445839881896973
SetupB_DensityScaling,30,5000,3,er,linear_sem,19,Standard PC,0.8354430379746834,0.9705882352941176,0.7333333333333333,13.0,6320,4325,3890,4325,1995,0.5237367153167725,0.5006756782531738,0.023061037063598633
SetupB_DensityScaling,30,5000,3,er,linear_sem,20,Standard PC,0.7407407407407408,0.8333333333333334,0.6666666666666666,21.0,7849,5010,4575,5010,2839,1.0863194465637207,1.0551230907440186,0.03119635581970215
SetupB_DensityScaling,30,5000,3,er,linear_sem,21,Standard PC,0.7948717948717948,0.9393939393939394,0.6888888888888889,16.0,6527,4309,3874,4309,2218,0.5981090068817139,0.5744571685791016,0.023651838302612305
SetupB_DensityScaling,30,5000,3,er,linear_sem,22,Standard PC,0.8536585365853658,0.9459459459459459,0.7777777777777778,12.0,6544,4210,3775,4210,2334,4.260619640350342,4.226865768432617,0.03375387191772461
SetupB_DensityScaling,30,5000,3,er,linear_sem,23,Standard PC,0.7560975609756098,0.8378378378378378,0.6888888888888889,20.0,6202,4391,3956,4391,1811,1.4985466003417969,1.473893165588379,0.02465343475341797
SetupB_DensityScaling,30,5000,3,er,linear_sem,24,Standard PC,0.8780487804878049,0.972972972972973,0.8,10.0,5568,3689,3254,3689,1879,0.4505939483642578,0.42925548553466797,0.021338462829589844
SetupB_DensityScaling,30,5000,3,er,linear_sem,25,Standard PC,0.8536585365853658,0.9459459459459459,0.7777777777777778,12.0,6116,3954,3519,3954,2162,0.7524442672729492,0.7292385101318359,0.02320575714111328
SetupB_DensityScaling,30,5000,3,er,linear_sem,26,Standard PC,0.8372093023255814,0.8780487804878049,0.8,14.0,5615,3923,3488,3923,1692,0.8095126152038574,0.7877230644226074,0.02178955078125
SetupB_DensityScaling,30,5000,3,er,linear_sem,27,Standard PC,0.8250000000000001,0.9428571428571428,0.7333333333333333,14.0,6523,4568,4133,4568,1955,1.0621044635772705,1.0309326648712158,0.031171798706054688
SetupB_DensityScaling,30,5000,3,er,linear_sem,28,Standard PC,0.7951807228915663,0.868421052631579,0.7333333333333333,17.0,6709,4954,4519,4954,1755,0.725506067276001,0.6949946880340576,0.03051137924194336
SetupB_DensityScaling,30,5000,3,er,linear_sem,29,Standard PC,0.7857142857142856,0.8461538461538461,0.7333333333333333,18.0,7198,5076,4641,5076,2122,0.7760200500488281,0.7496378421783447,0.0263822078704834
SetupB_DensityScaling,30,5000,3,er,linear_sem,0,DF-PC (Pure),0.7804878048780488,0.8648648648648649,0.7111111111111111,18.0,9926,5044,4609,5044,4882,1.2365765571594238,1.1258256435394287,0.11075091361999512
SetupB_DensityScaling,30,5000,3,er,linear_sem,1,DF-PC (Pure),0.8148148148148148,0.9166666666666666,0.7333333333333333,15.0,7682,3734,3299,3734,3948,1.3785018920898438,1.2865188121795654,0.09198307991027832
SetupB_DensityScaling,30,5000,3,er,linear_sem,2,DF-PC (Pure),0.7857142857142856,0.8461538461538461,0.7333333333333333,18.0,8817,4417,3982,4417,4400,2.424206495285034,2.2978274822235107,0.12637901306152344
SetupB_DensityScaling,30,5000,3,er,linear_sem,3,DF-PC (Pure),0.8192771084337349,0.8947368421052632,0.7555555555555555,15.0,8801,4410,3975,4410,4391,0.8337695598602295,0.7200608253479004,0.1137087345123291
SetupB_DensityScaling,30,5000,3,er,linear_sem,4,DF-PC (Pure),0.7341772151898734,0.8529411764705882,0.6444444444444445,21.0,6467,3322,2887,3322,3145,1.0729424953460693,0.9859304428100586,0.08701205253601074
SetupB_DensityScaling,30,5000,3,er,linear_sem,5,DF-PC (Pure),0.8863636363636364,0.9069767441860465,0.8666666666666667,10.0,5510,2509,2074,2509,3001,1.4364013671875,1.3489599227905273,0.08744144439697266
SetupB_DensityScaling,30,5000,3,er,linear_sem,6,DF-PC (Pure),0.8048780487804879,0.8918918918918919,0.7333333333333333,16.0,8480,4203,3768,4203,4277,0.7163763046264648,0.627511739730835,0.08886456489562988
SetupB_DensityScaling,30,5000,3,er,linear_sem,7,DF-PC (Pure),0.9425287356321839,0.9761904761904762,0.9111111111111111,5.0,4739,2051,1616,2051,2688,0.3862929344177246,0.3321998119354248,0.054093122482299805
SetupB_DensityScaling,30,5000,3,er,linear_sem,8,DF-PC (Pure),0.7654320987654321,0.8611111111111112,0.6888888888888889,19.0,6738,3430,2995,3430,3308,0.9874558448791504,0.893301248550415,0.09415459632873535
SetupB_DensityScaling,30,5000,3,er,linear_sem,9,DF-PC (Pure),0.7710843373493975,0.8421052631578947,0.7111111111111111,19.0,5039,2100,1665,2100,2939,1.2995967864990234,1.2389779090881348,0.06061887741088867
SetupB_DensityScaling,30,5000,3,er,linear_sem,10,DF-PC (Pure),0.7848101265822784,0.9117647058823529,0.6888888888888889,17.0,6958,3358,2923,3358,3600,1.617567539215088,1.528756856918335,0.08881068229675293
SetupB_DensityScaling,30,5000,3,er,linear_sem,11,DF-PC (Pure),0.8433734939759038,0.9210526315789473,0.7777777777777778,13.0,6629,3237,2802,3237,3392,1.005429983139038,0.9247851371765137,0.08064484596252441
SetupB_DensityScaling,30,5000,3,er,linear_sem,12,DF-PC (Pure),0.8095238095238095,0.8717948717948718,0.7555555555555555,16.0,7949,3873,3438,3873,4076,1.8686885833740234,1.7556872367858887,0.11300134658813477
SetupB_DensityScaling,30,5000,3,er,linear_sem,13,DF-PC (Pure),0.8275862068965518,0.8571428571428571,0.8,15.0,5753,2462,2027,2462,3291,0.5307300090789795,0.4501650333404541,0.08056497573852539
SetupB_DensityScaling,30,5000,3,er,linear_sem,14,DF-PC (Pure),0.8192771084337349,0.8947368421052632,0.7555555555555555,15.0,6136,2627,2192,2627,3509,0.3987867832183838,0.3208653926849365,0.07792139053344727
SetupB_DensityScaling,30,5000,3,er,linear_sem,15,DF-PC (Pure),0.9545454545454545,0.9767441860465116,0.9333333333333333,4.0,4466,1764,1329,1764,2702,0.839580774307251,0.7860352993011475,0.053545475006103516
SetupB_DensityScaling,30,5000,3,er,linear_sem,16,DF-PC (Pure),0.891566265060241,0.9736842105263158,0.8222222222222222,9.0,7027,3360,2925,3360,3667,0.9100804328918457,0.7130141258239746,0.1970663070678711
SetupB_DensityScaling,30,5000,3,er,linear_sem,17,DF-PC (Pure),0.8192771084337349,0.8947368421052632,0.7555555555555555,15.0,7392,3209,2774,3209,4183,1.5477814674377441,1.4521400928497314,0.0956413745880127
SetupB_DensityScaling,30,5000,3,er,linear_sem,18,DF-PC (Pure),0.7179487179487178,0.8484848484848485,0.6222222222222222,22.0,8725,4673,4238,4673,4052,0.7887864112854004,0.6723072528839111,0.11647915840148926
SetupB_DensityScaling,30,5000,3,er,linear_sem,19,DF-PC (Pure),0.8354430379746834,0.9705882352941176,0.7333333333333333,13.0,6342,3252,2817,3252,3090,0.970759391784668,0.8954300880432129,0.07532930374145508
SetupB_DensityScaling,30,5000,3,er,linear_sem,20,DF-PC (Pure),0.7407407407407408,0.8333333333333334,0.6666666666666666,21.0,7862,3980,3545,3980,3882,1.7502167224884033,1.6429569721221924,0.10725975036621094
SetupB_DensityScaling,30,5000,3,er,linear_sem,21,DF-PC (Pure),0.7901234567901234,0.8888888888888888,0.7111111111111111,17.0,6669,3611,3176,3611,3058,0.7311902046203613,0.6406772136688232,0.09051299095153809
SetupB_DensityScaling,30,5000,3,er,linear_sem,22,DF-PC (Pure),0.8536585365853658,0.9459459459459459,0.7777777777777778,12.0,6544,3330,2895,3330,3214,1.605440378189087,1.5234606266021729,0.08197975158691406
SetupB_DensityScaling,30,5000,3,er,linear_sem,23,DF-PC (Pure),0.7560975609756098,0.8378378378378378,0.6888888888888889,20.0,6208,3155,2720,3155,3053,0.7465064525604248,0.6646666526794434,0.08183979988098145
SetupB_DensityScaling,30,5000,3,er,linear_sem,24,DF-PC (Pure),0.8780487804878049,0.972972972972973,0.8,10.0,5571,2722,2287,2722,2849,1.2369959354400635,1.1615538597106934,0.07544207572937012
SetupB_DensityScaling,30,5000,3,er,linear_sem,25,DF-PC (Pure),0.8536585365853658,0.9459459459459459,0.7777777777777778,12.0,6122,2959,2524,2959,3163,0.5716063976287842,0.49893856048583984,0.07266783714294434
SetupB_DensityScaling,30,5000,3,er,linear_sem,26,DF-PC (Pure),0.8505747126436781,0.8809523809523809,0.8222222222222222,13.0,5677,2380,1945,2380,3297,0.47788023948669434,0.4077622890472412,0.07011795043945312
SetupB_DensityScaling,30,5000,3,er,linear_sem,27,DF-PC (Pure),0.8148148148148148,0.9166666666666666,0.7333333333333333,15.0,6538,3289,2854,3289,3249,0.6055028438568115,0.5189299583435059,0.08657288551330566
SetupB_DensityScaling,30,5000,3,er,linear_sem,28,DF-PC (Pure),0.7951807228915663,0.868421052631579,0.7333333333333333,17.0,6709,3375,2940,3375,3334,0.7356710433959961,0.6366207599639893,0.09905028343200684
SetupB_DensityScaling,30,5000,3,er,linear_sem,29,DF-PC (Pure),0.7674418604651163,0.8048780487804879,0.7333333333333333,20.0,7304,3288,2853,3288,4016,0.9704821109771729,0.8726727962493896,0.0978093147277832
SetupB_DensityScaling,30,5000,3,sf,linear_sem,0,Standard PC,0.983050847457627,0.9666666666666667,1.0,1.0,3470,2883,2448,2883,587,1.5739326477050781,1.5527985095977783,0.021134138107299805
SetupB_DensityScaling,30,5000,3,sf,linear_sem,1,Standard PC,0.9454545454545454,1.0,0.896551724137931,3.0,4142,3436,3001,3436,706,2.319636106491089,2.301745891571045,0.017890214920043945
SetupB_DensityScaling,30,5000,3,sf,linear_sem,2,Standard PC,0.983050847457627,0.9666666666666667,1.0,1.0,7719,7102,6667,7102,617,19.082637786865234,19.04727602005005,0.03536176681518555
SetupB_DensityScaling,30,5000,3,sf,linear_sem,3,Standard PC,0.9491525423728815,0.9333333333333333,0.9655172413793104,3.0,3934,3306,2871,3306,628,3.446556806564331,3.428969621658325,0.01758718490600586
SetupB_DensityScaling,30,5000,3,sf,linear_sem,4,Standard PC,0.9824561403508771,1.0,0.9655172413793104,1.0,3395,2787,2352,2787,608,2.359744071960449,2.341698408126831,0.018045663833618164
SetupB_DensityScaling,30,5000,3,sf,linear_sem,5,Standard PC,0.9655172413793104,0.9655172413793104,0.9655172413793104,2.0,4041,3437,3002,3437,604,8.064237117767334,8.041446685791016,0.02279043197631836
SetupB_DensityScaling,30,5000,3,sf,linear_sem,6,Standard PC,0.8076923076923076,0.9130434782608695,0.7241379310344828,10.0,2474,1826,1391,1826,648,0.9948832988739014,0.9802637100219727,0.014619588851928711
SetupB_DensityScaling,30,5000,3,sf,linear_sem,7,Standard PC,0.8571428571428571,1.0,0.75,7.0,1467,896,461,896,571,0.17765021324157715,0.16738009452819824,0.010270118713378906
SetupB_DensityScaling,30,5000,3,sf,linear_sem,8,Standard PC,0.983050847457627,0.9666666666666667,1.0,1.0,12864,12224,11789,12224,640,34.44054317474365,34.37597417831421,0.06456899642944336
SetupB_DensityScaling,30,5000,3,sf,linear_sem,9,Standard PC,1.0,1.0,1.0,0.0,3881,3356,2921,3356,525,2.7822928428649902,2.762935161590576,0.019357681274414062
SetupB_DensityScaling,30,5000,3,sf,linear_sem,10,Standard PC,1.0,1.0,1.0,0.0,1866,1237,802,1237,629,1.924659252166748,1.911463975906372,0.013195276260375977
SetupB_DensityScaling,30,5000,3,sf,linear_sem,11,Standard PC,0.8333333333333333,1.0,0.7142857142857143,8.0,1524,919,484,919,605,0.26590585708618164,0.2553081512451172,0.010597705841064453
SetupB_DensityScaling,30,5000,3,sf,linear_sem,12,Standard PC,0.9615384615384615,1.0,0.9259259259259259,2.0,3958,3417,2982,3417,541,4.454411506652832,4.433307886123657,0.021103620529174805
SetupB_DensityScaling,30,5000,3,sf,linear_sem,13,Standard PC,0.9454545454545454,0.896551724137931,1.0,3.0,6667,6198,5763,6198,469,13.507435083389282,13.473665237426758,0.033769845962524414
SetupB_DensityScaling,30,5000,3,sf,linear_sem,14,Standard PC,0.9787234042553191,0.9583333333333334,1.0,1.0,6221,5753,5318,5753,468,13.201046466827393,13.170694351196289,0.030352115631103516
SetupB_DensityScaling,30,5000,3,sf,linear_sem,15,Standard PC,0.9666666666666666,0.9354838709677419,1.0,2.0,6763,6170,5735,6170,593,10.498810291290283,10.46879506111145,0.030015230178833008
SetupB_DensityScaling,30,5000,3,sf,linear_sem,16,Standard PC,1.0,1.0,1.0,0.0,6722,6236,5801,6236,486,13.64573359489441,13.610450506210327,0.03528308868408203
SetupB_DensityScaling,30,5000,3,sf,linear_sem,17,Standard PC,0.9642857142857143,1.0,0.9310344827586207,2.0,2441,1865,1430,1865,576,0.8934116363525391,0.8798816204071045,0.01353001594543457
SetupB_DensityScaling,30,5000,3,sf,linear_sem,18,Standard PC,0.9473684210526316,0.9642857142857143,0.9310344827586207,3.0,1879,1246,811,1246,633,1.7671377658843994,1.7548649311065674,0.012272834777832031
SetupB_DensityScaling,30,5000,3,sf,linear_sem,19,Standard PC,0.9824561403508771,1.0,0.9655172413793104,1.0,1817,1191,756,1191,626,0.30023884773254395,0.28839540481567383,0.011843442916870117
SetupB_DensityScaling,30,5000,3,sf,linear_sem,20,Standard PC,1.0,1.0,1.0,0.0,2345,1746,1311,1746,599,0.48742222785949707,0.4728119373321533,0.01461029052734375
SetupB_DensityScaling,30,5000,3,sf,linear_sem,21,Standard PC,0.9090909090909091,0.9615384615384616,0.8620689655172413,5.0,1900,1183,748,1183,717,2.6508936882019043,2.6374075412750244,0.013486146926879883
SetupB_DensityScaling,30,5000,3,sf,linear_sem,22,Standard PC,0.9824561403508771,1.0,0.9655172413793104,1.0,2705,2051,1616,2051,654,1.4914591312408447,1.4763312339782715,0.015127897262573242
SetupB_DensityScaling,30,5000,3,sf,linear_sem,23,Standard PC,0.9818181818181818,0.9642857142857143,1.0,1.0,12112,11601,11166,11601,511,37.26646399497986,37.207096099853516,0.05936789512634277
SetupB_DensityScaling,30,5000,3,sf,linear_sem,24,Standard PC,0.9433962264150945,0.8928571428571429,1.0,3.0,6266,5772,5337,5772,494,9.184877872467041,9.154639482498169,0.03023838996887207
SetupB_DensityScaling,30,5000,3,sf,linear_sem,25,Standard PC,0.983050847457627,0.9666666666666667,1.0,1.0,3016,2405,1970,2405,611,0.741840124130249,0.7276253700256348,0.014214754104614258
SetupB_DensityScaling,30,5000,3,sf,linear_sem,26,Standard PC,0.9818181818181818,1.0,0.9642857142857143,1.0,4735,4214,3779,4214,521,8.182266473770142,8.158438920974731,0.023827552795410156
SetupB_DensityScaling,30,5000,3,sf,linear_sem,27,Standard PC,0.9473684210526316,0.9642857142857143,0.9310344827586207,3.0,4160,3609,3174,3609,551,2.312972068786621,2.292635202407837,0.02033686637878418
SetupB_DensityScaling,30,5000,3,sf,linear_sem,28,Standard PC,0.8363636363636363,0.8846153846153846,0.7931034482758621,9.0,3327,2488,2053,2488,839,2.2048869132995605,2.187973976135254,0.01691293716430664
SetupB_DensityScaling,30,5000,3,sf,linear_sem,29,Standard PC,0.8780487804878048,0.9,0.8571428571428571,5.0,2125,1619,1184,1619,506,1.098374605178833,1.0873303413391113,0.01104426383972168
SetupB_DensityScaling,30,5000,3,sf,linear_sem,0,DF-PC (Pure),0.983050847457627,0.9666666666666667,1.0,1.0,3470,1778,1343,1778,1692,1.0935604572296143,1.0008368492126465,0.09272360801696777
SetupB_DensityScaling,30,5000,3,sf,linear_sem,1,DF-PC (Pure),0.9285714285714286,0.9629629629629629,0.896551724137931,4.0,4142,2054,1619,2054,2088,4.392484664916992,4.265509128570557,0.12697553634643555
SetupB_DensityScaling,30,5000,3,sf,linear_sem,2,DF-PC (Pure),0.9666666666666666,0.9354838709677419,1.0,2.0,7722,3992,3557,3992,3730,7.598403453826904,7.226548194885254,0.3718552589416504
SetupB_DensityScaling,30,5000,3,sf,linear_sem,3,DF-PC (Pure),0.9152542372881356,0.9,0.9310344827586207,5.0,2780,1290,855,1290,1490,1.5262255668640137,1.4702365398406982,0.05598902702331543
SetupB_DensityScaling,30,5000,3,sf,linear_sem,4,DF-PC (Pure),0.9824561403508771,1.0,0.9655172413793104,1.0,3395,1738,1303,1738,1657,7.459357023239136,7.3581273555755615,0.10122966766357422
SetupB_DensityScaling,30,5000,3,sf,linear_sem,5,DF-PC (Pure),0.9655172413793104,0.9655172413793104,0.9655172413793104,2.0,4041,2026,1591,2026,2015,2.1915764808654785,2.0566182136535645,0.13495826721191406
SetupB_DensityScaling,30,5000,3,sf,linear_sem,6,DF-PC (Pure),0.7924528301886793,0.875,0.7241379310344828,11.0,2503,1252,817,1252,1251,1.1568293571472168,1.0979158878326416,0.058913469314575195
SetupB_DensityScaling,30,5000,3,sf,linear_sem,7,DF-PC (Pure),0.830188679245283,0.88,0.7857142857142857,9.0,1471,668,233,668,803,0.2889683246612549,0.27169108390808105,0.017277240753173828
SetupB_DensityScaling,30,5000,3,sf,linear_sem,8,DF-PC (Pure),0.983050847457627,0.9666666666666667,1.0,1.0,12864,6856,6421,6856,6008,29.550114631652832,28.65522837638855,0.8948862552642822
SetupB_DensityScaling,30,5000,3,sf,linear_sem,9,DF-PC (Pure),0.983050847457627,0.9666666666666667,1.0,1.0,3884,700,265,700,3184,0.529482364654541,0.4429311752319336,0.08655118942260742
SetupB_DensityScaling,30,5000,3,sf,linear_sem,10,DF-PC (Pure),0.983050847457627,0.9666666666666667,1.0,1.0,2077,720,285,720,1357,0.23047876358032227,0.20379209518432617,0.026686668395996094
SetupB_DensityScaling,30,5000,3,sf,linear_sem,11,DF-PC (Pure),0.8,0.9090909090909091,0.7142857142857143,10.0,1774,860,425,860,914,1.226461410522461,1.195422649383545,0.031038761138916016
SetupB_DensityScaling,30,5000,3,sf,linear_sem,12,DF-PC (Pure),0.9090909090909091,0.8928571428571429,0.9259259259259259,5.0,4182,1876,1441,1876,2306,3.2243781089782715,3.0968329906463623,0.12754511833190918
SetupB_DensityScaling,30,5000,3,sf,linear_sem,13,DF-PC (Pure),0.9122807017543859,0.8387096774193549,1.0,5.0,6671,504,69,504,6167,0.26915502548217773,0.08356690406799316,0.18558812141418457
SetupB_DensityScaling,30,5000,3,sf,linear_sem,14,DF-PC (Pure),0.9583333333333334,0.92,1.0,2.0,6224,506,71,506,5718,0.3488352298736572,0.13391351699829102,0.2149217128753662
SetupB_DensityScaling,30,5000,3,sf,linear_sem,15,DF-PC (Pure),0.9508196721311475,0.90625,1.0,3.0,6779,3516,3081,3516,3263,12.202611446380615,11.903001308441162,0.2996101379394531
SetupB_DensityScaling,30,5000,3,sf,linear_sem,16,DF-PC (Pure),0.9803921568627451,0.9615384615384616,1.0,1.0,6723,752,317,752,5971,0.566547155380249,0.3384582996368408,0.2280888557434082
SetupB_DensityScaling,30,5000,3,sf,linear_sem,17,DF-PC (Pure),0.9642857142857143,1.0,0.9310344827586207,2.0,2441,938,503,938,1503,0.4355292320251465,0.395061731338501,0.04046750068664551
SetupB_DensityScaling,30,5000,3,sf,linear_sem,18,DF-PC (Pure),0.9310344827586207,0.9310344827586207,0.9310344827586207,4.0,1889,848,413,848,1041,0.25806450843811035,0.23443388938903809,0.023630619049072266
SetupB_DensityScaling,30,5000,3,sf,linear_sem,19,DF-PC (Pure),0.9824561403508771,1.0,0.9655172413793104,1.0,1817,798,363,798,1019,1.2745914459228516,1.2502551078796387,0.02433633804321289
SetupB_DensityScaling,30,5000,3,sf,linear_sem,20,DF-PC (Pure),0.983050847457627,0.9666666666666667,1.0,1.0,2348,1116,681,1116,1232,1.8980488777160645,1.8527703285217285,0.04527854919433594
SetupB_DensityScaling,30,5000,3,sf,linear_sem,21,DF-PC (Pure),0.9090909090909091,0.9615384615384616,0.8620689655172413,5.0,1900,891,456,891,1009,0.2265176773071289,0.2030785083770752,0.02343916893005371
SetupB_DensityScaling,30,5000,3,sf,linear_sem,22,DF-PC (Pure),0.9655172413793104,0.9655172413793104,0.9655172413793104,2.0,2711,1352,917,1352,1359,1.3056585788726807,1.191941499710083,0.11371707916259766
SetupB_DensityScaling,30,5000,3,sf,linear_sem,23,DF-PC (Pure),0.9473684210526316,0.9,1.0,3.0,17740,3315,2880,3315,14425,15.692807912826538,14.70717740058899,0.9856305122375488
SetupB_DensityScaling,30,5000,3,sf,linear_sem,24,DF-PC (Pure),0.9259259259259259,0.8620689655172413,1.0,4.0,6267,534,99,534,5733,1.18399977684021,0.9417638778686523,0.24223589897155762
SetupB_DensityScaling,30,5000,3,sf,linear_sem,25,DF-PC (Pure),0.9666666666666666,0.9354838709677419,1.0,2.0,3030,1228,793,1228,1802,3.96887469291687,3.895667552947998,0.07320713996887207
SetupB_DensityScaling,30,5000,3,sf,linear_sem,26,DF-PC (Pure),0.9824561403508771,0.9655172413793104,1.0,1.0,7468,1108,673,1108,6360,1.3773939609527588,1.1550698280334473,0.22232413291931152
SetupB_DensityScaling,30,5000,3,sf,linear_sem,27,DF-PC (Pure),0.9,0.8709677419354839,0.9310344827586207,6.0,4736,1145,710,1145,3591,3.9668354988098145,3.841495990753174,0.12533950805664062
SetupB_DensityScaling,30,5000,3,sf,linear_sem,28,DF-PC (Pure),0.8363636363636363,0.8846153846153846,0.7931034482758621,9.0,3332,1677,1242,1677,1655,2.30057430267334,2.2184274196624756,0.08214688301086426
SetupB_DensityScaling,30,5000,3,sf,linear_sem,29,DF-PC (Pure),0.8571428571428571,0.8571428571428571,0.8571428571428571,6.0,2128,1078,643,1078,1050,2.7345376014709473,2.682832956314087,0.05170464515686035
SetupB_DensityScaling,30,5000,4,er,linear_sem,0,Standard PC,0.7000000000000001,0.875,0.5833333333333334,30.0,15019,10139,9704,10139,4880,2.057100534439087,2.008579730987549,0.048520803451538086
SetupB_DensityScaling,30,5000,4,er,linear_sem,1,Standard PC,0.6021505376344086,0.8484848484848485,0.4666666666666667,37.0,17475,11913,11478,11913,5562,11.582509994506836,11.512092590332031,0.07041740417480469
SetupB_DensityScaling,30,5000,4,er,linear_sem,2,Standard PC,0.6868686868686869,0.8717948717948718,0.5666666666666667,31.0,12602,9194,8759,9194,3408,9.155100584030151,9.103770732879639,0.051329851150512695
SetupB_DensityScaling,30,5000,4,er,linear_sem,3,Standard PC,0.6336633663366336,0.7804878048780488,0.5333333333333333,37.0,15319,10249,9814,10249,5070,1.249537467956543,1.2026677131652832,0.046869754791259766
SetupB_DensityScaling,30,5000,4,er,linear_sem,4,Standard PC,0.5054945054945055,0.7419354838709677,0.38333333333333336,45.0,12885,8768,8333,8768,4117,1.531449317932129,1.4879770278930664,0.0434722900390625
SetupB_DensityScaling,30,5000,4,er,linear_sem,5,Standard PC,0.5869565217391305,0.84375,0.45,38.0,11758,7900,7465,7900,3858,1.2414255142211914,1.201369047164917,0.040056467056274414
SetupB_DensityScaling,30,5000,4,er,linear_sem,6,Standard PC,0.64,0.8,0.5333333333333333,36.0,16110,10567,10132,10567,5543,2.1252543926239014,2.0727362632751465,0.05251812934875488
SetupB_DensityScaling,30,5000,4,er,linear_sem,7,Standard PC,0.8037383177570094,0.9148936170212766,0.7166666666666667,21.0,11288,8512,8077,8512,2776,4.154536485671997,4.107003927230835,0.04753255844116211
SetupB_DensityScaling,30,5000,4,er,linear_sem,8,Standard PC,0.5531914893617021,0.7647058823529411,0.43333333333333335,42.0,16573,10956,10521,10956,5617,7.231094837188721,7.165951728820801,0.06514310836791992
SetupB_DensityScaling,30,5000,4,er,linear_sem,9,Standard PC,0.7766990291262136,0.9302325581395349,0.6666666666666666,23.0,8437,5926,5491,5926,2511,6.20392370223999,6.162307262420654,0.04161643981933594
SetupB_DensityScaling,30,5000,4,er,linear_sem,10,Standard PC,0.7291666666666666,0.9722222222222222,0.5833333333333334,26.0,13802,9315,8880,9315,4487,4.056447744369507,4.0059425830841064,0.05050516128540039
SetupB_DensityScaling,30,5000,4,er,linear_sem,11,Standard PC,0.6601941747572816,0.7906976744186046,0.5666666666666667,35.0,16757,11595,11160,11595,5162,2.1187732219696045,2.0669262409210205,0.051846981048583984
SetupB_DensityScaling,30,5000,4,er,linear_sem,12,Standard PC,0.6874999999999999,0.9166666666666666,0.55,30.0,14458,9455,9020,9455,5003,1.2039201259613037,1.1566858291625977,0.047234296798706055
SetupB_DensityScaling,30,5000,4,er,linear_sem,13,Standard PC,0.673469387755102,0.868421052631579,0.55,32.0,9506,6966,6531,6966,2540,1.0086195468902588,0.9727730751037598,0.03584647178649902
SetupB_DensityScaling,30,5000,4,er,linear_sem,14,Standard PC,0.5714285714285714,0.7368421052631579,0.4666666666666667,42.0,11535,8703,8268,8703,2832,17.960790634155273,17.914056301116943,0.04673433303833008
SetupB_DensityScaling,30,5000,4,er,linear_sem,15,Standard PC,0.766355140186916,0.8723404255319149,0.6833333333333333,25.0,9934,7260,6825,7260,2674,1.2160921096801758,1.1802129745483398,0.03587913513183594
SetupB_DensityScaling,30,5000,4,er,linear_sem,16,Standard PC,0.7920792079207921,0.975609756097561,0.6666666666666666,21.0,14849,10266,9831,10266,4583,2.1566944122314453,2.106135368347168,0.050559043884277344
SetupB_DensityScaling,30,5000,4,er,linear_sem,17,Standard PC,0.6105263157894737,0.8285714285714286,0.48333333333333334,37.0,11394,7902,7467,7902,3492,1.3339953422546387,1.2948262691497803,0.0391690731048584
SetupB_DensityScaling,30,5000,4,er,linear_sem,18,Standard PC,0.5833333333333334,0.7777777777777778,0.4666666666666667,40.0,14009,9012,8577,9012,4997,2.298963785171509,2.245990037918091,0.05297374725341797
SetupB_DensityScaling,30,5000,4,er,linear_sem,19,Standard PC,0.6666666666666667,0.8461538461538461,0.55,33.0,12822,8651,8216,8651,4171,2.5368783473968506,2.4948501586914062,0.042028188705444336
SetupB_DensityScaling,30,5000,4,er,linear_sem,20,Standard PC,0.6464646464646464,0.8205128205128205,0.5333333333333333,35.0,16792,11343,10908,11343,5449,3.179141044616699,3.1174724102020264,0.06166863441467285
SetupB_DensityScaling,30,5000,4,er,linear_sem,21,Standard PC,0.6930693069306931,0.8536585365853658,0.5833333333333334,31.0,17768,11586,11151,11586,6182,1.3578858375549316,1.3043324947357178,0.05355334281921387
SetupB_DensityScaling,30,5000,4,er,linear_sem,22,Standard PC,0.66,0.825,0.55,34.0,16263,10802,10367,10802,5461,2.0919415950775146,2.037992477416992,0.05394911766052246
SetupB_DensityScaling,30,5000,4,er,linear_sem,23,Standard PC,0.6923076923076923,0.8181818181818182,0.6,32.0,10802,7947,7512,7947,2855,3.8972859382629395,3.852156162261963,0.04512977600097656
SetupB_DensityScaling,30,5000,4,er,linear_sem,24,Standard PC,0.6666666666666666,0.7777777777777778,0.5833333333333334,35.0,11696,8289,7854,8289,3407,2.1773531436920166,2.1358985900878906,0.04145455360412598
SetupB_DensityScaling,30,5000,4,er,linear_sem,25,Standard PC,0.6105263157894737,0.8285714285714286,0.48333333333333334,37.0,13830,9451,9016,9451,4379,2.1875553131103516,2.133157968521118,0.0543973445892334
SetupB_DensityScaling,30,5000,4,er,linear_sem,26,Standard PC,0.5894736842105264,0.8,0.4666666666666667,39.0,16452,11591,11156,11591,4861,1.3590643405914307,1.3089613914489746,0.050102949142456055
SetupB_DensityScaling,30,5000,4,er,linear_sem,27,Standard PC,0.6060606060606061,0.7692307692307693,0.5,39.0,12298,8304,7869,8304,3994,1.559645175933838,1.516646385192871,0.0429987907409668
SetupB_DensityScaling,30,5000,4,er,linear_sem,28,Standard PC,0.7184466019417476,0.8604651162790697,0.6166666666666667,29.0,10279,7723,7288,7723,2556,1.2429702281951904,1.2022933959960938,0.04067683219909668
SetupB_DensityScaling,30,5000,4,er,linear_sem,29,Standard PC,0.7307692307692307,0.8636363636363636,0.6333333333333333,28.0,8740,5925,5490,5925,2815,1.5833868980407715,1.5464544296264648,0.03693246841430664
SetupB_DensityScaling,30,5000,4,er,linear_sem,0,DF-PC (Pure),0.7000000000000001,0.875,0.5833333333333334,30.0,15028,8553,8118,8553,6475,1.5021390914916992,1.3190977573394775,0.18304133415222168
SetupB_DensityScaling,30,5000,4,er,linear_sem,1,DF-PC (Pure),0.6021505376344086,0.8484848484848485,0.4666666666666667,37.0,17601,10305,9870,10305,7296,1.7232913970947266,1.4938921928405762,0.2293992042541504
SetupB_DensityScaling,30,5000,4,er,linear_sem,2,DF-PC (Pure),0.6868686868686869,0.8717948717948718,0.5666666666666667,31.0,12602,6799,6364,6799,5803,0.9494926929473877,0.7831175327301025,0.16637516021728516
SetupB_DensityScaling,30,5000,4,er,linear_sem,3,DF-PC (Pure),0.6336633663366336,0.7804878048780488,0.5333333333333333,37.0,15329,8331,7896,8331,6998,1.9950168132781982,1.7863576412200928,0.20865917205810547
SetupB_DensityScaling,30,5000,4,er,linear_sem,4,DF-PC (Pure),0.5054945054945055,0.7419354838709677,0.38333333333333336,45.0,13053,7298,6863,7298,5755,2.3626701831817627,2.1894166469573975,0.17325353622436523
SetupB_DensityScaling,30,5000,4,er,linear_sem,5,DF-PC (Pure),0.5806451612903226,0.8181818181818182,0.45,39.0,11806,6257,5822,6257,5549,1.8392860889434814,1.6898689270019531,0.14941716194152832
SetupB_DensityScaling,30,5000,4,er,linear_sem,6,DF-PC (Pure),0.64,0.8,0.5333333333333333,36.0,16200,9322,8887,9322,6878,3.3349757194519043,3.1082842350006104,0.22669148445129395
SetupB_DensityScaling,30,5000,4,er,linear_sem,7,DF-PC (Pure),0.8037383177570094,0.9148936170212766,0.7166666666666667,21.0,11292,5503,5068,5503,5789,0.9980676174163818,0.8410015106201172,0.15706610679626465
SetupB_DensityScaling,30,5000,4,er,linear_sem,8,DF-PC (Pure),0.5684210526315789,0.7714285714285715,0.45,41.0,16696,9576,9141,9576,7120,3.0647013187408447,2.8297388553619385,0.23496246337890625
SetupB_DensityScaling,30,5000,4,er,linear_sem,9,DF-PC (Pure),0.7766990291262136,0.9302325581395349,0.6666666666666666,23.0,8437,4057,3622,4057,4380,0.6503431797027588,0.5502579212188721,0.10008525848388672
SetupB_DensityScaling,30,5000,4,er,linear_sem,10,DF-PC (Pure),0.7291666666666666,0.9722222222222222,0.5833333333333334,26.0,13824,7740,7305,7740,6084,1.099466323852539,0.8722293376922607,0.22723698616027832
SetupB_DensityScaling,30,5000,4,er,linear_sem,11,DF-PC (Pure),0.6538461538461539,0.7727272727272727,0.5666666666666667,36.0,16919,9542,9107,9542,7377,2.566582441329956,2.359816551208496,0.20676589012145996
SetupB_DensityScaling,30,5000,4,er,linear_sem,12,DF-PC (Pure),0.6874999999999999,0.9166666666666666,0.55,30.0,14458,7865,7430,7865,6593,2.711477279663086,2.5093047618865967,0.20217251777648926
SetupB_DensityScaling,30,5000,4,er,linear_sem,13,DF-PC (Pure),0.673469387755102,0.868421052631579,0.55,32.0,9506,4722,4287,4722,4784,1.4390203952789307,1.3119750022888184,0.1270453929901123
SetupB_DensityScaling,30,5000,4,er,linear_sem,14,DF-PC (Pure),0.5714285714285714,0.7368421052631579,0.4666666666666667,42.0,11543,5768,5333,5768,5775,1.066828966140747,0.919830322265625,0.14699864387512207
SetupB_DensityScaling,30,5000,4,er,linear_sem,15,DF-PC (Pure),0.766355140186916,0.8723404255319149,0.6833333333333333,25.0,9939,4592,4157,4592,5347,1.170825719833374,0.989534854888916,0.181290864944458
SetupB_DensityScaling,30,5000,4,er,linear_sem,16,DF-PC (Pure),0.7920792079207921,0.975609756097561,0.6666666666666666,21.0,14849,8218,7783,8218,6631,1.206146478652954,1.0267202854156494,0.1794261932373047
SetupB_DensityScaling,30,5000,4,er,linear_sem,17,DF-PC (Pure),0.6105263157894737,0.8285714285714286,0.48333333333333334,37.0,11550,6185,5750,6185,5365,2.6691694259643555,2.4936609268188477,0.1755084991455078
SetupB_DensityScaling,30,5000,4,er,linear_sem,18,DF-PC (Pure),0.5918367346938777,0.7631578947368421,0.48333333333333334,40.0,14049,8101,7666,8101,5948,4.665769577026367,4.473877668380737,0.19189190864562988
SetupB_DensityScaling,30,5000,4,er,linear_sem,19,DF-PC (Pure),0.6666666666666667,0.8461538461538461,0.55,33.0,12822,7112,6677,7112,5710,0.9364614486694336,0.7854845523834229,0.15097689628601074
SetupB_DensityScaling,30,5000,4,er,linear_sem,20,DF-PC (Pure),0.6464646464646464,0.8205128205128205,0.5333333333333333,35.0,16841,9642,9207,9642,7199,5.150217771530151,4.8457863330841064,0.3044314384460449
SetupB_DensityScaling,30,5000,4,er,linear_sem,21,DF-PC (Pure),0.6930693069306931,0.8536585365853658,0.5833333333333334,31.0,17784,10397,9962,10397,7387,2.1069090366363525,1.8725905418395996,0.23431849479675293
SetupB_DensityScaling,30,5000,4,er,linear_sem,22,DF-PC (Pure),0.66,0.825,0.55,34.0,16264,9648,9213,9648,6616,4.689134120941162,4.467872142791748,0.22126197814941406
SetupB_DensityScaling,30,5000,4,er,linear_sem,23,DF-PC (Pure),0.6981132075471699,0.8043478260869565,0.6166666666666667,32.0,10857,5320,4885,5320,5537,1.2263462543487549,1.0718717575073242,0.15447449684143066
SetupB_DensityScaling,30,5000,4,er,linear_sem,24,DF-PC (Pure),0.6542056074766355,0.7446808510638298,0.5833333333333334,37.0,11741,6344,5909,6344,5397,1.3862016201019287,1.2304046154022217,0.15579700469970703
SetupB_DensityScaling,30,5000,4,er,linear_sem,25,DF-PC (Pure),0.6041666666666667,0.8055555555555556,0.48333333333333334,38.0,14011,8006,7571,8006,6005,1.049351692199707,0.8858911991119385,0.16346049308776855
SetupB_DensityScaling,30,5000,4,er,linear_sem,26,DF-PC (Pure),0.5894736842105264,0.8,0.4666666666666667,39.0,16479,9480,9045,9480,6999,2.485597848892212,2.251725673675537,0.2338721752166748
SetupB_DensityScaling,30,5000,4,er,linear_sem,27,DF-PC (Pure),0.6262626262626263,0.7948717948717948,0.5166666666666667,37.0,12346,6600,6165,6600,5746,1.7886078357696533,1.6255908012390137,0.16301703453063965
SetupB_DensityScaling,30,5000,4,er,linear_sem,28,DF-PC (Pure),0.7184466019417476,0.8604651162790697,0.6166666666666667,29.0,10295,5643,5208,5643,4652,0.8674495220184326,0.7190558910369873,0.1483936309814453
SetupB_DensityScaling,30,5000,4,er,linear_sem,29,DF-PC (Pure),0.7238095238095237,0.8444444444444444,0.6333333333333333,29.0,8806,4396,3961,4396,4410,0.5878746509552002,0.48591136932373047,0.10196328163146973
SetupB_DensityScaling,30,5000,4,sf,linear_sem,0,Standard PC,0.6862745098039216,0.7608695652173914,0.625,32.0,10590,9013,8578,9013,1577,3.410623073577881,3.3737435340881348,0.036879539489746094
SetupB_DensityScaling,30,5000,4,sf,linear_sem,1,Standard PC,0.651685393258427,0.8285714285714286,0.5370370370370371,31.0,7009,5364,4929,5364,1645,1.2184641361236572,1.193082332611084,0.025381803512573242
SetupB_DensityScaling,30,5000,4,sf,linear_sem,2,Standard PC,0.7000000000000001,0.7777777777777778,0.6363636363636364,30.0,9284,7856,7421,7856,1428,2.8690366744995117,2.8279294967651367,0.041107177734375
SetupB_DensityScaling,30,5000,4,sf,linear_sem,3,Standard PC,0.7524752475247525,0.8260869565217391,0.6909090909090909,25.0,33253,31927,31492,31927,1326,56.00735306739807,55.8664174079895,0.14093565940856934
SetupB_DensityScaling,30,5000,4,sf,linear_sem,4,Standard PC,0.8604651162790697,0.9736842105263158,0.7708333333333334,12.0,10380,9305,8870,9305,1075,3.4357569217681885,3.3907039165496826,0.04505300521850586
SetupB_DensityScaling,30,5000,4,sf,linear_sem,5,Standard PC,0.5,0.5416666666666666,0.4642857142857143,52.0,48237,46060,45625,46060,2177,56.36048436164856,56.195499897003174,0.16498446464538574
SetupB_DensityScaling,30,5000,4,sf,linear_sem,6,Standard PC,0.6590909090909092,0.90625,0.5178571428571429,30.0,8382,6479,6044,6479,1903,1.660649299621582,1.6242103576660156,0.036438941955566406
SetupB_DensityScaling,30,5000,4,sf,linear_sem,7,Standard PC,0.5894736842105263,0.7,0.509090909090909,39.0,10573,9290,8855,9290,1283,2.3199102878570557,2.273953437805176,0.04595685005187988
SetupB_DensityScaling,30,5000,4,sf,linear_sem,8,Standard PC,0.7586206896551724,0.9705882352941176,0.6226415094339622,21.0,8980,7364,6929,7364,1616,1.7058186531066895,1.6709856986999512,0.03483295440673828
SetupB_DensityScaling,30,5000,4,sf,linear_sem,9,Standard PC,0.6585365853658536,0.8181818181818182,0.5510204081632653,28.0,8286,6943,6508,6943,1343,1.6103203296661377,1.5757646560668945,0.034555673599243164
SetupB_DensityScaling,30,5000,4,sf,linear_sem,10,Standard PC,0.6741573033707865,0.8333333333333334,0.5660377358490566,29.0,6629,5312,4877,5312,1317,2.275643825531006,2.2436130046844482,0.03203082084655762
SetupB_DensityScaling,30,5000,4,sf,linear_sem,11,Standard PC,0.8181818181818181,0.9473684210526315,0.72,16.0,6301,5154,4719,5154,1147,1.1390109062194824,1.1118078231811523,0.027203083038330078
SetupB_DensityScaling,30,5000,4,sf,linear_sem,12,Standard PC,0.723404255319149,0.85,0.6296296296296297,26.0,5996,4854,4419,4854,1142,1.0103998184204102,0.9880943298339844,0.02230548858642578
SetupB_DensityScaling,30,5000,4,sf,linear_sem,13,Standard PC,0.7526881720430108,0.8974358974358975,0.6481481481481481,23.0,7485,5817,5382,5817,1668,2.05853009223938,2.02827525138855,0.030254840850830078
SetupB_DensityScaling,30,5000,4,sf,linear_sem,14,Standard PC,0.888888888888889,0.9523809523809523,0.8333333333333334,10.0,8543,7285,6850,7285,1258,3.1172847747802734,3.081648826599121,0.035635948181152344
SetupB_DensityScaling,30,5000,4,sf,linear_sem,15,Standard PC,0.8444444444444444,0.9047619047619048,0.7916666666666666,14.0,6251,5443,5008,5443,808,2.5708844661712646,2.5414042472839355,0.0294802188873291
SetupB_DensityScaling,30,5000,4,sf,linear_sem,16,Standard PC,0.7446808510638298,0.9210526315789473,0.625,24.0,9823,7880,7445,7880,1943,3.916141986846924,3.876678705215454,0.03946328163146973
SetupB_DensityScaling,30,5000,4,sf,linear_sem,17,Standard PC,0.7692307692307692,0.875,0.6862745098039216,21.0,8497,7188,6753,7188,1309,2.4090378284454346,2.3763837814331055,0.0326540470123291
SetupB_DensityScaling,30,5000,4,sf,linear_sem,18,Standard PC,0.6363636363636364,0.875,0.5,32.0,6654,4807,4372,4807,1847,0.661649227142334,0.6353843212127686,0.02626490592956543
SetupB_DensityScaling,30,5000,4,sf,linear_sem,19,Standard PC,0.7912087912087913,0.9230769230769231,0.6923076923076923,19.0,8559,7073,6638,7073,1486,1.4717414379119873,1.441910982131958,0.029830455780029297
SetupB_DensityScaling,30,5000,4,sf,linear_sem,20,Standard PC,0.7216494845360826,0.8536585365853658,0.625,27.0,9389,7580,7145,7580,1809,2.3543338775634766,2.3200881481170654,0.03424572944641113
SetupB_DensityScaling,30,5000,4,sf,linear_sem,21,Standard PC,0.7317073170731707,0.9375,0.6,22.0,8480,6478,6043,6478,2002,1.3287644386291504,1.293715476989746,0.0350489616394043
SetupB_DensityScaling,30,5000,4,sf,linear_sem,22,Standard PC,0.7234042553191489,0.8095238095238095,0.6538461538461539,26.0,13749,12639,12204,12639,1110,11.572550058364868,11.511808395385742,0.06074166297912598
SetupB_DensityScaling,30,5000,4,sf,linear_sem,23,Standard PC,0.6966292134831461,0.8378378378378378,0.5961538461538461,27.0,6767,5373,4938,5373,1394,0.8371846675872803,0.8104605674743652,0.02672410011291504
SetupB_DensityScaling,30,5000,4,sf,linear_sem,24,Standard PC,0.7499999999999999,0.8918918918918919,0.6470588235294118,22.0,6464,5038,4603,5038,1426,2.8060898780822754,2.7767531871795654,0.02933669090270996
SetupB_DensityScaling,30,5000,4,sf,linear_sem,25,Standard PC,0.7272727272727272,0.9142857142857143,0.6037735849056604,24.0,8891,7476,7041,7476,1415,10.604195356369019,10.555773735046387,0.048421621322631836
SetupB_DensityScaling,30,5000,4,sf,linear_sem,26,Standard PC,0.7659574468085106,0.9,0.6666666666666666,22.0,7080,5601,5166,5601,1479,3.378939628601074,3.349846839904785,0.029092788696289062
SetupB_DensityScaling,30,5000,4,sf,linear_sem,27,Standard PC,0.7708333333333333,0.925,0.6607142857142857,22.0,8181,6636,6201,6636,1545,0.7763328552246094,0.7477343082427979,0.028598546981811523
SetupB_DensityScaling,30,5000,4,sf,linear_sem,28,Standard PC,0.7294117647058823,0.8611111111111112,0.6326530612244898,23.0,8522,7175,6740,7175,1347,2.802525281906128,2.76562762260437,0.03689765930175781
SetupB_DensityScaling,30,5000,4,sf,linear_sem,29,Standard PC,0.7333333333333333,0.8918918918918919,0.6226415094339622,24.0,6370,5056,4621,5056,1314,1.7460525035858154,1.7169139385223389,0.029138565063476562
SetupB_DensityScaling,30,5000,4,sf,linear_sem,0,DF-PC (Pure),0.6862745098039216,0.7608695652173914,0.625,32.0,10594,3470,3035,3470,7124,1.4962806701660156,1.2735247611999512,0.22275590896606445
SetupB_DensityScaling,30,5000,4,sf,linear_sem,1,DF-PC (Pure),0.6593406593406594,0.8108108108108109,0.5555555555555556,31.0,7684,2961,2526,2961,4723,0.7093639373779297,0.605288028717041,0.10407590866088867
SetupB_DensityScaling,30,5000,4,sf,linear_sem,2,DF-PC (Pure),0.7000000000000001,0.7777777777777778,0.6363636363636364,30.0,9298,3702,3267,3702,5596,0.9419963359832764,0.7812972068786621,0.16069912910461426
SetupB_DensityScaling,30,5000,4,sf,linear_sem,3,DF-PC (Pure),0.7450980392156863,0.8085106382978723,0.6909090909090909,26.0,34551,5215,4780,5215,29336,7.989914894104004,5.840234041213989,2.1496808528900146
SetupB_DensityScaling,30,5000,4,sf,linear_sem,4,DF-PC (Pure),0.8505747126436781,0.9487179487179487,0.7708333333333334,13.0,10558,3394,2959,3394,7164,3.2061173915863037,2.8754122257232666,0.3307051658630371
SetupB_DensityScaling,30,5000,4,sf,linear_sem,5,DF-PC (Pure),0.5192307692307692,0.5625,0.48214285714285715,50.0,48593,9080,8645,9080,39513,8.940929651260376,6.744707107543945,2.1962225437164307
SetupB_DensityScaling,30,5000,4,sf,linear_sem,6,DF-PC (Pure),0.6590909090909092,0.90625,0.5178571428571429,30.0,8382,4192,3757,4192,4190,7.189281463623047,7.048087120056152,0.14119434356689453
SetupB_DensityScaling,30,5000,4,sf,linear_sem,7,DF-PC (Pure),0.6041666666666666,0.7073170731707317,0.5272727272727272,38.0,11396,4089,3654,4089,7307,6.974421739578247,6.720897197723389,0.2535245418548584
SetupB_DensityScaling,30,5000,4,sf,linear_sem,8,DF-PC (Pure),0.7586206896551724,0.9705882352941176,0.6226415094339622,21.0,9250,3824,3389,3824,5426,0.811847448348999,0.6714389324188232,0.14040851593017578
SetupB_DensityScaling,30,5000,4,sf,linear_sem,9,DF-PC (Pure),0.6352941176470588,0.75,0.5510204081632653,31.0,8646,2836,2401,2836,5810,0.9286584854125977,0.8103103637695312,0.1183481216430664
SetupB_DensityScaling,30,5000,4,sf,linear_sem,10,DF-PC (Pure),0.6888888888888889,0.8378378378378378,0.5849056603773585,28.0,7033,3044,2609,3044,3989,0.6312437057495117,0.5185360908508301,0.11270761489868164
SetupB_DensityScaling,30,5000,4,sf,linear_sem,11,DF-PC (Pure),0.8181818181818181,0.9473684210526315,0.72,16.0,6309,2634,2199,2634,3675,0.5399436950683594,0.44712305068969727,0.09282064437866211
SetupB_DensityScaling,30,5000,4,sf,linear_sem,12,DF-PC (Pure),0.75,0.8571428571428571,0.6666666666666666,24.0,6186,2496,2061,2496,3690,0.6545913219451904,0.5585126876831055,0.09607863426208496
SetupB_DensityScaling,30,5000,4,sf,linear_sem,13,DF-PC (Pure),0.7526881720430108,0.8974358974358975,0.6481481481481481,23.0,7485,3239,2804,3239,4246,0.8909409046173096,0.784848690032959,0.10609221458435059
SetupB_DensityScaling,30,5000,4,sf,linear_sem,14,DF-PC (Pure),0.888888888888889,0.9523809523809523,0.8333333333333334,10.0,8543,4425,3990,4425,4118,1.826162576675415,1.5698206424713135,0.25634193420410156
SetupB_DensityScaling,30,5000,4,sf,linear_sem,15,DF-PC (Pure),0.8444444444444444,0.9047619047619048,0.7916666666666666,14.0,6314,1263,828,1263,5051,0.6899878978729248,0.5818712711334229,0.10811662673950195
SetupB_DensityScaling,30,5000,4,sf,linear_sem,16,DF-PC (Pure),0.736842105263158,0.8974358974358975,0.625,25.0,9827,4633,4198,4633,5194,1.7711870670318604,1.549022912979126,0.22216415405273438
SetupB_DensityScaling,30,5000,4,sf,linear_sem,17,DF-PC (Pure),0.7608695652173912,0.8536585365853658,0.6862745098039216,22.0,9684,3458,3023,3458,6226,1.1114904880523682,0.9603610038757324,0.15112948417663574
SetupB_DensityScaling,30,5000,4,sf,linear_sem,18,DF-PC (Pure),0.6222222222222222,0.8235294117647058,0.5,34.0,6753,3552,3117,3552,3201,0.6682989597320557,0.5704820156097412,0.09781694412231445
SetupB_DensityScaling,30,5000,4,sf,linear_sem,19,DF-PC (Pure),0.8043478260869567,0.925,0.7115384615384616,18.0,8872,3697,3262,3697,5175,2.013361692428589,1.8704988956451416,0.14286279678344727
SetupB_DensityScaling,30,5000,4,sf,linear_sem,20,DF-PC (Pure),0.7216494845360826,0.8536585365853658,0.625,27.0,9470,3979,3544,3979,5491,1.6696808338165283,1.458080768585205,0.21160006523132324
SetupB_DensityScaling,30,5000,4,sf,linear_sem,21,DF-PC (Pure),0.7317073170731707,0.9375,0.6,22.0,8480,4257,3822,4257,4223,1.7408981323242188,1.612290859222412,0.12860727310180664
SetupB_DensityScaling,30,5000,4,sf,linear_sem,22,DF-PC (Pure),0.7234042553191489,0.8095238095238095,0.6538461538461539,26.0,13791,2437,2002,2437,11354,1.2870161533355713,0.9890046119689941,0.29801154136657715
SetupB_DensityScaling,30,5000,4,sf,linear_sem,23,DF-PC (Pure),0.6888888888888889,0.8157894736842105,0.5961538461538461,28.0,6850,3150,2715,3150,3700,1.6121046543121338,1.4412333965301514,0.17087125778198242
SetupB_DensityScaling,30,5000,4,sf,linear_sem,24,DF-PC (Pure),0.7415730337078651,0.868421052631579,0.6470588235294118,23.0,6500,2520,2085,2520,3980,0.7233662605285645,0.6102144718170166,0.11315178871154785
SetupB_DensityScaling,30,5000,4,sf,linear_sem,25,DF-PC (Pure),0.7415730337078651,0.9166666666666666,0.6226415094339622,23.0,8920,2863,2428,2863,6057,1.658963680267334,1.478651523590088,0.1803121566772461
SetupB_DensityScaling,30,5000,4,sf,linear_sem,26,DF-PC (Pure),0.75,0.8571428571428571,0.6666666666666666,24.0,7248,2770,2335,2770,4478,1.3829383850097656,1.28421950340271,0.09871888160705566
SetupB_DensityScaling,30,5000,4,sf,linear_sem,27,DF-PC (Pure),0.7708333333333333,0.925,0.6607142857142857,22.0,8181,3057,2622,3057,5124,1.467284917831421,1.350149154663086,0.11713576316833496
SetupB_DensityScaling,30,5000,4,sf,linear_sem,28,DF-PC (Pure),0.7045454545454547,0.7948717948717948,0.6326530612244898,26.0,8940,4177,3742,4177,4763,1.0735206604003906,0.8852267265319824,0.1882939338684082
SetupB_DensityScaling,30,5000,4,sf,linear_sem,29,DF-PC (Pure),0.7333333333333333,0.8918918918918919,0.6226415094339622,24.0,6380,2575,2140,2575,3805,0.49599790573120117,0.4051346778869629,0.09086322784423828
SetupB_DensityScaling,30,5000,5,er,linear_sem,0,Standard PC,0.5517241379310345,0.7804878048780488,0.4266666666666667,52.0,17253,11575,11140,11575,5678,2.9668447971343994,2.9028360843658447,0.06400871276855469
SetupB_DensityScaling,30,5000,5,er,linear_sem,1,Standard PC,0.5263157894736842,0.7692307692307693,0.4,54.0,21448,14827,14392,14827,6621,2.6237289905548096,2.5543570518493652,0.06937193870544434
SetupB_DensityScaling,30,5000,5,er,linear_sem,2,Standard PC,0.4545454545454545,0.7142857142857143,0.3333333333333333,60.0,19109,12991,12556,12991,6118,1.937018871307373,1.8726186752319336,0.06440019607543945
SetupB_DensityScaling,30,5000,5,er,linear_sem,3,Standard PC,0.49122807017543857,0.717948717948718,0.37333333333333335,58.0,17529,11629,11194,11629,5900,5.279138088226318,5.213021278381348,0.0661168098449707
SetupB_DensityScaling,30,5000,5,er,linear_sem,4,Standard PC,0.4629629629629629,0.7575757575757576,0.3333333333333333,58.0,18268,12946,12511,12946,5322,3.1993563175201416,3.1318633556365967,0.06749296188354492
SetupB_DensityScaling,30,5000,5,er,linear_sem,5,Standard PC,0.49090909090909085,0.7714285714285715,0.36,56.0,17796,11859,11424,11859,5937,6.642581939697266,6.583473205566406,0.059108734130859375
SetupB_DensityScaling,30,5000,5,er,linear_sem,6,Standard PC,0.5504587155963303,0.8823529411764706,0.4,49.0,24773,16358,15923,16358,8415,6.094653129577637,6.00348424911499,0.09116888046264648
SetupB_DensityScaling,30,5000,5,er,linear_sem,7,Standard PC,0.6166666666666666,0.8222222222222222,0.49333333333333335,46.0,13477,9401,8966,9401,4076,3.4604170322418213,3.4169764518737793,0.04344058036804199
SetupB_DensityScaling,30,5000,5,er,linear_sem,8,Standard PC,0.5185185185185186,0.8484848484848485,0.37333333333333335,52.0,21191,14344,13909,14344,6847,3.6370863914489746,3.5618064403533936,0.07527995109558105
SetupB_DensityScaling,30,5000,5,er,linear_sem,9,Standard PC,0.5619834710743802,0.723404255319149,0.4594594594594595,53.0,14704,10251,9816,10251,4453,1.9841527938842773,1.9307470321655273,0.05340576171875
SetupB_DensityScaling,30,5000,5,er,linear_sem,10,Standard PC,0.5614035087719298,0.8205128205128205,0.4266666666666667,50.0,18932,12525,12090,12525,6407,4.5902392864227295,4.519209384918213,0.0710299015045166
SetupB_DensityScaling,30,5000,5,er,linear_sem,11,Standard PC,0.5982905982905983,0.8333333333333334,0.4666666666666667,47.0,19021,12983,12548,12983,6038,1.95951509475708,1.892702579498291,0.06681251525878906
SetupB_DensityScaling,30,5000,5,er,linear_sem,12,Standard PC,0.5882352941176471,0.7954545454545454,0.4666666666666667,49.0,19147,12650,12215,12650,6497,19.165393829345703,19.079265356063843,0.08612847328186035
SetupB_DensityScaling,30,5000,5,er,linear_sem,13,Standard PC,0.44859813084112143,0.75,0.32,59.0,19124,13047,12612,13047,6077,2.093578338623047,2.0303966999053955,0.06318163871765137
SetupB_DensityScaling,30,5000,5,er,linear_sem,14,Standard PC,0.5299145299145299,0.7380952380952381,0.41333333333333333,55.0,12817,9396,8961,9396,3421,3.256429433822632,3.2042596340179443,0.0521697998046875
SetupB_DensityScaling,30,5000,5,er,linear_sem,15,Standard PC,0.6299212598425197,0.7692307692307693,0.5333333333333333,47.0,15709,11036,10601,11036,4673,3.167227268218994,3.106358051300049,0.06086921691894531
SetupB_DensityScaling,30,5000,5,er,linear_sem,16,Standard PC,0.578512396694215,0.7608695652173914,0.4666666666666667,51.0,21528,15195,14760,15195,6333,3.793229103088379,3.716479778289795,0.07674932479858398
SetupB_DensityScaling,30,5000,5,er,linear_sem,17,Standard PC,0.5166666666666667,0.6888888888888889,0.41333333333333333,58.0,15438,10689,10254,10689,4749,3.6026766300201416,3.5450291633605957,0.0576474666595459
SetupB_DensityScaling,30,5000,5,er,linear_sem,18,Standard PC,0.4259259259259259,0.696969696969697,0.30666666666666664,62.0,27661,18565,18130,18565,9096,14.9836106300354,14.884238958358765,0.09937167167663574
SetupB_DensityScaling,30,5000,5,er,linear_sem,19,Standard PC,0.5811965811965811,0.8095238095238095,0.4533333333333333,49.0,18626,12570,12135,12570,6056,2.108903646469116,2.0535409450531006,0.055362701416015625
SetupB_DensityScaling,30,5000,5,er,linear_sem,20,Standard PC,0.4444444444444444,0.7272727272727273,0.32,60.0,22340,14875,14440,14875,7465,2.2526185512542725,2.18171763420105,0.07090091705322266
SetupB_DensityScaling,30,5000,5,er,linear_sem,21,Standard PC,0.4601769911504426,0.6842105263157895,0.3466666666666667,61.0,26739,18029,17594,18029,8710,2.8102548122406006,2.728641986846924,0.08161282539367676
SetupB_DensityScaling,30,5000,5,er,linear_sem,22,Standard PC,0.4869565217391304,0.7,0.37333333333333335,59.0,22538,15835,15400,15835,6703,3.410670280456543,3.330885171890259,0.07978510856628418
SetupB_DensityScaling,30,5000,5,er,linear_sem,23,Standard PC,0.5299145299145299,0.7380952380952381,0.41333333333333333,55.0,16749,11966,11531,11966,4783,4.291946887969971,4.232858896255493,0.05908799171447754
SetupB_DensityScaling,30,5000,5,er,linear_sem,24,Standard PC,0.6115702479338843,0.8043478260869565,0.49333333333333335,47.0,15813,11372,10937,11372,4441,1.3518095016479492,1.303577184677124,0.048232316970825195
SetupB_DensityScaling,30,5000,5,er,linear_sem,25,Standard PC,0.5641025641025641,0.7857142857142857,0.44,51.0,19888,13503,13068,13503,6385,1.9857120513916016,1.9141912460327148,0.07152080535888672
SetupB_DensityScaling,30,5000,5,er,linear_sem,26,Standard PC,0.48648648648648657,0.75,0.36,57.0,19061,12972,12537,12972,6089,4.919990062713623,4.8289430141448975,0.09104704856872559
SetupB_DensityScaling,30,5000,5,er,linear_sem,27,Standard PC,0.5405405405405406,0.8333333333333334,0.4,51.0,17419,12219,11784,12219,5200,2.9823195934295654,2.9161579608917236,0.0661616325378418
SetupB_DensityScaling,30,5000,5,er,linear_sem,28,Standard PC,0.6333333333333333,0.8444444444444444,0.5066666666666667,44.0,13416,9894,9459,9894,3522,2.2880859375,2.235180139541626,0.05290579795837402
SetupB_DensityScaling,30,5000,5,er,linear_sem,29,Standard PC,0.5535714285714286,0.8378378378378378,0.41333333333333333,50.0,16992,11459,11024,11459,5533,3.365858793258667,3.3052215576171875,0.06063723564147949
SetupB_DensityScaling,30,5000,5,er,linear_sem,0,DF-PC (Pure),0.5517241379310345,0.7804878048780488,0.4266666666666667,52.0,17253,9887,9452,9887,7366,1.9236435890197754,1.6946475505828857,0.22899603843688965
SetupB_DensityScaling,30,5000,5,er,linear_sem,1,DF-PC (Pure),0.5263157894736842,0.7692307692307693,0.4,54.0,21448,13003,12568,13003,8445,5.637112379074097,5.281889200210571,0.3552231788635254
SetupB_DensityScaling,30,5000,5,er,linear_sem,2,DF-PC (Pure),0.4545454545454545,0.7142857142857143,0.3333333333333333,60.0,19114,11440,11005,11440,7674,1.5575976371765137,1.3278300762176514,0.2297675609588623
SetupB_DensityScaling,30,5000,5,er,linear_sem,3,DF-PC (Pure),0.5043478260869565,0.725,0.38666666666666666,57.0,17603,10233,9798,10233,7370,2.1790754795074463,1.9482495784759521,0.23082590103149414
SetupB_DensityScaling,30,5000,5,er,linear_sem,4,DF-PC (Pure),0.45871559633027525,0.7352941176470589,0.3333333333333333,59.0,18377,11187,10752,11187,7190,2.9326395988464355,2.662368059158325,0.27027153968811035
SetupB_DensityScaling,30,5000,5,er,linear_sem,5,DF-PC (Pure),0.49090909090909085,0.7714285714285715,0.36,56.0,17802,10209,9774,10209,7593,2.906503915786743,2.6684701442718506,0.23803377151489258
SetupB_DensityScaling,30,5000,5,er,linear_sem,6,DF-PC (Pure),0.5504587155963303,0.8823529411764706,0.4,49.0,24773,15070,14635,15070,9703,1.97267746925354,1.683347463607788,0.28933000564575195
SetupB_DensityScaling,30,5000,5,er,linear_sem,7,DF-PC (Pure),0.6166666666666666,0.8222222222222222,0.49333333333333335,46.0,13493,7281,6846,7281,6212,2.0449700355529785,1.8591258525848389,0.18584418296813965
SetupB_DensityScaling,30,5000,5,er,linear_sem,8,DF-PC (Pure),0.5185185185185186,0.8484848484848485,0.37333333333333335,52.0,21191,12642,12207,12642,8549,2.4162538051605225,2.1328349113464355,0.2834188938140869
SetupB_DensityScaling,30,5000,5,er,linear_sem,9,DF-PC (Pure),0.5737704918032787,0.7291666666666666,0.47297297297297297,52.0,14824,8172,7737,8172,6652,2.406588554382324,2.201289176940918,0.20529937744140625
SetupB_DensityScaling,30,5000,5,er,linear_sem,10,DF-PC (Pure),0.5739130434782609,0.825,0.44,49.0,19103,11126,10691,11126,7977,13.48183274269104,13.171718835830688,0.31011390686035156
SetupB_DensityScaling,30,5000,5,er,linear_sem,11,DF-PC (Pure),0.5982905982905983,0.8333333333333334,0.4666666666666667,47.0,19080,11196,10761,11196,7884,2.2214536666870117,1.9590940475463867,0.262359619140625
SetupB_DensityScaling,30,5000,5,er,linear_sem,12,DF-PC (Pure),0.5882352941176471,0.7954545454545454,0.4666666666666667,49.0,19186,11180,10745,11180,8006,2.615525484085083,2.345172166824341,0.2703533172607422
SetupB_DensityScaling,30,5000,5,er,linear_sem,13,DF-PC (Pure),0.44859813084112143,0.75,0.32,59.0,19162,11547,11112,11547,7615,1.564168930053711,1.335700511932373,0.2284684181213379
SetupB_DensityScaling,30,5000,5,er,linear_sem,14,DF-PC (Pure),0.5299145299145299,0.7380952380952381,0.41333333333333333,55.0,12829,6910,6475,6910,5919,1.4429690837860107,1.2623579502105713,0.18061113357543945
SetupB_DensityScaling,30,5000,5,er,linear_sem,15,DF-PC (Pure),0.6299212598425197,0.7692307692307693,0.5333333333333333,47.0,15713,8623,8188,8623,7090,2.5242350101470947,2.3014438152313232,0.22279119491577148
SetupB_DensityScaling,30,5000,5,er,linear_sem,16,DF-PC (Pure),0.578512396694215,0.7608695652173914,0.4666666666666667,51.0,21532,13057,12622,13057,8475,3.236673593521118,2.9244797229766846,0.3121938705444336
SetupB_DensityScaling,30,5000,5,er,linear_sem,17,DF-PC (Pure),0.5210084033613445,0.7045454545454546,0.41333333333333333,57.0,15491,8464,8029,8464,7027,1.9329469203948975,1.7029049396514893,0.2300419807434082
SetupB_DensityScaling,30,5000,5,er,linear_sem,18,DF-PC (Pure),0.4259259259259259,0.696969696969697,0.30666666666666664,62.0,27742,17424,16989,17424,10318,2.239504814147949,1.9108078479766846,0.32869696617126465
SetupB_DensityScaling,30,5000,5,er,linear_sem,19,DF-PC (Pure),0.5811965811965811,0.8095238095238095,0.4533333333333333,49.0,18701,11062,10627,11062,7639,2.794062614440918,2.529733419418335,0.264329195022583
SetupB_DensityScaling,30,5000,5,er,linear_sem,20,DF-PC (Pure),0.4444444444444444,0.7272727272727273,0.32,60.0,22367,13914,13479,13914,8453,4.441165208816528,4.111771821975708,0.3293933868408203
SetupB_DensityScaling,30,5000,5,er,linear_sem,21,DF-PC (Pure),0.4601769911504426,0.6842105263157895,0.3466666666666667,61.0,26764,16818,16383,16818,9946,4.603891372680664,4.26123571395874,0.34265565872192383
SetupB_DensityScaling,30,5000,5,er,linear_sem,22,DF-PC (Pure),0.4869565217391304,0.7,0.37333333333333335,59.0,22563,13724,13289,13724,8839,1.8728983402252197,1.590925931930542,0.28197240829467773
SetupB_DensityScaling,30,5000,5,er,linear_sem,23,DF-PC (Pure),0.5299145299145299,0.7380952380952381,0.41333333333333333,55.0,16750,9927,9492,9927,6823,1.8858816623687744,1.6554317474365234,0.23044991493225098
SetupB_DensityScaling,30,5000,5,er,linear_sem,24,DF-PC (Pure),0.6065573770491803,0.7872340425531915,0.49333333333333335,48.0,15817,8747,8312,8747,7070,1.5646278858184814,1.3396029472351074,0.22502493858337402
SetupB_DensityScaling,30,5000,5,er,linear_sem,25,DF-PC (Pure),0.5641025641025641,0.7857142857142857,0.44,51.0,19893,11762,11327,11762,8131,3.819209337234497,3.540879964828491,0.27832937240600586
SetupB_DensityScaling,30,5000,5,er,linear_sem,26,DF-PC (Pure),0.48648648648648657,0.75,0.36,57.0,19065,11419,10984,11419,7646,2.7456376552581787,2.4823379516601562,0.26329970359802246
SetupB_DensityScaling,30,5000,5,er,linear_sem,27,DF-PC (Pure),0.5405405405405406,0.8333333333333334,0.4,51.0,17467,10194,9759,10194,7273,2.8050079345703125,2.5580830574035645,0.24692487716674805
SetupB_DensityScaling,30,5000,5,er,linear_sem,28,DF-PC (Pure),0.6446280991735537,0.8478260869565217,0.52,43.0,13572,7655,7220,7655,5917,1.4394831657409668,1.2343034744262695,0.20517969131469727
SetupB_DensityScaling,30,5000,5,er,linear_sem,29,DF-PC (Pure),0.5535714285714286,0.8378378378378378,0.41333333333333333,50.0,16992,9775,9340,9775,7217,2.638570547103882,2.4035394191741943,0.2350311279296875
SetupB_DensityScaling,30,5000,5,sf,linear_sem,0,Standard PC,0.6862745098039216,0.7608695652173914,0.625,32.0,10590,9013,8578,9013,1577,4.312360525131226,4.258779525756836,0.05358099937438965
SetupB_DensityScaling,30,5000,5,sf,linear_sem,1,Standard PC,0.651685393258427,0.8285714285714286,0.5370370370370371,31.0,7009,5364,4929,5364,1645,1.0141446590423584,0.9837570190429688,0.03038763999938965
SetupB_DensityScaling,30,5000,5,sf,linear_sem,2,Standard PC,0.7000000000000001,0.7777777777777778,0.6363636363636364,30.0,9284,7856,7421,7856,1428,2.2227845191955566,2.184772491455078,0.038012027740478516
SetupB_DensityScaling,30,5000,5,sf,linear_sem,3,Standard PC,0.7524752475247525,0.8260869565217391,0.6909090909090909,25.0,33253,31927,31492,31927,1326,38.67941641807556,38.497949838638306,0.18146657943725586
SetupB_DensityScaling,30,5000,5,sf,linear_sem,4,Standard PC,0.8604651162790697,0.9736842105263158,0.7708333333333334,12.0,10380,9305,8870,9305,1075,4.131827116012573,4.0828447341918945,0.04898238182067871
SetupB_DensityScaling,30,5000,5,sf,linear_sem,5,Standard PC,0.5,0.5416666666666666,0.4642857142857143,52.0,48237,46060,45625,46060,2177,38.37379336357117,38.18631935119629,0.18747401237487793
SetupB_DensityScaling,30,5000,5,sf,linear_sem,6,Standard PC,0.6590909090909092,0.90625,0.5178571428571429,30.0,8382,6479,6044,6479,1903,0.8962080478668213,0.8681318759918213,0.028076171875
SetupB_DensityScaling,30,5000,5,sf,linear_sem,7,Standard PC,0.5894736842105263,0.7,0.509090909090909,39.0,10573,9290,8855,9290,1283,2.358976364135742,2.3132212162017822,0.04575514793395996
SetupB_DensityScaling,30,5000,5,sf,linear_sem,8,Standard PC,0.7586206896551724,0.9705882352941176,0.6226415094339622,21.0,8980,7364,6929,7364,1616,0.8178443908691406,0.7881395816802979,0.029704809188842773
SetupB_DensityScaling,30,5000,5,sf,linear_sem,9,Standard PC,0.6585365853658536,0.8181818181818182,0.5510204081632653,28.0,8286,6943,6508,6943,1343,1.0495710372924805,1.0150513648986816,0.03451967239379883
SetupB_DensityScaling,30,5000,5,sf,linear_sem,10,Standard PC,0.6741573033707865,0.8333333333333334,0.5660377358490566,29.0,6629,5312,4877,5312,1317,1.139944314956665,1.1108593940734863,0.02908492088317871
SetupB_DensityScaling,30,5000,5,sf,linear_sem,11,Standard PC,0.8181818181818181,0.9473684210526315,0.72,16.0,6301,5154,4719,5154,1147,0.7513251304626465,0.7235054969787598,0.02781963348388672
SetupB_DensityScaling,30,5000,5,sf,linear_sem,12,Standard PC,0.723404255319149,0.85,0.6296296296296297,26.0,5996,4854,4419,4854,1142,1.0746142864227295,1.0465917587280273,0.02802252769470215
SetupB_DensityScaling,30,5000,5,sf,linear_sem,13,Standard PC,0.7526881720430108,0.8974358974358975,0.6481481481481481,23.0,7485,5817,5382,5817,1668,2.9437851905822754,2.9075589179992676,0.03622627258300781
SetupB_DensityScaling,30,5000,5,sf,linear_sem,14,Standard PC,0.888888888888889,0.9523809523809523,0.8333333333333334,10.0,8543,7285,6850,7285,1258,2.584986925125122,2.555462121963501,0.029524803161621094
SetupB_DensityScaling,30,5000,5,sf,linear_sem,15,Standard PC,0.8444444444444444,0.9047619047619048,0.7916666666666666,14.0,6251,5443,5008,5443,808,1.1132025718688965,1.0892481803894043,0.023954391479492188
SetupB_DensityScaling,30,5000,5,sf,linear_sem,16,Standard PC,0.7446808510638298,0.9210526315789473,0.625,24.0,9823,7880,7445,7880,1943,2.0045104026794434,1.9622747898101807,0.042235612869262695
SetupB_DensityScaling,30,5000,5,sf,linear_sem,17,Standard PC,0.7692307692307692,0.875,0.6862745098039216,21.0,8497,7188,6753,7188,1309,1.3650588989257812,1.3282170295715332,0.03684186935424805
SetupB_DensityScaling,30,5000,5,sf,linear_sem,18,Standard PC,0.6363636363636364,0.875,0.5,32.0,6654,4807,4372,4807,1847,0.8659965991973877,0.8371803760528564,0.02881622314453125
SetupB_DensityScaling,30,5000,5,sf,linear_sem,19,Standard PC,0.7912087912087913,0.9230769230769231,0.6923076923076923,19.0,8559,7073,6638,7073,1486,1.3457834720611572,1.3126773834228516,0.033106088638305664
SetupB_DensityScaling,30,5000,5,sf,linear_sem,20,Standard PC,0.7216494845360826,0.8536585365853658,0.625,27.0,9389,7580,7145,7580,1809,2.329106092453003,2.2899880409240723,0.039118051528930664
SetupB_DensityScaling,30,5000,5,sf,linear_sem,21,Standard PC,0.7317073170731707,0.9375,0.6,22.0,8480,6478,6043,6478,2002,1.2501811981201172,1.2159643173217773,0.034216880798339844
SetupB_DensityScaling,30,5000,5,sf,linear_sem,22,Standard PC,0.7234042553191489,0.8095238095238095,0.6538461538461539,26.0,13749,12639,12204,12639,1110,6.5426225662231445,6.4856414794921875,0.05698108673095703
SetupB_DensityScaling,30,5000,5,sf,linear_sem,23,Standard PC,0.6966292134831461,0.8378378378378378,0.5961538461538461,27.0,6767,5373,4938,5373,1394,3.752803325653076,3.7268834114074707,0.02591991424560547
SetupB_DensityScaling,30,5000,5,sf,linear_sem,24,Standard PC,0.7499999999999999,0.8918918918918919,0.6470588235294118,22.0,6464,5038,4603,5038,1426,1.3315987586975098,1.3075976371765137,0.024001121520996094
SetupB_DensityScaling,30,5000,5,sf,linear_sem,25,Standard PC,0.7272727272727272,0.9142857142857143,0.6037735849056604,24.0,8891,7476,7041,7476,1415,7.753977298736572,7.714173078536987,0.03980422019958496
SetupB_DensityScaling,30,5000,5,sf,linear_sem,26,Standard PC,0.7659574468085106,0.9,0.6666666666666666,22.0,7080,5601,5166,5601,1479,1.2715795040130615,1.239527702331543,0.032051801681518555
SetupB_DensityScaling,30,5000,5,sf,linear_sem,27,Standard PC,0.7708333333333333,0.925,0.6607142857142857,22.0,8181,6636,6201,6636,1545,1.440398931503296,1.40616774559021,0.03423118591308594
SetupB_DensityScaling,30,5000,5,sf,linear_sem,28,Standard PC,0.7294117647058823,0.8611111111111112,0.6326530612244898,23.0,8522,7175,6740,7175,1347,3.2138633728027344,3.1790544986724854,0.03480887413024902
SetupB_DensityScaling,30,5000,5,sf,linear_sem,29,Standard PC,0.7333333333333333,0.8918918918918919,0.6226415094339622,24.0,6370,5056,4621,5056,1314,2.5783700942993164,2.5495493412017822,0.02882075309753418
SetupB_DensityScaling,30,5000,5,sf,linear_sem,0,DF-PC (Pure),0.6862745098039216,0.7608695652173914,0.625,32.0,10594,3470,3035,3470,7124,1.0373401641845703,0.8507938385009766,0.18654632568359375
SetupB_DensityScaling,30,5000,5,sf,linear_sem,1,DF-PC (Pure),0.6593406593406594,0.8108108108108109,0.5555555555555556,31.0,7684,2961,2526,2961,4723,0.5320775508880615,0.43187689781188965,0.10020065307617188
SetupB_DensityScaling,30,5000,5,sf,linear_sem,2,DF-PC (Pure),0.7000000000000001,0.7777777777777778,0.6363636363636364,30.0,9298,3702,3267,3702,5596,1.143362283706665,0.97892165184021,0.16444063186645508
SetupB_DensityScaling,30,5000,5,sf,linear_sem,3,DF-PC (Pure),0.7450980392156863,0.8085106382978723,0.6909090909090909,26.0,34551,5215,4780,5215,29336,7.430439710617065,5.251608848571777,2.178830862045288
SetupB_DensityScaling,30,5000,5,sf,linear_sem,4,DF-PC (Pure),0.8505747126436781,0.9487179487179487,0.7708333333333334,13.0,10558,3394,2959,3394,7164,2.7830605506896973,2.4774112701416016,0.3056492805480957
SetupB_DensityScaling,30,5000,5,sf,linear_sem,5,DF-PC (Pure),0.5192307692307692,0.5625,0.48214285714285715,50.0,48593,9080,8645,9080,39513,7.84330415725708,5.611491441726685,2.2318127155303955
SetupB_DensityScaling,30,5000,5,sf,linear_sem,6,DF-PC (Pure),0.6590909090909092,0.90625,0.5178571428571429,30.0,8382,4192,3757,4192,4190,1.6325147151947021,1.4999232292175293,0.13259148597717285
SetupB_DensityScaling,30,5000,5,sf,linear_sem,7,DF-PC (Pure),0.6041666666666666,0.7073170731707317,0.5272727272727272,38.0,11396,4089,3654,4089,7307,0.7417950630187988,0.5374975204467773,0.20429754257202148
SetupB_DensityScaling,30,5000,5,sf,linear_sem,8,DF-PC (Pure),0.7586206896551724,0.9705882352941176,0.6226415094339622,21.0,9250,3824,3389,3824,5426,1.673614501953125,1.5283691883087158,0.14524531364440918
SetupB_DensityScaling,30,5000,5,sf,linear_sem,9,DF-PC (Pure),0.6352941176470588,0.75,0.5510204081632653,31.0,8646,2836,2401,2836,5810,0.7391321659088135,0.6127114295959473,0.1264207363128662
SetupB_DensityScaling,30,5000,5,sf,linear_sem,10,DF-PC (Pure),0.6888888888888889,0.8378378378378378,0.5849056603773585,28.0,7033,3044,2609,3044,3989,1.8616845607757568,1.7410311698913574,0.12065339088439941
SetupB_DensityScaling,30,5000,5,sf,linear_sem,11,DF-PC (Pure),0.8181818181818181,0.9473684210526315,0.72,16.0,6309,2634,2199,2634,3675,0.41951513290405273,0.331256628036499,0.08825850486755371
SetupB_DensityScaling,30,5000,5,sf,linear_sem,12,DF-PC (Pure),0.75,0.8571428571428571,0.6666666666666666,24.0,6186,2496,2061,2496,3690,0.7544960975646973,0.6594886779785156,0.09500741958618164
SetupB_DensityScaling,30,5000,5,sf,linear_sem,13,DF-PC (Pure),0.7526881720430108,0.8974358974358975,0.6481481481481481,23.0,7485,3239,2804,3239,4246,1.0174379348754883,0.9127585887908936,0.10467934608459473
SetupB_DensityScaling,30,5000,5,sf,linear_sem,14,DF-PC (Pure),0.888888888888889,0.9523809523809523,0.8333333333333334,10.0,8543,4425,3990,4425,4118,5.062932729721069,4.847600698471069,0.21533203125
SetupB_DensityScaling,30,5000,5,sf,linear_sem,15,DF-PC (Pure),0.8444444444444444,0.9047619047619048,0.7916666666666666,14.0,6314,1263,828,1263,5051,0.2906911373138428,0.18250656127929688,0.1081845760345459
SetupB_DensityScaling,30,5000,5,sf,linear_sem,16,DF-PC (Pure),0.736842105263158,0.8974358974358975,0.625,25.0,9827,4633,4198,4633,5194,0.8616921901702881,0.7154209613800049,0.1462712287902832
SetupB_DensityScaling,30,5000,5,sf,linear_sem,17,DF-PC (Pure),0.7608695652173912,0.8536585365853658,0.6862745098039216,22.0,9684,3458,3023,3458,6226,0.8917925357818604,0.7300815582275391,0.1617109775543213
SetupB_DensityScaling,30,5000,5,sf,linear_sem,18,DF-PC (Pure),0.6222222222222222,0.8235294117647058,0.5,34.0,6753,3552,3117,3552,3201,0.8551039695739746,0.7125282287597656,0.14257574081420898
SetupB_DensityScaling,30,5000,5,sf,linear_sem,19,DF-PC (Pure),0.8043478260869567,0.925,0.7115384615384616,18.0,8872,3697,3262,3697,5175,1.2466537952423096,1.0603950023651123,0.18625879287719727
SetupB_DensityScaling,30,5000,5,sf,linear_sem,20,DF-PC (Pure),0.7216494845360826,0.8536585365853658,0.625,27.0,9470,3979,3544,3979,5491,1.4556543827056885,1.284778356552124,0.17087602615356445
SetupB_DensityScaling,30,5000,5,sf,linear_sem,21,DF-PC (Pure),0.7317073170731707,0.9375,0.6,22.0,8480,4257,3822,4257,4223,1.081451654434204,0.9570472240447998,0.1244044303894043
SetupB_DensityScaling,30,5000,5,sf,linear_sem,22,DF-PC (Pure),0.7234042553191489,0.8095238095238095,0.6538461538461539,26.0,13791,2437,2002,2437,11354,0.5889804363250732,0.30482983589172363,0.2841506004333496
SetupB_DensityScaling,30,5000,5,sf,linear_sem,23,DF-PC (Pure),0.6888888888888889,0.8157894736842105,0.5961538461538461,28.0,6850,3150,2715,3150,3700,0.9037103652954102,0.7901468276977539,0.11356353759765625
SetupB_DensityScaling,30,5000,5,sf,linear_sem,24,DF-PC (Pure),0.7415730337078651,0.868421052631579,0.6470588235294118,23.0,6500,2520,2085,2520,3980,1.0382046699523926,0.9304850101470947,0.10771965980529785
SetupB_DensityScaling,30,5000,5,sf,linear_sem,25,DF-PC (Pure),0.7415730337078651,0.9166666666666666,0.6226415094339622,23.0,8920,2863,2428,2863,6057,5.701558351516724,5.509835958480835,0.19172239303588867
SetupB_DensityScaling,30,5000,5,sf,linear_sem,26,DF-PC (Pure),0.75,0.8571428571428571,0.6666666666666666,24.0,7248,2770,2335,2770,4478,0.8726208209991455,0.7670681476593018,0.10555267333984375
SetupB_DensityScaling,30,5000,5,sf,linear_sem,27,DF-PC (Pure),0.7708333333333333,0.925,0.6607142857142857,22.0,8181,3057,2622,3057,5124,0.9754559993743896,0.8263740539550781,0.14908194541931152
SetupB_DensityScaling,30,5000,5,sf,linear_sem,28,DF-PC (Pure),0.7045454545454547,0.7948717948717948,0.6326530612244898,26.0,8940,4177,3742,4177,4763,5.745618581771851,5.530673980712891,0.21494460105895996
SetupB_DensityScaling,30,5000,5,sf,linear_sem,29,DF-PC (Pure),0.7333333333333333,0.8918918918918919,0.6226415094339622,24.0,6380,2575,2140,2575,3805,1.831852674484253,1.7445871829986572,0.0872654914855957
SetupB_DensityScaling,30,5000,6,er,linear_sem,0,Standard PC,0.4,0.7142857142857143,0.2777777777777778,75.0,23194,16019,15584,16019,7175,1.8385388851165771,1.7719228267669678,0.06661605834960938
SetupB_DensityScaling,30,5000,6,er,linear_sem,1,Standard PC,0.4651162790697674,0.7692307692307693,0.3333333333333333,69.0,28259,19307,18872,19307,8952,3.913037061691284,3.817579507827759,0.09545755386352539
SetupB_DensityScaling,30,5000,6,er,linear_sem,2,Standard PC,0.4,0.7142857142857143,0.2777777777777778,75.0,23963,15946,15511,15946,8017,4.117406845092773,4.031881332397461,0.0855255126953125
SetupB_DensityScaling,30,5000,6,er,linear_sem,3,Standard PC,0.432,0.7714285714285715,0.3,71.0,21964,15158,14723,15158,6806,3.6120026111602783,3.5417659282684326,0.0702366828918457
SetupB_DensityScaling,30,5000,6,er,linear_sem,4,Standard PC,0.3389830508474576,0.7142857142857143,0.2222222222222222,78.0,21831,15357,14922,15357,6474,3.19115948677063,3.1199615001678467,0.0711979866027832
SetupB_DensityScaling,30,5000,6,er,linear_sem,5,Standard PC,0.48854961832061067,0.7804878048780488,0.35555555555555557,67.0,27046,19067,18632,19067,7979,2.743837833404541,2.6554388999938965,0.08839893341064453
SetupB_DensityScaling,30,5000,6,er,linear_sem,6,Standard PC,0.38655462184873945,0.7931034482758621,0.25555555555555554,73.0,29318,19648,19213,19648,9670,17.14323353767395,17.024406909942627,0.11882662773132324
SetupB_DensityScaling,30,5000,6,er,linear_sem,7,Standard PC,0.4776119402985074,0.7272727272727273,0.35555555555555557,70.0,21356,15560,15125,15560,5796,4.8722825050354,4.786391258239746,0.0858912467956543
SetupB_DensityScaling,30,5000,6,er,linear_sem,8,Standard PC,0.40625,0.6842105263157895,0.28888888888888886,76.0,27478,18753,18318,18753,8725,8.41036081314087,8.320235252380371,0.09012556076049805
SetupB_DensityScaling,30,5000,6,er,linear_sem,9,Standard PC,0.5076923076923078,0.8048780487804879,0.3707865168539326,64.0,19112,12864,12429,12864,6248,3.304569959640503,3.246574878692627,0.05799508094787598
SetupB_DensityScaling,30,5000,6,er,linear_sem,10,Standard PC,0.46153846153846156,0.75,0.3333333333333333,70.0,26131,17732,17297,17732,8399,1.9792518615722656,1.9050967693328857,0.07415509223937988
SetupB_DensityScaling,30,5000,6,er,linear_sem,11,Standard PC,0.5074626865671641,0.7391304347826086,0.38636363636363635,66.0,23730,16491,16056,16491,7239,12.207420825958252,12.123372793197632,0.08404803276062012
SetupB_DensityScaling,30,5000,6,er,linear_sem,12,Standard PC,0.41860465116279066,0.6923076923076923,0.3,75.0,27443,19273,18838,19273,8170,3.8249077796936035,3.733213186264038,0.09169459342956543
SetupB_DensityScaling,30,5000,6,er,linear_sem,13,Standard PC,0.32478632478632474,0.7037037037037037,0.2111111111111111,79.0,23527,15555,15120,15555,7972,3.4693238735198975,3.3890390396118164,0.08028483390808105
SetupB_DensityScaling,30,5000,6,er,linear_sem,14,Standard PC,0.523076923076923,0.85,0.37777777777777777,62.0,20458,14496,14061,14496,5962,2.8121657371520996,2.7405800819396973,0.07158565521240234
SetupB_DensityScaling,30,5000,6,er,linear_sem,15,Standard PC,0.42748091603053434,0.6829268292682927,0.3111111111111111,75.0,22415,15725,15290,15725,6690,2.608560085296631,2.537691593170166,0.07086849212646484
SetupB_DensityScaling,30,5000,6,er,linear_sem,16,Standard PC,0.48571428571428565,0.68,0.37777777777777777,72.0,22397,15878,15443,15878,6519,1.8370327949523926,1.7702157497406006,0.06681704521179199
SetupB_DensityScaling,30,5000,6,er,linear_sem,17,Standard PC,0.4033613445378151,0.8275862068965517,0.26666666666666666,71.0,22043,14141,13706,14141,7902,2.221306562423706,2.1488051414489746,0.07250142097473145
SetupB_DensityScaling,30,5000,6,er,linear_sem,18,Standard PC,0.3934426229508197,0.75,0.26666666666666666,74.0,28454,18665,18230,18665,9789,20.67487382888794,20.557128190994263,0.11774563789367676
SetupB_DensityScaling,30,5000,6,er,linear_sem,19,Standard PC,0.4375,0.7368421052631579,0.3111111111111111,72.0,24442,16405,15970,16405,8037,3.352217197418213,3.265117883682251,0.08709931373596191
SetupB_DensityScaling,30,5000,6,er,linear_sem,20,Standard PC,0.3333333333333333,0.6666666666666666,0.2222222222222222,80.0,25188,17220,16785,17220,7968,3.5159542560577393,3.4224209785461426,0.09353327751159668
SetupB_DensityScaling,30,5000,6,er,linear_sem,21,Standard PC,0.40310077519379844,0.6666666666666666,0.28888888888888886,77.0,32123,21981,21546,21981,10142,4.165345907211304,4.0475640296936035,0.1177818775177002
SetupB_DensityScaling,30,5000,6,er,linear_sem,22,Standard PC,0.359375,0.6052631578947368,0.25555555555555554,82.0,24546,17064,16629,17064,7482,24.12992238998413,24.03441548347473,0.09550690650939941
SetupB_DensityScaling,30,5000,6,er,linear_sem,23,Standard PC,0.360655737704918,0.6875,0.24444444444444444,78.0,21813,15706,15271,15706,6107,2.9379615783691406,2.8545548915863037,0.08340668678283691
SetupB_DensityScaling,30,5000,6,er,linear_sem,24,Standard PC,0.448,0.8,0.3111111111111111,69.0,21386,14524,14089,14524,6862,2.624922037124634,2.562277317047119,0.06264472007751465
SetupB_DensityScaling,30,5000,6,er,linear_sem,25,Standard PC,0.46268656716417905,0.7045454545454546,0.34444444444444444,72.0,20669,14209,13774,14209,6460,3.8708534240722656,3.790386438369751,0.08046698570251465
SetupB_DensityScaling,30,5000,6,er,linear_sem,26,Standard PC,0.36363636363636365,0.7096774193548387,0.24444444444444444,77.0,25185,17401,16966,17401,7784,3.3244197368621826,3.2457215785980225,0.07869815826416016
SetupB_DensityScaling,30,5000,6,er,linear_sem,27,Standard PC,0.47244094488188976,0.8108108108108109,0.3333333333333333,67.0,23427,16702,16267,16702,6725,1.9744312763214111,1.9047214984893799,0.06970977783203125
SetupB_DensityScaling,30,5000,6,er,linear_sem,28,Standard PC,0.47826086956521735,0.6875,0.36666666666666664,72.0,21323,14715,14280,14715,6608,4.764112710952759,4.66888427734375,0.09522843360900879
SetupB_DensityScaling,30,5000,6,er,linear_sem,29,Standard PC,0.42276422764227634,0.7878787878787878,0.28888888888888886,71.0,23227,15485,15050,15485,7742,1.7698278427124023,1.7033884525299072,0.06643939018249512
SetupB_DensityScaling,30,5000,6,er,linear_sem,0,DF-PC (Pure),0.4,0.7142857142857143,0.2777777777777778,75.0,23194,14434,13999,14434,8760,3.112992763519287,2.7695677280426025,0.34342503547668457
SetupB_DensityScaling,30,5000,6,er,linear_sem,1,DF-PC (Pure),0.4651162790697674,0.7692307692307693,0.3333333333333333,69.0,28259,17741,17306,17741,10518,3.622281312942505,3.2129504680633545,0.4093308448791504
SetupB_DensityScaling,30,5000,6,er,linear_sem,2,DF-PC (Pure),0.4,0.7142857142857143,0.2777777777777778,75.0,23963,14608,14173,14608,9355,3.444559335708618,3.1349713802337646,0.3095879554748535
SetupB_DensityScaling,30,5000,6,er,linear_sem,3,DF-PC (Pure),0.432,0.7714285714285715,0.3,71.0,21986,13038,12603,13038,8948,3.7062792778015137,3.389143228530884,0.3171360492706299
SetupB_DensityScaling,30,5000,6,er,linear_sem,4,DF-PC (Pure),0.3389830508474576,0.7142857142857143,0.2222222222222222,78.0,21876,13594,13159,13594,8282,3.9629151821136475,3.623051166534424,0.33986401557922363
SetupB_DensityScaling,30,5000,6,er,linear_sem,5,DF-PC (Pure),0.48854961832061067,0.7804878048780488,0.35555555555555557,67.0,27046,17028,16593,17028,10018,2.340827465057373,1.9914045333862305,0.3494229316711426
SetupB_DensityScaling,30,5000,6,er,linear_sem,6,DF-PC (Pure),0.38655462184873945,0.7931034482758621,0.25555555555555554,73.0,29345,18516,18081,18516,10829,2.518112897872925,2.1482036113739014,0.36990928649902344
SetupB_DensityScaling,30,5000,6,er,linear_sem,7,DF-PC (Pure),0.4888888888888889,0.7333333333333333,0.36666666666666664,69.0,21441,12758,12323,12758,8683,2.5902907848358154,2.270855188369751,0.31943559646606445
SetupB_DensityScaling,30,5000,6,er,linear_sem,8,DF-PC (Pure),0.40625,0.6842105263157895,0.28888888888888886,76.0,27481,17201,16766,17201,10280,3.5480258464813232,3.139737129211426,0.40828871726989746
SetupB_DensityScaling,30,5000,6,er,linear_sem,9,DF-PC (Pure),0.5076923076923078,0.8048780487804879,0.3707865168539326,64.0,19112,11267,10832,11267,7845,2.496079444885254,2.2093756198883057,0.28670382499694824
SetupB_DensityScaling,30,5000,6,er,linear_sem,10,DF-PC (Pure),0.46153846153846156,0.75,0.3333333333333333,70.0,26149,16271,15836,16271,9878,3.0763115882873535,2.697209119796753,0.3791024684906006
SetupB_DensityScaling,30,5000,6,er,linear_sem,11,DF-PC (Pure),0.5074626865671641,0.7391304347826086,0.38636363636363635,66.0,23730,14434,13999,14434,9296,2.8229784965515137,2.475801467895508,0.34717702865600586
SetupB_DensityScaling,30,5000,6,er,linear_sem,12,DF-PC (Pure),0.421875,0.7105263157894737,0.3,74.0,27550,17452,17017,17452,10098,3.9937360286712646,3.598811388015747,0.3949246406555176
SetupB_DensityScaling,30,5000,6,er,linear_sem,13,DF-PC (Pure),0.3389830508474576,0.7142857142857143,0.2222222222222222,78.0,23535,14229,13794,14229,9306,9.331159591674805,9.032526969909668,0.2986326217651367
SetupB_DensityScaling,30,5000,6,er,linear_sem,14,DF-PC (Pure),0.523076923076923,0.85,0.37777777777777777,62.0,20466,12117,11682,12117,8349,3.3295302391052246,3.0278401374816895,0.30169010162353516
SetupB_DensityScaling,30,5000,6,er,linear_sem,15,DF-PC (Pure),0.42748091603053434,0.6829268292682927,0.3111111111111111,75.0,22417,13779,13344,13779,8638,2.639585494995117,2.3042774200439453,0.3353080749511719
SetupB_DensityScaling,30,5000,6,er,linear_sem,16,DF-PC (Pure),0.48571428571428565,0.68,0.37777777777777777,72.0,22397,13780,13345,13780,8617,5.386294841766357,5.065391302108765,0.3209035396575928
SetupB_DensityScaling,30,5000,6,er,linear_sem,17,DF-PC (Pure),0.4033613445378151,0.8275862068965517,0.26666666666666666,71.0,22054,13013,12578,13013,9041,1.6714012622833252,1.4194464683532715,0.2519547939300537
SetupB_DensityScaling,30,5000,6,er,linear_sem,18,DF-PC (Pure),0.3934426229508197,0.75,0.26666666666666666,74.0,28467,17915,17480,17915,10552,3.5375590324401855,3.137270927429199,0.40028810501098633
SetupB_DensityScaling,30,5000,6,er,linear_sem,19,DF-PC (Pure),0.4375,0.7368421052631579,0.3111111111111111,72.0,24600,15158,14723,15158,9442,4.930646657943726,4.6193623542785645,0.31128430366516113
SetupB_DensityScaling,30,5000,6,er,linear_sem,20,DF-PC (Pure),0.3333333333333333,0.6666666666666666,0.2222222222222222,80.0,25294,15445,15010,15445,9849,3.6531014442443848,3.2921602725982666,0.36094117164611816
SetupB_DensityScaling,30,5000,6,er,linear_sem,21,DF-PC (Pure),0.40310077519379844,0.6666666666666666,0.28888888888888886,77.0,32181,20751,20316,20751,11430,4.9185791015625,4.43182110786438,0.4867579936981201
SetupB_DensityScaling,30,5000,6,er,linear_sem,22,DF-PC (Pure),0.359375,0.6052631578947368,0.25555555555555554,82.0,24603,15307,14872,15307,9296,2.8439881801605225,2.5354161262512207,0.30857205390930176
SetupB_DensityScaling,30,5000,6,er,linear_sem,23,DF-PC (Pure),0.360655737704918,0.6875,0.24444444444444444,78.0,21824,13632,13197,13632,8192,7.2646849155426025,6.907389402389526,0.35729551315307617
SetupB_DensityScaling,30,5000,6,er,linear_sem,24,DF-PC (Pure),0.448,0.8,0.3111111111111111,69.0,21389,12626,12191,12626,8763,6.511196136474609,6.185254812240601,0.3259413242340088
SetupB_DensityScaling,30,5000,6,er,linear_sem,25,DF-PC (Pure),0.46268656716417905,0.7045454545454546,0.34444444444444444,72.0,20880,12697,12262,12697,8183,2.3842060565948486,2.0813181400299072,0.3028879165649414
SetupB_DensityScaling,30,5000,6,er,linear_sem,26,DF-PC (Pure),0.3770491803278688,0.71875,0.25555555555555554,76.0,25449,15900,15465,15900,9549,2.858628034591675,2.4801132678985596,0.37851476669311523
SetupB_DensityScaling,30,5000,6,er,linear_sem,27,DF-PC (Pure),0.47244094488188976,0.8108108108108109,0.3333333333333333,67.0,23429,14497,14062,14497,8932,2.0063107013702393,1.7079663276672363,0.29834437370300293
SetupB_DensityScaling,30,5000,6,er,linear_sem,28,DF-PC (Pure),0.47826086956521735,0.6875,0.36666666666666664,72.0,21378,13177,12742,13177,8201,2.9811928272247314,2.667337656021118,0.3138551712036133
SetupB_DensityScaling,30,5000,6,er,linear_sem,29,DF-PC (Pure),0.42276422764227634,0.7878787878787878,0.28888888888888886,71.0,23342,14392,13957,14392,8950,2.611278533935547,2.27720308303833,0.3340754508972168
SetupB_DensityScaling,30,5000,6,sf,linear_sem,0,Standard PC,0.6324786324786325,0.8409090909090909,0.5068493150684932,43.0,13311,10124,9689,10124,3187,2.027458429336548,1.9735164642333984,0.053941965103149414
SetupB_DensityScaling,30,5000,6,sf,linear_sem,1,Standard PC,0.6178861788617886,0.8444444444444444,0.48717948717948717,47.0,11920,9048,8613,9048,2872,1.9671499729156494,1.9219257831573486,0.04522418975830078
SetupB_DensityScaling,30,5000,6,sf,linear_sem,2,Standard PC,0.6017699115044247,0.8095238095238095,0.4788732394366197,45.0,11477,8458,8023,8458,3019,8.098308324813843,8.056008100509644,0.04230022430419922
SetupB_DensityScaling,30,5000,6,sf,linear_sem,3,Standard PC,0.49523809523809526,0.7647058823529411,0.36619718309859156,53.0,8818,6815,6380,6815,2003,1.2282559871673584,1.1911232471466064,0.03713274002075195
SetupB_DensityScaling,30,5000,6,sf,linear_sem,4,Standard PC,0.6153846153846153,0.75,0.5217391304347826,45.0,15678,13524,13089,13524,2154,6.200876951217651,6.132577419281006,0.06829953193664551
SetupB_DensityScaling,30,5000,6,sf,linear_sem,5,Standard PC,0.547008547008547,0.7804878048780488,0.42105263157894735,53.0,13925,10481,10046,10481,3444,1.1758928298950195,1.1324093341827393,0.04348349571228027
SetupB_DensityScaling,30,5000,6,sf,linear_sem,6,Standard PC,0.5409836065573771,0.7674418604651163,0.4177215189873418,56.0,14592,11425,10990,11425,3167,3.614485740661621,3.551783561706543,0.06270217895507812
SetupB_DensityScaling,30,5000,6,sf,linear_sem,7,Standard PC,0.485981308411215,0.7027027027027027,0.37142857142857144,55.0,12545,9726,9291,9726,2819,1.782421350479126,1.7315459251403809,0.05087542533874512
SetupB_DensityScaling,30,5000,6,sf,linear_sem,8,Standard PC,0.6719999999999999,0.875,0.5454545454545454,41.0,17992,15358,14923,15358,2634,14.23787522315979,14.17046856880188,0.06740665435791016
SetupB_DensityScaling,30,5000,6,sf,linear_sem,9,Standard PC,0.49572649572649574,0.6904761904761905,0.38666666666666666,59.0,13966,10578,10143,10578,3388,1.7896616458892822,1.7341923713684082,0.05546927452087402
SetupB_DensityScaling,30,5000,6,sf,linear_sem,10,Standard PC,0.4423076923076923,0.8518518518518519,0.2987012987012987,58.0,10853,7300,6865,7300,3553,1.3778529167175293,1.3349688053131104,0.042884111404418945
SetupB_DensityScaling,30,5000,6,sf,linear_sem,11,Standard PC,0.6909090909090908,0.9047619047619048,0.5588235294117647,34.0,11563,8764,8329,8764,2799,2.387012004852295,2.339282274246216,0.0477297306060791
SetupB_DensityScaling,30,5000,6,sf,linear_sem,12,Standard PC,0.6017699115044247,0.8947368421052632,0.4533333333333333,45.0,11871,8485,8050,8485,3386,1.4254939556121826,1.3795831203460693,0.04591083526611328
SetupB_DensityScaling,30,5000,6,sf,linear_sem,13,Standard PC,0.5405405405405405,0.7894736842105263,0.410958904109589,51.0,15186,11162,10727,11162,4024,1.2846899032592773,1.2372393608093262,0.04745054244995117
SetupB_DensityScaling,30,5000,6,sf,linear_sem,14,Standard PC,0.5625,0.6545454545454545,0.4931506849315068,56.0,15011,12342,11907,12342,2669,5.233153820037842,5.174785852432251,0.05836796760559082
SetupB_DensityScaling,30,5000,6,sf,linear_sem,15,Standard PC,0.5794392523364487,0.8157894736842105,0.4492753623188406,45.0,8178,5594,5159,5594,2584,0.6674892902374268,0.6389026641845703,0.028586626052856445
SetupB_DensityScaling,30,5000,6,sf,linear_sem,16,Standard PC,0.4864864864864865,0.7297297297297297,0.36486486486486486,57.0,14031,10245,9810,10245,3786,2.9195752143859863,2.8713762760162354,0.04819893836975098
SetupB_DensityScaling,30,5000,6,sf,linear_sem,17,Standard PC,0.5203252032520326,0.6956521739130435,0.4155844155844156,59.0,13039,10046,9611,10046,2993,1.922560453414917,1.8698859214782715,0.05267453193664551
SetupB_DensityScaling,30,5000,6,sf,linear_sem,18,Standard PC,0.5862068965517242,0.8095238095238095,0.4594594594594595,48.0,9399,7231,6796,7231,2168,0.9870243072509766,0.9540956020355225,0.0329287052154541
SetupB_DensityScaling,30,5000,6,sf,linear_sem,19,Standard PC,0.5245901639344263,0.7441860465116279,0.4050632911392405,58.0,15749,11749,11314,11749,4000,2.1154732704162598,2.0584983825683594,0.05697488784790039
SetupB_DensityScaling,30,5000,6,sf,linear_sem,20,Standard PC,0.5423728813559321,0.8,0.41025641025641024,54.0,9710,7293,6858,7293,2417,2.0727949142456055,2.0334460735321045,0.03934884071350098
SetupB_DensityScaling,30,5000,6,sf,linear_sem,21,Standard PC,0.6126126126126126,0.918918918918919,0.4594594594594595,43.0,13142,9227,8792,9227,3915,1.097426176071167,1.056415319442749,0.04101085662841797
SetupB_DensityScaling,30,5000,6,sf,linear_sem,22,Standard PC,0.5378151260504201,0.8205128205128205,0.4,55.0,15545,11122,10687,11122,4423,4.785836458206177,4.7296130657196045,0.056223392486572266
SetupB_DensityScaling,30,5000,6,sf,linear_sem,23,Standard PC,0.5811965811965812,0.7906976744186046,0.4594594594594595,49.0,10417,8094,7659,8094,2323,1.6115036010742188,1.5682754516601562,0.0432281494140625
SetupB_DensityScaling,30,5000,6,sf,linear_sem,24,Standard PC,0.6446280991735538,0.8666666666666667,0.5131578947368421,43.0,10367,7904,7469,7904,2463,0.9181003570556641,0.883094072341919,0.03500628471374512
SetupB_DensityScaling,30,5000,6,sf,linear_sem,25,Standard PC,0.7419354838709677,0.8679245283018868,0.647887323943662,32.0,14793,12713,12278,12713,2080,9.461328506469727,9.401445627212524,0.05988287925720215
SetupB_DensityScaling,30,5000,6,sf,linear_sem,26,Standard PC,0.5217391304347826,0.8108108108108109,0.38461538461538464,55.0,12569,8854,8419,8854,3715,1.0097382068634033,0.971057653427124,0.0386805534362793
SetupB_DensityScaling,30,5000,6,sf,linear_sem,27,Standard PC,0.5499999999999999,0.7021276595744681,0.4520547945205479,54.0,13311,10446,10011,10446,2865,2.106306314468384,2.051793098449707,0.05451321601867676
SetupB_DensityScaling,30,5000,6,sf,linear_sem,28,Standard PC,0.6071428571428571,0.8717948717948718,0.4657534246575342,44.0,9194,7217,6782,7217,1977,8.408477067947388,8.362869501113892,0.045607566833496094
SetupB_DensityScaling,30,5000,6,sf,linear_sem,29,Standard PC,0.5225225225225226,0.8529411764705882,0.37662337662337664,53.0,11972,9037,8602,9037,2935,7.0840513706207275,7.03181791305542,0.05223345756530762
SetupB_DensityScaling,30,5000,6,sf,linear_sem,0,DF-PC (Pure),0.6271186440677966,0.8222222222222222,0.5068493150684932,44.0,13336,7409,6974,7409,5927,2.5276970863342285,2.2824418544769287,0.2452552318572998
SetupB_DensityScaling,30,5000,6,sf,linear_sem,1,DF-PC (Pure),0.6178861788617886,0.8444444444444444,0.48717948717948717,47.0,12141,6687,6252,6687,5454,8.38452959060669,8.173714637756348,0.2108149528503418
SetupB_DensityScaling,30,5000,6,sf,linear_sem,2,DF-PC (Pure),0.6017699115044247,0.8095238095238095,0.4788732394366197,45.0,11477,5995,5560,5995,5482,6.909832000732422,6.731882572174072,0.1779494285583496
SetupB_DensityScaling,30,5000,6,sf,linear_sem,3,DF-PC (Pure),0.49523809523809526,0.7647058823529411,0.36619718309859156,53.0,8964,4459,4024,4459,4505,0.8142876625061035,0.6783058643341064,0.13598179817199707
SetupB_DensityScaling,30,5000,6,sf,linear_sem,4,DF-PC (Pure),0.6153846153846153,0.75,0.5217391304347826,45.0,15681,6082,5647,6082,9599,6.961556673049927,6.50515079498291,0.4564058780670166
SetupB_DensityScaling,30,5000,6,sf,linear_sem,5,DF-PC (Pure),0.547008547008547,0.7804878048780488,0.42105263157894735,53.0,13944,7550,7115,7550,6394,1.5363757610321045,1.3299946784973145,0.20638108253479004
SetupB_DensityScaling,30,5000,6,sf,linear_sem,6,DF-PC (Pure),0.5409836065573771,0.7674418604651163,0.4177215189873418,56.0,14608,8238,7803,8238,6370,8.464173793792725,8.24025821685791,0.22391557693481445
SetupB_DensityScaling,30,5000,6,sf,linear_sem,7,DF-PC (Pure),0.485981308411215,0.7027027027027027,0.37142857142857144,55.0,12545,7121,6686,7121,5424,1.5651414394378662,1.3656623363494873,0.1994791030883789
SetupB_DensityScaling,30,5000,6,sf,linear_sem,8,DF-PC (Pure),0.6719999999999999,0.875,0.5454545454545454,41.0,17994,7373,6938,7373,10621,11.889190196990967,11.433472394943237,0.4557178020477295
SetupB_DensityScaling,30,5000,6,sf,linear_sem,9,DF-PC (Pure),0.49572649572649574,0.6904761904761905,0.38666666666666666,59.0,13976,7691,7256,7691,6285,2.0173332691192627,1.7664422988891602,0.25089097023010254
SetupB_DensityScaling,30,5000,6,sf,linear_sem,10,DF-PC (Pure),0.4339622641509434,0.7931034482758621,0.2987012987012987,60.0,11209,6068,5633,6068,5141,1.2850613594055176,1.1262965202331543,0.15876483917236328
SetupB_DensityScaling,30,5000,6,sf,linear_sem,11,DF-PC (Pure),0.6909090909090908,0.9047619047619048,0.5588235294117647,34.0,11563,6260,5825,6260,5303,1.7958576679229736,1.600841999053955,0.19501566886901855
SetupB_DensityScaling,30,5000,6,sf,linear_sem,12,DF-PC (Pure),0.591304347826087,0.85,0.4533333333333333,47.0,12036,6578,6143,6578,5458,1.868675708770752,1.6867074966430664,0.18196821212768555
SetupB_DensityScaling,30,5000,6,sf,linear_sem,13,DF-PC (Pure),0.5535714285714286,0.7948717948717948,0.4246575342465753,50.0,15830,8622,8187,8622,7208,1.2132973670959473,1.007361650466919,0.20593571662902832
SetupB_DensityScaling,30,5000,6,sf,linear_sem,14,DF-PC (Pure),0.5625,0.6545454545454545,0.4931506849315068,56.0,15019,7440,7005,7440,7579,2.2632110118865967,1.9941468238830566,0.26906418800354004
SetupB_DensityScaling,30,5000,6,sf,linear_sem,15,DF-PC (Pure),0.574074074074074,0.7948717948717948,0.4492753623188406,46.0,8225,4387,3952,4387,3838,1.5249009132385254,1.4269001483917236,0.09800076484680176
SetupB_DensityScaling,30,5000,6,sf,linear_sem,16,DF-PC (Pure),0.5,0.7368421052631579,0.3783783783783784,56.0,14090,7936,7501,7936,6154,1.7254512310028076,1.514744520187378,0.2107067108154297
SetupB_DensityScaling,30,5000,6,sf,linear_sem,17,DF-PC (Pure),0.5203252032520326,0.6956521739130435,0.4155844155844156,59.0,13088,6597,6162,6597,6491,1.4609897136688232,1.2631797790527344,0.19780993461608887
SetupB_DensityScaling,30,5000,6,sf,linear_sem,18,DF-PC (Pure),0.5739130434782609,0.8048780487804879,0.44594594594594594,49.0,9489,4616,4181,4616,4873,0.9212424755096436,0.7775282859802246,0.14371418952941895
SetupB_DensityScaling,30,5000,6,sf,linear_sem,19,DF-PC (Pure),0.5245901639344263,0.7441860465116279,0.4050632911392405,58.0,16093,9130,8695,9130,6963,1.3065857887268066,1.0896344184875488,0.2169513702392578
SetupB_DensityScaling,30,5000,6,sf,linear_sem,20,DF-PC (Pure),0.5378151260504201,0.7804878048780488,0.41025641025641024,55.0,9899,5158,4723,5158,4741,5.429534673690796,5.288151264190674,0.14138340950012207
SetupB_DensityScaling,30,5000,6,sf,linear_sem,21,DF-PC (Pure),0.6126126126126126,0.918918918918919,0.4594594594594595,43.0,13224,7451,7016,7451,5773,2.460584878921509,2.286726951599121,0.1738579273223877
SetupB_DensityScaling,30,5000,6,sf,linear_sem,22,DF-PC (Pure),0.5378151260504201,0.8205128205128205,0.4,55.0,15548,9048,8613,9048,6500,1.873605489730835,1.6384673118591309,0.2351381778717041
SetupB_DensityScaling,30,5000,6,sf,linear_sem,23,DF-PC (Pure),0.5811965811965812,0.7906976744186046,0.4594594594594595,49.0,10435,5356,4921,5356,5079,1.7438068389892578,1.6018636226654053,0.14194321632385254
SetupB_DensityScaling,30,5000,6,sf,linear_sem,24,DF-PC (Pure),0.639344262295082,0.8478260869565217,0.5131578947368421,44.0,10698,5504,5069,5504,5194,1.0554206371307373,0.8935976028442383,0.16182303428649902
SetupB_DensityScaling,30,5000,6,sf,linear_sem,25,DF-PC (Pure),0.7419354838709677,0.8679245283018868,0.647887323943662,32.0,14951,8040,7605,8040,6911,3.9745640754699707,3.6097605228424072,0.3648035526275635
SetupB_DensityScaling,30,5000,6,sf,linear_sem,26,DF-PC (Pure),0.5217391304347826,0.8108108108108109,0.38461538461538464,55.0,12699,7095,6660,7095,5604,1.5876667499542236,1.4184205532073975,0.16924619674682617
SetupB_DensityScaling,30,5000,6,sf,linear_sem,27,DF-PC (Pure),0.5454545454545454,0.6875,0.4520547945205479,55.0,13400,6882,6447,6882,6518,1.4612646102905273,1.2471246719360352,0.2141399383544922
SetupB_DensityScaling,30,5000,6,sf,linear_sem,28,DF-PC (Pure),0.631578947368421,0.8780487804878049,0.4931506849315068,42.0,9407,4538,4103,4538,4869,0.911074161529541,0.7582814693450928,0.15279269218444824
SetupB_DensityScaling,30,5000,6,sf,linear_sem,29,DF-PC (Pure),0.5225225225225226,0.8529411764705882,0.37662337662337664,53.0,12053,6683,6248,6683,5370,1.3667664527893066,1.2024519443511963,0.16431450843811035
