Nodes,Samples,Deg,Graph,Data,Rep,Algo,F1,Prec,Rec,SHD,Requests,Actual_CIT,Cond_CIT,Performed_CITs,Bypassed_CITs,Time_Total,Time_CIT,Time_Overhead
30,5000,2,er,linear_sem,0,Standard PC,0.9473684210526316,1.0,0.9,3.0,3012,2082,1647,2082,930,0.22302675247192383,0.21004557609558105,0.012981176376342773
30,5000,2,er,linear_sem,1,Standard PC,0.9666666666666667,0.9666666666666667,0.9666666666666667,2.0,2890,1985,1550,1985,905,0.21381616592407227,0.2007911205291748,0.013025045394897461
30,5000,2,er,linear_sem,2,Standard PC,0.8727272727272728,0.96,0.8,7.0,2735,1754,1319,1754,981,0.29010725021362305,0.2733449935913086,0.016762256622314453
30,5000,2,er,linear_sem,3,Standard PC,0.896551724137931,0.9285714285714286,0.8666666666666667,6.0,3642,2225,1790,2225,1417,0.3833634853363037,0.3614778518676758,0.02188563346862793
30,5000,2,er,linear_sem,4,Standard PC,1.0,1.0,1.0,0.0,1436,893,458,893,543,0.10412049293518066,0.09554028511047363,0.008580207824707031
30,5000,2,er,linear_sem,5,Standard PC,0.9666666666666667,0.9666666666666667,0.9666666666666667,2.0,4011,2444,2009,2444,1567,0.3701512813568115,0.34889960289001465,0.021251678466796875
30,5000,2,er,linear_sem,6,Standard PC,0.9666666666666667,0.9666666666666667,0.9666666666666667,2.0,3233,2175,1740,2175,1058,0.2685847282409668,0.25183749198913574,0.016747236251831055
30,5000,2,er,linear_sem,7,Standard PC,0.983050847457627,1.0,0.9666666666666667,1.0,2699,1757,1322,1757,942,0.3653078079223633,0.34604525566101074,0.01926255226135254
30,5000,2,er,linear_sem,8,Standard PC,0.8571428571428571,0.9230769230769231,0.8,8.0,2274,1294,859,1294,980,0.27127790451049805,0.2540395259857178,0.017238378524780273
30,5000,2,er,linear_sem,9,Standard PC,0.983050847457627,1.0,0.9666666666666667,1.0,2321,1344,909,1344,977,0.2540285587310791,0.23667597770690918,0.017352581024169922
30,5000,2,er,linear_sem,10,Standard PC,0.983050847457627,1.0,0.9666666666666667,1.0,2174,1360,925,1360,814,0.310776948928833,0.2912769317626953,0.019500017166137695
30,5000,2,er,linear_sem,11,Standard PC,1.0,1.0,1.0,0.0,2093,1295,860,1295,798,0.2140636444091797,0.19927000999450684,0.014793634414672852
30,5000,2,er,linear_sem,12,Standard PC,0.9152542372881356,0.9310344827586207,0.9,5.0,2750,1763,1328,1763,987,0.31859493255615234,0.29837584495544434,0.020219087600708008
30,5000,2,er,linear_sem,13,Standard PC,0.983050847457627,1.0,0.9666666666666667,1.0,1689,1081,646,1081,608,0.4068412780761719,0.39157795906066895,0.01526331901550293
30,5000,2,er,linear_sem,14,Standard PC,0.9836065573770492,0.967741935483871,1.0,1.0,1929,1231,796,1231,698,0.4646785259246826,0.45012354850769043,0.014554977416992188
30,5000,2,er,linear_sem,15,Standard PC,0.9333333333333333,0.9333333333333333,0.9333333333333333,4.0,2303,1439,1004,1439,864,0.28101253509521484,0.2657661437988281,0.015246391296386719
30,5000,2,er,linear_sem,16,Standard PC,1.0,1.0,1.0,0.0,1703,1038,603,1038,665,0.20403671264648438,0.1893625259399414,0.014674186706542969
30,5000,2,er,linear_sem,17,Standard PC,0.983050847457627,1.0,0.9666666666666667,1.0,2312,1449,1014,1449,863,0.20693492889404297,0.19306635856628418,0.013868570327758789
30,5000,2,er,linear_sem,18,Standard PC,0.912280701754386,0.9629629629629629,0.8666666666666667,5.0,2617,1569,1134,1569,1048,0.27753543853759766,0.2592146396636963,0.018320798873901367
30,5000,2,er,linear_sem,19,Standard PC,0.9152542372881356,0.9310344827586207,0.9,5.0,2185,1366,931,1366,819,0.22905588150024414,0.21386170387268066,0.015194177627563477
30,5000,2,er,linear_sem,20,Standard PC,0.9666666666666667,0.9666666666666667,0.9666666666666667,2.0,3447,1962,1527,1962,1485,0.3589591979980469,0.33647871017456055,0.022480487823486328
30,5000,2,er,linear_sem,21,Standard PC,0.8620689655172413,0.8928571428571429,0.8333333333333334,8.0,2505,1611,1176,1611,894,0.19530701637268066,0.18225550651550293,0.013051509857177734
30,5000,2,er,linear_sem,22,Standard PC,0.9491525423728815,0.9655172413793104,0.9333333333333333,3.0,1840,1093,658,1093,747,0.23525071144104004,0.21982932090759277,0.015421390533447266
30,5000,2,er,linear_sem,23,Standard PC,0.9333333333333333,0.9333333333333333,0.9333333333333333,4.0,1603,1019,584,1019,584,0.18833613395690918,0.1739795207977295,0.014356613159179688
30,5000,2,er,linear_sem,24,Standard PC,0.983050847457627,1.0,0.9666666666666667,1.0,1613,984,549,984,629,0.09810662269592285,0.09032249450683594,0.007784128189086914
30,5000,2,er,linear_sem,25,Standard PC,0.8771929824561403,0.9259259259259259,0.8333333333333334,7.0,2618,1556,1121,1556,1062,0.1765134334564209,0.16382956504821777,0.012683868408203125
30,5000,2,er,linear_sem,26,Standard PC,0.912280701754386,0.9629629629629629,0.8666666666666667,5.0,2405,1694,1259,1694,711,0.26474881172180176,0.24918198585510254,0.015566825866699219
30,5000,2,er,linear_sem,27,Standard PC,0.8135593220338982,0.8275862068965517,0.8,11.0,2466,1627,1192,1627,839,0.2587618827819824,0.24299979209899902,0.0157620906829834
30,5000,2,er,linear_sem,28,Standard PC,0.983050847457627,1.0,0.9666666666666667,1.0,3019,1856,1421,1856,1163,0.296766996383667,0.2794950008392334,0.017271995544433594
30,5000,2,er,linear_sem,29,Standard PC,0.9152542372881356,0.9310344827586207,0.9,5.0,3481,2197,1762,2197,1284,0.36205124855041504,0.3417537212371826,0.020297527313232422
30,5000,2,er,linear_sem,0,PC with deduce-dep,0.9310344827586207,0.9642857142857143,0.9,4.0,3094,2259,1824,2259,835,0.3677091598510742,0.34641170501708984,0.021297454833984375
30,5000,2,er,linear_sem,1,PC with deduce-dep,0.9666666666666667,0.9666666666666667,0.9666666666666667,2.0,2890,1992,1557,1992,898,0.2961122989654541,0.27887392044067383,0.017238378524780273
30,5000,2,er,linear_sem,2,PC with deduce-dep,0.8727272727272728,0.96,0.8,7.0,2735,1759,1324,1759,976,0.2892873287200928,0.27148985862731934,0.017797470092773438
30,5000,2,er,linear_sem,3,PC with deduce-dep,0.896551724137931,0.9285714285714286,0.8666666666666667,6.0,3642,2232,1797,2232,1410,0.36159253120422363,0.3412654399871826,0.020327091217041016
30,5000,2,er,linear_sem,4,PC with deduce-dep,1.0,1.0,1.0,0.0,1436,895,460,895,541,0.16476893424987793,0.15067100524902344,0.014097929000854492
30,5000,2,er,linear_sem,5,PC with deduce-dep,0.9666666666666667,0.9666666666666667,0.9666666666666667,2.0,4016,2457,2022,2457,1559,0.3814117908477783,0.35973691940307617,0.02167487144470215
30,5000,2,er,linear_sem,6,PC with deduce-dep,0.9508196721311476,0.9354838709677419,0.9666666666666667,3.0,3257,2215,1780,2215,1042,0.34336209297180176,0.3227858543395996,0.02057623863220215
30,5000,2,er,linear_sem,7,PC with deduce-dep,0.983050847457627,1.0,0.9666666666666667,1.0,2699,1762,1327,1762,937,0.2821485996246338,0.26586341857910156,0.016285181045532227
30,5000,2,er,linear_sem,8,PC with deduce-dep,0.8571428571428571,0.9230769230769231,0.8,8.0,2274,1297,862,1297,977,0.24597811698913574,0.22900128364562988,0.01697683334350586
30,5000,2,er,linear_sem,9,PC with deduce-dep,0.983050847457627,1.0,0.9666666666666667,1.0,2321,1348,913,1348,973,0.2398519515991211,0.2232646942138672,0.016587257385253906
30,5000,2,er,linear_sem,10,PC with deduce-dep,0.983050847457627,1.0,0.9666666666666667,1.0,2174,1365,930,1365,809,0.21693015098571777,0.2019963264465332,0.01493382453918457
30,5000,2,er,linear_sem,11,PC with deduce-dep,1.0,1.0,1.0,0.0,2093,1296,861,1296,797,0.29355955123901367,0.275784969329834,0.017774581909179688
30,5000,2,er,linear_sem,12,PC with deduce-dep,0.9152542372881356,0.9310344827586207,0.9,5.0,2750,1767,1332,1767,983,0.31959104537963867,0.2996518611907959,0.019939184188842773
30,5000,2,er,linear_sem,13,PC with deduce-dep,0.983050847457627,1.0,0.9666666666666667,1.0,1689,1082,647,1082,607,0.19658350944519043,0.1818404197692871,0.01474308967590332
30,5000,2,er,linear_sem,14,PC with deduce-dep,0.9836065573770492,0.967741935483871,1.0,1.0,1929,1234,799,1234,695,0.2027604579925537,0.18853425979614258,0.014226198196411133
30,5000,2,er,linear_sem,15,PC with deduce-dep,0.9333333333333333,0.9333333333333333,0.9333333333333333,4.0,2303,1447,1012,1447,856,0.2657952308654785,0.2481520175933838,0.017643213272094727
30,5000,2,er,linear_sem,16,PC with deduce-dep,1.0,1.0,1.0,0.0,1703,1041,606,1041,662,0.19474148750305176,0.1800236701965332,0.014717817306518555
30,5000,2,er,linear_sem,17,PC with deduce-dep,0.983050847457627,1.0,0.9666666666666667,1.0,2312,1453,1018,1453,859,0.2687642574310303,0.25110483169555664,0.017659425735473633
30,5000,2,er,linear_sem,18,PC with deduce-dep,0.912280701754386,0.9629629629629629,0.8666666666666667,5.0,2617,1579,1144,1579,1038,0.33180665969848633,0.31600332260131836,0.01580333709716797
30,5000,2,er,linear_sem,19,PC with deduce-dep,0.9152542372881356,0.9310344827586207,0.9,5.0,2185,1379,944,1379,806,0.29348206520080566,0.2763175964355469,0.01716446876525879
30,5000,2,er,linear_sem,20,PC with deduce-dep,0.9666666666666667,0.9666666666666667,0.9666666666666667,2.0,3447,1962,1527,1962,1485,0.31206393241882324,0.29401564598083496,0.01804828643798828
30,5000,2,er,linear_sem,21,PC with deduce-dep,0.8620689655172413,0.8928571428571429,0.8333333333333334,8.0,2505,1622,1187,1622,883,0.2975127696990967,0.28099942207336426,0.016513347625732422
30,5000,2,er,linear_sem,22,PC with deduce-dep,0.9333333333333333,0.9333333333333333,0.9333333333333333,4.0,1847,1108,673,1108,739,0.18351984024047852,0.16946005821228027,0.014059782028198242
30,5000,2,er,linear_sem,23,PC with deduce-dep,0.9333333333333333,0.9333333333333333,0.9333333333333333,4.0,1603,1022,587,1022,581,0.16426658630371094,0.15123605728149414,0.013030529022216797
30,5000,2,er,linear_sem,24,PC with deduce-dep,0.983050847457627,1.0,0.9666666666666667,1.0,1613,987,552,987,626,0.16428685188293457,0.15143632888793945,0.012850522994995117
30,5000,2,er,linear_sem,25,PC with deduce-dep,0.8771929824561403,0.9259259259259259,0.8333333333333334,7.0,2618,1564,1129,1564,1054,0.24987292289733887,0.2331082820892334,0.01676464080810547
30,5000,2,er,linear_sem,26,PC with deduce-dep,0.896551724137931,0.9285714285714286,0.8666666666666667,6.0,2411,1718,1283,1718,693,0.2749936580657959,0.25879907608032227,0.016194581985473633
30,5000,2,er,linear_sem,27,PC with deduce-dep,0.8135593220338982,0.8275862068965517,0.8,11.0,2466,1636,1201,1636,830,0.2894449234008789,0.2715575695037842,0.017887353897094727
30,5000,2,er,linear_sem,28,PC with deduce-dep,0.983050847457627,1.0,0.9666666666666667,1.0,3019,1862,1427,1862,1157,0.28679561614990234,0.269228458404541,0.017567157745361328
30,5000,2,er,linear_sem,29,PC with deduce-dep,0.9152542372881356,0.9310344827586207,0.9,5.0,3481,2208,1773,2208,1273,0.3963432312011719,0.3734867572784424,0.022856473922729492
30,5000,2,er,linear_sem,0,DF-PC (Pure),0.9473684210526316,1.0,0.9,3.0,3023,1379,944,1379,1644,0.24674201011657715,0.2017536163330078,0.044988393783569336
30,5000,2,er,linear_sem,1,DF-PC (Pure),0.9666666666666667,0.9666666666666667,0.9666666666666667,2.0,2901,1392,957,1392,1509,0.2971158027648926,0.24200201034545898,0.055113792419433594
30,5000,2,er,linear_sem,2,DF-PC (Pure),0.8571428571428571,0.9230769230769231,0.8,8.0,2763,1178,743,1178,1585,0.2051401138305664,0.17051959037780762,0.03462052345275879
30,5000,2,er,linear_sem,3,DF-PC (Pure),0.8666666666666667,0.8666666666666667,0.8666666666666667,8.0,3687,1877,1442,1877,1810,0.42106175422668457,0.36269402503967285,0.05836772918701172
30,5000,2,er,linear_sem,4,DF-PC (Pure),0.967741935483871,0.9375,1.0,2.0,1452,594,159,594,858,0.12184977531433105,0.1012883186340332,0.02056145668029785
30,5000,2,er,linear_sem,5,DF-PC (Pure),0.9666666666666667,0.9666666666666667,0.9666666666666667,2.0,4016,1875,1440,1875,2141,0.34633326530456543,0.2910902500152588,0.05524301528930664
30,5000,2,er,linear_sem,6,DF-PC (Pure),0.9206349206349207,0.8787878787878788,0.9666666666666667,5.0,3316,1497,1062,1497,1819,0.3218855857849121,0.2684040069580078,0.0534815788269043
30,5000,2,er,linear_sem,7,DF-PC (Pure),0.9666666666666667,0.9666666666666667,0.9666666666666667,2.0,2748,1251,816,1251,1497,0.23056793212890625,0.19009089469909668,0.04047703742980957
30,5000,2,er,linear_sem,8,DF-PC (Pure),0.8421052631578948,0.8888888888888888,0.8,9.0,2293,1064,629,1064,1229,0.18589282035827637,0.15686893463134766,0.02902388572692871
30,5000,2,er,linear_sem,9,DF-PC (Pure),0.983050847457627,1.0,0.9666666666666667,1.0,2337,1097,662,1097,1240,0.2223663330078125,0.18950676918029785,0.03285956382751465
30,5000,2,er,linear_sem,10,DF-PC (Pure),0.9508196721311476,0.9354838709677419,0.9666666666666667,3.0,2196,951,516,951,1245,0.16976141929626465,0.14093637466430664,0.028825044631958008
30,5000,2,er,linear_sem,11,DF-PC (Pure),0.967741935483871,0.9375,1.0,2.0,2099,926,491,926,1173,0.272796630859375,0.24309730529785156,0.029699325561523438
30,5000,2,er,linear_sem,12,DF-PC (Pure),0.9,0.9,0.9,6.0,2824,1261,826,1261,1563,0.370363712310791,0.3287014961242676,0.04166221618652344
30,5000,2,er,linear_sem,13,DF-PC (Pure),0.9666666666666667,0.9666666666666667,0.9666666666666667,2.0,1695,697,262,697,998,0.16281795501708984,0.1412813663482666,0.021536588668823242
30,5000,2,er,linear_sem,14,DF-PC (Pure),0.967741935483871,0.9375,1.0,2.0,1995,847,412,847,1148,0.17537856101989746,0.14657187461853027,0.028806686401367188
30,5000,2,er,linear_sem,15,DF-PC (Pure),0.9333333333333333,0.9333333333333333,0.9333333333333333,4.0,2303,1052,617,1052,1251,0.20852136611938477,0.17967009544372559,0.02885127067565918
30,5000,2,er,linear_sem,16,DF-PC (Pure),0.9836065573770492,0.967741935483871,1.0,1.0,1723,764,329,764,959,0.24983978271484375,0.22660541534423828,0.02323436737060547
30,5000,2,er,linear_sem,17,DF-PC (Pure),0.9508196721311476,0.9354838709677419,0.9666666666666667,3.0,2344,1036,601,1036,1308,0.18204045295715332,0.15120244026184082,0.0308380126953125
30,5000,2,er,linear_sem,18,DF-PC (Pure),0.9285714285714286,1.0,0.8666666666666667,4.0,2621,1343,908,1343,1278,0.28261876106262207,0.2537848949432373,0.028833866119384766
30,5000,2,er,linear_sem,19,DF-PC (Pure),0.9,0.9,0.9,6.0,2214,1001,566,1001,1213,0.176072359085083,0.14682888984680176,0.02924346923828125
30,5000,2,er,linear_sem,20,DF-PC (Pure),0.9666666666666667,0.9666666666666667,0.9666666666666667,2.0,3454,1591,1156,1591,1863,0.26669788360595703,0.2263786792755127,0.040319204330444336
30,5000,2,er,linear_sem,21,DF-PC (Pure),0.847457627118644,0.8620689655172413,0.8333333333333334,9.0,2519,1083,648,1083,1436,0.19116687774658203,0.15724682807922363,0.0339200496673584
30,5000,2,er,linear_sem,22,DF-PC (Pure),0.8749999999999999,0.8235294117647058,0.9333333333333333,8.0,2236,852,417,852,1384,0.15955543518066406,0.1252756118774414,0.034279823303222656
30,5000,2,er,linear_sem,23,DF-PC (Pure),0.9180327868852459,0.9032258064516129,0.9333333333333333,5.0,1605,695,260,695,910,0.12433338165283203,0.10343313217163086,0.020900249481201172
30,5000,2,er,linear_sem,24,DF-PC (Pure),0.9666666666666667,0.9666666666666667,0.9666666666666667,2.0,1614,721,286,721,893,0.12544941902160645,0.10345172882080078,0.021997690200805664
30,5000,2,er,linear_sem,25,DF-PC (Pure),0.8771929824561403,0.9259259259259259,0.8333333333333334,7.0,2618,1207,772,1207,1411,0.21564960479736328,0.1852271556854248,0.030422449111938477
30,5000,2,er,linear_sem,26,DF-PC (Pure),0.9152542372881356,0.9310344827586207,0.9,5.0,2464,1208,773,1208,1256,0.23058795928955078,0.18268871307373047,0.04789924621582031
30,5000,2,er,linear_sem,27,DF-PC (Pure),0.8135593220338982,0.8275862068965517,0.8,11.0,2472,1168,733,1168,1304,0.19379186630249023,0.159942626953125,0.033849239349365234
30,5000,2,er,linear_sem,28,DF-PC (Pure),0.983050847457627,1.0,0.9666666666666667,1.0,3027,1417,982,1417,1610,0.3071763515472412,0.2711906433105469,0.035985708236694336
30,5000,2,er,linear_sem,29,DF-PC (Pure),0.9152542372881356,0.9310344827586207,0.9,5.0,3490,1648,1213,1648,1842,0.3141908645629883,0.26651930809020996,0.04767155647277832
30,5000,2,er,discrete,0,Standard PC,0.7234042553191489,1.0,0.5666666666666667,13.0,911,476,41,476,435,0.08298158645629883,0.0770714282989502,0.005910158157348633
30,5000,2,er,discrete,1,Standard PC,0.7755102040816326,1.0,0.6333333333333333,11.0,949,514,79,514,435,0.08844447135925293,0.08236932754516602,0.006075143814086914
30,5000,2,er,discrete,2,Standard PC,0.7083333333333334,0.9444444444444444,0.5666666666666667,14.0,983,540,105,540,443,0.16423654556274414,0.15398311614990234,0.010253429412841797
30,5000,2,er,discrete,3,Standard PC,0.8235294117647058,1.0,0.7,9.0,1054,617,182,617,437,0.10576868057250977,0.09926867485046387,0.0065000057220458984
30,5000,2,er,discrete,4,Standard PC,0.6666666666666666,1.0,0.5,15.0,934,493,58,493,441,0.12500739097595215,0.11587762832641602,0.009129762649536133
30,5000,2,er,discrete,5,Standard PC,0.7755102040816326,1.0,0.6333333333333333,11.0,971,529,94,529,442,0.16004419326782227,0.14997625350952148,0.010067939758300781
30,5000,2,er,discrete,6,Standard PC,0.6956521739130436,1.0,0.5333333333333333,14.0,1017,578,143,578,439,0.10532474517822266,0.09879875183105469,0.006525993347167969
30,5000,2,er,discrete,7,Standard PC,0.5365853658536585,1.0,0.36666666666666664,19.0,950,515,80,515,435,0.08696246147155762,0.08076882362365723,0.006193637847900391
30,5000,2,er,discrete,8,Standard PC,0.846153846153846,1.0,0.7333333333333333,8.0,956,519,84,519,437,0.08730697631835938,0.08118653297424316,0.006120443344116211
30,5000,2,er,discrete,9,Standard PC,0.888888888888889,1.0,0.8,6.0,982,547,112,547,435,0.0924074649810791,0.08620762825012207,0.006199836730957031
30,5000,2,er,discrete,10,Standard PC,0.8076923076923077,0.9545454545454546,0.7,10.0,989,549,114,549,440,0.09629106521606445,0.08991837501525879,0.006372690200805664
30,5000,2,er,discrete,11,Standard PC,0.7843137254901961,0.9523809523809523,0.6666666666666666,11.0,997,557,122,557,440,0.0924074649810791,0.08626604080200195,0.0061414241790771484
30,5000,2,er,discrete,12,Standard PC,0.8235294117647058,1.0,0.7,9.0,1051,611,176,611,440,0.1007075309753418,0.09456133842468262,0.00614619255065918
30,5000,2,er,discrete,13,Standard PC,0.6956521739130436,1.0,0.5333333333333333,14.0,912,477,42,477,435,0.12182426452636719,0.11284399032592773,0.008980274200439453
30,5000,2,er,discrete,14,Standard PC,0.7234042553191489,1.0,0.5666666666666667,13.0,940,502,67,502,438,0.14563894271850586,0.13629961013793945,0.009339332580566406
30,5000,2,er,discrete,15,Standard PC,0.8,1.0,0.6666666666666666,10.0,977,542,107,542,435,0.08802485466003418,0.08212423324584961,0.00590062141418457
30,5000,2,er,discrete,16,Standard PC,0.846153846153846,1.0,0.7333333333333333,8.0,964,528,93,528,436,0.16295385360717773,0.1528325080871582,0.010121345520019531
30,5000,2,er,discrete,17,Standard PC,0.7755102040816326,1.0,0.6333333333333333,11.0,993,555,120,555,438,0.17050671577453613,0.1598968505859375,0.010609865188598633
30,5000,2,er,discrete,18,Standard PC,0.9090909090909091,1.0,0.8333333333333334,5.0,997,562,127,562,435,0.09852957725524902,0.0921318531036377,0.006397724151611328
30,5000,2,er,discrete,19,Standard PC,0.8,1.0,0.6666666666666666,10.0,964,527,92,527,437,0.09425806999206543,0.08773040771484375,0.00652766227722168
30,5000,2,er,discrete,20,Standard PC,0.846153846153846,1.0,0.7333333333333333,8.0,1000,560,125,560,440,0.0952146053314209,0.08898758888244629,0.006227016448974609
30,5000,2,er,discrete,21,Standard PC,0.6666666666666666,1.0,0.5,15.0,930,495,60,495,435,0.08431053161621094,0.07843518257141113,0.005875349044799805
30,5000,2,er,discrete,22,Standard PC,0.8679245283018869,1.0,0.7666666666666667,7.0,1000,558,123,558,442,0.1689467430114746,0.15873289108276367,0.010213851928710938
30,5000,2,er,discrete,23,Standard PC,0.7843137254901961,0.9523809523809523,0.6666666666666666,11.0,950,515,80,515,435,0.15378141403198242,0.14379501342773438,0.009986400604248047
30,5000,2,er,discrete,24,Standard PC,0.7499999999999999,1.0,0.6,12.0,978,542,107,542,436,0.09018468856811523,0.08400130271911621,0.0061833858489990234
30,5000,2,er,discrete,25,Standard PC,0.8518518518518519,0.9583333333333334,0.7666666666666667,8.0,1051,607,172,607,444,0.10667777061462402,0.09997010231018066,0.006707668304443359
30,5000,2,er,discrete,26,Standard PC,0.6363636363636364,1.0,0.4666666666666667,16.0,944,509,74,509,435,0.08907079696655273,0.08286881446838379,0.006201982498168945
30,5000,2,er,discrete,27,Standard PC,0.6808510638297872,0.9411764705882353,0.5333333333333333,15.0,939,501,66,501,438,0.0787196159362793,0.07310175895690918,0.005617856979370117
30,5000,2,er,discrete,28,Standard PC,0.8518518518518519,0.9583333333333334,0.7666666666666667,8.0,1024,581,146,581,443,0.10063338279724121,0.09423375129699707,0.006399631500244141
30,5000,2,er,discrete,29,Standard PC,0.846153846153846,1.0,0.7333333333333333,8.0,1074,637,202,637,437,0.125046968460083,0.11766362190246582,0.0073833465576171875
30,5000,2,er,discrete,0,PC with deduce-dep,0.7234042553191489,1.0,0.5666666666666667,13.0,911,476,41,476,435,0.07575559616088867,0.06988286972045898,0.0058727264404296875
30,5000,2,er,discrete,1,PC with deduce-dep,0.8235294117647058,1.0,0.7,9.0,954,535,100,535,419,0.08844923973083496,0.082000732421875,0.006448507308959961
30,5000,2,er,discrete,2,PC with deduce-dep,0.7083333333333334,0.9444444444444444,0.5666666666666667,14.0,983,540,105,540,443,0.10396504402160645,0.09629273414611816,0.007672309875488281
30,5000,2,er,discrete,3,PC with deduce-dep,0.888888888888889,1.0,0.8,6.0,1094,731,296,731,363,0.15174007415771484,0.14249753952026367,0.009242534637451172
30,5000,2,er,discrete,4,PC with deduce-dep,0.6666666666666666,1.0,0.5,15.0,934,493,58,493,441,0.0856928825378418,0.07911419868469238,0.006578683853149414
30,5000,2,er,discrete,5,PC with deduce-dep,0.8,1.0,0.6666666666666666,10.0,977,542,107,542,435,0.09386205673217773,0.08719968795776367,0.0066623687744140625
30,5000,2,er,discrete,6,PC with deduce-dep,0.8235294117647058,1.0,0.7,9.0,1055,660,225,660,395,0.11929035186767578,0.11171340942382812,0.007576942443847656
30,5000,2,er,discrete,7,PC with deduce-dep,0.6363636363636364,1.0,0.4666666666666667,16.0,976,586,151,586,390,0.1016685962677002,0.09435057640075684,0.007318019866943359
30,5000,2,er,discrete,8,PC with deduce-dep,0.846153846153846,1.0,0.7333333333333333,8.0,956,519,84,519,437,0.08738279342651367,0.08087563514709473,0.006507158279418945
30,5000,2,er,discrete,9,PC with deduce-dep,0.8928571428571429,0.9615384615384616,0.8333333333333334,6.0,988,561,126,561,427,0.09285759925842285,0.08632469177246094,0.006532907485961914
30,5000,2,er,discrete,10,PC with deduce-dep,0.8076923076923077,0.9545454545454546,0.7,10.0,989,549,114,549,440,0.098114013671875,0.09133386611938477,0.006780147552490234
30,5000,2,er,discrete,11,PC with deduce-dep,0.8518518518518519,0.9583333333333334,0.7666666666666667,8.0,1003,572,137,572,431,0.10092425346374512,0.09384799003601074,0.007076263427734375
30,5000,2,er,discrete,12,PC with deduce-dep,0.846153846153846,1.0,0.7333333333333333,8.0,1074,662,227,662,412,0.11881303787231445,0.11127448081970215,0.007538557052612305
30,5000,2,er,discrete,13,PC with deduce-dep,0.6956521739130436,1.0,0.5333333333333333,14.0,912,477,42,477,435,0.13863801956176758,0.1289682388305664,0.009669780731201172
30,5000,2,er,discrete,14,PC with deduce-dep,0.7499999999999999,1.0,0.6,12.0,940,503,68,503,437,0.08475661277770996,0.07813477516174316,0.006621837615966797
30,5000,2,er,discrete,15,PC with deduce-dep,0.8235294117647058,1.0,0.7,9.0,983,555,120,555,428,0.168565034866333,0.15780329704284668,0.010761737823486328
30,5000,2,er,discrete,16,PC with deduce-dep,0.846153846153846,1.0,0.7333333333333333,8.0,964,528,93,528,436,0.08521103858947754,0.07914352416992188,0.006067514419555664
30,5000,2,er,discrete,17,PC with deduce-dep,0.8235294117647058,1.0,0.7,9.0,993,563,128,563,430,0.09478974342346191,0.08802914619445801,0.006760597229003906
30,5000,2,er,discrete,18,PC with deduce-dep,0.9285714285714286,1.0,0.8666666666666667,4.0,1001,567,132,567,434,0.09498882293701172,0.0885772705078125,0.006411552429199219
30,5000,2,er,discrete,19,PC with deduce-dep,0.8235294117647058,1.0,0.7,9.0,964,528,93,528,436,0.0891563892364502,0.08270072937011719,0.006455659866333008
30,5000,2,er,discrete,20,PC with deduce-dep,0.888888888888889,1.0,0.8,6.0,1006,568,133,568,438,0.09737753868103027,0.09079384803771973,0.006583690643310547
30,5000,2,er,discrete,21,PC with deduce-dep,0.6666666666666666,1.0,0.5,15.0,930,495,60,495,435,0.08605027198791504,0.07980966567993164,0.0062406063079833984
30,5000,2,er,discrete,22,PC with deduce-dep,0.888888888888889,1.0,0.8,6.0,1025,609,174,609,416,0.11897897720336914,0.11116766929626465,0.007811307907104492
30,5000,2,er,discrete,23,PC with deduce-dep,0.7843137254901961,0.9523809523809523,0.6666666666666666,11.0,950,515,80,515,435,0.0878756046295166,0.08128738403320312,0.0065882205963134766
30,5000,2,er,discrete,24,PC with deduce-dep,0.7755102040816326,1.0,0.6333333333333333,11.0,978,543,108,543,435,0.09454345703125,0.0879213809967041,0.0066220760345458984
30,5000,2,er,discrete,25,PC with deduce-dep,0.912280701754386,0.9629629629629629,0.8666666666666667,5.0,1057,622,187,622,435,0.12306952476501465,0.11532425880432129,0.007745265960693359
30,5000,2,er,discrete,26,PC with deduce-dep,0.6363636363636364,1.0,0.4666666666666667,16.0,944,509,74,509,435,0.1557145118713379,0.14498567581176758,0.010728836059570312
30,5000,2,er,discrete,27,PC with deduce-dep,0.6808510638297872,0.9411764705882353,0.5333333333333333,15.0,939,501,66,501,438,0.08434057235717773,0.0781857967376709,0.006154775619506836
30,5000,2,er,discrete,28,PC with deduce-dep,0.8518518518518519,0.9583333333333334,0.7666666666666667,8.0,1024,581,146,581,443,0.10067009925842285,0.09374618530273438,0.0069239139556884766
30,5000,2,er,discrete,29,PC with deduce-dep,0.888888888888889,1.0,0.8,6.0,1154,909,474,909,245,0.31618833541870117,0.2936720848083496,0.022516250610351562
30,5000,2,er,discrete,0,DF-PC (Pure),0.7307692307692307,0.8636363636363636,0.6333333333333333,14.0,919,435,0,435,484,0.07095146179199219,0.06347346305847168,0.007477998733520508
30,5000,2,er,discrete,1,DF-PC (Pure),0.8363636363636363,0.92,0.7666666666666667,9.0,982,435,0,435,547,0.13855481147766113,0.1240530014038086,0.014501810073852539
30,5000,2,er,discrete,2,DF-PC (Pure),0.7272727272727272,0.8,0.6666666666666666,15.0,1029,444,9,444,585,0.07211709022521973,0.06385397911071777,0.008263111114501953
30,5000,2,er,discrete,3,DF-PC (Pure),0.9032258064516129,0.875,0.9333333333333333,6.0,1153,438,3,438,715,0.07287216186523438,0.06334209442138672,0.009530067443847656
30,5000,2,er,discrete,4,DF-PC (Pure),0.7169811320754716,0.8260869565217391,0.6333333333333333,15.0,959,444,9,444,515,0.07790040969848633,0.06966161727905273,0.008238792419433594
30,5000,2,er,discrete,5,DF-PC (Pure),0.75,0.8076923076923077,0.7,14.0,1022,444,9,444,578,0.07455301284790039,0.06609368324279785,0.008459329605102539
30,5000,2,er,discrete,6,DF-PC (Pure),0.8275862068965518,0.8571428571428571,0.8,10.0,1197,441,6,441,756,0.07390975952148438,0.06407475471496582,0.009835004806518555
30,5000,2,er,discrete,7,DF-PC (Pure),0.68,0.85,0.5666666666666667,16.0,988,435,0,435,553,0.07044482231140137,0.06267070770263672,0.0077741146087646484
30,5000,2,er,discrete,8,DF-PC (Pure),0.7719298245614035,0.8148148148148148,0.7333333333333333,13.0,1007,441,6,441,566,0.07326221466064453,0.06514263153076172,0.008119583129882812
30,5000,2,er,discrete,9,DF-PC (Pure),0.9180327868852459,0.9032258064516129,0.9333333333333333,5.0,1006,435,0,435,571,0.0783243179321289,0.0696873664855957,0.008636951446533203
30,5000,2,er,discrete,10,DF-PC (Pure),0.8813559322033899,0.896551724137931,0.8666666666666667,7.0,1088,444,9,444,644,0.0745995044708252,0.0655364990234375,0.009063005447387695
30,5000,2,er,discrete,11,DF-PC (Pure),0.847457627118644,0.8620689655172413,0.8333333333333334,9.0,1092,441,6,441,651,0.13181853294372559,0.11690640449523926,0.014912128448486328
30,5000,2,er,discrete,12,DF-PC (Pure),0.8524590163934426,0.8387096774193549,0.8666666666666667,9.0,1264,444,9,444,820,0.07955622673034668,0.06817626953125,0.01137995719909668
30,5000,2,er,discrete,13,DF-PC (Pure),0.6666666666666667,0.8888888888888888,0.5333333333333333,16.0,915,435,0,435,480,0.07161116600036621,0.06404542922973633,0.007565736770629883
30,5000,2,er,discrete,14,DF-PC (Pure),0.7924528301886793,0.9130434782608695,0.7,11.0,976,438,3,438,538,0.07421040534973145,0.06599593162536621,0.008214473724365234
30,5000,2,er,discrete,15,DF-PC (Pure),0.847457627118644,0.8620689655172413,0.8333333333333334,9.0,1070,435,0,435,635,0.10768604278564453,0.0939943790435791,0.01369166374206543
30,5000,2,er,discrete,16,DF-PC (Pure),0.8275862068965518,0.8571428571428571,0.8,10.0,1014,438,3,438,576,0.07573580741882324,0.06733226776123047,0.008403539657592773
30,5000,2,er,discrete,17,DF-PC (Pure),0.8,0.88,0.7333333333333333,11.0,1025,440,5,440,585,0.10153865814208984,0.09011220932006836,0.011426448822021484
30,5000,2,er,discrete,18,DF-PC (Pure),0.8852459016393444,0.8709677419354839,0.9,7.0,1057,435,0,435,622,0.07495808601379395,0.06611299514770508,0.008845090866088867
30,5000,2,er,discrete,19,DF-PC (Pure),0.8421052631578948,0.8888888888888888,0.8,9.0,1004,438,3,438,566,0.1320815086364746,0.11823725700378418,0.01384425163269043
30,5000,2,er,discrete,20,DF-PC (Pure),0.9032258064516129,0.875,0.9333333333333333,6.0,1111,441,6,441,670,0.08026361465454102,0.07039475440979004,0.009868860244750977
30,5000,2,er,discrete,21,DF-PC (Pure),0.6792452830188679,0.782608695652174,0.6,17.0,976,435,0,435,541,0.10466146469116211,0.09272623062133789,0.011935234069824219
30,5000,2,er,discrete,22,DF-PC (Pure),0.9,0.9,0.9,6.0,1063,446,11,446,617,0.07995390892028809,0.07059717178344727,0.00935673713684082
30,5000,2,er,discrete,23,DF-PC (Pure),0.7636363636363636,0.84,0.7,13.0,1022,435,0,435,587,0.10637450218200684,0.0940389633178711,0.012335538864135742
30,5000,2,er,discrete,24,DF-PC (Pure),0.8666666666666667,0.8666666666666667,0.8666666666666667,8.0,1155,438,3,438,717,0.11274170875549316,0.09674787521362305,0.015993833541870117
30,5000,2,er,discrete,25,DF-PC (Pure),0.8571428571428572,0.8181818181818182,0.9,9.0,1201,447,12,447,754,0.08017897605895996,0.0700373649597168,0.010141611099243164
30,5000,2,er,discrete,26,DF-PC (Pure),0.7857142857142856,0.8461538461538461,0.7333333333333333,12.0,1021,435,0,435,586,0.11907553672790527,0.105560302734375,0.013515233993530273
30,5000,2,er,discrete,27,DF-PC (Pure),0.7169811320754716,0.8260869565217391,0.6333333333333333,15.0,971,438,3,438,533,0.07485723495483398,0.06670713424682617,0.008150100708007812
30,5000,2,er,discrete,28,DF-PC (Pure),0.8387096774193549,0.8125,0.8666666666666667,10.0,1127,444,9,444,683,0.07313251495361328,0.06415271759033203,0.00897979736328125
30,5000,2,er,discrete,29,DF-PC (Pure),0.9,0.9,0.9,6.0,1192,438,3,438,754,0.07352256774902344,0.0636897087097168,0.00983285903930664
30,5000,2,sf,linear_sem,0,Standard PC,0.9642857142857143,1.0,0.9310344827586207,2.0,2118,1451,1016,1451,667,0.1416151523590088,0.13215279579162598,0.009462356567382812
30,5000,2,sf,linear_sem,1,Standard PC,0.9811320754716981,0.9629629629629629,1.0,1.0,6432,5953,5518,5953,479,0.6324021816253662,0.6068689823150635,0.025533199310302734
30,5000,2,sf,linear_sem,2,Standard PC,1.0,1.0,1.0,0.0,2601,2057,1622,2057,544,0.20126032829284668,0.19032549858093262,0.010934829711914062
30,5000,2,sf,linear_sem,3,Standard PC,0.8095238095238095,1.0,0.68,8.0,1156,627,192,627,529,0.0643458366394043,0.05814170837402344,0.006204128265380859
30,5000,2,sf,linear_sem,4,Standard PC,0.9642857142857143,1.0,0.9310344827586207,2.0,2132,1552,1117,1552,580,0.15027928352355957,0.14109516143798828,0.009184122085571289
30,5000,2,sf,linear_sem,5,Standard PC,1.0,1.0,1.0,0.0,2618,2059,1624,2059,559,0.2140047550201416,0.20216679573059082,0.011837959289550781
30,5000,2,sf,linear_sem,6,Standard PC,0.9818181818181818,1.0,0.9642857142857143,1.0,4173,3642,3207,3642,531,0.3743906021118164,0.3585164546966553,0.015874147415161133
30,5000,2,sf,linear_sem,7,Standard PC,0.9818181818181818,1.0,0.9642857142857143,1.0,6717,6137,5702,6137,580,0.8426287174224854,0.8133120536804199,0.02931666374206543
30,5000,2,sf,linear_sem,8,Standard PC,1.0,1.0,1.0,0.0,12775,12240,11805,12240,535,2.082984447479248,2.012754440307617,0.07023000717163086
30,5000,2,sf,linear_sem,9,Standard PC,0.9056603773584906,1.0,0.8275862068965517,5.0,2594,1876,1441,1876,718,0.3171052932739258,0.3004164695739746,0.016688823699951172
30,5000,2,sf,linear_sem,10,Standard PC,0.9056603773584906,1.0,0.8275862068965517,5.0,1518,909,474,909,609,0.08982062339782715,0.08258843421936035,0.007232189178466797
30,5000,2,sf,linear_sem,11,Standard PC,0.9824561403508771,1.0,0.9655172413793104,1.0,1607,1015,580,1015,592,0.10431528091430664,0.09639310836791992,0.007922172546386719
30,5000,2,sf,linear_sem,12,Standard PC,0.8400000000000001,1.0,0.7241379310344828,8.0,2028,1303,868,1303,725,0.13077092170715332,0.12198662757873535,0.008784294128417969
30,5000,2,sf,linear_sem,13,Standard PC,1.0,1.0,1.0,0.0,6385,5870,5435,5870,515,0.6237583160400391,0.6001906394958496,0.023567676544189453
30,5000,2,sf,linear_sem,14,Standard PC,0.983050847457627,0.9666666666666667,1.0,1.0,2175,1518,1083,1518,657,0.15636396408081055,0.14654278755187988,0.009821176528930664
30,5000,2,sf,linear_sem,15,Standard PC,0.9090909090909091,0.9615384615384616,0.8620689655172413,5.0,1670,1063,628,1063,607,0.11119747161865234,0.10267853736877441,0.00851893424987793
30,5000,2,sf,linear_sem,16,Standard PC,1.0,1.0,1.0,0.0,6668,6058,5623,6058,610,0.6709542274475098,0.6432714462280273,0.027682781219482422
30,5000,2,sf,linear_sem,17,Standard PC,0.9473684210526316,0.9642857142857143,0.9310344827586207,3.0,2827,2270,1835,2270,557,0.24428439140319824,0.23167061805725098,0.012613773345947266
30,5000,2,sf,linear_sem,18,Standard PC,1.0,1.0,1.0,0.0,6199,5724,5289,5724,475,0.6833763122558594,0.658118724822998,0.025257587432861328
30,5000,2,sf,linear_sem,19,Standard PC,0.9454545454545454,1.0,0.896551724137931,3.0,3910,3242,2807,3242,668,0.42640161514282227,0.4066157341003418,0.01978588104248047
30,5000,2,sf,linear_sem,20,Standard PC,0.88,1.0,0.7857142857142857,6.0,12630,11982,11547,11982,648,2.088651180267334,2.0255281925201416,0.06312298774719238
30,5000,2,sf,linear_sem,21,Standard PC,0.8846153846153846,1.0,0.7931034482758621,6.0,1912,1295,860,1295,617,0.1352224349975586,0.1261429786682129,0.009079456329345703
30,5000,2,sf,linear_sem,22,Standard PC,0.9655172413793104,0.9655172413793104,0.9655172413793104,2.0,1859,1290,855,1290,569,0.13383984565734863,0.12475800514221191,0.009081840515136719
30,5000,2,sf,linear_sem,23,Standard PC,0.9811320754716981,0.9629629629629629,1.0,1.0,6451,5923,5488,5923,528,1.01202392578125,0.974358081817627,0.03766584396362305
30,5000,2,sf,linear_sem,24,Standard PC,1.0,1.0,1.0,0.0,8720,8214,7779,8214,506,1.3141329288482666,1.2700550556182861,0.04407787322998047
30,5000,2,sf,linear_sem,25,Standard PC,0.9259259259259259,1.0,0.8620689655172413,4.0,2155,1570,1135,1570,585,0.24118638038635254,0.2269132137298584,0.01427316665649414
30,5000,2,sf,linear_sem,26,Standard PC,1.0,1.0,1.0,0.0,1959,1372,937,1372,587,0.14496541023254395,0.13551640510559082,0.009449005126953125
30,5000,2,sf,linear_sem,27,Standard PC,0.983050847457627,0.9666666666666667,1.0,1.0,3682,3169,2734,3169,513,0.39969515800476074,0.3826882839202881,0.017006874084472656
30,5000,2,sf,linear_sem,28,Standard PC,1.0,1.0,1.0,0.0,3828,3266,2831,3266,562,0.38452959060668945,0.3671882152557373,0.01734137535095215
30,5000,2,sf,linear_sem,29,Standard PC,1.0,1.0,1.0,0.0,6788,6232,5797,6232,556,0.8340482711791992,0.8038220405578613,0.03022623062133789
30,5000,2,sf,linear_sem,0,PC with deduce-dep,0.9473684210526316,0.9642857142857143,0.9310344827586207,3.0,2146,1491,1056,1491,655,0.25745058059692383,0.2404472827911377,0.017003297805786133
30,5000,2,sf,linear_sem,1,PC with deduce-dep,0.9811320754716981,0.9629629629629629,1.0,1.0,6432,5953,5518,5953,479,0.829237699508667,0.7997550964355469,0.029482603073120117
30,5000,2,sf,linear_sem,2,PC with deduce-dep,1.0,1.0,1.0,0.0,2601,2057,1622,2057,544,0.3483395576477051,0.3297607898712158,0.018578767776489258
30,5000,2,sf,linear_sem,3,PC with deduce-dep,0.8095238095238095,1.0,0.68,8.0,1156,627,192,627,529,0.06710124015808105,0.060373783111572266,0.006727457046508789
30,5000,2,sf,linear_sem,4,PC with deduce-dep,0.9642857142857143,1.0,0.9310344827586207,2.0,2132,1552,1117,1552,580,0.16019415855407715,0.14993810653686523,0.010256052017211914
30,5000,2,sf,linear_sem,5,PC with deduce-dep,1.0,1.0,1.0,0.0,2618,2059,1624,2059,559,0.22972321510314941,0.21623611450195312,0.013487100601196289
30,5000,2,sf,linear_sem,6,PC with deduce-dep,0.9818181818181818,1.0,0.9642857142857143,1.0,4173,3645,3210,3645,528,0.4159359931945801,0.39809179306030273,0.017844200134277344
30,5000,2,sf,linear_sem,7,PC with deduce-dep,0.9818181818181818,1.0,0.9642857142857143,1.0,6736,6159,5724,6159,577,0.8896362781524658,0.8582799434661865,0.0313563346862793
30,5000,2,sf,linear_sem,8,PC with deduce-dep,1.0,1.0,1.0,0.0,12775,12240,11805,12240,535,2.0605690479278564,1.9876289367675781,0.07294011116027832
30,5000,2,sf,linear_sem,9,PC with deduce-dep,0.9056603773584906,1.0,0.8275862068965517,5.0,2594,1876,1441,1876,718,0.19765925407409668,0.1858844757080078,0.011774778366088867
30,5000,2,sf,linear_sem,10,PC with deduce-dep,0.9056603773584906,1.0,0.8275862068965517,5.0,1518,909,474,909,609,0.15958356857299805,0.14670300483703613,0.012880563735961914
30,5000,2,sf,linear_sem,11,PC with deduce-dep,0.9824561403508771,1.0,0.9655172413793104,1.0,1607,1015,580,1015,592,0.10283255577087402,0.094451904296875,0.008380651473999023
30,5000,2,sf,linear_sem,12,PC with deduce-dep,0.8400000000000001,1.0,0.7241379310344828,8.0,2028,1303,868,1303,725,0.2311556339263916,0.21543264389038086,0.015722990036010742
30,5000,2,sf,linear_sem,13,PC with deduce-dep,1.0,1.0,1.0,0.0,6385,5870,5435,5870,515,1.0490500926971436,1.0089726448059082,0.04007744789123535
30,5000,2,sf,linear_sem,14,PC with deduce-dep,0.983050847457627,0.9666666666666667,1.0,1.0,2175,1520,1085,1520,655,0.15618419647216797,0.14600753784179688,0.010176658630371094
30,5000,2,sf,linear_sem,15,PC with deduce-dep,0.9090909090909091,0.9615384615384616,0.8620689655172413,5.0,1670,1063,628,1063,607,0.11222577095031738,0.10367131233215332,0.008554458618164062
30,5000,2,sf,linear_sem,16,PC with deduce-dep,1.0,1.0,1.0,0.0,6668,6058,5623,6058,610,0.7973041534423828,0.765822172164917,0.03148198127746582
30,5000,2,sf,linear_sem,17,PC with deduce-dep,0.9655172413793104,0.9655172413793104,0.9655172413793104,2.0,2848,2292,1857,2292,556,0.42227864265441895,0.4006478786468506,0.02163076400756836
30,5000,2,sf,linear_sem,18,PC with deduce-dep,1.0,1.0,1.0,0.0,6199,5724,5289,5724,475,0.6148731708526611,0.5913968086242676,0.023476362228393555
30,5000,2,sf,linear_sem,19,PC with deduce-dep,0.9454545454545454,1.0,0.896551724137931,3.0,3910,3243,2808,3243,667,0.4057896137237549,0.3880157470703125,0.017773866653442383
30,5000,2,sf,linear_sem,20,PC with deduce-dep,0.88,1.0,0.7857142857142857,6.0,12630,11982,11547,11982,648,1.8853113651275635,1.8212707042694092,0.0640406608581543
30,5000,2,sf,linear_sem,21,PC with deduce-dep,0.8846153846153846,1.0,0.7931034482758621,6.0,1912,1295,860,1295,617,0.22650837898254395,0.2115311622619629,0.014977216720581055
30,5000,2,sf,linear_sem,22,PC with deduce-dep,0.9655172413793104,0.9655172413793104,0.9655172413793104,2.0,1859,1290,855,1290,569,0.18164324760437012,0.168809175491333,0.01283407211303711
30,5000,2,sf,linear_sem,23,PC with deduce-dep,0.9811320754716981,0.9629629629629629,1.0,1.0,6451,5923,5488,5923,528,0.9129638671875,0.8772537708282471,0.03571009635925293
30,5000,2,sf,linear_sem,24,PC with deduce-dep,1.0,1.0,1.0,0.0,8720,8214,7779,8214,506,1.3844122886657715,1.336677074432373,0.04773521423339844
30,5000,2,sf,linear_sem,25,PC with deduce-dep,0.9259259259259259,1.0,0.8620689655172413,4.0,2155,1570,1135,1570,585,0.2237873077392578,0.20999455451965332,0.013792753219604492
30,5000,2,sf,linear_sem,26,PC with deduce-dep,1.0,1.0,1.0,0.0,1959,1372,937,1372,587,0.19486117362976074,0.1814713478088379,0.013389825820922852
30,5000,2,sf,linear_sem,27,PC with deduce-dep,0.983050847457627,0.9666666666666667,1.0,1.0,3682,3169,2734,3169,513,0.43285584449768066,0.41347622871398926,0.019379615783691406
30,5000,2,sf,linear_sem,28,PC with deduce-dep,1.0,1.0,1.0,0.0,3828,3266,2831,3266,562,0.5751798152923584,0.5501453876495361,0.025034427642822266
30,5000,2,sf,linear_sem,29,PC with deduce-dep,0.983050847457627,0.9666666666666667,1.0,1.0,6994,6689,6254,6689,305,1.3049194812774658,1.2185697555541992,0.0863497257232666
30,5000,2,sf,linear_sem,0,DF-PC (Pure),0.9655172413793104,0.9655172413793104,0.9655172413793104,2.0,2367,1039,604,1039,1328,0.22862958908081055,0.1824040412902832,0.046225547790527344
30,5000,2,sf,linear_sem,1,DF-PC (Pure),0.9811320754716981,0.9629629629629629,1.0,1.0,6432,620,185,620,5812,0.37921881675720215,0.08191704750061035,0.2973017692565918
30,5000,2,sf,linear_sem,2,DF-PC (Pure),0.9354838709677419,0.8787878787878788,1.0,4.0,2631,1159,724,1159,1472,0.21691226959228516,0.15626740455627441,0.06064486503601074
30,5000,2,sf,linear_sem,3,DF-PC (Pure),0.7727272727272727,0.8947368421052632,0.68,10.0,1174,571,136,571,603,0.08843064308166504,0.07462596893310547,0.01380467414855957
30,5000,2,sf,linear_sem,4,DF-PC (Pure),0.9310344827586207,0.9310344827586207,0.9310344827586207,4.0,2137,969,534,969,1168,0.1666715145111084,0.12856292724609375,0.03810858726501465
30,5000,2,sf,linear_sem,5,DF-PC (Pure),1.0,1.0,1.0,0.0,2622,630,195,630,1992,0.08912515640258789,0.06071043014526367,0.02841472625732422
30,5000,2,sf,linear_sem,6,DF-PC (Pure),0.9473684210526316,0.9310344827586207,0.9642857142857143,3.0,4176,583,148,583,3593,0.19539451599121094,0.06125068664550781,0.13414382934570312
30,5000,2,sf,linear_sem,7,DF-PC (Pure),0.9642857142857143,0.9642857142857143,0.9642857142857143,2.0,6721,3460,3025,3460,3261,0.8788988590240479,0.4835801124572754,0.39531874656677246
30,5000,2,sf,linear_sem,8,DF-PC (Pure),1.0,1.0,1.0,0.0,12775,6692,6257,6692,6083,1.6189181804656982,0.932103157043457,0.6868150234222412
30,5000,2,sf,linear_sem,9,DF-PC (Pure),0.888888888888889,0.96,0.8275862068965517,6.0,2597,1300,865,1300,1297,0.1727161407470703,0.13353681564331055,0.039179325103759766
30,5000,2,sf,linear_sem,10,DF-PC (Pure),0.888888888888889,0.96,0.8275862068965517,6.0,1527,689,254,689,838,0.12926030158996582,0.1089015007019043,0.020358800888061523
30,5000,2,sf,linear_sem,11,DF-PC (Pure),0.9655172413793104,0.9655172413793104,0.9655172413793104,2.0,1607,721,286,721,886,0.11450624465942383,0.09401750564575195,0.020488739013671875
30,5000,2,sf,linear_sem,12,DF-PC (Pure),0.823529411764706,0.9545454545454546,0.7241379310344828,9.0,2034,1006,571,1006,1028,0.2515277862548828,0.21335935592651367,0.03816843032836914
30,5000,2,sf,linear_sem,13,DF-PC (Pure),1.0,1.0,1.0,0.0,6385,539,104,539,5846,0.269622802734375,0.06983160972595215,0.19979119300842285
30,5000,2,sf,linear_sem,14,DF-PC (Pure),0.9666666666666666,0.9354838709677419,1.0,2.0,2178,728,293,728,1450,0.12389254570007324,0.09337806701660156,0.03051447868347168
30,5000,2,sf,linear_sem,15,DF-PC (Pure),0.9090909090909091,0.9615384615384616,0.8620689655172413,5.0,1670,783,348,783,887,0.14821791648864746,0.12314772605895996,0.0250701904296875
30,5000,2,sf,linear_sem,16,DF-PC (Pure),0.983050847457627,0.9666666666666667,1.0,1.0,6674,3512,3077,3512,3162,0.6809070110321045,0.4443392753601074,0.23656773567199707
30,5000,2,sf,linear_sem,17,DF-PC (Pure),0.9491525423728815,0.9333333333333333,0.9655172413793104,3.0,2857,1384,949,1384,1473,0.3076181411743164,0.23036623001098633,0.07725191116333008
30,5000,2,sf,linear_sem,18,DF-PC (Pure),0.9361702127659575,0.88,1.0,3.0,12358,491,56,491,11867,0.5714530944824219,0.06399750709533691,0.507455587387085
30,5000,2,sf,linear_sem,19,DF-PC (Pure),0.9454545454545454,1.0,0.896551724137931,3.0,3911,1960,1525,1960,1951,0.5201308727264404,0.39255595207214355,0.12757492065429688
30,5000,2,sf,linear_sem,20,DF-PC (Pure),0.88,1.0,0.7857142857142857,6.0,12630,6794,6359,6794,5836,1.5271952152252197,0.8634686470031738,0.6637265682220459
30,5000,2,sf,linear_sem,21,DF-PC (Pure),0.851851851851852,0.92,0.7931034482758621,8.0,1954,918,483,918,1036,0.15271949768066406,0.11928296089172363,0.03343653678894043
30,5000,2,sf,linear_sem,22,DF-PC (Pure),0.9655172413793104,0.9655172413793104,0.9655172413793104,2.0,1859,823,388,823,1036,0.1720736026763916,0.1406726837158203,0.03140091896057129
30,5000,2,sf,linear_sem,23,DF-PC (Pure),0.962962962962963,0.9285714285714286,1.0,2.0,12595,582,147,582,12013,0.7585773468017578,0.10143017768859863,0.6571471691131592
30,5000,2,sf,linear_sem,24,DF-PC (Pure),1.0,1.0,1.0,0.0,8720,3357,2922,3357,5363,1.0481915473937988,0.5620255470275879,0.48616600036621094
30,5000,2,sf,linear_sem,25,DF-PC (Pure),0.9259259259259259,1.0,0.8620689655172413,4.0,2155,912,477,912,1243,0.3159916400909424,0.27556705474853516,0.04042458534240723
30,5000,2,sf,linear_sem,26,DF-PC (Pure),0.983050847457627,0.9666666666666667,1.0,1.0,1959,679,244,679,1280,0.11724328994750977,0.08906888961791992,0.028174400329589844
30,5000,2,sf,linear_sem,27,DF-PC (Pure),0.983050847457627,0.9666666666666667,1.0,1.0,3682,594,159,594,3088,0.16969704627990723,0.07818961143493652,0.0915074348449707
30,5000,2,sf,linear_sem,28,DF-PC (Pure),1.0,1.0,1.0,0.0,3828,645,210,645,3183,0.16991400718688965,0.09888243675231934,0.07103157043457031
30,5000,2,sf,linear_sem,29,DF-PC (Pure),0.9666666666666666,0.9354838709677419,1.0,2.0,6998,3391,2956,3391,3607,0.9163684844970703,0.5971658229827881,0.3192026615142822
30,5000,2,sf,discrete,0,Standard PC,0.4736842105263158,1.0,0.3103448275862069,20.0,900,465,30,465,435,0.07506680488586426,0.06960296630859375,0.005463838577270508
30,5000,2,sf,discrete,1,Standard PC,0.36363636363636365,0.8571428571428571,0.23076923076923078,21.0,903,468,33,468,435,0.0812530517578125,0.07530665397644043,0.00594639778137207
30,5000,2,sf,discrete,2,Standard PC,0.4615384615384615,0.9,0.3103448275862069,21.0,899,463,28,463,436,0.08391332626342773,0.0773928165435791,0.006520509719848633
30,5000,2,sf,discrete,3,Standard PC,0.631578947368421,0.9230769230769231,0.48,14.0,916,478,43,478,438,0.07916879653930664,0.07312130928039551,0.006047487258911133
30,5000,2,sf,discrete,4,Standard PC,0.3888888888888889,1.0,0.2413793103448276,22.0,892,457,22,457,435,0.0736689567565918,0.06818032264709473,0.00548863410949707
30,5000,2,sf,discrete,5,Standard PC,0.6511627906976745,1.0,0.4827586206896552,15.0,921,486,51,486,435,0.07945442199707031,0.07371902465820312,0.0057353973388671875
30,5000,2,sf,discrete,6,Standard PC,0.6976744186046512,1.0,0.5357142857142857,13.0,902,462,27,462,440,0.13206887245178223,0.12274169921875,0.009327173233032227
30,5000,2,sf,discrete,7,Standard PC,0.6341463414634146,1.0,0.4642857142857143,15.0,891,456,21,456,435,0.07331252098083496,0.06760883331298828,0.00570368766784668
30,5000,2,sf,discrete,8,Standard PC,0.4444444444444444,0.8,0.3076923076923077,20.0,889,454,19,454,435,0.13235807418823242,0.12321782112121582,0.009140253067016602
30,5000,2,sf,discrete,9,Standard PC,0.6190476190476191,1.0,0.4482758620689655,16.0,892,457,22,457,435,0.07476425170898438,0.06906890869140625,0.005695343017578125
30,5000,2,sf,discrete,10,Standard PC,0.6818181818181819,1.0,0.5172413793103449,14.0,897,462,27,462,435,0.1835939884185791,0.17744708061218262,0.006146907806396484
30,5000,2,sf,discrete,11,Standard PC,0.6511627906976745,1.0,0.4827586206896552,15.0,933,496,61,496,437,0.10841250419616699,0.09988641738891602,0.008526086807250977
30,5000,2,sf,discrete,12,Standard PC,0.45000000000000007,0.8181818181818182,0.3103448275862069,22.0,916,481,46,481,435,0.08188176155090332,0.07564592361450195,0.006235837936401367
30,5000,2,sf,discrete,13,Standard PC,0.6341463414634146,1.0,0.4642857142857143,15.0,911,476,41,476,435,0.13547849655151367,0.12644290924072266,0.009035587310791016
30,5000,2,sf,discrete,14,Standard PC,0.7391304347826086,1.0,0.5862068965517241,12.0,922,487,52,487,435,0.07965970039367676,0.07389330863952637,0.005766391754150391
30,5000,2,sf,discrete,15,Standard PC,0.6511627906976745,1.0,0.4827586206896552,15.0,900,465,30,465,435,0.1319897174835205,0.1228938102722168,0.009095907211303711
30,5000,2,sf,discrete,16,Standard PC,0.5365853658536586,0.9166666666666666,0.3793103448275862,19.0,924,489,54,489,435,0.08737063407897949,0.0812845230102539,0.006086111068725586
30,5000,2,sf,discrete,17,Standard PC,0.4615384615384615,0.9,0.3103448275862069,21.0,882,447,12,447,435,0.07166242599487305,0.06598591804504395,0.0056765079498291016
30,5000,2,sf,discrete,18,Standard PC,0.6470588235294118,0.9166666666666666,0.5,12.0,915,480,45,480,435,0.08049345016479492,0.074462890625,0.006030559539794922
30,5000,2,sf,discrete,19,Standard PC,0.6818181818181819,1.0,0.5172413793103449,14.0,904,466,31,466,438,0.08484506607055664,0.07851672172546387,0.0063283443450927734
30,5000,2,sf,discrete,20,Standard PC,0.55,0.9166666666666666,0.39285714285714285,18.0,896,461,26,461,435,0.0764925479888916,0.07055163383483887,0.005940914154052734
30,5000,2,sf,discrete,21,Standard PC,0.5714285714285715,0.9230769230769231,0.41379310344827586,18.0,892,457,22,457,435,0.07581520080566406,0.07001042366027832,0.005804777145385742
30,5000,2,sf,discrete,22,Standard PC,0.5128205128205129,1.0,0.3448275862068966,19.0,909,472,37,472,437,0.07791614532470703,0.07217955589294434,0.005736589431762695
30,5000,2,sf,discrete,23,Standard PC,0.5405405405405405,0.9090909090909091,0.38461538461538464,17.0,901,466,31,466,435,0.0816035270690918,0.07573819160461426,0.005865335464477539
30,5000,2,sf,discrete,24,Standard PC,0.28571428571428575,0.8333333333333334,0.1724137931034483,25.0,888,453,18,453,435,0.07687950134277344,0.07101058959960938,0.0058689117431640625
30,5000,2,sf,discrete,25,Standard PC,0.17647058823529413,0.6,0.10344827586206896,28.0,878,443,8,443,435,0.06971025466918945,0.06453609466552734,0.005174160003662109
30,5000,2,sf,discrete,26,Standard PC,0.6190476190476191,1.0,0.4482758620689655,16.0,905,470,35,470,435,0.07753229141235352,0.07178211212158203,0.005750179290771484
30,5000,2,sf,discrete,27,Standard PC,0.6190476190476191,1.0,0.4482758620689655,16.0,895,460,25,460,435,0.07262444496154785,0.06706047058105469,0.005563974380493164
30,5000,2,sf,discrete,28,Standard PC,0.6190476190476191,1.0,0.4482758620689655,16.0,916,481,46,481,435,0.141190767288208,0.13181090354919434,0.009379863739013672
30,5000,2,sf,discrete,29,Standard PC,0.4878048780487806,0.8333333333333334,0.3448275862068966,21.0,898,463,28,463,435,0.0747828483581543,0.0690464973449707,0.005736351013183594
30,5000,2,sf,discrete,0,PC with deduce-dep,0.4736842105263158,1.0,0.3103448275862069,20.0,900,465,30,465,435,0.07579684257507324,0.06990242004394531,0.00589442253112793
30,5000,2,sf,discrete,1,PC with deduce-dep,0.36363636363636365,0.8571428571428571,0.23076923076923078,21.0,903,468,33,468,435,0.07659721374511719,0.07057929039001465,0.006017923355102539
30,5000,2,sf,discrete,2,PC with deduce-dep,0.4615384615384615,0.9,0.3103448275862069,21.0,899,463,28,463,436,0.07607507705688477,0.0700531005859375,0.006021976470947266
30,5000,2,sf,discrete,3,PC with deduce-dep,0.631578947368421,0.9230769230769231,0.48,14.0,916,478,43,478,438,0.07601356506347656,0.07013821601867676,0.005875349044799805
30,5000,2,sf,discrete,4,PC with deduce-dep,0.3888888888888889,1.0,0.2413793103448276,22.0,892,457,22,457,435,0.07266449928283691,0.06707549095153809,0.005589008331298828
30,5000,2,sf,discrete,5,PC with deduce-dep,0.6511627906976745,1.0,0.4827586206896552,15.0,921,486,51,486,435,0.0800316333770752,0.07410001754760742,0.0059316158294677734
30,5000,2,sf,discrete,6,PC with deduce-dep,0.6976744186046512,1.0,0.5357142857142857,13.0,902,462,27,462,440,0.07562613487243652,0.06942868232727051,0.006197452545166016
30,5000,2,sf,discrete,7,PC with deduce-dep,0.6341463414634146,1.0,0.4642857142857143,15.0,891,456,21,456,435,0.07596588134765625,0.06981849670410156,0.0061473846435546875
30,5000,2,sf,discrete,8,PC with deduce-dep,0.4444444444444444,0.8,0.3076923076923077,20.0,889,454,19,454,435,0.07440519332885742,0.06847095489501953,0.005934238433837891
30,5000,2,sf,discrete,9,PC with deduce-dep,0.6190476190476191,1.0,0.4482758620689655,16.0,892,457,22,457,435,0.07677340507507324,0.07082486152648926,0.005948543548583984
30,5000,2,sf,discrete,10,PC with deduce-dep,0.6818181818181819,1.0,0.5172413793103449,14.0,897,462,27,462,435,0.1319413185119629,0.12238597869873047,0.009555339813232422
30,5000,2,sf,discrete,11,PC with deduce-dep,0.6511627906976745,1.0,0.4827586206896552,15.0,933,496,61,496,437,0.08284235000610352,0.07685518264770508,0.0059871673583984375
30,5000,2,sf,discrete,12,PC with deduce-dep,0.45000000000000007,0.8181818181818182,0.3103448275862069,22.0,916,481,46,481,435,0.08079242706298828,0.07479262351989746,0.00599980354309082
30,5000,2,sf,discrete,13,PC with deduce-dep,0.6666666666666666,1.0,0.5,14.0,911,477,42,477,434,0.1378800868988037,0.12787222862243652,0.010007858276367188
30,5000,2,sf,discrete,14,PC with deduce-dep,0.7391304347826086,1.0,0.5862068965517241,12.0,922,487,52,487,435,0.08089804649353027,0.07481813430786133,0.006079912185668945
30,5000,2,sf,discrete,15,PC with deduce-dep,0.6818181818181819,1.0,0.5172413793103449,14.0,900,466,31,466,434,0.07895088195800781,0.07282543182373047,0.006125450134277344
30,5000,2,sf,discrete,16,PC with deduce-dep,0.5714285714285715,0.9230769230769231,0.41379310344827586,18.0,924,490,55,490,434,0.08884620666503906,0.08139610290527344,0.007450103759765625
30,5000,2,sf,discrete,17,PC with deduce-dep,0.4615384615384615,0.9,0.3103448275862069,21.0,882,447,12,447,435,0.07553219795227051,0.0697627067565918,0.005769491195678711
30,5000,2,sf,discrete,18,PC with deduce-dep,0.6470588235294118,0.9166666666666666,0.5,12.0,915,480,45,480,435,0.14480328559875488,0.13421082496643066,0.010592460632324219
30,5000,2,sf,discrete,19,PC with deduce-dep,0.6818181818181819,1.0,0.5172413793103449,14.0,904,466,31,466,438,0.07387900352478027,0.0680696964263916,0.005809307098388672
30,5000,2,sf,discrete,20,PC with deduce-dep,0.55,0.9166666666666666,0.39285714285714285,18.0,896,461,26,461,435,0.11063790321350098,0.1020045280456543,0.00863337516784668
30,5000,2,sf,discrete,21,PC with deduce-dep,0.5714285714285715,0.9230769230769231,0.41379310344827586,18.0,892,457,22,457,435,0.07555985450744629,0.06962847709655762,0.005931377410888672
30,5000,2,sf,discrete,22,PC with deduce-dep,0.5128205128205129,1.0,0.3448275862068966,19.0,909,472,37,472,437,0.07504129409790039,0.0691685676574707,0.0058727264404296875
30,5000,2,sf,discrete,23,PC with deduce-dep,0.5789473684210527,0.9166666666666666,0.4230769230769231,16.0,901,467,32,467,434,0.07433462142944336,0.06847882270812988,0.0058557987213134766
30,5000,2,sf,discrete,24,PC with deduce-dep,0.28571428571428575,0.8333333333333334,0.1724137931034483,25.0,888,453,18,453,435,0.07812786102294922,0.0718989372253418,0.006228923797607422
30,5000,2,sf,discrete,25,PC with deduce-dep,0.17647058823529413,0.6,0.10344827586206896,28.0,878,443,8,443,435,0.07912325859069824,0.07333612442016602,0.0057871341705322266
30,5000,2,sf,discrete,26,PC with deduce-dep,0.6190476190476191,1.0,0.4482758620689655,16.0,905,470,35,470,435,0.07736587524414062,0.0712897777557373,0.00607609748840332
30,5000,2,sf,discrete,27,PC with deduce-dep,0.6190476190476191,1.0,0.4482758620689655,16.0,895,460,25,460,435,0.07601499557495117,0.07003211975097656,0.005982875823974609
30,5000,2,sf,discrete,28,PC with deduce-dep,0.6511627906976745,1.0,0.4827586206896552,15.0,916,482,47,482,434,0.08034610748291016,0.07422184944152832,0.006124258041381836
30,5000,2,sf,discrete,29,PC with deduce-dep,0.4878048780487806,0.8333333333333334,0.3448275862068966,21.0,898,463,28,463,435,0.08154296875,0.07531905174255371,0.006223917007446289
30,5000,2,sf,discrete,0,DF-PC (Pure),0.4444444444444445,0.625,0.3448275862068966,25.0,904,435,0,435,469,0.07128787040710449,0.0638589859008789,0.007428884506225586
30,5000,2,sf,discrete,1,DF-PC (Pure),0.4761904761904762,0.625,0.38461538461538464,22.0,971,435,0,435,536,0.07294130325317383,0.06464505195617676,0.00829625129699707
30,5000,2,sf,discrete,2,DF-PC (Pure),0.5652173913043479,0.7647058823529411,0.4482758620689655,20.0,925,438,3,438,487,0.07810711860656738,0.07001209259033203,0.008095026016235352
30,5000,2,sf,discrete,3,DF-PC (Pure),0.6666666666666665,0.75,0.6,15.0,936,438,3,438,498,0.07185053825378418,0.06436491012573242,0.007485628128051758
30,5000,2,sf,discrete,4,DF-PC (Pure),0.391304347826087,0.5294117647058824,0.3103448275862069,28.0,897,435,0,435,462,0.07335138320922852,0.06586384773254395,0.00748753547668457
30,5000,2,sf,discrete,5,DF-PC (Pure),0.6000000000000001,0.7142857142857143,0.5172413793103449,20.0,974,435,0,435,539,0.07218480110168457,0.06419920921325684,0.007985591888427734
30,5000,2,sf,discrete,6,DF-PC (Pure),0.6666666666666667,0.8823529411764706,0.5357142857142857,15.0,903,444,9,444,459,0.1392652988433838,0.1249852180480957,0.014280080795288086
30,5000,2,sf,discrete,7,DF-PC (Pure),0.5909090909090908,0.8125,0.4642857142857143,18.0,895,435,0,435,460,0.07042646408081055,0.0630795955657959,0.0073468685150146484
30,5000,2,sf,discrete,8,DF-PC (Pure),0.42105263157894735,0.6666666666666666,0.3076923076923077,22.0,889,435,0,435,454,0.07062864303588867,0.06355977058410645,0.0070688724517822266
30,5000,2,sf,discrete,9,DF-PC (Pure),0.6382978723404256,0.8333333333333334,0.5172413793103449,17.0,903,435,0,435,468,0.07535171508789062,0.0677025318145752,0.00764918327331543
30,5000,2,sf,discrete,10,DF-PC (Pure),0.6808510638297872,0.8888888888888888,0.5517241379310345,15.0,905,435,0,435,470,0.0699915885925293,0.06257748603820801,0.007414102554321289
30,5000,2,sf,discrete,11,DF-PC (Pure),0.6530612244897959,0.8,0.5517241379310345,17.0,959,438,3,438,521,0.09391546249389648,0.08500838279724121,0.008907079696655273
30,5000,2,sf,discrete,12,DF-PC (Pure),0.5714285714285714,0.7,0.4827586206896552,21.0,943,435,0,435,508,0.07222461700439453,0.06399226188659668,0.008232355117797852
30,5000,2,sf,discrete,13,DF-PC (Pure),0.6530612244897959,0.7619047619047619,0.5714285714285714,17.0,936,435,0,435,501,0.08678364753723145,0.07731938362121582,0.009464263916015625
30,5000,2,sf,discrete,14,DF-PC (Pure),0.7924528301886793,0.875,0.7241379310344828,11.0,954,435,0,435,519,0.0712442398071289,0.06343841552734375,0.007805824279785156
30,5000,2,sf,discrete,15,DF-PC (Pure),0.6521739130434783,0.8823529411764706,0.5172413793103449,16.0,907,435,0,435,472,0.07571291923522949,0.06800198554992676,0.007710933685302734
30,5000,2,sf,discrete,16,DF-PC (Pure),0.6122448979591838,0.75,0.5172413793103449,19.0,946,435,0,435,511,0.07326531410217285,0.06529808044433594,0.007967233657836914
30,5000,2,sf,discrete,17,DF-PC (Pure),0.4186046511627907,0.6428571428571429,0.3103448275862069,25.0,882,435,0,435,447,0.10504961013793945,0.09431886672973633,0.010730743408203125
30,5000,2,sf,discrete,18,DF-PC (Pure),0.5714285714285713,0.6,0.5454545454545454,18.0,943,435,0,435,508,0.07949304580688477,0.07109808921813965,0.008394956588745117
30,5000,2,sf,discrete,19,DF-PC (Pure),0.6808510638297872,0.8888888888888888,0.5517241379310345,15.0,916,438,3,438,478,0.11106991767883301,0.10006403923034668,0.011005878448486328
30,5000,2,sf,discrete,20,DF-PC (Pure),0.5238095238095237,0.7857142857142857,0.39285714285714285,20.0,903,435,0,435,468,0.12469363212585449,0.11277151107788086,0.011922121047973633
30,5000,2,sf,discrete,21,DF-PC (Pure),0.5714285714285715,0.9230769230769231,0.41379310344827586,18.0,892,435,0,435,457,0.07691216468811035,0.06875205039978027,0.008160114288330078
30,5000,2,sf,discrete,22,DF-PC (Pure),0.5777777777777777,0.8125,0.4482758620689655,19.0,938,438,3,438,500,0.07256817817687988,0.06486797332763672,0.007700204849243164
30,5000,2,sf,discrete,23,DF-PC (Pure),0.5365853658536585,0.7333333333333333,0.4230769230769231,19.0,909,435,0,435,474,0.14278125762939453,0.12836933135986328,0.01441192626953125
30,5000,2,sf,discrete,24,DF-PC (Pure),0.3,0.5454545454545454,0.20689655172413793,28.0,893,435,0,435,458,0.07972836494445801,0.07157182693481445,0.008156538009643555
30,5000,2,sf,discrete,25,DF-PC (Pure),0.16666666666666663,0.42857142857142855,0.10344827586206896,30.0,878,435,0,435,443,0.07450723648071289,0.06708455085754395,0.007422685623168945
30,5000,2,sf,discrete,26,DF-PC (Pure),0.5909090909090909,0.8666666666666667,0.4482758620689655,18.0,912,435,0,435,477,0.07495474815368652,0.06691217422485352,0.008042573928833008
30,5000,2,sf,discrete,27,DF-PC (Pure),0.608695652173913,0.8235294117647058,0.4827586206896552,18.0,895,435,0,435,460,0.10705780982971191,0.09549641609191895,0.011561393737792969
30,5000,2,sf,discrete,28,DF-PC (Pure),0.6530612244897959,0.8,0.5517241379310345,17.0,934,435,0,435,499,0.14332890510559082,0.12880706787109375,0.01452183723449707
30,5000,2,sf,discrete,29,DF-PC (Pure),0.46808510638297873,0.6111111111111112,0.3793103448275862,25.0,908,435,0,435,473,0.10988521575927734,0.09975981712341309,0.010125398635864258
30,5000,4,er,linear_sem,0,Standard PC,0.6792452830188679,0.782608695652174,0.6,34.0,17574,11165,10730,11165,6409,1.310279130935669,1.2532134056091309,0.057065725326538086
30,5000,4,er,linear_sem,1,Standard PC,0.6728971962616823,0.7659574468085106,0.6,35.0,12026,8658,8223,8658,3368,0.8696985244750977,0.8340358734130859,0.03566265106201172
30,5000,4,er,linear_sem,2,Standard PC,0.5833333333333334,0.7777777777777778,0.4666666666666667,40.0,16103,10835,10400,10835,5268,1.1884191036224365,1.1401660442352295,0.04825305938720703
30,5000,4,er,linear_sem,3,Standard PC,0.691588785046729,0.7872340425531915,0.6166666666666667,33.0,11851,8389,7954,8389,3462,0.9637250900268555,0.9234790802001953,0.040246009826660156
30,5000,4,er,linear_sem,4,Standard PC,0.712871287128713,0.8780487804878049,0.6,29.0,10600,7561,7126,7561,3039,0.8587422370910645,0.8233141899108887,0.03542804718017578
30,5000,4,er,linear_sem,5,Standard PC,0.6930693069306931,0.8536585365853658,0.5833333333333334,31.0,12955,8720,8285,8720,4235,1.44380784034729,1.3861353397369385,0.05767250061035156
30,5000,4,er,linear_sem,6,Standard PC,0.6458333333333335,0.8611111111111112,0.5166666666666667,34.0,14161,9817,9382,9817,4344,1.5930397510528564,1.5307722091674805,0.06226754188537598
30,5000,4,er,linear_sem,7,Standard PC,0.7307692307692307,0.8636363636363636,0.6333333333333333,28.0,12526,8977,8542,8977,3549,0.9749569892883301,0.9327929019927979,0.04216408729553223
30,5000,4,er,linear_sem,8,Standard PC,0.6185567010309277,0.8108108108108109,0.5,37.0,16674,12075,11640,12075,4599,1.7494256496429443,1.6852645874023438,0.06416106224060059
30,5000,4,er,linear_sem,9,Standard PC,0.6422018348623854,0.7142857142857143,0.5833333333333334,39.0,16654,11536,11101,11536,5118,1.257875919342041,1.207953929901123,0.04992198944091797
30,5000,4,er,linear_sem,10,Standard PC,0.6930693069306931,0.8536585365853658,0.5833333333333334,31.0,13390,9471,9036,9471,3919,1.080338954925537,1.0384511947631836,0.041887760162353516
30,5000,4,er,linear_sem,11,Standard PC,0.6464646464646464,0.8205128205128205,0.5333333333333333,35.0,16142,10428,9993,10428,5714,1.504467248916626,1.4454727172851562,0.05899453163146973
30,5000,4,er,linear_sem,12,Standard PC,0.6666666666666667,0.8888888888888888,0.5333333333333333,32.0,14159,9227,8792,9227,4932,1.048630952835083,1.0031704902648926,0.04546046257019043
30,5000,4,er,linear_sem,13,Standard PC,0.7927927927927927,0.8627450980392157,0.7333333333333333,23.0,10333,7309,6874,7309,3024,1.0574471950531006,1.0156490802764893,0.04179811477661133
30,5000,4,er,linear_sem,14,Standard PC,0.6666666666666667,0.8888888888888888,0.5333333333333333,32.0,13355,9431,8996,9431,3924,1.1446268558502197,1.1006696224212646,0.04395723342895508
30,5000,4,er,linear_sem,15,Standard PC,0.712871287128713,0.8780487804878049,0.6,29.0,12192,8215,7780,8215,3977,1.2534525394439697,1.2053771018981934,0.04807543754577637
30,5000,4,er,linear_sem,16,Standard PC,0.6542056074766355,0.7446808510638298,0.5833333333333334,37.0,14512,10548,10113,10548,3964,1.5403437614440918,1.4822845458984375,0.0580592155456543
30,5000,4,er,linear_sem,17,Standard PC,0.6326530612244898,0.8157894736842105,0.5166666666666667,36.0,14510,10203,9768,10203,4307,1.7135875225067139,1.6479291915893555,0.0656583309173584
30,5000,4,er,linear_sem,18,Standard PC,0.64,0.8,0.5333333333333333,36.0,17372,11531,11096,11531,5841,1.61277437210083,1.549536943435669,0.06323742866516113
30,5000,4,er,linear_sem,19,Standard PC,0.6170212765957447,0.8529411764705882,0.48333333333333334,36.0,15365,10619,10184,10619,4746,1.2500746250152588,1.1991572380065918,0.05091738700866699
30,5000,4,er,linear_sem,20,Standard PC,0.5714285714285714,0.7368421052631579,0.4666666666666667,42.0,18170,12413,11978,12413,5757,1.7720108032226562,1.7022264003753662,0.06978440284729004
30,5000,4,er,linear_sem,21,Standard PC,0.7238095238095237,0.8444444444444444,0.6333333333333333,29.0,12339,8686,8251,8686,3653,1.1585426330566406,1.1100554466247559,0.048487186431884766
30,5000,4,er,linear_sem,22,Standard PC,0.673076923076923,0.7954545454545454,0.5833333333333334,34.0,13665,9425,8990,9425,4240,1.2069544792175293,1.1537163257598877,0.0532381534576416
30,5000,4,er,linear_sem,23,Standard PC,0.6470588235294117,0.7857142857142857,0.55,36.0,11142,7412,6977,7412,3730,1.0452346801757812,0.9950439929962158,0.05019068717956543
30,5000,4,er,linear_sem,24,Standard PC,0.68,0.85,0.5666666666666667,32.0,12565,8676,8241,8676,3889,1.444931983947754,1.3830921649932861,0.06183981895446777
30,5000,4,er,linear_sem,25,Standard PC,0.62,0.775,0.5166666666666667,38.0,17230,11532,11097,11532,5698,1.6605792045593262,1.5939323902130127,0.06664681434631348
30,5000,4,er,linear_sem,26,Standard PC,0.6597938144329898,0.8648648648648649,0.5333333333333333,33.0,10029,7083,6648,7083,2946,0.9529886245727539,0.9129762649536133,0.040012359619140625
30,5000,4,er,linear_sem,27,Standard PC,0.6666666666666666,0.7777777777777778,0.5833333333333334,35.0,12089,8755,8320,8755,3334,1.3994359970092773,1.340956211090088,0.05847978591918945
30,5000,4,er,linear_sem,28,Standard PC,0.6470588235294117,0.7857142857142857,0.55,36.0,14743,9796,9361,9796,4947,1.774116039276123,1.7057499885559082,0.06836605072021484
30,5000,4,er,linear_sem,29,Standard PC,0.7572815533980582,0.9069767441860465,0.65,25.0,15427,10445,10010,10445,4982,1.571533203125,1.5104613304138184,0.06107187271118164
30,5000,4,er,linear_sem,0,PC with deduce-dep,0.6792452830188679,0.782608695652174,0.6,34.0,17574,11229,10794,11229,6345,1.598783016204834,1.5305981636047363,0.06818485260009766
30,5000,4,er,linear_sem,1,PC with deduce-dep,0.6792452830188679,0.782608695652174,0.6,34.0,12053,8733,8298,8733,3320,1.203742504119873,1.1532700061798096,0.05047249794006348
30,5000,4,er,linear_sem,2,PC with deduce-dep,0.5833333333333334,0.7777777777777778,0.4666666666666667,40.0,16103,10896,10461,10896,5207,1.5111868381500244,1.4455554485321045,0.06563138961791992
30,5000,4,er,linear_sem,3,PC with deduce-dep,0.691588785046729,0.7872340425531915,0.6166666666666667,33.0,11851,8433,7998,8433,3418,1.2705576419830322,1.2196106910705566,0.050946950912475586
30,5000,4,er,linear_sem,4,PC with deduce-dep,0.712871287128713,0.8780487804878049,0.6,29.0,10602,7604,7169,7604,2998,0.8560988903045654,0.8145492076873779,0.0415496826171875
30,5000,4,er,linear_sem,5,PC with deduce-dep,0.6930693069306931,0.8536585365853658,0.5833333333333334,31.0,12991,8786,8351,8786,4205,1.2347803115844727,1.1809844970703125,0.053795814514160156
30,5000,4,er,linear_sem,6,PC with deduce-dep,0.6458333333333335,0.8611111111111112,0.5166666666666667,34.0,14223,9909,9474,9909,4314,1.5471274852752686,1.4837570190429688,0.0633704662322998
30,5000,4,er,linear_sem,7,PC with deduce-dep,0.7307692307692307,0.8636363636363636,0.6333333333333333,28.0,12534,9049,8614,9049,3485,1.2568864822387695,1.2008490562438965,0.05603742599487305
30,5000,4,er,linear_sem,8,PC with deduce-dep,0.6185567010309277,0.8108108108108109,0.5,37.0,16698,12171,11736,12171,4527,2.3049917221069336,2.215498685836792,0.0894930362701416
30,5000,4,er,linear_sem,9,PC with deduce-dep,0.6422018348623854,0.7142857142857143,0.5833333333333334,39.0,16654,11594,11159,11594,5060,1.5933995246887207,1.5273816585540771,0.06601786613464355
30,5000,4,er,linear_sem,10,PC with deduce-dep,0.6930693069306931,0.8536585365853658,0.5833333333333334,31.0,13422,9554,9119,9554,3868,1.8269836902618408,1.7585484981536865,0.0684351921081543
30,5000,4,er,linear_sem,11,PC with deduce-dep,0.6464646464646464,0.8205128205128205,0.5333333333333333,35.0,16142,10497,10062,10497,5645,1.7854995727539062,1.7121052742004395,0.0733942985534668
30,5000,4,er,linear_sem,12,PC with deduce-dep,0.6666666666666667,0.8888888888888888,0.5333333333333333,32.0,14174,9294,8859,9294,4880,1.6357665061950684,1.563758134841919,0.07200837135314941
30,5000,4,er,linear_sem,13,PC with deduce-dep,0.7927927927927927,0.8627450980392157,0.7333333333333333,23.0,10347,7359,6924,7359,2988,1.2758524417877197,1.2169153690338135,0.05893707275390625
30,5000,4,er,linear_sem,14,PC with deduce-dep,0.6666666666666667,0.8888888888888888,0.5333333333333333,32.0,13373,9506,9071,9506,3867,1.4450080394744873,1.3857405185699463,0.059267520904541016
30,5000,4,er,linear_sem,15,PC with deduce-dep,0.712871287128713,0.8780487804878049,0.6,29.0,12198,8287,7852,8287,3911,1.5719316005706787,1.5050132274627686,0.06691837310791016
30,5000,4,er,linear_sem,16,PC with deduce-dep,0.6542056074766355,0.7446808510638298,0.5833333333333334,37.0,14544,10637,10202,10637,3907,2.0062811374664307,1.9305729866027832,0.07570815086364746
30,5000,4,er,linear_sem,17,PC with deduce-dep,0.6326530612244898,0.8157894736842105,0.5166666666666667,36.0,14510,10244,9809,10244,4266,1.401014804840088,1.341597318649292,0.0594174861907959
30,5000,4,er,linear_sem,18,PC with deduce-dep,0.64,0.8,0.5333333333333333,36.0,17383,11589,11154,11589,5794,1.647862434387207,1.5801737308502197,0.0676887035369873
30,5000,4,er,linear_sem,19,PC with deduce-dep,0.6170212765957447,0.8529411764705882,0.48333333333333334,36.0,15365,10672,10237,10672,4693,1.9923112392425537,1.9180350303649902,0.07427620887756348
30,5000,4,er,linear_sem,20,PC with deduce-dep,0.5714285714285714,0.7368421052631579,0.4666666666666667,42.0,18170,12476,12041,12476,5694,2.062875986099243,1.9844872951507568,0.07838869094848633
30,5000,4,er,linear_sem,21,PC with deduce-dep,0.7238095238095237,0.8444444444444444,0.6333333333333333,29.0,12344,8725,8290,8725,3619,1.4870250225067139,1.429955244064331,0.05706977844238281
30,5000,4,er,linear_sem,22,PC with deduce-dep,0.673076923076923,0.7954545454545454,0.5833333333333334,34.0,13677,9486,9051,9486,4191,1.5171899795532227,1.4501514434814453,0.06703853607177734
30,5000,4,er,linear_sem,23,PC with deduce-dep,0.6470588235294117,0.7857142857142857,0.55,36.0,11146,7440,7005,7440,3706,1.2413110733032227,1.1835100650787354,0.057801008224487305
30,5000,4,er,linear_sem,24,PC with deduce-dep,0.68,0.85,0.5666666666666667,32.0,12565,8723,8288,8723,3842,1.3883535861968994,1.3274033069610596,0.060950279235839844
30,5000,4,er,linear_sem,25,PC with deduce-dep,0.62,0.775,0.5166666666666667,38.0,17230,11582,11147,11582,5648,1.6760141849517822,1.6024119853973389,0.07360219955444336
30,5000,4,er,linear_sem,26,PC with deduce-dep,0.6597938144329898,0.8648648648648649,0.5333333333333333,33.0,10029,7121,6686,7121,2908,0.9914536476135254,0.9455356597900391,0.04591798782348633
30,5000,4,er,linear_sem,27,PC with deduce-dep,0.6666666666666666,0.7777777777777778,0.5833333333333334,35.0,12089,8801,8366,8801,3288,1.3208317756652832,1.2690913677215576,0.051740407943725586
30,5000,4,er,linear_sem,28,PC with deduce-dep,0.6470588235294117,0.7857142857142857,0.55,36.0,14841,9967,9532,9967,4874,1.7349827289581299,1.6617035865783691,0.07327914237976074
30,5000,4,er,linear_sem,29,PC with deduce-dep,0.7572815533980582,0.9069767441860465,0.65,25.0,15444,10514,10079,10514,4930,2.5672125816345215,2.4891626834869385,0.07804989814758301
30,5000,4,er,linear_sem,0,DF-PC (Pure),0.6792452830188679,0.782608695652174,0.6,34.0,17574,10173,9738,10173,7401,1.9462990760803223,1.6820707321166992,0.26422834396362305
30,5000,4,er,linear_sem,1,DF-PC (Pure),0.6792452830188679,0.782608695652174,0.6,34.0,12053,6339,5904,6339,5714,1.412400722503662,1.2366468906402588,0.17575383186340332
30,5000,4,er,linear_sem,2,DF-PC (Pure),0.5833333333333334,0.7777777777777778,0.4666666666666667,40.0,16104,9479,9044,9479,6625,1.5344014167785645,1.3114492893218994,0.22295212745666504
30,5000,4,er,linear_sem,3,DF-PC (Pure),0.691588785046729,0.7872340425531915,0.6166666666666667,33.0,11851,6191,5756,6191,5660,1.4642040729522705,1.265343189239502,0.19886088371276855
30,5000,4,er,linear_sem,4,DF-PC (Pure),0.712871287128713,0.8780487804878049,0.6,29.0,10602,5554,5119,5554,5048,1.1481144428253174,0.9716172218322754,0.176497220993042
30,5000,4,er,linear_sem,5,DF-PC (Pure),0.6930693069306931,0.8536585365853658,0.5833333333333334,31.0,13087,7315,6880,7315,5772,1.2755422592163086,1.1008918285369873,0.1746504306793213
30,5000,4,er,linear_sem,6,DF-PC (Pure),0.6458333333333335,0.8611111111111112,0.5166666666666667,34.0,14249,8051,7616,8051,6198,1.674412488937378,1.4626224040985107,0.2117900848388672
30,5000,4,er,linear_sem,7,DF-PC (Pure),0.7307692307692307,0.8636363636363636,0.6333333333333333,28.0,12742,7088,6653,7088,5654,1.3973777294158936,1.1923136711120605,0.205064058303833
30,5000,4,er,linear_sem,8,DF-PC (Pure),0.6185567010309277,0.8108108108108109,0.5,37.0,16674,9734,9299,9734,6940,1.946307897567749,1.5874524116516113,0.3588554859161377
30,5000,4,er,linear_sem,9,DF-PC (Pure),0.6422018348623854,0.7142857142857143,0.5833333333333334,39.0,16656,9602,9167,9602,7054,1.6012306213378906,1.3622417449951172,0.23898887634277344
30,5000,4,er,linear_sem,10,DF-PC (Pure),0.6930693069306931,0.8536585365853658,0.5833333333333334,31.0,13547,7508,7073,7508,6039,1.489886999130249,1.2657673358917236,0.2241196632385254
30,5000,4,er,linear_sem,11,DF-PC (Pure),0.6464646464646464,0.8205128205128205,0.5333333333333333,35.0,16203,9225,8790,9225,6978,1.820483684539795,1.5817387104034424,0.23874497413635254
30,5000,4,er,linear_sem,12,DF-PC (Pure),0.653061224489796,0.8421052631578947,0.5333333333333333,34.0,14378,8316,7881,8316,6062,1.8481876850128174,1.6313447952270508,0.2168428897857666
30,5000,4,er,linear_sem,13,DF-PC (Pure),0.7857142857142856,0.8461538461538461,0.7333333333333333,24.0,10420,5044,4609,5044,5376,1.116682767868042,0.9533138275146484,0.16336894035339355
30,5000,4,er,linear_sem,14,DF-PC (Pure),0.673469387755102,0.868421052631579,0.55,32.0,13639,7410,6975,7410,6229,1.6851379871368408,1.4676048755645752,0.21753311157226562
30,5000,4,er,linear_sem,15,DF-PC (Pure),0.712871287128713,0.8780487804878049,0.6,29.0,12203,6602,6167,6602,5601,1.2694096565246582,1.0858073234558105,0.18360233306884766
30,5000,4,er,linear_sem,16,DF-PC (Pure),0.6542056074766355,0.7446808510638298,0.5833333333333334,37.0,14544,7878,7443,7878,6666,1.3751354217529297,1.0898635387420654,0.28527188301086426
30,5000,4,er,linear_sem,17,DF-PC (Pure),0.6262626262626263,0.7948717948717948,0.5166666666666667,37.0,14731,8058,7623,8058,6673,1.3569371700286865,1.147477149963379,0.20946002006530762
30,5000,4,er,linear_sem,18,DF-PC (Pure),0.64,0.8,0.5333333333333333,36.0,17381,10043,9608,10043,7338,1.7715275287628174,1.5119273662567139,0.2596001625061035
30,5000,4,er,linear_sem,19,DF-PC (Pure),0.6170212765957447,0.8529411764705882,0.48333333333333334,36.0,15365,8599,8164,8599,6766,1.4138691425323486,1.206477165222168,0.20739197731018066
30,5000,4,er,linear_sem,20,DF-PC (Pure),0.556701030927835,0.7297297297297297,0.45,43.0,18546,10895,10460,10895,7651,2.1505775451660156,1.861008882522583,0.2895686626434326
30,5000,4,er,linear_sem,21,DF-PC (Pure),0.7238095238095237,0.8444444444444444,0.6333333333333333,29.0,12359,6740,6305,6740,5619,1.186720609664917,1.003150463104248,0.18357014656066895
30,5000,4,er,linear_sem,22,DF-PC (Pure),0.673076923076923,0.7954545454545454,0.5833333333333334,34.0,13886,7568,7133,7568,6318,1.4319977760314941,1.2157328128814697,0.21626496315002441
30,5000,4,er,linear_sem,23,DF-PC (Pure),0.6470588235294117,0.7857142857142857,0.55,36.0,11167,5772,5337,5772,5395,0.9052226543426514,0.7759006023406982,0.12932205200195312
30,5000,4,er,linear_sem,24,DF-PC (Pure),0.68,0.85,0.5666666666666667,32.0,12565,7005,6570,7005,5560,1.3125836849212646,1.1261720657348633,0.18641161918640137
30,5000,4,er,linear_sem,25,DF-PC (Pure),0.6138613861386139,0.7560975609756098,0.5166666666666667,39.0,17417,10022,9587,10022,7395,1.9001963138580322,1.6318752765655518,0.26832103729248047
30,5000,4,er,linear_sem,26,DF-PC (Pure),0.673469387755102,0.868421052631579,0.55,32.0,10109,5271,4836,5271,4838,0.8642852306365967,0.7253608703613281,0.13892436027526855
30,5000,4,er,linear_sem,27,DF-PC (Pure),0.6666666666666666,0.7777777777777778,0.5833333333333334,35.0,12099,6412,5977,6412,5687,0.8990194797515869,0.7498619556427002,0.14915752410888672
30,5000,4,er,linear_sem,28,DF-PC (Pure),0.6470588235294117,0.7857142857142857,0.55,36.0,14752,8310,7875,8310,6442,1.6379778385162354,1.4195547103881836,0.21842312812805176
30,5000,4,er,linear_sem,29,DF-PC (Pure),0.7572815533980582,0.9069767441860465,0.65,25.0,15428,8876,8441,8876,6552,1.3861546516418457,1.2059392929077148,0.18021535873413086
30,5000,4,er,discrete,0,Standard PC,0.6363636363636364,1.0,0.4666666666666667,32.0,1094,654,219,654,440,0.1174933910369873,0.1105031967163086,0.006990194320678711
30,5000,4,er,discrete,1,Standard PC,0.5,1.0,0.3333333333333333,40.0,993,556,121,556,437,0.14704370498657227,0.1384580135345459,0.008585691452026367
30,5000,4,er,discrete,2,Standard PC,0.5121951219512195,0.9545454545454546,0.35,40.0,1102,657,222,657,445,0.12154817581176758,0.1142420768737793,0.007306098937988281
30,5000,4,er,discrete,3,Standard PC,0.4615384615384615,1.0,0.3,42.0,978,541,106,541,437,0.09498119354248047,0.08862161636352539,0.006359577178955078
30,5000,4,er,discrete,4,Standard PC,0.5365853658536585,1.0,0.36666666666666664,38.0,1031,585,150,585,446,0.09658384323120117,0.09042191505432129,0.006161928176879883
30,5000,4,er,discrete,5,Standard PC,0.5365853658536585,1.0,0.36666666666666664,38.0,1044,609,174,609,435,0.10884523391723633,0.10205793380737305,0.006787300109863281
30,5000,4,er,discrete,6,Standard PC,0.4810126582278481,1.0,0.31666666666666665,41.0,1018,578,143,578,440,0.09903907775878906,0.09290289878845215,0.006136178970336914
30,5000,4,er,discrete,7,Standard PC,0.5542168674698795,1.0,0.38333333333333336,37.0,1031,596,161,596,435,0.10415983200073242,0.09752535820007324,0.00663447380065918
30,5000,4,er,discrete,8,Standard PC,0.5,1.0,0.3333333333333333,40.0,1134,693,258,693,441,0.11681747436523438,0.11018157005310059,0.006635904312133789
30,5000,4,er,discrete,9,Standard PC,0.5301204819277108,0.9565217391304348,0.36666666666666664,39.0,1154,708,273,708,446,0.22536444664001465,0.21376323699951172,0.01160120964050293
30,5000,4,er,discrete,10,Standard PC,0.4,1.0,0.25,45.0,965,526,91,526,439,0.09346628189086914,0.08711647987365723,0.006349802017211914
30,5000,4,er,discrete,11,Standard PC,0.5542168674698795,1.0,0.38333333333333336,37.0,1166,717,282,717,449,0.12954187393188477,0.12232756614685059,0.00721430778503418
30,5000,4,er,discrete,12,Standard PC,0.4415584415584416,1.0,0.2833333333333333,43.0,1087,649,214,649,438,0.12781262397766113,0.12061786651611328,0.0071947574615478516
30,5000,4,er,discrete,13,Standard PC,0.5301204819277108,0.9565217391304348,0.36666666666666664,39.0,1080,641,206,641,439,0.12012171745300293,0.11224675178527832,0.00787496566772461
30,5000,4,er,discrete,14,Standard PC,0.4556962025316456,0.9473684210526315,0.3,43.0,997,552,117,552,445,0.09280228614807129,0.08678483963012695,0.006017446517944336
30,5000,4,er,discrete,15,Standard PC,0.5,1.0,0.3333333333333333,40.0,983,543,108,543,440,0.08799004554748535,0.08202791213989258,0.0059621334075927734
30,5000,4,er,discrete,16,Standard PC,0.4810126582278481,1.0,0.31666666666666665,41.0,994,550,115,550,444,0.08965539932250977,0.08371114730834961,0.005944252014160156
30,5000,4,er,discrete,17,Standard PC,0.5365853658536585,1.0,0.36666666666666664,38.0,1047,608,173,608,439,0.18961882591247559,0.1788485050201416,0.010770320892333984
30,5000,4,er,discrete,18,Standard PC,0.4210526315789474,1.0,0.26666666666666666,44.0,1023,586,151,586,437,0.10427141189575195,0.0977630615234375,0.006508350372314453
30,5000,4,er,discrete,19,Standard PC,0.4938271604938272,0.9523809523809523,0.3333333333333333,41.0,1083,643,208,643,440,0.11273956298828125,0.10612773895263672,0.006611824035644531
30,5000,4,er,discrete,20,Standard PC,0.5,1.0,0.3333333333333333,40.0,1041,602,167,602,439,0.12193655967712402,0.11459827423095703,0.007338285446166992
30,5000,4,er,discrete,21,Standard PC,0.5121951219512195,0.9545454545454546,0.35,40.0,1033,590,155,590,443,0.1878969669342041,0.1766667366027832,0.011230230331420898
30,5000,4,er,discrete,22,Standard PC,0.5,1.0,0.3333333333333333,40.0,1026,588,153,588,438,0.187330961227417,0.17612075805664062,0.011210203170776367
30,5000,4,er,discrete,23,Standard PC,0.5301204819277108,0.9565217391304348,0.36666666666666664,39.0,1067,627,192,627,440,0.11298966407775879,0.10594964027404785,0.0070400238037109375
30,5000,4,er,discrete,24,Standard PC,0.4415584415584416,1.0,0.2833333333333333,43.0,1036,600,165,600,436,0.11489152908325195,0.10849428176879883,0.006397247314453125
30,5000,4,er,discrete,25,Standard PC,0.5882352941176471,1.0,0.4166666666666667,35.0,1161,714,279,714,447,0.12814664840698242,0.12105035781860352,0.007096290588378906
30,5000,4,er,discrete,26,Standard PC,0.37837837837837834,1.0,0.23333333333333334,46.0,976,540,105,540,436,0.09091305732727051,0.08500337600708008,0.00590968132019043
30,5000,4,er,discrete,27,Standard PC,0.5185185185185185,1.0,0.35,39.0,1096,647,212,647,449,0.11900568008422852,0.11207699775695801,0.006928682327270508
30,5000,4,er,discrete,28,Standard PC,0.5365853658536585,1.0,0.36666666666666664,38.0,1103,668,233,668,435,0.11648368835449219,0.1097419261932373,0.006741762161254883
30,5000,4,er,discrete,29,Standard PC,0.5647058823529413,0.96,0.4,37.0,1085,647,212,647,438,0.11472058296203613,0.10783576965332031,0.00688481330871582
30,5000,4,er,discrete,0,PC with deduce-dep,0.6516853932584269,1.0,0.48333333333333334,31.0,1100,667,232,667,433,0.1536548137664795,0.1439359188079834,0.009718894958496094
30,5000,4,er,discrete,1,PC with deduce-dep,0.5882352941176471,1.0,0.4166666666666667,35.0,1009,595,160,595,414,0.10223937034606934,0.09514188766479492,0.007097482681274414
30,5000,4,er,discrete,2,PC with deduce-dep,0.5647058823529413,0.96,0.4,37.0,1128,743,308,743,385,0.1353776454925537,0.12716245651245117,0.008215188980102539
30,5000,4,er,discrete,3,PC with deduce-dep,0.5,1.0,0.3333333333333333,40.0,978,549,114,549,429,0.09988856315612793,0.09299230575561523,0.006896257400512695
30,5000,4,er,discrete,4,PC with deduce-dep,0.5542168674698795,1.0,0.38333333333333336,37.0,1036,597,162,597,439,0.11309933662414551,0.10533976554870605,0.007759571075439453
30,5000,4,er,discrete,5,PC with deduce-dep,0.5882352941176471,1.0,0.4166666666666667,35.0,1059,646,211,646,413,0.11405014991760254,0.10687565803527832,0.007174491882324219
30,5000,4,er,discrete,6,PC with deduce-dep,0.5185185185185185,1.0,0.35,39.0,1024,595,160,595,429,0.10497570037841797,0.0979621410369873,0.007013559341430664
30,5000,4,er,discrete,7,PC with deduce-dep,0.6046511627906976,1.0,0.43333333333333335,34.0,1037,627,192,627,410,0.10765266418457031,0.10077023506164551,0.006882429122924805
30,5000,4,er,discrete,8,PC with deduce-dep,0.6046511627906976,1.0,0.43333333333333335,34.0,1191,823,388,823,368,0.27496337890625,0.2603936195373535,0.014569759368896484
30,5000,4,er,discrete,9,PC with deduce-dep,0.6292134831460675,0.9655172413793104,0.4666666666666667,33.0,1211,852,417,852,359,0.16384410858154297,0.15450143814086914,0.009342670440673828
30,5000,4,er,discrete,10,PC with deduce-dep,0.4,1.0,0.25,45.0,965,526,91,526,439,0.08779621124267578,0.08142709732055664,0.006369113922119141
30,5000,4,er,discrete,11,PC with deduce-dep,0.6292134831460675,0.9655172413793104,0.4666666666666667,33.0,1215,823,388,823,392,0.15859079360961914,0.14972257614135742,0.008868217468261719
30,5000,4,er,discrete,12,PC with deduce-dep,0.5185185185185185,1.0,0.35,39.0,1192,893,458,893,299,0.17811918258666992,0.16602516174316406,0.01209402084350586
30,5000,4,er,discrete,13,PC with deduce-dep,0.5647058823529413,0.96,0.4,37.0,1108,711,276,711,397,0.23125362396240234,0.21860742568969727,0.012646198272705078
30,5000,4,er,discrete,14,PC with deduce-dep,0.4556962025316456,0.9473684210526315,0.3,43.0,997,552,117,552,445,0.09628605842590332,0.08950233459472656,0.006783723831176758
30,5000,4,er,discrete,15,PC with deduce-dep,0.5185185185185185,1.0,0.35,39.0,983,544,109,544,439,0.17178654670715332,0.16056275367736816,0.011223793029785156
30,5000,4,er,discrete,16,PC with deduce-dep,0.5185185185185185,1.0,0.35,39.0,1000,567,132,567,433,0.09276986122131348,0.08619999885559082,0.006569862365722656
30,5000,4,er,discrete,17,PC with deduce-dep,0.5542168674698795,1.0,0.38333333333333336,37.0,1052,615,180,615,437,0.11134076118469238,0.10423159599304199,0.007109165191650391
30,5000,4,er,discrete,18,PC with deduce-dep,0.5365853658536585,1.0,0.36666666666666664,38.0,1058,679,244,679,379,0.11723160743713379,0.1094059944152832,0.007825613021850586
30,5000,4,er,discrete,19,PC with deduce-dep,0.5476190476190476,0.9583333333333334,0.38333333333333336,38.0,1172,821,386,821,351,0.1781446933746338,0.16676092147827148,0.011383771896362305
30,5000,4,er,discrete,20,PC with deduce-dep,0.6046511627906976,1.0,0.43333333333333335,34.0,1055,637,202,637,418,0.11777281761169434,0.11016416549682617,0.007608652114868164
30,5000,4,er,discrete,21,PC with deduce-dep,0.5121951219512195,0.9545454545454546,0.35,40.0,1033,590,155,590,443,0.10157489776611328,0.09501051902770996,0.00656437873840332
30,5000,4,er,discrete,22,PC with deduce-dep,0.5365853658536585,1.0,0.36666666666666664,38.0,1131,822,387,822,309,0.16237115859985352,0.15213465690612793,0.010236501693725586
30,5000,4,er,discrete,23,PC with deduce-dep,0.5476190476190476,0.9583333333333334,0.38333333333333336,38.0,1067,628,193,628,439,0.10606026649475098,0.09933304786682129,0.0067272186279296875
30,5000,4,er,discrete,24,PC with deduce-dep,0.5185185185185185,1.0,0.35,39.0,1049,632,197,632,417,0.1134800910949707,0.10621428489685059,0.007265806198120117
30,5000,4,er,discrete,25,PC with deduce-dep,0.6956521739130436,1.0,0.5333333333333333,28.0,1178,764,329,764,414,0.15704894065856934,0.1481635570526123,0.008885383605957031
30,5000,4,er,discrete,26,PC with deduce-dep,0.4615384615384615,1.0,0.3,42.0,982,549,114,549,433,0.09076714515686035,0.08433914184570312,0.0064280033111572266
30,5000,4,er,discrete,27,PC with deduce-dep,0.5882352941176471,1.0,0.4166666666666667,35.0,1121,681,246,681,440,0.1279151439666748,0.1200718879699707,0.007843255996704102
30,5000,4,er,discrete,28,PC with deduce-dep,0.6206896551724138,1.0,0.45,33.0,1109,700,265,700,409,0.12244081497192383,0.11524367332458496,0.007197141647338867
30,5000,4,er,discrete,29,PC with deduce-dep,0.6292134831460675,0.9655172413793104,0.4666666666666667,33.0,1098,677,242,677,421,0.12759613990783691,0.11992144584655762,0.007674694061279297
30,5000,4,er,discrete,0,DF-PC (Pure),0.78,0.975,0.65,22.0,1500,444,9,444,1056,0.08012962341308594,0.06703352928161621,0.013096094131469727
30,5000,4,er,discrete,1,DF-PC (Pure),0.6067415730337079,0.9310344827586207,0.45,35.0,1018,438,3,438,580,0.07657003402709961,0.06790542602539062,0.008664608001708984
30,5000,4,er,discrete,2,DF-PC (Pure),0.5979381443298969,0.7837837837837838,0.48333333333333334,39.0,1642,450,15,450,1192,0.0929110050201416,0.07669663429260254,0.016214370727539062
30,5000,4,er,discrete,3,DF-PC (Pure),0.5909090909090909,0.9285714285714286,0.43333333333333335,36.0,1016,438,3,438,578,0.07386088371276855,0.06548786163330078,0.008373022079467773
30,5000,4,er,discrete,4,DF-PC (Pure),0.6236559139784946,0.8787878787878788,0.48333333333333334,35.0,1281,453,18,453,828,0.14339566230773926,0.12314176559448242,0.020253896713256836
30,5000,4,er,discrete,5,DF-PC (Pure),0.6521739130434783,0.9375,0.5,32.0,1148,435,0,435,713,0.13339614868164062,0.11678385734558105,0.01661229133605957
30,5000,4,er,discrete,6,DF-PC (Pure),0.7291666666666666,0.9722222222222222,0.5833333333333334,26.0,1441,441,6,441,1000,0.08448004722595215,0.0707237720489502,0.013756275177001953
30,5000,4,er,discrete,7,DF-PC (Pure),0.6808510638297872,0.9411764705882353,0.5333333333333333,30.0,1145,435,0,435,710,0.07257938385009766,0.06316113471984863,0.009418249130249023
30,5000,4,er,discrete,8,DF-PC (Pure),0.6597938144329898,0.8648648648648649,0.5333333333333333,33.0,1495,443,8,443,1052,0.07943892478942871,0.06630444526672363,0.013134479522705078
30,5000,4,er,discrete,9,DF-PC (Pure),0.7428571428571429,0.8666666666666667,0.65,27.0,1518,452,17,452,1066,0.0782930850982666,0.06523466110229492,0.01305842399597168
30,5000,4,er,discrete,10,DF-PC (Pure),0.6222222222222223,0.9333333333333333,0.4666666666666667,34.0,1106,444,9,444,662,0.07752299308776855,0.06818819046020508,0.009334802627563477
30,5000,4,er,discrete,11,DF-PC (Pure),0.74,0.925,0.6166666666666667,26.0,1762,477,42,477,1285,0.13507986068725586,0.10831356048583984,0.026766300201416016
30,5000,4,er,discrete,12,DF-PC (Pure),0.6236559139784946,0.8787878787878788,0.48333333333333334,35.0,1575,438,3,438,1137,0.07970118522644043,0.06461238861083984,0.015088796615600586
30,5000,4,er,discrete,13,DF-PC (Pure),0.625,0.8333333333333334,0.5,36.0,1363,441,6,441,922,0.07726073265075684,0.06544828414916992,0.011812448501586914
30,5000,4,er,discrete,14,DF-PC (Pure),0.5319148936170213,0.7352941176470589,0.4166666666666667,44.0,1288,457,22,457,831,0.08128833770751953,0.06990957260131836,0.011378765106201172
30,5000,4,er,discrete,15,DF-PC (Pure),0.6516853932584269,1.0,0.48333333333333334,31.0,1035,441,6,441,594,0.07570123672485352,0.06687760353088379,0.008823633193969727
30,5000,4,er,discrete,16,DF-PC (Pure),0.6,0.9,0.45,36.0,1127,444,9,444,683,0.07889270782470703,0.06871390342712402,0.010178804397583008
30,5000,4,er,discrete,17,DF-PC (Pure),0.6236559139784946,0.8787878787878788,0.48333333333333334,35.0,1271,441,6,441,830,0.08621025085449219,0.07431936264038086,0.011890888214111328
30,5000,4,er,discrete,18,DF-PC (Pure),0.6593406593406593,0.967741935483871,0.5,31.0,1200,438,3,438,762,0.11197996139526367,0.09619522094726562,0.015784740447998047
30,5000,4,er,discrete,19,DF-PC (Pure),0.6105263157894737,0.8285714285714286,0.48333333333333334,37.0,1679,441,6,441,1238,0.09942626953125,0.07939934730529785,0.02002692222595215
30,5000,4,er,discrete,20,DF-PC (Pure),0.631578947368421,0.8571428571428571,0.5,35.0,1337,441,6,441,896,0.11809659004211426,0.09933757781982422,0.01875901222229004
30,5000,4,er,discrete,21,DF-PC (Pure),0.6153846153846154,0.9032258064516129,0.4666666666666667,35.0,1133,444,9,444,689,0.15094208717346191,0.13298487663269043,0.017957210540771484
30,5000,4,er,discrete,22,DF-PC (Pure),0.6444444444444445,0.9666666666666667,0.48333333333333334,32.0,1220,438,3,438,782,0.15865182876586914,0.1351330280303955,0.023518800735473633
30,5000,4,er,discrete,23,DF-PC (Pure),0.6382978723404256,0.8823529411764706,0.5,34.0,1226,441,6,441,785,0.08764481544494629,0.07614564895629883,0.011499166488647461
30,5000,4,er,discrete,24,DF-PC (Pure),0.625,0.8333333333333334,0.5,36.0,1295,438,3,438,857,0.1347973346710205,0.11626148223876953,0.018535852432250977
30,5000,4,er,discrete,25,DF-PC (Pure),0.7450980392156863,0.9047619047619048,0.6333333333333333,26.0,1364,452,17,452,912,0.0956566333770752,0.08188772201538086,0.013768911361694336
30,5000,4,er,discrete,26,DF-PC (Pure),0.47619047619047616,0.8333333333333334,0.3333333333333333,44.0,1013,438,3,438,575,0.13771820068359375,0.12293100357055664,0.01478719711303711
30,5000,4,er,discrete,27,DF-PC (Pure),0.6804123711340206,0.8918918918918919,0.55,31.0,1673,511,76,511,1162,0.17497539520263672,0.14549922943115234,0.029476165771484375
30,5000,4,er,discrete,28,DF-PC (Pure),0.7272727272727274,0.9230769230769231,0.6,27.0,1555,435,0,435,1120,0.12856125831604004,0.10778927803039551,0.02077198028564453
30,5000,4,er,discrete,29,DF-PC (Pure),0.7326732673267328,0.9024390243902439,0.6166666666666667,27.0,1326,438,3,438,888,0.12115597724914551,0.10483622550964355,0.016319751739501953
30,5000,4,sf,linear_sem,0,Standard PC,0.5591397849462365,0.7027027027027027,0.4642857142857143,41.0,8738,7133,6698,7133,1605,0.7390272617340088,0.7104229927062988,0.02860426902770996
30,5000,4,sf,linear_sem,1,Standard PC,0.6813186813186813,0.7948717948717948,0.5961538461538461,29.0,7722,6040,5605,6040,1682,0.6160361766815186,0.5890343189239502,0.02700185775756836
30,5000,4,sf,linear_sem,2,Standard PC,0.7311827956989246,0.8717948717948718,0.6296296296296297,25.0,5726,4483,4048,4483,1243,0.5558483600616455,0.5332973003387451,0.02255105972290039
30,5000,4,sf,linear_sem,3,Standard PC,0.6304347826086957,0.8055555555555556,0.5178571428571429,34.0,9480,7179,6744,7179,2301,0.7369275093078613,0.7056417465209961,0.031285762786865234
30,5000,4,sf,linear_sem,4,Standard PC,0.8571428571428571,1.0,0.75,12.0,6423,5464,5029,5464,959,0.6639339923858643,0.6382815837860107,0.025652408599853516
30,5000,4,sf,linear_sem,5,Standard PC,0.7865168539325842,0.9210526315789473,0.6862745098039216,19.0,4642,3412,2977,3412,1230,0.5530331134796143,0.5273971557617188,0.025635957717895508
30,5000,4,sf,linear_sem,6,Standard PC,0.5454545454545454,0.75,0.42857142857142855,40.0,7996,6397,5962,6397,1599,0.6933493614196777,0.6638116836547852,0.029537677764892578
30,5000,4,sf,linear_sem,7,Standard PC,0.782608695652174,0.9473684210526315,0.6666666666666666,20.0,7513,5663,5228,5663,1850,0.621985673904419,0.5938785076141357,0.028107166290283203
30,5000,4,sf,linear_sem,8,Standard PC,0.6888888888888888,0.9117647058823529,0.5535714285714286,28.0,7711,5667,5232,5667,2044,0.5617094039916992,0.5370516777038574,0.024657726287841797
30,5000,4,sf,linear_sem,9,Standard PC,0.6741573033707865,0.9090909090909091,0.5357142857142857,29.0,6268,4666,4231,4666,1602,0.7293782234191895,0.6989755630493164,0.030402660369873047
30,5000,4,sf,linear_sem,10,Standard PC,0.6956521739130435,0.8888888888888888,0.5714285714285714,28.0,8563,6709,6274,6709,1854,0.8889849185943604,0.8536398410797119,0.03534507751464844
30,5000,4,sf,linear_sem,11,Standard PC,0.7422680412371134,0.8780487804878049,0.6428571428571429,25.0,6390,5017,4582,5017,1373,0.5718936920166016,0.5458228588104248,0.026070833206176758
30,5000,4,sf,linear_sem,12,Standard PC,0.7526881720430108,0.8974358974358975,0.6481481481481481,23.0,7815,5840,5405,5840,1975,0.6273469924926758,0.5998704433441162,0.02747654914855957
30,5000,4,sf,linear_sem,13,Standard PC,0.6428571428571428,0.8709677419354839,0.5094339622641509,30.0,4762,3317,2882,3317,1445,0.5446610450744629,0.518240213394165,0.02642083168029785
30,5000,4,sf,linear_sem,14,Standard PC,0.6888888888888888,0.9117647058823529,0.5535714285714286,28.0,8115,5793,5358,5793,2322,1.021711826324463,0.981804370880127,0.03990745544433594
30,5000,4,sf,linear_sem,15,Standard PC,0.7526881720430109,0.8333333333333334,0.6862745098039216,23.0,9463,8280,7845,8280,1183,1.1321802139282227,1.0904574394226074,0.041722774505615234
30,5000,4,sf,linear_sem,16,Standard PC,0.7021276595744681,0.8461538461538461,0.6,28.0,7297,5507,5072,5507,1790,0.6308932304382324,0.6025092601776123,0.028383970260620117
30,5000,4,sf,linear_sem,17,Standard PC,0.6818181818181818,0.9375,0.5357142857142857,28.0,7458,5593,5158,5593,1865,0.7155776023864746,0.6827399730682373,0.032837629318237305
30,5000,4,sf,linear_sem,18,Standard PC,0.7045454545454546,0.8611111111111112,0.5961538461538461,26.0,7842,6321,5886,6321,1521,0.7718513011932373,0.7403302192687988,0.03152108192443848
30,5000,4,sf,linear_sem,19,Standard PC,0.7032967032967034,0.8421052631578947,0.6037735849056604,27.0,7013,5723,5288,5723,1290,0.8542404174804688,0.8238310813903809,0.03040933609008789
30,5000,4,sf,linear_sem,20,Standard PC,0.8536585365853658,0.9459459459459459,0.7777777777777778,12.0,5686,4963,4528,4963,723,0.6215486526489258,0.5978338718414307,0.023714780807495117
30,5000,4,sf,linear_sem,21,Standard PC,0.7659574468085106,0.9473684210526315,0.6428571428571429,22.0,8296,6400,5965,6400,1896,0.8594157695770264,0.8246626853942871,0.03475308418273926
30,5000,4,sf,linear_sem,22,Standard PC,0.6067415730337079,0.8181818181818182,0.48214285714285715,35.0,7716,5468,5033,5468,2248,0.7387905120849609,0.7060086727142334,0.03278183937072754
30,5000,4,sf,linear_sem,23,Standard PC,0.7391304347826088,0.85,0.6538461538461539,24.0,9007,7345,6910,7345,1662,1.026991844177246,0.9877524375915527,0.03923940658569336
30,5000,4,sf,linear_sem,24,Standard PC,0.735632183908046,0.8421052631578947,0.6530612244897959,23.0,6590,5684,5249,5684,906,0.8209552764892578,0.7874443531036377,0.03351092338562012
30,5000,4,sf,linear_sem,25,Standard PC,0.7741935483870966,0.9473684210526315,0.6545454545454545,21.0,10980,9039,8604,9039,1941,1.5342540740966797,1.4779052734375,0.05634880065917969
30,5000,4,sf,linear_sem,26,Standard PC,0.7578947368421053,0.9230769230769231,0.6428571428571429,23.0,8681,6909,6474,6909,1772,0.8080613613128662,0.7743127346038818,0.033748626708984375
30,5000,4,sf,linear_sem,27,Standard PC,0.769230769230769,0.9210526315789473,0.660377358490566,21.0,9605,7465,7030,7465,2140,1.0665969848632812,1.022522211074829,0.04407477378845215
30,5000,4,sf,linear_sem,28,Standard PC,0.6292134831460674,0.8484848484848485,0.5,33.0,6926,5266,4831,5266,1660,0.8115575313568115,0.7802774906158447,0.0312800407409668
30,5000,4,sf,linear_sem,29,Standard PC,0.8490566037735849,0.9,0.8035714285714286,16.0,19779,18722,18287,18722,1057,2.7366950511932373,2.65018892288208,0.08650612831115723
30,5000,4,sf,linear_sem,0,PC with deduce-dep,0.5591397849462365,0.7027027027027027,0.4642857142857143,41.0,8746,7181,6746,7181,1565,1.021730899810791,0.9779911041259766,0.04373979568481445
30,5000,4,sf,linear_sem,1,PC with deduce-dep,0.6813186813186813,0.7948717948717948,0.5961538461538461,29.0,7722,6075,5640,6075,1647,0.7544796466827393,0.7206974029541016,0.033782243728637695
30,5000,4,sf,linear_sem,2,PC with deduce-dep,0.7311827956989246,0.8717948717948718,0.6296296296296297,25.0,5728,4505,4070,4505,1223,0.7524642944335938,0.7243578433990479,0.0281064510345459
30,5000,4,sf,linear_sem,3,PC with deduce-dep,0.6451612903225806,0.8108108108108109,0.5357142857142857,33.0,9515,7247,6812,7247,2268,0.8849291801452637,0.8484611511230469,0.0364680290222168
30,5000,4,sf,linear_sem,4,PC with deduce-dep,0.8571428571428571,1.0,0.75,12.0,6423,5492,5057,5492,931,0.766704797744751,0.7348372936248779,0.03186750411987305
30,5000,4,sf,linear_sem,5,PC with deduce-dep,0.7865168539325842,0.9210526315789473,0.6862745098039216,19.0,4707,3510,3075,3510,1197,0.47746872901916504,0.45381689071655273,0.023651838302612305
30,5000,4,sf,linear_sem,6,PC with deduce-dep,0.5454545454545454,0.75,0.42857142857142855,40.0,8000,6460,6025,6460,1540,1.0689849853515625,1.0253453254699707,0.0436396598815918
30,5000,4,sf,linear_sem,7,PC with deduce-dep,0.782608695652174,0.9473684210526315,0.6666666666666666,20.0,7513,5693,5258,5693,1820,0.8841409683227539,0.8495728969573975,0.034568071365356445
30,5000,4,sf,linear_sem,8,PC with deduce-dep,0.7032967032967032,0.9142857142857143,0.5714285714285714,27.0,7788,5778,5343,5778,2010,0.6357474327087402,0.6060826778411865,0.02966475486755371
30,5000,4,sf,linear_sem,9,PC with deduce-dep,0.6741573033707865,0.9090909090909091,0.5357142857142857,29.0,6281,4710,4275,4710,1571,0.7896378040313721,0.7534887790679932,0.036149024963378906
30,5000,4,sf,linear_sem,10,PC with deduce-dep,0.6881720430107527,0.8648648648648649,0.5714285714285714,29.0,8579,6772,6337,6772,1807,1.0365204811096191,0.9966304302215576,0.03989005088806152
30,5000,4,sf,linear_sem,11,PC with deduce-dep,0.7422680412371134,0.8780487804878049,0.6428571428571429,25.0,6431,5076,4641,5076,1355,0.812340259552002,0.7795283794403076,0.032811880111694336
30,5000,4,sf,linear_sem,12,PC with deduce-dep,0.7578947368421053,0.8780487804878049,0.6666666666666666,23.0,8042,6103,5668,6103,1939,0.8145580291748047,0.7776718139648438,0.03688621520996094
30,5000,4,sf,linear_sem,13,PC with deduce-dep,0.6588235294117648,0.875,0.5283018867924528,29.0,4832,3414,2979,3414,1418,0.5727725028991699,0.5487360954284668,0.024036407470703125
30,5000,4,sf,linear_sem,14,PC with deduce-dep,0.6888888888888888,0.9117647058823529,0.5535714285714286,28.0,8117,5823,5388,5823,2294,0.802764892578125,0.7659246921539307,0.036840200424194336
30,5000,4,sf,linear_sem,15,PC with deduce-dep,0.7526881720430109,0.8333333333333334,0.6862745098039216,23.0,9530,8382,7947,8382,1148,1.0555706024169922,1.015692949295044,0.03987765312194824
30,5000,4,sf,linear_sem,16,PC with deduce-dep,0.7021276595744681,0.8461538461538461,0.6,28.0,7425,5673,5238,5673,1752,0.7814147472381592,0.7477107048034668,0.03370404243469238
30,5000,4,sf,linear_sem,17,PC with deduce-dep,0.6818181818181818,0.9375,0.5357142857142857,28.0,7458,5625,5190,5625,1833,0.9554378986358643,0.9097926616668701,0.04564523696899414
30,5000,4,sf,linear_sem,18,PC with deduce-dep,0.7045454545454546,0.8611111111111112,0.5961538461538461,26.0,7998,6506,6071,6506,1492,0.9202754497528076,0.8839101791381836,0.03636527061462402
30,5000,4,sf,linear_sem,19,PC with deduce-dep,0.7032967032967034,0.8421052631578947,0.6037735849056604,27.0,7013,5748,5313,5748,1265,0.7798082828521729,0.7466881275177002,0.033120155334472656
30,5000,4,sf,linear_sem,20,PC with deduce-dep,0.8571428571428571,0.9230769230769231,0.8,12.0,7119,6431,5996,6431,688,0.8118538856506348,0.7779800891876221,0.033873796463012695
30,5000,4,sf,linear_sem,21,PC with deduce-dep,0.7659574468085106,0.9473684210526315,0.6428571428571429,22.0,8296,6428,5993,6428,1868,0.8989803791046143,0.8613719940185547,0.03760838508605957
30,5000,4,sf,linear_sem,22,PC with deduce-dep,0.6292134831460674,0.8484848484848485,0.5,33.0,7740,5524,5089,5524,2216,0.9352302551269531,0.8905642032623291,0.04466605186462402
30,5000,4,sf,linear_sem,23,PC with deduce-dep,0.7391304347826088,0.85,0.6538461538461539,24.0,9007,7386,6951,7386,1621,1.0103027820587158,0.970588207244873,0.03971457481384277
30,5000,4,sf,linear_sem,24,PC with deduce-dep,0.75,0.8461538461538461,0.673469387755102,22.0,6715,5870,5435,5870,845,1.1216914653778076,1.0817160606384277,0.03997540473937988
30,5000,4,sf,linear_sem,25,PC with deduce-dep,0.7741935483870966,0.9473684210526315,0.6545454545454545,21.0,10980,9087,8652,9087,1893,1.2232892513275146,1.1773171424865723,0.04597210884094238
30,5000,4,sf,linear_sem,26,PC with deduce-dep,0.7578947368421053,0.9230769230769231,0.6428571428571429,23.0,8683,6941,6506,6941,1742,1.1505012512207031,1.1040499210357666,0.04645133018493652
30,5000,4,sf,linear_sem,27,PC with deduce-dep,0.769230769230769,0.9210526315789473,0.660377358490566,21.0,9616,7499,7064,7499,2117,1.4424636363983154,1.3893561363220215,0.053107500076293945
30,5000,4,sf,linear_sem,28,PC with deduce-dep,0.6292134831460674,0.8484848484848485,0.5,33.0,6988,5347,4912,5347,1641,0.5718445777893066,0.5446200370788574,0.02722454071044922
30,5000,4,sf,linear_sem,29,PC with deduce-dep,0.8490566037735849,0.9,0.8035714285714286,16.0,19813,18796,18361,18796,1017,2.413623571395874,2.3343634605407715,0.07926011085510254
30,5000,4,sf,linear_sem,0,DF-PC (Pure),0.5591397849462365,0.7027027027027027,0.4642857142857143,41.0,8745,4093,3658,4093,4652,0.7012021541595459,0.5537331104278564,0.14746904373168945
30,5000,4,sf,linear_sem,1,DF-PC (Pure),0.6813186813186813,0.7948717948717948,0.5961538461538461,29.0,7722,3679,3244,3679,4043,0.6189084053039551,0.4943852424621582,0.12452316284179688
30,5000,4,sf,linear_sem,2,DF-PC (Pure),0.7311827956989246,0.8717948717948718,0.6296296296296297,25.0,5735,2605,2170,2605,3130,0.44198131561279297,0.3459932804107666,0.09598803520202637
30,5000,4,sf,linear_sem,3,DF-PC (Pure),0.6304347826086957,0.8055555555555556,0.5178571428571429,34.0,10068,5058,4623,5058,5010,1.2033944129943848,0.9337692260742188,0.269625186920166
30,5000,4,sf,linear_sem,4,DF-PC (Pure),0.8372093023255814,0.9473684210526315,0.75,14.0,6443,1967,1532,1967,4476,0.39160633087158203,0.26267361640930176,0.12893271446228027
30,5000,4,sf,linear_sem,5,DF-PC (Pure),0.7912087912087913,0.9,0.7058823529411765,19.0,4813,2054,1619,2054,2759,0.38788366317749023,0.31563282012939453,0.0722508430480957
30,5000,4,sf,linear_sem,6,DF-PC (Pure),0.5454545454545454,0.75,0.42857142857142855,40.0,8029,4023,3588,4023,4006,0.9416909217834473,0.7954599857330322,0.14623093605041504
30,5000,4,sf,linear_sem,7,DF-PC (Pure),0.782608695652174,0.9473684210526315,0.6666666666666666,20.0,7513,3733,3298,3733,3780,0.5614268779754639,0.4629552364349365,0.09847164154052734
30,5000,4,sf,linear_sem,8,DF-PC (Pure),0.717391304347826,0.9166666666666666,0.5892857142857143,26.0,8145,4082,3647,4082,4063,0.6304764747619629,0.5251493453979492,0.10532712936401367
30,5000,4,sf,linear_sem,9,DF-PC (Pure),0.6888888888888888,0.9117647058823529,0.5535714285714286,28.0,6601,2921,2486,2921,3680,0.544600248336792,0.44779109954833984,0.09680914878845215
30,5000,4,sf,linear_sem,10,DF-PC (Pure),0.6881720430107527,0.8648648648648649,0.5714285714285714,29.0,8563,4492,4057,4492,4071,0.823261022567749,0.6085288524627686,0.21473217010498047
30,5000,4,sf,linear_sem,11,DF-PC (Pure),0.7422680412371134,0.8780487804878049,0.6428571428571429,25.0,6606,3012,2577,3012,3594,0.5164384841918945,0.4029824733734131,0.11345601081848145
30,5000,4,sf,linear_sem,12,DF-PC (Pure),0.7446808510638299,0.875,0.6481481481481481,24.0,8047,4106,3671,4106,3941,0.8110694885253906,0.6770904064178467,0.13397908210754395
30,5000,4,sf,linear_sem,13,DF-PC (Pure),0.6436781609195401,0.8235294117647058,0.5283018867924528,31.0,4855,2285,1850,2285,2570,0.463733434677124,0.395916223526001,0.06781721115112305
30,5000,4,sf,linear_sem,14,DF-PC (Pure),0.7096774193548389,0.8918918918918919,0.5892857142857143,27.0,8495,4203,3768,4203,4292,0.6998686790466309,0.5745785236358643,0.1252901554107666
30,5000,4,sf,linear_sem,15,DF-PC (Pure),0.7526881720430109,0.8333333333333334,0.6862745098039216,23.0,9496,3034,2599,3034,6462,0.579326868057251,0.40375828742980957,0.1755685806274414
30,5000,4,sf,linear_sem,16,DF-PC (Pure),0.7021276595744681,0.8461538461538461,0.6,28.0,7664,3594,3159,3594,4070,0.6084120273590088,0.48477649688720703,0.12363553047180176
30,5000,4,sf,linear_sem,17,DF-PC (Pure),0.6888888888888888,0.9117647058823529,0.5535714285714286,28.0,7532,3464,3029,3464,4068,0.7810666561126709,0.6633358001708984,0.11773085594177246
30,5000,4,sf,linear_sem,18,DF-PC (Pure),0.7045454545454546,0.8611111111111112,0.5961538461538461,26.0,8162,3169,2734,3169,4993,0.5696280002593994,0.43364453315734863,0.13598346710205078
30,5000,4,sf,linear_sem,19,DF-PC (Pure),0.6956521739130435,0.8205128205128205,0.6037735849056604,28.0,7102,3084,2649,3084,4018,0.6479148864746094,0.4539649486541748,0.19394993782043457
30,5000,4,sf,linear_sem,20,DF-PC (Pure),0.8809523809523809,0.9487179487179487,0.8222222222222222,10.0,10418,1628,1193,1628,8790,0.6967291831970215,0.4083268642425537,0.2884023189544678
30,5000,4,sf,linear_sem,21,DF-PC (Pure),0.7659574468085106,0.9473684210526315,0.6428571428571429,22.0,8388,4298,3863,4298,4090,0.9052724838256836,0.7603044509887695,0.14496803283691406
30,5000,4,sf,linear_sem,22,DF-PC (Pure),0.6222222222222222,0.8235294117647058,0.5,34.0,7740,4009,3574,4009,3731,0.7481644153594971,0.6308591365814209,0.11730527877807617
30,5000,4,sf,linear_sem,23,DF-PC (Pure),0.7311827956989247,0.8292682926829268,0.6538461538461539,25.0,9057,3895,3460,3895,5162,0.6193513870239258,0.49324774742126465,0.12610363960266113
30,5000,4,sf,linear_sem,24,DF-PC (Pure),0.7640449438202247,0.85,0.6938775510204082,21.0,7397,2491,2056,2491,4906,0.5962471961975098,0.4268791675567627,0.16936802864074707
30,5000,4,sf,linear_sem,25,DF-PC (Pure),0.7741935483870966,0.9473684210526315,0.6545454545454545,21.0,11072,5169,4734,5169,5903,0.9284191131591797,0.7314865589141846,0.19693255424499512
30,5000,4,sf,linear_sem,26,DF-PC (Pure),0.7708333333333333,0.925,0.6607142857142857,22.0,8871,4468,4033,4468,4403,0.705944299697876,0.5708601474761963,0.1350841522216797
30,5000,4,sf,linear_sem,27,DF-PC (Pure),0.769230769230769,0.9210526315789473,0.660377358490566,21.0,9616,4227,3792,4227,5389,0.5699703693389893,0.4631807804107666,0.10678958892822266
30,5000,4,sf,linear_sem,28,DF-PC (Pure),0.6593406593406593,0.8571428571428571,0.5357142857142857,31.0,7323,3144,2709,3144,4179,0.5902628898620605,0.4259979724884033,0.16426491737365723
30,5000,4,sf,linear_sem,29,DF-PC (Pure),0.8490566037735849,0.9,0.8035714285714286,16.0,19814,8690,8255,8690,11124,1.9387993812561035,1.1753919124603271,0.7634074687957764
30,5000,4,sf,discrete,0,Standard PC,0.3283582089552239,1.0,0.19642857142857142,45.0,888,453,18,453,435,0.07234787940979004,0.0665903091430664,0.005757570266723633
30,5000,4,sf,discrete,1,Standard PC,0.44117647058823534,0.9375,0.28846153846153844,38.0,924,489,54,489,435,0.08293652534484863,0.07690167427062988,0.00603485107421875
30,5000,4,sf,discrete,2,Standard PC,0.4117647058823529,1.0,0.25925925925925924,40.0,920,483,48,483,437,0.08245491981506348,0.07638001441955566,0.0060749053955078125
30,5000,4,sf,discrete,3,Standard PC,0.30303030303030304,1.0,0.17857142857142858,46.0,913,476,41,476,437,0.14369535446166992,0.1340343952178955,0.009660959243774414
30,5000,4,sf,discrete,4,Standard PC,0.4,1.0,0.25,36.0,895,460,25,460,435,0.07269763946533203,0.06720519065856934,0.005492448806762695
30,5000,4,sf,discrete,5,Standard PC,0.5,1.0,0.3333333333333333,34.0,921,486,51,486,435,0.07946467399597168,0.07360720634460449,0.0058574676513671875
30,5000,4,sf,discrete,6,Standard PC,0.3283582089552239,1.0,0.19642857142857142,45.0,908,473,38,473,435,0.07760477066040039,0.07189631462097168,0.005708456039428711
30,5000,4,sf,discrete,7,Standard PC,0.45714285714285713,1.0,0.2962962962962963,38.0,962,527,92,527,435,0.15464210510253906,0.14468717575073242,0.00995492935180664
30,5000,4,sf,discrete,8,Standard PC,0.41666666666666663,0.9375,0.26785714285714285,42.0,943,508,73,508,435,0.08445358276367188,0.0784759521484375,0.005977630615234375
30,5000,4,sf,discrete,9,Standard PC,0.41666666666666663,0.9375,0.26785714285714285,42.0,937,502,67,502,435,0.0887150764465332,0.08213996887207031,0.006575107574462891
30,5000,4,sf,discrete,10,Standard PC,0.4225352112676056,1.0,0.26785714285714285,41.0,905,470,35,470,435,0.07892036437988281,0.07279729843139648,0.006123065948486328
30,5000,4,sf,discrete,11,Standard PC,0.5066666666666666,1.0,0.3392857142857143,37.0,983,543,108,543,440,0.08891177177429199,0.08269095420837402,0.006220817565917969
30,5000,4,sf,discrete,12,Standard PC,0.4788732394366197,1.0,0.3148148148148148,37.0,944,506,71,506,438,0.12435603141784668,0.11519908905029297,0.009156942367553711
30,5000,4,sf,discrete,13,Standard PC,0.4857142857142857,1.0,0.32075471698113206,36.0,928,493,58,493,435,0.07839727401733398,0.0725712776184082,0.005825996398925781
30,5000,4,sf,discrete,14,Standard PC,0.37681159420289856,1.0,0.23214285714285715,43.0,917,482,47,482,435,0.08117151260375977,0.0750272274017334,0.006144285202026367
30,5000,4,sf,discrete,15,Standard PC,0.40625,1.0,0.2549019607843137,38.0,909,471,36,471,438,0.0758974552154541,0.07003617286682129,0.0058612823486328125
30,5000,4,sf,discrete,16,Standard PC,0.48648648648648646,0.9473684210526315,0.32727272727272727,38.0,961,523,88,523,438,0.09000325202941895,0.08345770835876465,0.006545543670654297
30,5000,4,sf,discrete,17,Standard PC,0.37681159420289856,1.0,0.23214285714285715,43.0,911,476,41,476,435,0.07924795150756836,0.07332110404968262,0.005926847457885742
30,5000,4,sf,discrete,18,Standard PC,0.44117647058823534,0.9375,0.28846153846153844,38.0,942,505,70,505,437,0.08203959465026855,0.07595539093017578,0.0060842037200927734
30,5000,4,sf,discrete,19,Standard PC,0.3125,0.9090909090909091,0.18867924528301888,44.0,927,490,55,490,437,0.08792400360107422,0.08168768882751465,0.00623631477355957
30,5000,4,sf,discrete,20,Standard PC,0.39285714285714285,1.0,0.24444444444444444,34.0,899,464,29,464,435,0.07241320610046387,0.0670769214630127,0.005336284637451172
30,5000,4,sf,discrete,21,Standard PC,0.37681159420289856,1.0,0.23214285714285715,43.0,919,482,47,482,437,0.13939690589904785,0.13022351264953613,0.009173393249511719
30,5000,4,sf,discrete,22,Standard PC,0.3714285714285714,0.9285714285714286,0.23214285714285715,44.0,904,469,34,469,435,0.07692623138427734,0.0712897777557373,0.005636453628540039
30,5000,4,sf,discrete,23,Standard PC,0.4,1.0,0.25,39.0,928,488,53,488,440,0.1406702995300293,0.13141369819641113,0.009256601333618164
30,5000,4,sf,discrete,24,Standard PC,0.36666666666666664,1.0,0.22448979591836735,38.0,894,459,24,459,435,0.07531189918518066,0.06963062286376953,0.005681276321411133
30,5000,4,sf,discrete,25,Standard PC,0.4057971014492754,1.0,0.2545454545454545,41.0,914,479,44,479,435,0.1368086338043213,0.12736225128173828,0.009446382522583008
30,5000,4,sf,discrete,26,Standard PC,0.32352941176470584,0.9166666666666666,0.19642857142857142,46.0,895,460,25,460,435,0.08086371421813965,0.07449555397033691,0.006368160247802734
30,5000,4,sf,discrete,27,Standard PC,0.463768115942029,1.0,0.3018867924528302,37.0,942,504,69,504,438,0.08800816535949707,0.08157730102539062,0.006430864334106445
30,5000,4,sf,discrete,28,Standard PC,0.27692307692307694,1.0,0.16071428571428573,47.0,881,446,11,446,435,0.07091474533081055,0.06534361839294434,0.005571126937866211
30,5000,4,sf,discrete,29,Standard PC,0.19354838709677416,1.0,0.10714285714285714,50.0,902,461,26,461,441,0.07614564895629883,0.07056188583374023,0.005583763122558594
30,5000,4,sf,discrete,0,PC with deduce-dep,0.3283582089552239,1.0,0.19642857142857142,45.0,888,453,18,453,435,0.0910947322845459,0.08428525924682617,0.0068094730377197266
30,5000,4,sf,discrete,1,PC with deduce-dep,0.44117647058823534,0.9375,0.28846153846153844,38.0,924,489,54,489,435,0.08315014839172363,0.07677435874938965,0.006375789642333984
30,5000,4,sf,discrete,2,PC with deduce-dep,0.4117647058823529,1.0,0.25925925925925924,40.0,920,483,48,483,437,0.13902544975280762,0.12863850593566895,0.010386943817138672
30,5000,4,sf,discrete,3,PC with deduce-dep,0.30303030303030304,1.0,0.17857142857142858,46.0,913,476,41,476,437,0.11948847770690918,0.11101937294006348,0.008469104766845703
30,5000,4,sf,discrete,4,PC with deduce-dep,0.4,1.0,0.25,36.0,895,460,25,460,435,0.07684946060180664,0.07069206237792969,0.006157398223876953
30,5000,4,sf,discrete,5,PC with deduce-dep,0.5,1.0,0.3333333333333333,34.0,921,486,51,486,435,0.08031392097473145,0.074127197265625,0.006186723709106445
30,5000,4,sf,discrete,6,PC with deduce-dep,0.3283582089552239,1.0,0.19642857142857142,45.0,908,473,38,473,435,0.07606863975524902,0.07001972198486328,0.006048917770385742
30,5000,4,sf,discrete,7,PC with deduce-dep,0.4722222222222222,0.9444444444444444,0.3148148148148148,38.0,962,529,94,529,433,0.08732819557189941,0.08074545860290527,0.006582736968994141
30,5000,4,sf,discrete,8,PC with deduce-dep,0.48,0.9473684210526315,0.32142857142857145,39.0,943,511,76,511,432,0.08603167533874512,0.07965922355651855,0.0063724517822265625
30,5000,4,sf,discrete,9,PC with deduce-dep,0.4383561643835616,0.9411764705882353,0.2857142857142857,41.0,942,508,73,508,434,0.08409571647644043,0.07782149314880371,0.006274223327636719
30,5000,4,sf,discrete,10,PC with deduce-dep,0.4225352112676056,1.0,0.26785714285714285,41.0,905,470,35,470,435,0.07712173461914062,0.07113170623779297,0.005990028381347656
30,5000,4,sf,discrete,11,PC with deduce-dep,0.5066666666666666,1.0,0.3392857142857143,37.0,983,543,108,543,440,0.09105086326599121,0.08455586433410645,0.006494998931884766
30,5000,4,sf,discrete,12,PC with deduce-dep,0.5,1.0,0.3333333333333333,36.0,944,507,72,507,437,0.08501219749450684,0.07842445373535156,0.0065877437591552734
30,5000,4,sf,discrete,13,PC with deduce-dep,0.4857142857142857,1.0,0.32075471698113206,36.0,928,493,58,493,435,0.07791018486022949,0.07192111015319824,0.00598907470703125
30,5000,4,sf,discrete,14,PC with deduce-dep,0.4,1.0,0.25,42.0,917,483,48,483,434,0.1427624225616455,0.13265323638916016,0.010109186172485352
30,5000,4,sf,discrete,15,PC with deduce-dep,0.40625,1.0,0.2549019607843137,38.0,909,471,36,471,438,0.07596993446350098,0.06994271278381348,0.0060272216796875
30,5000,4,sf,discrete,16,PC with deduce-dep,0.48648648648648646,0.9473684210526315,0.32727272727272727,38.0,961,523,88,523,438,0.09022355079650879,0.08304095268249512,0.007182598114013672
30,5000,4,sf,discrete,17,PC with deduce-dep,0.4,1.0,0.25,42.0,911,477,42,477,434,0.0782473087310791,0.07195544242858887,0.006291866302490234
30,5000,4,sf,discrete,18,PC with deduce-dep,0.46376811594202905,0.9411764705882353,0.3076923076923077,37.0,942,506,71,506,436,0.0848538875579834,0.07834887504577637,0.006505012512207031
30,5000,4,sf,discrete,19,PC with deduce-dep,0.3125,0.9090909090909091,0.18867924528301888,44.0,927,490,55,490,437,0.0840456485748291,0.0776212215423584,0.006424427032470703
30,5000,4,sf,discrete,20,PC with deduce-dep,0.39285714285714285,1.0,0.24444444444444444,34.0,899,464,29,464,435,0.0767204761505127,0.07066154479980469,0.006058931350708008
30,5000,4,sf,discrete,21,PC with deduce-dep,0.37681159420289856,1.0,0.23214285714285715,43.0,919,482,47,482,437,0.0795750617980957,0.07373166084289551,0.005843400955200195
30,5000,4,sf,discrete,22,PC with deduce-dep,0.3714285714285714,0.9285714285714286,0.23214285714285715,44.0,904,469,34,469,435,0.07307076454162598,0.06728172302246094,0.005789041519165039
30,5000,4,sf,discrete,23,PC with deduce-dep,0.3939393939393939,0.9285714285714286,0.25,40.0,928,490,55,490,438,0.08201837539672852,0.07581019401550293,0.006208181381225586
30,5000,4,sf,discrete,24,PC with deduce-dep,0.36666666666666664,1.0,0.22448979591836735,38.0,894,459,24,459,435,0.07773375511169434,0.07150912284851074,0.006224632263183594
30,5000,4,sf,discrete,25,PC with deduce-dep,0.42857142857142855,1.0,0.2727272727272727,40.0,914,480,45,480,434,0.07704281806945801,0.07102727890014648,0.0060155391693115234
30,5000,4,sf,discrete,26,PC with deduce-dep,0.32352941176470584,0.9166666666666666,0.19642857142857142,46.0,895,460,25,460,435,0.0703580379486084,0.06484627723693848,0.005511760711669922
30,5000,4,sf,discrete,27,PC with deduce-dep,0.463768115942029,1.0,0.3018867924528302,37.0,942,504,69,504,438,0.08336591720581055,0.07692384719848633,0.006442070007324219
30,5000,4,sf,discrete,28,PC with deduce-dep,0.27692307692307694,1.0,0.16071428571428573,47.0,881,446,11,446,435,0.07069516181945801,0.06493473052978516,0.0057604312896728516
30,5000,4,sf,discrete,29,PC with deduce-dep,0.19354838709677416,1.0,0.10714285714285714,50.0,902,461,26,461,441,0.07377910614013672,0.06801891326904297,0.00576019287109375
30,5000,4,sf,discrete,0,DF-PC (Pure),0.3380281690140845,0.8,0.21428571428571427,47.0,888,435,0,435,453,0.07434630393981934,0.06684112548828125,0.007505178451538086
30,5000,4,sf,discrete,1,DF-PC (Pure),0.5135135135135135,0.8636363636363636,0.36538461538461536,36.0,932,435,0,435,497,0.07131671905517578,0.06360650062561035,0.00771021842956543
30,5000,4,sf,discrete,2,DF-PC (Pure),0.4533333333333333,0.8095238095238095,0.3148148148148148,41.0,976,438,3,438,538,0.07466721534729004,0.06652307510375977,0.008144140243530273
30,5000,4,sf,discrete,3,DF-PC (Pure),0.3888888888888889,0.875,0.25,44.0,944,438,3,438,506,0.07161974906921387,0.06410074234008789,0.0075190067291259766
30,5000,4,sf,discrete,4,DF-PC (Pure),0.4307692307692308,0.8235294117647058,0.2916666666666667,37.0,899,435,0,435,464,0.1174931526184082,0.10578012466430664,0.011713027954101562
30,5000,4,sf,discrete,5,DF-PC (Pure),0.5277777777777779,0.9047619047619048,0.37254901960784315,34.0,943,438,3,438,505,0.06779837608337402,0.060544729232788086,0.0072536468505859375
30,5000,4,sf,discrete,6,DF-PC (Pure),0.3888888888888889,0.875,0.25,44.0,918,435,0,435,483,0.07202887535095215,0.06441855430603027,0.007610321044921875
30,5000,4,sf,discrete,7,DF-PC (Pure),0.5185185185185185,0.7777777777777778,0.3888888888888889,39.0,1024,435,0,435,589,0.07065343856811523,0.06250834465026855,0.00814509391784668
30,5000,4,sf,discrete,8,DF-PC (Pure),0.5,0.8333333333333334,0.35714285714285715,40.0,956,435,0,435,521,0.07047820091247559,0.06253933906555176,0.007938861846923828
30,5000,4,sf,discrete,9,DF-PC (Pure),0.45569620253164556,0.782608695652174,0.32142857142857145,43.0,967,435,0,435,532,0.07203316688537598,0.06366419792175293,0.008368968963623047
30,5000,4,sf,discrete,10,DF-PC (Pure),0.4383561643835616,0.9411764705882353,0.2857142857142857,41.0,909,435,0,435,474,0.07271146774291992,0.06471800804138184,0.007993459701538086
30,5000,4,sf,discrete,11,DF-PC (Pure),0.5301204819277108,0.8148148148148148,0.39285714285714285,39.0,1085,441,6,441,644,0.07404589653015137,0.06504201889038086,0.009003877639770508
30,5000,4,sf,discrete,12,DF-PC (Pure),0.49350649350649356,0.8260869565217391,0.35185185185185186,39.0,988,438,3,438,550,0.06924796104431152,0.06145644187927246,0.0077915191650390625
30,5000,4,sf,discrete,13,DF-PC (Pure),0.5135135135135135,0.9047619047619048,0.3584905660377358,36.0,947,435,0,435,512,0.06805109977722168,0.06066274642944336,0.00738835334777832
30,5000,4,sf,discrete,14,DF-PC (Pure),0.3947368421052632,0.75,0.26785714285714285,46.0,945,435,0,435,510,0.07003211975097656,0.06237483024597168,0.007657289505004883
30,5000,4,sf,discrete,15,DF-PC (Pure),0.49275362318840576,0.9444444444444444,0.3333333333333333,35.0,912,438,3,438,474,0.07014703750610352,0.06278109550476074,0.0073659420013427734
30,5000,4,sf,discrete,16,DF-PC (Pure),0.5714285714285714,0.8275862068965517,0.43636363636363634,36.0,1084,438,3,438,646,0.0707545280456543,0.062046051025390625,0.008708477020263672
30,5000,4,sf,discrete,17,DF-PC (Pure),0.4266666666666667,0.8421052631578947,0.2857142857142857,43.0,927,435,0,435,492,0.07074236869812012,0.06315732002258301,0.007585048675537109
30,5000,4,sf,discrete,18,DF-PC (Pure),0.48,0.782608695652174,0.34615384615384615,39.0,973,438,3,438,535,0.06884527206420898,0.06144261360168457,0.007402658462524414
30,5000,4,sf,discrete,19,DF-PC (Pure),0.35616438356164376,0.65,0.24528301886792453,47.0,974,438,3,438,536,0.07042670249938965,0.062242984771728516,0.008183717727661133
30,5000,4,sf,discrete,20,DF-PC (Pure),0.44067796610169485,0.9285714285714286,0.28888888888888886,33.0,904,435,0,435,469,0.13407182693481445,0.12667107582092285,0.0074007511138916016
30,5000,4,sf,discrete,21,DF-PC (Pure),0.5000000000000001,0.95,0.3392857142857143,38.0,970,438,3,438,532,0.07214069366455078,0.06438946723937988,0.0077512264251708984
30,5000,4,sf,discrete,22,DF-PC (Pure),0.48,0.9473684210526315,0.32142857142857145,39.0,915,435,0,435,480,0.07090115547180176,0.06356692314147949,0.007334232330322266
30,5000,4,sf,discrete,23,DF-PC (Pure),0.4383561643835617,0.7619047619047619,0.3076923076923077,41.0,947,441,6,441,506,0.1153411865234375,0.10774040222167969,0.0076007843017578125
30,5000,4,sf,discrete,24,DF-PC (Pure),0.3692307692307692,0.75,0.24489795918367346,41.0,902,435,0,435,467,0.06817889213562012,0.06092667579650879,0.007252216339111328
30,5000,4,sf,discrete,25,DF-PC (Pure),0.4473684210526316,0.8095238095238095,0.3090909090909091,42.0,926,435,0,435,491,0.06690168380737305,0.059967994689941406,0.006933689117431641
30,5000,4,sf,discrete,26,DF-PC (Pure),0.3888888888888889,0.875,0.25,44.0,921,435,0,435,486,0.06789588928222656,0.06064581871032715,0.007250070571899414
30,5000,4,sf,discrete,27,DF-PC (Pure),0.45333333333333337,0.7727272727272727,0.32075471698113206,41.0,959,438,3,438,521,0.06972646713256836,0.06210589408874512,0.007620573043823242
30,5000,4,sf,discrete,28,DF-PC (Pure),0.2686567164179105,0.8181818181818182,0.16071428571428573,49.0,885,435,0,435,450,0.06721854209899902,0.06047844886779785,0.006740093231201172
30,5000,4,sf,discrete,29,DF-PC (Pure),0.2,0.5,0.125,56.0,933,441,6,441,492,0.07950258255004883,0.0711822509765625,0.008320331573486328
