Setup,Nodes,Deg,Rep,Z_Size,Requested_CITs,Performed_CITs,Bypassed_CITs
SetupA_Nodes,10,3,0,0,90,46,44
SetupA_Nodes,10,3,0,1,530,251,279
SetupA_Nodes,10,3,0,2,277,199,78
SetupA_Nodes,10,3,0,3,104,94,10
SetupA_Nodes,10,3,0,4,40,37,3
SetupA_Nodes,10,3,0,5,0,0,0
SetupA_Nodes,10,3,0,6,0,0,0
SetupA_Nodes,10,3,0,7,0,0,0
SetupA_Nodes,10,3,0,8,0,0,0
SetupA_Nodes,10,3,1,0,90,46,44
SetupA_Nodes,10,3,1,1,407,169,238
SetupA_Nodes,10,3,1,2,348,224,124
SetupA_Nodes,10,3,1,3,60,50,10
SetupA_Nodes,10,3,1,4,5,5,0
SetupA_Nodes,10,3,1,5,0,0,0
SetupA_Nodes,10,3,1,6,0,0,0
SetupA_Nodes,10,3,1,7,0,0,0
SetupA_Nodes,10,3,1,8,0,0,0
SetupA_Nodes,10,3,2,0,90,46,44
SetupA_Nodes,10,3,2,1,240,96,144
SetupA_Nodes,10,3,2,2,483,222,261
SetupA_Nodes,10,3,2,3,176,128,48
SetupA_Nodes,10,3,2,4,10,10,0
SetupA_Nodes,10,3,2,5,0,0,0
SetupA_Nodes,10,3,2,6,0,0,0
SetupA_Nodes,10,3,2,7,0,0,0
SetupA_Nodes,10,3,2,8,0,0,0
SetupA_Nodes,10,3,3,0,90,46,44
SetupA_Nodes,10,3,3,1,354,144,210
SetupA_Nodes,10,3,3,2,656,320,336
SetupA_Nodes,10,3,3,3,109,70,39
SetupA_Nodes,10,3,3,4,0,0,0
SetupA_Nodes,10,3,3,5,0,0,0
SetupA_Nodes,10,3,3,6,0,0,0
SetupA_Nodes,10,3,3,7,0,0,0
SetupA_Nodes,10,3,3,8,0,0,0
SetupA_Nodes,10,3,4,0,90,46,44
SetupA_Nodes,10,3,4,1,626,296,330
SetupA_Nodes,10,3,4,2,1090,650,440
SetupA_Nodes,10,3,4,3,103,94,9
SetupA_Nodes,10,3,4,4,30,30,0
SetupA_Nodes,10,3,4,5,6,6,0
SetupA_Nodes,10,3,4,6,0,0,0
SetupA_Nodes,10,3,4,7,0,0,0
SetupA_Nodes,10,3,4,8,0,0,0
SetupA_Nodes,10,3,5,0,90,46,44
SetupA_Nodes,10,3,5,1,476,225,251
SetupA_Nodes,10,3,5,2,560,307,253
SetupA_Nodes,10,3,5,3,125,110,15
SetupA_Nodes,10,3,5,4,5,5,0
SetupA_Nodes,10,3,5,5,0,0,0
SetupA_Nodes,10,3,5,6,0,0,0
SetupA_Nodes,10,3,5,7,0,0,0
SetupA_Nodes,10,3,5,8,0,0,0
SetupA_Nodes,10,3,6,0,90,46,44
SetupA_Nodes,10,3,6,1,490,245,245
SetupA_Nodes,10,3,6,2,264,171,93
SetupA_Nodes,10,3,6,3,209,152,57
SetupA_Nodes,10,3,6,4,10,10,0
SetupA_Nodes,10,3,6,5,0,0,0
SetupA_Nodes,10,3,6,6,0,0,0
SetupA_Nodes,10,3,6,7,0,0,0
SetupA_Nodes,10,3,6,8,0,0,0
SetupA_Nodes,10,3,7,0,90,46,44
SetupA_Nodes,10,3,7,1,442,199,243
SetupA_Nodes,10,3,7,2,581,353,228
SetupA_Nodes,10,3,7,3,120,103,17
SetupA_Nodes,10,3,7,4,0,0,0
SetupA_Nodes,10,3,7,5,0,0,0
SetupA_Nodes,10,3,7,6,0,0,0
SetupA_Nodes,10,3,7,7,0,0,0
SetupA_Nodes,10,3,7,8,0,0,0
SetupA_Nodes,10,3,8,0,90,46,44
SetupA_Nodes,10,3,8,1,607,291,316
SetupA_Nodes,10,3,8,2,776,453,323
SetupA_Nodes,10,3,8,3,176,164,12
SetupA_Nodes,10,3,8,4,30,30,0
SetupA_Nodes,10,3,8,5,6,6,0
SetupA_Nodes,10,3,8,6,0,0,0
SetupA_Nodes,10,3,8,7,0,0,0
SetupA_Nodes,10,3,8,8,0,0,0
SetupA_Nodes,10,3,9,0,90,46,44
SetupA_Nodes,10,3,9,1,178,51,127
SetupA_Nodes,10,3,9,2,321,110,211
SetupA_Nodes,10,3,9,3,436,127,309
SetupA_Nodes,10,3,9,4,280,54,226
SetupA_Nodes,10,3,9,5,6,0,6
SetupA_Nodes,10,3,9,6,0,0,0
SetupA_Nodes,10,3,9,7,0,0,0
SetupA_Nodes,10,3,9,8,0,0,0
SetupA_Nodes,10,3,10,0,90,46,44
SetupA_Nodes,10,3,10,1,490,232,258
SetupA_Nodes,10,3,10,2,289,226,63
SetupA_Nodes,10,3,10,3,32,28,4
SetupA_Nodes,10,3,10,4,5,5,0
SetupA_Nodes,10,3,10,5,0,0,0
SetupA_Nodes,10,3,10,6,0,0,0
SetupA_Nodes,10,3,10,7,0,0,0
SetupA_Nodes,10,3,10,8,0,0,0
SetupA_Nodes,10,3,11,0,90,46,44
SetupA_Nodes,10,3,11,1,290,103,187
SetupA_Nodes,10,3,11,2,441,234,207
SetupA_Nodes,10,3,11,3,272,213,59
SetupA_Nodes,10,3,11,4,10,10,0
SetupA_Nodes,10,3,11,5,0,0,0
SetupA_Nodes,10,3,11,6,0,0,0
SetupA_Nodes,10,3,11,7,0,0,0
SetupA_Nodes,10,3,11,8,0,0,0
SetupA_Nodes,10,3,12,0,90,46,44
SetupA_Nodes,10,3,12,1,359,138,221
SetupA_Nodes,10,3,12,2,575,337,238
SetupA_Nodes,10,3,12,3,315,185,130
SetupA_Nodes,10,3,12,4,54,44,10
SetupA_Nodes,10,3,12,5,6,6,0
SetupA_Nodes,10,3,12,6,0,0,0
SetupA_Nodes,10,3,12,7,0,0,0
SetupA_Nodes,10,3,12,8,0,0,0
SetupA_Nodes,10,3,13,0,90,46,44
SetupA_Nodes,10,3,13,1,227,78,149
SetupA_Nodes,10,3,13,2,376,133,243
SetupA_Nodes,10,3,13,3,308,87,221
SetupA_Nodes,10,3,13,4,210,43,167
SetupA_Nodes,10,3,13,5,0,0,0
SetupA_Nodes,10,3,13,6,0,0,0
SetupA_Nodes,10,3,13,7,0,0,0
SetupA_Nodes,10,3,13,8,0,0,0
SetupA_Nodes,10,3,14,0,90,46,44
SetupA_Nodes,10,3,14,1,395,181,214
SetupA_Nodes,10,3,14,2,569,334,235
SetupA_Nodes,10,3,14,3,92,81,11
SetupA_Nodes,10,3,14,4,10,10,0
SetupA_Nodes,10,3,14,5,0,0,0
SetupA_Nodes,10,3,14,6,0,0,0
SetupA_Nodes,10,3,14,7,0,0,0
SetupA_Nodes,10,3,14,8,0,0,0
SetupA_Nodes,10,3,15,0,90,46,44
SetupA_Nodes,10,3,15,1,267,99,168
SetupA_Nodes,10,3,15,2,327,153,174
SetupA_Nodes,10,3,15,3,436,206,230
SetupA_Nodes,10,3,15,4,93,50,43
SetupA_Nodes,10,3,15,5,6,6,0
SetupA_Nodes,10,3,15,6,0,0,0
SetupA_Nodes,10,3,15,7,0,0,0
SetupA_Nodes,10,3,15,8,0,0,0
SetupA_Nodes,10,3,16,0,90,46,44
SetupA_Nodes,10,3,16,1,378,171,207
SetupA_Nodes,10,3,16,2,311,198,113
SetupA_Nodes,10,3,16,3,86,73,13
SetupA_Nodes,10,3,16,4,30,30,0
SetupA_Nodes,10,3,16,5,6,6,0
SetupA_Nodes,10,3,16,6,0,0,0
SetupA_Nodes,10,3,16,7,0,0,0
SetupA_Nodes,10,3,16,8,0,0,0
SetupA_Nodes,10,3,17,0,90,46,44
SetupA_Nodes,10,3,17,1,332,154,178
SetupA_Nodes,10,3,17,2,283,155,128
SetupA_Nodes,10,3,17,3,164,113,51
SetupA_Nodes,10,3,17,4,36,28,8
SetupA_Nodes,10,3,17,5,0,0,0
SetupA_Nodes,10,3,17,6,0,0,0
SetupA_Nodes,10,3,17,7,0,0,0
SetupA_Nodes,10,3,17,8,0,0,0
SetupA_Nodes,10,3,18,0,90,46,44
SetupA_Nodes,10,3,18,1,397,178,219
SetupA_Nodes,10,3,18,2,431,275,156
SetupA_Nodes,10,3,18,3,83,73,10
SetupA_Nodes,10,3,18,4,10,10,0
SetupA_Nodes,10,3,18,5,0,0,0
SetupA_Nodes,10,3,18,6,0,0,0
SetupA_Nodes,10,3,18,7,0,0,0
SetupA_Nodes,10,3,18,8,0,0,0
SetupA_Nodes,10,3,19,0,90,46,44
SetupA_Nodes,10,3,19,1,634,317,317
SetupA_Nodes,10,3,19,2,631,449,182
SetupA_Nodes,10,3,19,3,109,102,7
SetupA_Nodes,10,3,19,4,5,5,0
SetupA_Nodes,10,3,19,5,0,0,0
SetupA_Nodes,10,3,19,6,0,0,0
SetupA_Nodes,10,3,19,7,0,0,0
SetupA_Nodes,10,3,19,8,0,0,0
SetupA_Nodes,10,3,20,0,90,46,44
SetupA_Nodes,10,3,20,1,475,212,263
SetupA_Nodes,10,3,20,2,392,265,127
SetupA_Nodes,10,3,20,3,160,155,5
SetupA_Nodes,10,3,20,4,110,110,0
SetupA_Nodes,10,3,20,5,42,42,0
SetupA_Nodes,10,3,20,6,7,7,0
SetupA_Nodes,10,3,20,7,0,0,0
SetupA_Nodes,10,3,20,8,0,0,0
SetupA_Nodes,10,3,21,0,90,46,44
SetupA_Nodes,10,3,21,1,443,194,249
SetupA_Nodes,10,3,21,2,455,314,141
SetupA_Nodes,10,3,21,3,52,51,1
SetupA_Nodes,10,3,21,4,10,10,0
SetupA_Nodes,10,3,21,5,0,0,0
SetupA_Nodes,10,3,21,6,0,0,0
SetupA_Nodes,10,3,21,7,0,0,0
SetupA_Nodes,10,3,21,8,0,0,0
SetupA_Nodes,10,3,22,0,90,46,44
SetupA_Nodes,10,3,22,1,397,164,233
SetupA_Nodes,10,3,22,2,622,373,249
SetupA_Nodes,10,3,22,3,63,54,9
SetupA_Nodes,10,3,22,4,5,5,0
SetupA_Nodes,10,3,22,5,0,0,0
SetupA_Nodes,10,3,22,6,0,0,0
SetupA_Nodes,10,3,22,7,0,0,0
SetupA_Nodes,10,3,22,8,0,0,0
SetupA_Nodes,10,3,23,0,90,46,44
SetupA_Nodes,10,3,23,1,382,171,211
SetupA_Nodes,10,3,23,2,497,276,221
SetupA_Nodes,10,3,23,3,32,32,0
SetupA_Nodes,10,3,23,4,5,5,0
SetupA_Nodes,10,3,23,5,0,0,0
SetupA_Nodes,10,3,23,6,0,0,0
SetupA_Nodes,10,3,23,7,0,0,0
SetupA_Nodes,10,3,23,8,0,0,0
SetupA_Nodes,10,3,24,0,90,46,44
SetupA_Nodes,10,3,24,1,224,78,146
SetupA_Nodes,10,3,24,2,210,108,102
SetupA_Nodes,10,3,24,3,92,52,40
SetupA_Nodes,10,3,24,4,0,0,0
SetupA_Nodes,10,3,24,5,0,0,0
SetupA_Nodes,10,3,24,6,0,0,0
SetupA_Nodes,10,3,24,7,0,0,0
SetupA_Nodes,10,3,24,8,0,0,0
SetupA_Nodes,10,3,25,0,90,46,44
SetupA_Nodes,10,3,25,1,423,183,240
SetupA_Nodes,10,3,25,2,380,231,149
SetupA_Nodes,10,3,25,3,62,50,12
SetupA_Nodes,10,3,25,4,0,0,0
SetupA_Nodes,10,3,25,5,0,0,0
SetupA_Nodes,10,3,25,6,0,0,0
SetupA_Nodes,10,3,25,7,0,0,0
SetupA_Nodes,10,3,25,8,0,0,0
SetupA_Nodes,10,3,26,0,90,46,44
SetupA_Nodes,10,3,26,1,436,192,244
SetupA_Nodes,10,3,26,2,480,290,190
SetupA_Nodes,10,3,26,3,215,188,27
SetupA_Nodes,10,3,26,4,35,35,0
SetupA_Nodes,10,3,26,5,6,6,0
SetupA_Nodes,10,3,26,6,0,0,0
SetupA_Nodes,10,3,26,7,0,0,0
SetupA_Nodes,10,3,26,8,0,0,0
SetupA_Nodes,10,3,27,0,90,46,44
SetupA_Nodes,10,3,27,1,330,126,204
SetupA_Nodes,10,3,27,2,282,177,105
SetupA_Nodes,10,3,27,3,128,90,38
SetupA_Nodes,10,3,27,4,60,42,18
SetupA_Nodes,10,3,27,5,12,7,5
SetupA_Nodes,10,3,27,6,0,0,0
SetupA_Nodes,10,3,27,7,0,0,0
SetupA_Nodes,10,3,27,8,0,0,0
SetupA_Nodes,10,3,28,0,90,46,44
SetupA_Nodes,10,3,28,1,348,153,195
SetupA_Nodes,10,3,28,2,377,236,141
SetupA_Nodes,10,3,28,3,183,144,39
SetupA_Nodes,10,3,28,4,38,22,16
SetupA_Nodes,10,3,28,5,0,0,0
SetupA_Nodes,10,3,28,6,0,0,0
SetupA_Nodes,10,3,28,7,0,0,0
SetupA_Nodes,10,3,28,8,0,0,0
SetupA_Nodes,10,3,29,0,90,46,44
SetupA_Nodes,10,3,29,1,512,245,267
SetupA_Nodes,10,3,29,2,397,264,133
SetupA_Nodes,10,3,29,3,98,86,12
SetupA_Nodes,10,3,29,4,30,30,0
SetupA_Nodes,10,3,29,5,6,6,0
SetupA_Nodes,10,3,29,6,0,0,0
SetupA_Nodes,10,3,29,7,0,0,0
SetupA_Nodes,10,3,29,8,0,0,0
SetupA_Nodes,20,3,0,0,380,191,189
SetupA_Nodes,20,3,0,1,2430,1015,1415
SetupA_Nodes,20,3,0,2,2849,2011,838
SetupA_Nodes,20,3,0,3,77,64,13
SetupA_Nodes,20,3,0,4,10,10,0
SetupA_Nodes,20,3,0,5,0,0,0
SetupA_Nodes,20,3,0,6,0,0,0
SetupA_Nodes,20,3,0,7,0,0,0
SetupA_Nodes,20,3,0,8,0,0,0
SetupA_Nodes,20,3,0,9,0,0,0
SetupA_Nodes,20,3,0,10,0,0,0
SetupA_Nodes,20,3,0,11,0,0,0
SetupA_Nodes,20,3,0,12,0,0,0
SetupA_Nodes,20,3,0,13,0,0,0
SetupA_Nodes,20,3,0,14,0,0,0
SetupA_Nodes,20,3,0,15,0,0,0
SetupA_Nodes,20,3,0,16,0,0,0
SetupA_Nodes,20,3,0,17,0,0,0
SetupA_Nodes,20,3,0,18,0,0,0
SetupA_Nodes,20,3,1,0,380,191,189
SetupA_Nodes,20,3,1,1,2786,1150,1636
SetupA_Nodes,20,3,1,2,4839,3076,1763
SetupA_Nodes,20,3,1,3,409,393,16
SetupA_Nodes,20,3,1,4,110,110,0
SetupA_Nodes,20,3,1,5,42,42,0
SetupA_Nodes,20,3,1,6,7,7,0
SetupA_Nodes,20,3,1,7,0,0,0
SetupA_Nodes,20,3,1,8,0,0,0
SetupA_Nodes,20,3,1,9,0,0,0
SetupA_Nodes,20,3,1,10,0,0,0
SetupA_Nodes,20,3,1,11,0,0,0
SetupA_Nodes,20,3,1,12,0,0,0
SetupA_Nodes,20,3,1,13,0,0,0
SetupA_Nodes,20,3,1,14,0,0,0
SetupA_Nodes,20,3,1,15,0,0,0
SetupA_Nodes,20,3,1,16,0,0,0
SetupA_Nodes,20,3,1,17,0,0,0
SetupA_Nodes,20,3,1,18,0,0,0
SetupA_Nodes,20,3,2,0,380,191,189
SetupA_Nodes,20,3,2,1,1584,590,994
SetupA_Nodes,20,3,2,2,2327,1249,1078
SetupA_Nodes,20,3,2,3,596,433,163
SetupA_Nodes,20,3,2,4,90,79,11
SetupA_Nodes,20,3,2,5,6,6,0
SetupA_Nodes,20,3,2,6,0,0,0
SetupA_Nodes,20,3,2,7,0,0,0
SetupA_Nodes,20,3,2,8,0,0,0
SetupA_Nodes,20,3,2,9,0,0,0
SetupA_Nodes,20,3,2,10,0,0,0
SetupA_Nodes,20,3,2,11,0,0,0
SetupA_Nodes,20,3,2,12,0,0,0
SetupA_Nodes,20,3,2,13,0,0,0
SetupA_Nodes,20,3,2,14,0,0,0
SetupA_Nodes,20,3,2,15,0,0,0
SetupA_Nodes,20,3,2,16,0,0,0
SetupA_Nodes,20,3,2,17,0,0,0
SetupA_Nodes,20,3,2,18,0,0,0
SetupA_Nodes,20,3,3,0,380,191,189
SetupA_Nodes,20,3,3,1,2681,1150,1531
SetupA_Nodes,20,3,3,2,4811,3019,1792
SetupA_Nodes,20,3,3,3,2228,1667,561
SetupA_Nodes,20,3,3,4,115,111,4
SetupA_Nodes,20,3,3,5,42,42,0
SetupA_Nodes,20,3,3,6,7,7,0
SetupA_Nodes,20,3,3,7,0,0,0
SetupA_Nodes,20,3,3,8,0,0,0
SetupA_Nodes,20,3,3,9,0,0,0
SetupA_Nodes,20,3,3,10,0,0,0
SetupA_Nodes,20,3,3,11,0,0,0
SetupA_Nodes,20,3,3,12,0,0,0
SetupA_Nodes,20,3,3,13,0,0,0
SetupA_Nodes,20,3,3,14,0,0,0
SetupA_Nodes,20,3,3,15,0,0,0
SetupA_Nodes,20,3,3,16,0,0,0
SetupA_Nodes,20,3,3,17,0,0,0
SetupA_Nodes,20,3,3,18,0,0,0
SetupA_Nodes,20,3,4,0,380,191,189
SetupA_Nodes,20,3,4,1,2728,1155,1573
SetupA_Nodes,20,3,4,2,3998,2720,1278
SetupA_Nodes,20,3,4,3,678,579,99
SetupA_Nodes,20,3,4,4,100,80,20
SetupA_Nodes,20,3,4,5,12,12,0
SetupA_Nodes,20,3,4,6,0,0,0
SetupA_Nodes,20,3,4,7,0,0,0
SetupA_Nodes,20,3,4,8,0,0,0
SetupA_Nodes,20,3,4,9,0,0,0
SetupA_Nodes,20,3,4,10,0,0,0
SetupA_Nodes,20,3,4,11,0,0,0
SetupA_Nodes,20,3,4,12,0,0,0
SetupA_Nodes,20,3,4,13,0,0,0
SetupA_Nodes,20,3,4,14,0,0,0
SetupA_Nodes,20,3,4,15,0,0,0
SetupA_Nodes,20,3,4,16,0,0,0
SetupA_Nodes,20,3,4,17,0,0,0
SetupA_Nodes,20,3,4,18,0,0,0
SetupA_Nodes,20,3,5,0,380,191,189
SetupA_Nodes,20,3,5,1,2582,1134,1448
SetupA_Nodes,20,3,5,2,4132,2626,1506
SetupA_Nodes,20,3,5,3,982,774,208
SetupA_Nodes,20,3,5,4,45,45,0
SetupA_Nodes,20,3,5,5,6,6,0
SetupA_Nodes,20,3,5,6,0,0,0
SetupA_Nodes,20,3,5,7,0,0,0
SetupA_Nodes,20,3,5,8,0,0,0
SetupA_Nodes,20,3,5,9,0,0,0
SetupA_Nodes,20,3,5,10,0,0,0
SetupA_Nodes,20,3,5,11,0,0,0
SetupA_Nodes,20,3,5,12,0,0,0
SetupA_Nodes,20,3,5,13,0,0,0
SetupA_Nodes,20,3,5,14,0,0,0
SetupA_Nodes,20,3,5,15,0,0,0
SetupA_Nodes,20,3,5,16,0,0,0
SetupA_Nodes,20,3,5,17,0,0,0
SetupA_Nodes,20,3,5,18,0,0,0
SetupA_Nodes,20,3,6,0,380,191,189
SetupA_Nodes,20,3,6,1,2572,1131,1441
SetupA_Nodes,20,3,6,2,3199,1948,1251
SetupA_Nodes,20,3,6,3,2182,1460,722
SetupA_Nodes,20,3,6,4,744,490,254
SetupA_Nodes,20,3,6,5,60,24,36
SetupA_Nodes,20,3,6,6,0,0,0
SetupA_Nodes,20,3,6,7,0,0,0
SetupA_Nodes,20,3,6,8,0,0,0
SetupA_Nodes,20,3,6,9,0,0,0
SetupA_Nodes,20,3,6,10,0,0,0
SetupA_Nodes,20,3,6,11,0,0,0
SetupA_Nodes,20,3,6,12,0,0,0
SetupA_Nodes,20,3,6,13,0,0,0
SetupA_Nodes,20,3,6,14,0,0,0
SetupA_Nodes,20,3,6,15,0,0,0
SetupA_Nodes,20,3,6,16,0,0,0
SetupA_Nodes,20,3,6,17,0,0,0
SetupA_Nodes,20,3,6,18,0,0,0
SetupA_Nodes,20,3,7,0,380,191,189
SetupA_Nodes,20,3,7,1,1372,425,947
SetupA_Nodes,20,3,7,2,2173,1075,1098
SetupA_Nodes,20,3,7,3,545,444,101
SetupA_Nodes,20,3,7,4,15,15,0
SetupA_Nodes,20,3,7,5,0,0,0
SetupA_Nodes,20,3,7,6,0,0,0
SetupA_Nodes,20,3,7,7,0,0,0
SetupA_Nodes,20,3,7,8,0,0,0
SetupA_Nodes,20,3,7,9,0,0,0
SetupA_Nodes,20,3,7,10,0,0,0
SetupA_Nodes,20,3,7,11,0,0,0
SetupA_Nodes,20,3,7,12,0,0,0
SetupA_Nodes,20,3,7,13,0,0,0
SetupA_Nodes,20,3,7,14,0,0,0
SetupA_Nodes,20,3,7,15,0,0,0
SetupA_Nodes,20,3,7,16,0,0,0
SetupA_Nodes,20,3,7,17,0,0,0
SetupA_Nodes,20,3,7,18,0,0,0
SetupA_Nodes,20,3,8,0,380,191,189
SetupA_Nodes,20,3,8,1,2992,1362,1630
SetupA_Nodes,20,3,8,2,5323,3377,1946
SetupA_Nodes,20,3,8,3,272,233,39
SetupA_Nodes,20,3,8,4,144,122,22
SetupA_Nodes,20,3,8,5,6,6,0
SetupA_Nodes,20,3,8,6,0,0,0
SetupA_Nodes,20,3,8,7,0,0,0
SetupA_Nodes,20,3,8,8,0,0,0
SetupA_Nodes,20,3,8,9,0,0,0
SetupA_Nodes,20,3,8,10,0,0,0
SetupA_Nodes,20,3,8,11,0,0,0
SetupA_Nodes,20,3,8,12,0,0,0
SetupA_Nodes,20,3,8,13,0,0,0
SetupA_Nodes,20,3,8,14,0,0,0
SetupA_Nodes,20,3,8,15,0,0,0
SetupA_Nodes,20,3,8,16,0,0,0
SetupA_Nodes,20,3,8,17,0,0,0
SetupA_Nodes,20,3,8,18,0,0,0
SetupA_Nodes,20,3,9,0,380,191,189
SetupA_Nodes,20,3,9,1,1633,594,1039
SetupA_Nodes,20,3,9,2,2270,1132,1138
SetupA_Nodes,20,3,9,3,972,603,369
SetupA_Nodes,20,3,9,4,634,296,338
SetupA_Nodes,20,3,9,5,37,2,35
SetupA_Nodes,20,3,9,6,0,0,0
SetupA_Nodes,20,3,9,7,0,0,0
SetupA_Nodes,20,3,9,8,0,0,0
SetupA_Nodes,20,3,9,9,0,0,0
SetupA_Nodes,20,3,9,10,0,0,0
SetupA_Nodes,20,3,9,11,0,0,0
SetupA_Nodes,20,3,9,12,0,0,0
SetupA_Nodes,20,3,9,13,0,0,0
SetupA_Nodes,20,3,9,14,0,0,0
SetupA_Nodes,20,3,9,15,0,0,0
SetupA_Nodes,20,3,9,16,0,0,0
SetupA_Nodes,20,3,9,17,0,0,0
SetupA_Nodes,20,3,9,18,0,0,0
SetupA_Nodes,20,3,10,0,380,191,189
SetupA_Nodes,20,3,10,1,2609,1147,1462
SetupA_Nodes,20,3,10,2,6141,3651,2490
SetupA_Nodes,20,3,10,3,2275,1443,832
SetupA_Nodes,20,3,10,4,573,311,262
SetupA_Nodes,20,3,10,5,12,12,0
SetupA_Nodes,20,3,10,6,0,0,0
SetupA_Nodes,20,3,10,7,0,0,0
SetupA_Nodes,20,3,10,8,0,0,0
SetupA_Nodes,20,3,10,9,0,0,0
SetupA_Nodes,20,3,10,10,0,0,0
SetupA_Nodes,20,3,10,11,0,0,0
SetupA_Nodes,20,3,10,12,0,0,0
SetupA_Nodes,20,3,10,13,0,0,0
SetupA_Nodes,20,3,10,14,0,0,0
SetupA_Nodes,20,3,10,15,0,0,0
SetupA_Nodes,20,3,10,16,0,0,0
SetupA_Nodes,20,3,10,17,0,0,0
SetupA_Nodes,20,3,10,18,0,0,0
SetupA_Nodes,20,3,11,0,380,191,189
SetupA_Nodes,20,3,11,1,1936,755,1181
SetupA_Nodes,20,3,11,2,3668,2227,1441
SetupA_Nodes,20,3,11,3,2918,2177,741
SetupA_Nodes,20,3,11,4,318,299,19
SetupA_Nodes,20,3,11,5,12,8,4
SetupA_Nodes,20,3,11,6,0,0,0
SetupA_Nodes,20,3,11,7,0,0,0
SetupA_Nodes,20,3,11,8,0,0,0
SetupA_Nodes,20,3,11,9,0,0,0
SetupA_Nodes,20,3,11,10,0,0,0
SetupA_Nodes,20,3,11,11,0,0,0
SetupA_Nodes,20,3,11,12,0,0,0
SetupA_Nodes,20,3,11,13,0,0,0
SetupA_Nodes,20,3,11,14,0,0,0
SetupA_Nodes,20,3,11,15,0,0,0
SetupA_Nodes,20,3,11,16,0,0,0
SetupA_Nodes,20,3,11,17,0,0,0
SetupA_Nodes,20,3,11,18,0,0,0
SetupA_Nodes,20,3,12,0,380,191,189
SetupA_Nodes,20,3,12,1,2351,969,1382
SetupA_Nodes,20,3,12,2,5619,3076,2543
SetupA_Nodes,20,3,12,3,3922,3293,629
SetupA_Nodes,20,3,12,4,50,50,0
SetupA_Nodes,20,3,12,5,6,6,0
SetupA_Nodes,20,3,12,6,0,0,0
SetupA_Nodes,20,3,12,7,0,0,0
SetupA_Nodes,20,3,12,8,0,0,0
SetupA_Nodes,20,3,12,9,0,0,0
SetupA_Nodes,20,3,12,10,0,0,0
SetupA_Nodes,20,3,12,11,0,0,0
SetupA_Nodes,20,3,12,12,0,0,0
SetupA_Nodes,20,3,12,13,0,0,0
SetupA_Nodes,20,3,12,14,0,0,0
SetupA_Nodes,20,3,12,15,0,0,0
SetupA_Nodes,20,3,12,16,0,0,0
SetupA_Nodes,20,3,12,17,0,0,0
SetupA_Nodes,20,3,12,18,0,0,0
SetupA_Nodes,20,3,13,0,380,191,189
SetupA_Nodes,20,3,13,1,2404,1066,1338
SetupA_Nodes,20,3,13,2,4488,2734,1754
SetupA_Nodes,20,3,13,3,1180,921,259
SetupA_Nodes,20,3,13,4,162,136,26
SetupA_Nodes,20,3,13,5,6,6,0
SetupA_Nodes,20,3,13,6,0,0,0
SetupA_Nodes,20,3,13,7,0,0,0
SetupA_Nodes,20,3,13,8,0,0,0
SetupA_Nodes,20,3,13,9,0,0,0
SetupA_Nodes,20,3,13,10,0,0,0
SetupA_Nodes,20,3,13,11,0,0,0
SetupA_Nodes,20,3,13,12,0,0,0
SetupA_Nodes,20,3,13,13,0,0,0
SetupA_Nodes,20,3,13,14,0,0,0
SetupA_Nodes,20,3,13,15,0,0,0
SetupA_Nodes,20,3,13,16,0,0,0
SetupA_Nodes,20,3,13,17,0,0,0
SetupA_Nodes,20,3,13,18,0,0,0
SetupA_Nodes,20,3,14,0,380,191,189
SetupA_Nodes,20,3,14,1,2024,752,1272
SetupA_Nodes,20,3,14,2,4345,2653,1692
SetupA_Nodes,20,3,14,3,944,594,350
SetupA_Nodes,20,3,14,4,570,496,74
SetupA_Nodes,20,3,14,5,6,6,0
SetupA_Nodes,20,3,14,6,0,0,0
SetupA_Nodes,20,3,14,7,0,0,0
SetupA_Nodes,20,3,14,8,0,0,0
SetupA_Nodes,20,3,14,9,0,0,0
SetupA_Nodes,20,3,14,10,0,0,0
SetupA_Nodes,20,3,14,11,0,0,0
SetupA_Nodes,20,3,14,12,0,0,0
SetupA_Nodes,20,3,14,13,0,0,0
SetupA_Nodes,20,3,14,14,0,0,0
SetupA_Nodes,20,3,14,15,0,0,0
SetupA_Nodes,20,3,14,16,0,0,0
SetupA_Nodes,20,3,14,17,0,0,0
SetupA_Nodes,20,3,14,18,0,0,0
SetupA_Nodes,20,3,15,0,380,191,189
SetupA_Nodes,20,3,15,1,1706,663,1043
SetupA_Nodes,20,3,15,2,4119,2100,2019
SetupA_Nodes,20,3,15,3,1803,854,949
SetupA_Nodes,20,3,15,4,40,30,10
SetupA_Nodes,20,3,15,5,6,6,0
SetupA_Nodes,20,3,15,6,0,0,0
SetupA_Nodes,20,3,15,7,0,0,0
SetupA_Nodes,20,3,15,8,0,0,0
SetupA_Nodes,20,3,15,9,0,0,0
SetupA_Nodes,20,3,15,10,0,0,0
SetupA_Nodes,20,3,15,11,0,0,0
SetupA_Nodes,20,3,15,12,0,0,0
SetupA_Nodes,20,3,15,13,0,0,0
SetupA_Nodes,20,3,15,14,0,0,0
SetupA_Nodes,20,3,15,15,0,0,0
SetupA_Nodes,20,3,15,16,0,0,0
SetupA_Nodes,20,3,15,17,0,0,0
SetupA_Nodes,20,3,15,18,0,0,0
SetupA_Nodes,20,3,16,0,380,191,189
SetupA_Nodes,20,3,16,1,2663,1185,1478
SetupA_Nodes,20,3,16,2,2209,1455,754
SetupA_Nodes,20,3,16,3,953,568,385
SetupA_Nodes,20,3,16,4,30,25,5
SetupA_Nodes,20,3,16,5,0,0,0
SetupA_Nodes,20,3,16,6,0,0,0
SetupA_Nodes,20,3,16,7,0,0,0
SetupA_Nodes,20,3,16,8,0,0,0
SetupA_Nodes,20,3,16,9,0,0,0
SetupA_Nodes,20,3,16,10,0,0,0
SetupA_Nodes,20,3,16,11,0,0,0
SetupA_Nodes,20,3,16,12,0,0,0
SetupA_Nodes,20,3,16,13,0,0,0
SetupA_Nodes,20,3,16,14,0,0,0
SetupA_Nodes,20,3,16,15,0,0,0
SetupA_Nodes,20,3,16,16,0,0,0
SetupA_Nodes,20,3,16,17,0,0,0
SetupA_Nodes,20,3,16,18,0,0,0
SetupA_Nodes,20,3,17,0,380,191,189
SetupA_Nodes,20,3,17,1,2142,853,1289
SetupA_Nodes,20,3,17,2,7425,4147,3278
SetupA_Nodes,20,3,17,3,3339,2445,894
SetupA_Nodes,20,3,17,4,55,50,5
SetupA_Nodes,20,3,17,5,6,6,0
SetupA_Nodes,20,3,17,6,0,0,0
SetupA_Nodes,20,3,17,7,0,0,0
SetupA_Nodes,20,3,17,8,0,0,0
SetupA_Nodes,20,3,17,9,0,0,0
SetupA_Nodes,20,3,17,10,0,0,0
SetupA_Nodes,20,3,17,11,0,0,0
SetupA_Nodes,20,3,17,12,0,0,0
SetupA_Nodes,20,3,17,13,0,0,0
SetupA_Nodes,20,3,17,14,0,0,0
SetupA_Nodes,20,3,17,15,0,0,0
SetupA_Nodes,20,3,17,16,0,0,0
SetupA_Nodes,20,3,17,17,0,0,0
SetupA_Nodes,20,3,17,18,0,0,0
SetupA_Nodes,20,3,18,0,380,191,189
SetupA_Nodes,20,3,18,1,2837,1310,1527
SetupA_Nodes,20,3,18,2,4515,3083,1432
SetupA_Nodes,20,3,18,3,2339,1935,404
SetupA_Nodes,20,3,18,4,95,70,25
SetupA_Nodes,20,3,18,5,18,12,6
SetupA_Nodes,20,3,18,6,0,0,0
SetupA_Nodes,20,3,18,7,0,0,0
SetupA_Nodes,20,3,18,8,0,0,0
SetupA_Nodes,20,3,18,9,0,0,0
SetupA_Nodes,20,3,18,10,0,0,0
SetupA_Nodes,20,3,18,11,0,0,0
SetupA_Nodes,20,3,18,12,0,0,0
SetupA_Nodes,20,3,18,13,0,0,0
SetupA_Nodes,20,3,18,14,0,0,0
SetupA_Nodes,20,3,18,15,0,0,0
SetupA_Nodes,20,3,18,16,0,0,0
SetupA_Nodes,20,3,18,17,0,0,0
SetupA_Nodes,20,3,18,18,0,0,0
SetupA_Nodes,20,3,19,0,380,191,189
SetupA_Nodes,20,3,19,1,2116,977,1139
SetupA_Nodes,20,3,19,2,2242,1435,807
SetupA_Nodes,20,3,19,3,1130,860,270
SetupA_Nodes,20,3,19,4,162,147,15
SetupA_Nodes,20,3,19,5,12,12,0
SetupA_Nodes,20,3,19,6,0,0,0
SetupA_Nodes,20,3,19,7,0,0,0
SetupA_Nodes,20,3,19,8,0,0,0
SetupA_Nodes,20,3,19,9,0,0,0
SetupA_Nodes,20,3,19,10,0,0,0
SetupA_Nodes,20,3,19,11,0,0,0
SetupA_Nodes,20,3,19,12,0,0,0
SetupA_Nodes,20,3,19,13,0,0,0
SetupA_Nodes,20,3,19,14,0,0,0
SetupA_Nodes,20,3,19,15,0,0,0
SetupA_Nodes,20,3,19,16,0,0,0
SetupA_Nodes,20,3,19,17,0,0,0
SetupA_Nodes,20,3,19,18,0,0,0
SetupA_Nodes,20,3,20,0,380,191,189
SetupA_Nodes,20,3,20,1,1837,757,1080
SetupA_Nodes,20,3,20,2,2166,1188,978
SetupA_Nodes,20,3,20,3,1292,710,582
SetupA_Nodes,20,3,20,4,35,30,5
SetupA_Nodes,20,3,20,5,6,6,0
SetupA_Nodes,20,3,20,6,0,0,0
SetupA_Nodes,20,3,20,7,0,0,0
SetupA_Nodes,20,3,20,8,0,0,0
SetupA_Nodes,20,3,20,9,0,0,0
SetupA_Nodes,20,3,20,10,0,0,0
SetupA_Nodes,20,3,20,11,0,0,0
SetupA_Nodes,20,3,20,12,0,0,0
SetupA_Nodes,20,3,20,13,0,0,0
SetupA_Nodes,20,3,20,14,0,0,0
SetupA_Nodes,20,3,20,15,0,0,0
SetupA_Nodes,20,3,20,16,0,0,0
SetupA_Nodes,20,3,20,17,0,0,0
SetupA_Nodes,20,3,20,18,0,0,0
SetupA_Nodes,20,3,21,0,380,191,189
SetupA_Nodes,20,3,21,1,2784,1233,1551
SetupA_Nodes,20,3,21,2,4419,2947,1472
SetupA_Nodes,20,3,21,3,2641,1996,645
SetupA_Nodes,20,3,21,4,797,681,116
SetupA_Nodes,20,3,21,5,42,42,0
SetupA_Nodes,20,3,21,6,7,7,0
SetupA_Nodes,20,3,21,7,0,0,0
SetupA_Nodes,20,3,21,8,0,0,0
SetupA_Nodes,20,3,21,9,0,0,0
SetupA_Nodes,20,3,21,10,0,0,0
SetupA_Nodes,20,3,21,11,0,0,0
SetupA_Nodes,20,3,21,12,0,0,0
SetupA_Nodes,20,3,21,13,0,0,0
SetupA_Nodes,20,3,21,14,0,0,0
SetupA_Nodes,20,3,21,15,0,0,0
SetupA_Nodes,20,3,21,16,0,0,0
SetupA_Nodes,20,3,21,17,0,0,0
SetupA_Nodes,20,3,21,18,0,0,0
SetupA_Nodes,20,3,22,0,380,191,189
SetupA_Nodes,20,3,22,1,2681,1115,1566
SetupA_Nodes,20,3,22,2,4341,2590,1751
SetupA_Nodes,20,3,22,3,696,521,175
SetupA_Nodes,20,3,22,4,120,115,5
SetupA_Nodes,20,3,22,5,42,42,0
SetupA_Nodes,20,3,22,6,7,7,0
SetupA_Nodes,20,3,22,7,0,0,0
SetupA_Nodes,20,3,22,8,0,0,0
SetupA_Nodes,20,3,22,9,0,0,0
SetupA_Nodes,20,3,22,10,0,0,0
SetupA_Nodes,20,3,22,11,0,0,0
SetupA_Nodes,20,3,22,12,0,0,0
SetupA_Nodes,20,3,22,13,0,0,0
SetupA_Nodes,20,3,22,14,0,0,0
SetupA_Nodes,20,3,22,15,0,0,0
SetupA_Nodes,20,3,22,16,0,0,0
SetupA_Nodes,20,3,22,17,0,0,0
SetupA_Nodes,20,3,22,18,0,0,0
SetupA_Nodes,20,3,23,0,380,191,189
SetupA_Nodes,20,3,23,1,2569,1082,1487
SetupA_Nodes,20,3,23,2,3211,2230,981
SetupA_Nodes,20,3,23,3,602,490,112
SetupA_Nodes,20,3,23,4,15,15,0
SetupA_Nodes,20,3,23,5,0,0,0
SetupA_Nodes,20,3,23,6,0,0,0
SetupA_Nodes,20,3,23,7,0,0,0
SetupA_Nodes,20,3,23,8,0,0,0
SetupA_Nodes,20,3,23,9,0,0,0
SetupA_Nodes,20,3,23,10,0,0,0
SetupA_Nodes,20,3,23,11,0,0,0
SetupA_Nodes,20,3,23,12,0,0,0
SetupA_Nodes,20,3,23,13,0,0,0
SetupA_Nodes,20,3,23,14,0,0,0
SetupA_Nodes,20,3,23,15,0,0,0
SetupA_Nodes,20,3,23,16,0,0,0
SetupA_Nodes,20,3,23,17,0,0,0
SetupA_Nodes,20,3,23,18,0,0,0
SetupA_Nodes,20,3,24,0,380,191,189
SetupA_Nodes,20,3,24,1,1548,605,943
SetupA_Nodes,20,3,24,2,1955,1065,890
SetupA_Nodes,20,3,24,3,706,318,388
SetupA_Nodes,20,3,24,4,293,75,218
SetupA_Nodes,20,3,24,5,6,0,6
SetupA_Nodes,20,3,24,6,0,0,0
SetupA_Nodes,20,3,24,7,0,0,0
SetupA_Nodes,20,3,24,8,0,0,0
SetupA_Nodes,20,3,24,9,0,0,0
SetupA_Nodes,20,3,24,10,0,0,0
SetupA_Nodes,20,3,24,11,0,0,0
SetupA_Nodes,20,3,24,12,0,0,0
SetupA_Nodes,20,3,24,13,0,0,0
SetupA_Nodes,20,3,24,14,0,0,0
SetupA_Nodes,20,3,24,15,0,0,0
SetupA_Nodes,20,3,24,16,0,0,0
SetupA_Nodes,20,3,24,17,0,0,0
SetupA_Nodes,20,3,24,18,0,0,0
SetupA_Nodes,20,3,25,0,380,191,189
SetupA_Nodes,20,3,25,1,2640,1211,1429
SetupA_Nodes,20,3,25,2,2678,1521,1157
SetupA_Nodes,20,3,25,3,1033,340,693
SetupA_Nodes,20,3,25,4,1049,152,897
SetupA_Nodes,20,3,25,5,6,0,6
SetupA_Nodes,20,3,25,6,0,0,0
SetupA_Nodes,20,3,25,7,0,0,0
SetupA_Nodes,20,3,25,8,0,0,0
SetupA_Nodes,20,3,25,9,0,0,0
SetupA_Nodes,20,3,25,10,0,0,0
SetupA_Nodes,20,3,25,11,0,0,0
SetupA_Nodes,20,3,25,12,0,0,0
SetupA_Nodes,20,3,25,13,0,0,0
SetupA_Nodes,20,3,25,14,0,0,0
SetupA_Nodes,20,3,25,15,0,0,0
SetupA_Nodes,20,3,25,16,0,0,0
SetupA_Nodes,20,3,25,17,0,0,0
SetupA_Nodes,20,3,25,18,0,0,0
SetupA_Nodes,20,3,26,0,380,191,189
SetupA_Nodes,20,3,26,1,2051,810,1241
SetupA_Nodes,20,3,26,2,2231,1362,869
SetupA_Nodes,20,3,26,3,997,788,209
SetupA_Nodes,20,3,26,4,102,93,9
SetupA_Nodes,20,3,26,5,12,12,0
SetupA_Nodes,20,3,26,6,0,0,0
SetupA_Nodes,20,3,26,7,0,0,0
SetupA_Nodes,20,3,26,8,0,0,0
SetupA_Nodes,20,3,26,9,0,0,0
SetupA_Nodes,20,3,26,10,0,0,0
SetupA_Nodes,20,3,26,11,0,0,0
SetupA_Nodes,20,3,26,12,0,0,0
SetupA_Nodes,20,3,26,13,0,0,0
SetupA_Nodes,20,3,26,14,0,0,0
SetupA_Nodes,20,3,26,15,0,0,0
SetupA_Nodes,20,3,26,16,0,0,0
SetupA_Nodes,20,3,26,17,0,0,0
SetupA_Nodes,20,3,26,18,0,0,0
SetupA_Nodes,20,3,27,0,380,191,189
SetupA_Nodes,20,3,27,1,2253,894,1359
SetupA_Nodes,20,3,27,2,3326,1843,1483
SetupA_Nodes,20,3,27,3,2207,1479,728
SetupA_Nodes,20,3,27,4,819,715,104
SetupA_Nodes,20,3,27,5,48,48,0
SetupA_Nodes,20,3,27,6,7,7,0
SetupA_Nodes,20,3,27,7,0,0,0
SetupA_Nodes,20,3,27,8,0,0,0
SetupA_Nodes,20,3,27,9,0,0,0
SetupA_Nodes,20,3,27,10,0,0,0
SetupA_Nodes,20,3,27,11,0,0,0
SetupA_Nodes,20,3,27,12,0,0,0
SetupA_Nodes,20,3,27,13,0,0,0
SetupA_Nodes,20,3,27,14,0,0,0
SetupA_Nodes,20,3,27,15,0,0,0
SetupA_Nodes,20,3,27,16,0,0,0
SetupA_Nodes,20,3,27,17,0,0,0
SetupA_Nodes,20,3,27,18,0,0,0
SetupA_Nodes,20,3,28,0,380,191,189
SetupA_Nodes,20,3,28,1,2020,828,1192
SetupA_Nodes,20,3,28,2,4804,2868,1936
SetupA_Nodes,20,3,28,3,5168,3759,1409
SetupA_Nodes,20,3,28,4,2316,1718,598
SetupA_Nodes,20,3,28,5,467,392,75
SetupA_Nodes,20,3,28,6,56,56,0
SetupA_Nodes,20,3,28,7,8,8,0
SetupA_Nodes,20,3,28,8,0,0,0
SetupA_Nodes,20,3,28,9,0,0,0
SetupA_Nodes,20,3,28,10,0,0,0
SetupA_Nodes,20,3,28,11,0,0,0
SetupA_Nodes,20,3,28,12,0,0,0
SetupA_Nodes,20,3,28,13,0,0,0
SetupA_Nodes,20,3,28,14,0,0,0
SetupA_Nodes,20,3,28,15,0,0,0
SetupA_Nodes,20,3,28,16,0,0,0
SetupA_Nodes,20,3,28,17,0,0,0
SetupA_Nodes,20,3,28,18,0,0,0
SetupA_Nodes,20,3,29,0,380,191,189
SetupA_Nodes,20,3,29,1,2475,1046,1429
SetupA_Nodes,20,3,29,2,3470,2007,1463
SetupA_Nodes,20,3,29,3,677,248,429
SetupA_Nodes,20,3,29,4,301,57,244
SetupA_Nodes,20,3,29,5,12,6,6
SetupA_Nodes,20,3,29,6,0,0,0
SetupA_Nodes,20,3,29,7,0,0,0
SetupA_Nodes,20,3,29,8,0,0,0
SetupA_Nodes,20,3,29,9,0,0,0
SetupA_Nodes,20,3,29,10,0,0,0
SetupA_Nodes,20,3,29,11,0,0,0
SetupA_Nodes,20,3,29,12,0,0,0
SetupA_Nodes,20,3,29,13,0,0,0
SetupA_Nodes,20,3,29,14,0,0,0
SetupA_Nodes,20,3,29,15,0,0,0
SetupA_Nodes,20,3,29,16,0,0,0
SetupA_Nodes,20,3,29,17,0,0,0
SetupA_Nodes,20,3,29,18,0,0,0
SetupA_Nodes,30,3,0,0,870,436,434
SetupA_Nodes,30,3,0,1,11261,5347,5914
SetupA_Nodes,30,3,0,2,6224,4438,1786
SetupA_Nodes,30,3,0,3,304,266,38
SetupA_Nodes,30,3,0,4,25,25,0
SetupA_Nodes,30,3,0,5,0,0,0
SetupA_Nodes,30,3,0,6,0,0,0
SetupA_Nodes,30,3,0,7,0,0,0
SetupA_Nodes,30,3,0,8,0,0,0
SetupA_Nodes,30,3,0,9,0,0,0
SetupA_Nodes,30,3,0,10,0,0,0
SetupA_Nodes,30,3,0,11,0,0,0
SetupA_Nodes,30,3,0,12,0,0,0
SetupA_Nodes,30,3,0,13,0,0,0
SetupA_Nodes,30,3,0,14,0,0,0
SetupA_Nodes,30,3,0,15,0,0,0
SetupA_Nodes,30,3,0,16,0,0,0
SetupA_Nodes,30,3,0,17,0,0,0
SetupA_Nodes,30,3,0,18,0,0,0
SetupA_Nodes,30,3,0,19,0,0,0
SetupA_Nodes,30,3,0,20,0,0,0
SetupA_Nodes,30,3,0,21,0,0,0
SetupA_Nodes,30,3,0,22,0,0,0
SetupA_Nodes,30,3,0,23,0,0,0
SetupA_Nodes,30,3,0,24,0,0,0
SetupA_Nodes,30,3,0,25,0,0,0
SetupA_Nodes,30,3,0,26,0,0,0
SetupA_Nodes,30,3,0,27,0,0,0
SetupA_Nodes,30,3,0,28,0,0,0
SetupA_Nodes,30,3,1,0,870,436,434
SetupA_Nodes,30,3,1,1,7069,2930,4139
SetupA_Nodes,30,3,1,2,8131,5283,2848
SetupA_Nodes,30,3,1,3,3726,2631,1095
SetupA_Nodes,30,3,1,4,45,45,0
SetupA_Nodes,30,3,1,5,6,6,0
SetupA_Nodes,30,3,1,6,0,0,0
SetupA_Nodes,30,3,1,7,0,0,0
SetupA_Nodes,30,3,1,8,0,0,0
SetupA_Nodes,30,3,1,9,0,0,0
SetupA_Nodes,30,3,1,10,0,0,0
SetupA_Nodes,30,3,1,11,0,0,0
SetupA_Nodes,30,3,1,12,0,0,0
SetupA_Nodes,30,3,1,13,0,0,0
SetupA_Nodes,30,3,1,14,0,0,0
SetupA_Nodes,30,3,1,15,0,0,0
SetupA_Nodes,30,3,1,16,0,0,0
SetupA_Nodes,30,3,1,17,0,0,0
SetupA_Nodes,30,3,1,18,0,0,0
SetupA_Nodes,30,3,1,19,0,0,0
SetupA_Nodes,30,3,1,20,0,0,0
SetupA_Nodes,30,3,1,21,0,0,0
SetupA_Nodes,30,3,1,22,0,0,0
SetupA_Nodes,30,3,1,23,0,0,0
SetupA_Nodes,30,3,1,24,0,0,0
SetupA_Nodes,30,3,1,25,0,0,0
SetupA_Nodes,30,3,1,26,0,0,0
SetupA_Nodes,30,3,1,27,0,0,0
SetupA_Nodes,30,3,1,28,0,0,0
SetupA_Nodes,30,3,2,0,870,436,434
SetupA_Nodes,30,3,2,1,4927,1843,3084
SetupA_Nodes,30,3,2,2,12732,6086,6646
SetupA_Nodes,30,3,2,3,21129,11728,9401
SetupA_Nodes,30,3,2,4,4893,4209,684
SetupA_Nodes,30,3,2,5,96,96,0
SetupA_Nodes,30,3,2,6,14,14,0
SetupA_Nodes,30,3,2,7,0,0,0
SetupA_Nodes,30,3,2,8,0,0,0
SetupA_Nodes,30,3,2,9,0,0,0
SetupA_Nodes,30,3,2,10,0,0,0
SetupA_Nodes,30,3,2,11,0,0,0
SetupA_Nodes,30,3,2,12,0,0,0
SetupA_Nodes,30,3,2,13,0,0,0
SetupA_Nodes,30,3,2,14,0,0,0
SetupA_Nodes,30,3,2,15,0,0,0
SetupA_Nodes,30,3,2,16,0,0,0
SetupA_Nodes,30,3,2,17,0,0,0
SetupA_Nodes,30,3,2,18,0,0,0
SetupA_Nodes,30,3,2,19,0,0,0
SetupA_Nodes,30,3,2,20,0,0,0
SetupA_Nodes,30,3,2,21,0,0,0
SetupA_Nodes,30,3,2,22,0,0,0
SetupA_Nodes,30,3,2,23,0,0,0
SetupA_Nodes,30,3,2,24,0,0,0
SetupA_Nodes,30,3,2,25,0,0,0
SetupA_Nodes,30,3,2,26,0,0,0
SetupA_Nodes,30,3,2,27,0,0,0
SetupA_Nodes,30,3,2,28,0,0,0
SetupA_Nodes,30,3,3,0,870,436,434
SetupA_Nodes,30,3,3,1,6859,3009,3850
SetupA_Nodes,30,3,3,2,9089,5280,3809
SetupA_Nodes,30,3,3,3,2765,1142,1623
SetupA_Nodes,30,3,3,4,325,70,255
SetupA_Nodes,30,3,3,5,48,6,42
SetupA_Nodes,30,3,3,6,7,0,7
SetupA_Nodes,30,3,3,7,0,0,0
SetupA_Nodes,30,3,3,8,0,0,0
SetupA_Nodes,30,3,3,9,0,0,0
SetupA_Nodes,30,3,3,10,0,0,0
SetupA_Nodes,30,3,3,11,0,0,0
SetupA_Nodes,30,3,3,12,0,0,0
SetupA_Nodes,30,3,3,13,0,0,0
SetupA_Nodes,30,3,3,14,0,0,0
SetupA_Nodes,30,3,3,15,0,0,0
SetupA_Nodes,30,3,3,16,0,0,0
SetupA_Nodes,30,3,3,17,0,0,0
SetupA_Nodes,30,3,3,18,0,0,0
SetupA_Nodes,30,3,3,19,0,0,0
SetupA_Nodes,30,3,3,20,0,0,0
SetupA_Nodes,30,3,3,21,0,0,0
SetupA_Nodes,30,3,3,22,0,0,0
SetupA_Nodes,30,3,3,23,0,0,0
SetupA_Nodes,30,3,3,24,0,0,0
SetupA_Nodes,30,3,3,25,0,0,0
SetupA_Nodes,30,3,3,26,0,0,0
SetupA_Nodes,30,3,3,27,0,0,0
SetupA_Nodes,30,3,3,28,0,0,0
SetupA_Nodes,30,3,4,0,870,436,434
SetupA_Nodes,30,3,4,1,4934,1986,2948
SetupA_Nodes,30,3,4,2,12705,7223,5482
SetupA_Nodes,30,3,4,3,11397,5902,5495
SetupA_Nodes,30,3,4,4,4463,1442,3021
SetupA_Nodes,30,3,4,5,48,36,12
SetupA_Nodes,30,3,4,6,7,7,0
SetupA_Nodes,30,3,4,7,0,0,0
SetupA_Nodes,30,3,4,8,0,0,0
SetupA_Nodes,30,3,4,9,0,0,0
SetupA_Nodes,30,3,4,10,0,0,0
SetupA_Nodes,30,3,4,11,0,0,0
SetupA_Nodes,30,3,4,12,0,0,0
SetupA_Nodes,30,3,4,13,0,0,0
SetupA_Nodes,30,3,4,14,0,0,0
SetupA_Nodes,30,3,4,15,0,0,0
SetupA_Nodes,30,3,4,16,0,0,0
SetupA_Nodes,30,3,4,17,0,0,0
SetupA_Nodes,30,3,4,18,0,0,0
SetupA_Nodes,30,3,4,19,0,0,0
SetupA_Nodes,30,3,4,20,0,0,0
SetupA_Nodes,30,3,4,21,0,0,0
SetupA_Nodes,30,3,4,22,0,0,0
SetupA_Nodes,30,3,4,23,0,0,0
SetupA_Nodes,30,3,4,24,0,0,0
SetupA_Nodes,30,3,4,25,0,0,0
SetupA_Nodes,30,3,4,26,0,0,0
SetupA_Nodes,30,3,4,27,0,0,0
SetupA_Nodes,30,3,4,28,0,0,0
SetupA_Nodes,30,3,5,0,870,436,434
SetupA_Nodes,30,3,5,1,2920,1061,1859
SetupA_Nodes,30,3,5,2,4520,1761,2759
SetupA_Nodes,30,3,5,3,1635,787,848
SetupA_Nodes,30,3,5,4,790,332,458
SetupA_Nodes,30,3,5,5,90,48,42
SetupA_Nodes,30,3,5,6,14,7,7
SetupA_Nodes,30,3,5,7,0,0,0
SetupA_Nodes,30,3,5,8,0,0,0
SetupA_Nodes,30,3,5,9,0,0,0
SetupA_Nodes,30,3,5,10,0,0,0
SetupA_Nodes,30,3,5,11,0,0,0
SetupA_Nodes,30,3,5,12,0,0,0
SetupA_Nodes,30,3,5,13,0,0,0
SetupA_Nodes,30,3,5,14,0,0,0
SetupA_Nodes,30,3,5,15,0,0,0
SetupA_Nodes,30,3,5,16,0,0,0
SetupA_Nodes,30,3,5,17,0,0,0
SetupA_Nodes,30,3,5,18,0,0,0
SetupA_Nodes,30,3,5,19,0,0,0
SetupA_Nodes,30,3,5,20,0,0,0
SetupA_Nodes,30,3,5,21,0,0,0
SetupA_Nodes,30,3,5,22,0,0,0
SetupA_Nodes,30,3,5,23,0,0,0
SetupA_Nodes,30,3,5,24,0,0,0
SetupA_Nodes,30,3,5,25,0,0,0
SetupA_Nodes,30,3,5,26,0,0,0
SetupA_Nodes,30,3,5,27,0,0,0
SetupA_Nodes,30,3,5,28,0,0,0
SetupA_Nodes,30,3,6,0,870,436,434
SetupA_Nodes,30,3,6,1,7420,3187,4233
SetupA_Nodes,30,3,6,2,9016,5606,3410
SetupA_Nodes,30,3,6,3,16485,10332,6153
SetupA_Nodes,30,3,6,4,7796,6016,1780
SetupA_Nodes,30,3,6,5,1259,1128,131
SetupA_Nodes,30,3,6,6,56,56,0
SetupA_Nodes,30,3,6,7,8,8,0
SetupA_Nodes,30,3,6,8,0,0,0
SetupA_Nodes,30,3,6,9,0,0,0
SetupA_Nodes,30,3,6,10,0,0,0
SetupA_Nodes,30,3,6,11,0,0,0
SetupA_Nodes,30,3,6,12,0,0,0
SetupA_Nodes,30,3,6,13,0,0,0
SetupA_Nodes,30,3,6,14,0,0,0
SetupA_Nodes,30,3,6,15,0,0,0
SetupA_Nodes,30,3,6,16,0,0,0
SetupA_Nodes,30,3,6,17,0,0,0
SetupA_Nodes,30,3,6,18,0,0,0
SetupA_Nodes,30,3,6,19,0,0,0
SetupA_Nodes,30,3,6,20,0,0,0
SetupA_Nodes,30,3,6,21,0,0,0
SetupA_Nodes,30,3,6,22,0,0,0
SetupA_Nodes,30,3,6,23,0,0,0
SetupA_Nodes,30,3,6,24,0,0,0
SetupA_Nodes,30,3,6,25,0,0,0
SetupA_Nodes,30,3,6,26,0,0,0
SetupA_Nodes,30,3,6,27,0,0,0
SetupA_Nodes,30,3,6,28,0,0,0
SetupA_Nodes,30,3,7,0,870,436,434
SetupA_Nodes,30,3,7,1,3224,1239,1985
SetupA_Nodes,30,3,7,2,1315,774,541
SetupA_Nodes,30,3,7,3,920,282,638
SetupA_Nodes,30,3,7,4,103,6,97
SetupA_Nodes,30,3,7,5,6,0,6
SetupA_Nodes,30,3,7,6,0,0,0
SetupA_Nodes,30,3,7,7,0,0,0
SetupA_Nodes,30,3,7,8,0,0,0
SetupA_Nodes,30,3,7,9,0,0,0
SetupA_Nodes,30,3,7,10,0,0,0
SetupA_Nodes,30,3,7,11,0,0,0
SetupA_Nodes,30,3,7,12,0,0,0
SetupA_Nodes,30,3,7,13,0,0,0
SetupA_Nodes,30,3,7,14,0,0,0
SetupA_Nodes,30,3,7,15,0,0,0
SetupA_Nodes,30,3,7,16,0,0,0
SetupA_Nodes,30,3,7,17,0,0,0
SetupA_Nodes,30,3,7,18,0,0,0
SetupA_Nodes,30,3,7,19,0,0,0
SetupA_Nodes,30,3,7,20,0,0,0
SetupA_Nodes,30,3,7,21,0,0,0
SetupA_Nodes,30,3,7,22,0,0,0
SetupA_Nodes,30,3,7,23,0,0,0
SetupA_Nodes,30,3,7,24,0,0,0
SetupA_Nodes,30,3,7,25,0,0,0
SetupA_Nodes,30,3,7,26,0,0,0
SetupA_Nodes,30,3,7,27,0,0,0
SetupA_Nodes,30,3,7,28,0,0,0
SetupA_Nodes,30,3,8,0,870,436,434
SetupA_Nodes,30,3,8,1,6522,2556,3966
SetupA_Nodes,30,3,8,2,17230,9877,7353
SetupA_Nodes,30,3,8,3,15741,8700,7041
SetupA_Nodes,30,3,8,4,7178,5199,1979
SetupA_Nodes,30,3,8,5,6,6,0
SetupA_Nodes,30,3,8,6,0,0,0
SetupA_Nodes,30,3,8,7,0,0,0
SetupA_Nodes,30,3,8,8,0,0,0
SetupA_Nodes,30,3,8,9,0,0,0
SetupA_Nodes,30,3,8,10,0,0,0
SetupA_Nodes,30,3,8,11,0,0,0
SetupA_Nodes,30,3,8,12,0,0,0
SetupA_Nodes,30,3,8,13,0,0,0
SetupA_Nodes,30,3,8,14,0,0,0
SetupA_Nodes,30,3,8,15,0,0,0
SetupA_Nodes,30,3,8,16,0,0,0
SetupA_Nodes,30,3,8,17,0,0,0
SetupA_Nodes,30,3,8,18,0,0,0
SetupA_Nodes,30,3,8,19,0,0,0
SetupA_Nodes,30,3,8,20,0,0,0
SetupA_Nodes,30,3,8,21,0,0,0
SetupA_Nodes,30,3,8,22,0,0,0
SetupA_Nodes,30,3,8,23,0,0,0
SetupA_Nodes,30,3,8,24,0,0,0
SetupA_Nodes,30,3,8,25,0,0,0
SetupA_Nodes,30,3,8,26,0,0,0
SetupA_Nodes,30,3,8,27,0,0,0
SetupA_Nodes,30,3,8,28,0,0,0
SetupA_Nodes,30,3,9,0,870,436,434
SetupA_Nodes,30,3,9,1,4154,1557,2597
SetupA_Nodes,30,3,9,2,5837,3300,2537
SetupA_Nodes,30,3,9,3,4104,2358,1746
SetupA_Nodes,30,3,9,4,130,51,79
SetupA_Nodes,30,3,9,5,6,0,6
SetupA_Nodes,30,3,9,6,0,0,0
SetupA_Nodes,30,3,9,7,0,0,0
SetupA_Nodes,30,3,9,8,0,0,0
SetupA_Nodes,30,3,9,9,0,0,0
SetupA_Nodes,30,3,9,10,0,0,0
SetupA_Nodes,30,3,9,11,0,0,0
SetupA_Nodes,30,3,9,12,0,0,0
SetupA_Nodes,30,3,9,13,0,0,0
SetupA_Nodes,30,3,9,14,0,0,0
SetupA_Nodes,30,3,9,15,0,0,0
SetupA_Nodes,30,3,9,16,0,0,0
SetupA_Nodes,30,3,9,17,0,0,0
SetupA_Nodes,30,3,9,18,0,0,0
SetupA_Nodes,30,3,9,19,0,0,0
SetupA_Nodes,30,3,9,20,0,0,0
SetupA_Nodes,30,3,9,21,0,0,0
SetupA_Nodes,30,3,9,22,0,0,0
SetupA_Nodes,30,3,9,23,0,0,0
SetupA_Nodes,30,3,9,24,0,0,0
SetupA_Nodes,30,3,9,25,0,0,0
SetupA_Nodes,30,3,9,26,0,0,0
SetupA_Nodes,30,3,9,27,0,0,0
SetupA_Nodes,30,3,9,28,0,0,0
SetupA_Nodes,30,3,10,0,870,436,434
SetupA_Nodes,30,3,10,1,5915,2358,3557
SetupA_Nodes,30,3,10,2,9090,5216,3874
SetupA_Nodes,30,3,10,3,9193,6070,3123
SetupA_Nodes,30,3,10,4,1498,1130,368
SetupA_Nodes,30,3,10,5,47,24,23
SetupA_Nodes,30,3,10,6,0,0,0
SetupA_Nodes,30,3,10,7,0,0,0
SetupA_Nodes,30,3,10,8,0,0,0
SetupA_Nodes,30,3,10,9,0,0,0
SetupA_Nodes,30,3,10,10,0,0,0
SetupA_Nodes,30,3,10,11,0,0,0
SetupA_Nodes,30,3,10,12,0,0,0
SetupA_Nodes,30,3,10,13,0,0,0
SetupA_Nodes,30,3,10,14,0,0,0
SetupA_Nodes,30,3,10,15,0,0,0
SetupA_Nodes,30,3,10,16,0,0,0
SetupA_Nodes,30,3,10,17,0,0,0
SetupA_Nodes,30,3,10,18,0,0,0
SetupA_Nodes,30,3,10,19,0,0,0
SetupA_Nodes,30,3,10,20,0,0,0
SetupA_Nodes,30,3,10,21,0,0,0
SetupA_Nodes,30,3,10,22,0,0,0
SetupA_Nodes,30,3,10,23,0,0,0
SetupA_Nodes,30,3,10,24,0,0,0
SetupA_Nodes,30,3,10,25,0,0,0
SetupA_Nodes,30,3,10,26,0,0,0
SetupA_Nodes,30,3,10,27,0,0,0
SetupA_Nodes,30,3,10,28,0,0,0
SetupA_Nodes,30,3,11,0,870,436,434
SetupA_Nodes,30,3,11,1,4970,1965,3005
SetupA_Nodes,30,3,11,2,7487,4613,2874
SetupA_Nodes,30,3,11,3,3308,2340,968
SetupA_Nodes,30,3,11,4,1208,1005,203
SetupA_Nodes,30,3,11,5,54,54,0
SetupA_Nodes,30,3,11,6,0,0,0
SetupA_Nodes,30,3,11,7,0,0,0
SetupA_Nodes,30,3,11,8,0,0,0
SetupA_Nodes,30,3,11,9,0,0,0
SetupA_Nodes,30,3,11,10,0,0,0
SetupA_Nodes,30,3,11,11,0,0,0
SetupA_Nodes,30,3,11,12,0,0,0
SetupA_Nodes,30,3,11,13,0,0,0
SetupA_Nodes,30,3,11,14,0,0,0
SetupA_Nodes,30,3,11,15,0,0,0
SetupA_Nodes,30,3,11,16,0,0,0
SetupA_Nodes,30,3,11,17,0,0,0
SetupA_Nodes,30,3,11,18,0,0,0
SetupA_Nodes,30,3,11,19,0,0,0
SetupA_Nodes,30,3,11,20,0,0,0
SetupA_Nodes,30,3,11,21,0,0,0
SetupA_Nodes,30,3,11,22,0,0,0
SetupA_Nodes,30,3,11,23,0,0,0
SetupA_Nodes,30,3,11,24,0,0,0
SetupA_Nodes,30,3,11,25,0,0,0
SetupA_Nodes,30,3,11,26,0,0,0
SetupA_Nodes,30,3,11,27,0,0,0
SetupA_Nodes,30,3,11,28,0,0,0
SetupA_Nodes,30,3,12,0,870,436,434
SetupA_Nodes,30,3,12,1,5578,2186,3392
SetupA_Nodes,30,3,12,2,9419,5717,3702
SetupA_Nodes,30,3,12,3,6151,3591,2560
SetupA_Nodes,30,3,12,4,3611,1965,1646
SetupA_Nodes,30,3,12,5,48,42,6
SetupA_Nodes,30,3,12,6,7,7,0
SetupA_Nodes,30,3,12,7,0,0,0
SetupA_Nodes,30,3,12,8,0,0,0
SetupA_Nodes,30,3,12,9,0,0,0
SetupA_Nodes,30,3,12,10,0,0,0
SetupA_Nodes,30,3,12,11,0,0,0
SetupA_Nodes,30,3,12,12,0,0,0
SetupA_Nodes,30,3,12,13,0,0,0
SetupA_Nodes,30,3,12,14,0,0,0
SetupA_Nodes,30,3,12,15,0,0,0
SetupA_Nodes,30,3,12,16,0,0,0
SetupA_Nodes,30,3,12,17,0,0,0
SetupA_Nodes,30,3,12,18,0,0,0
SetupA_Nodes,30,3,12,19,0,0,0
SetupA_Nodes,30,3,12,20,0,0,0
SetupA_Nodes,30,3,12,21,0,0,0
SetupA_Nodes,30,3,12,22,0,0,0
SetupA_Nodes,30,3,12,23,0,0,0
SetupA_Nodes,30,3,12,24,0,0,0
SetupA_Nodes,30,3,12,25,0,0,0
SetupA_Nodes,30,3,12,26,0,0,0
SetupA_Nodes,30,3,12,27,0,0,0
SetupA_Nodes,30,3,12,28,0,0,0
SetupA_Nodes,30,3,13,0,870,436,434
SetupA_Nodes,30,3,13,1,3290,1058,2232
SetupA_Nodes,30,3,13,2,5650,2911,2739
SetupA_Nodes,30,3,13,3,835,625,210
SetupA_Nodes,30,3,13,4,75,70,5
SetupA_Nodes,30,3,13,5,6,6,0
SetupA_Nodes,30,3,13,6,0,0,0
SetupA_Nodes,30,3,13,7,0,0,0
SetupA_Nodes,30,3,13,8,0,0,0
SetupA_Nodes,30,3,13,9,0,0,0
SetupA_Nodes,30,3,13,10,0,0,0
SetupA_Nodes,30,3,13,11,0,0,0
SetupA_Nodes,30,3,13,12,0,0,0
SetupA_Nodes,30,3,13,13,0,0,0
SetupA_Nodes,30,3,13,14,0,0,0
SetupA_Nodes,30,3,13,15,0,0,0
SetupA_Nodes,30,3,13,16,0,0,0
SetupA_Nodes,30,3,13,17,0,0,0
SetupA_Nodes,30,3,13,18,0,0,0
SetupA_Nodes,30,3,13,19,0,0,0
SetupA_Nodes,30,3,13,20,0,0,0
SetupA_Nodes,30,3,13,21,0,0,0
SetupA_Nodes,30,3,13,22,0,0,0
SetupA_Nodes,30,3,13,23,0,0,0
SetupA_Nodes,30,3,13,24,0,0,0
SetupA_Nodes,30,3,13,25,0,0,0
SetupA_Nodes,30,3,13,26,0,0,0
SetupA_Nodes,30,3,13,27,0,0,0
SetupA_Nodes,30,3,13,28,0,0,0
SetupA_Nodes,30,3,14,0,870,436,434
SetupA_Nodes,30,3,14,1,3200,1063,2137
SetupA_Nodes,30,3,14,2,10306,4379,5927
SetupA_Nodes,30,3,14,3,11622,4670,6952
SetupA_Nodes,30,3,14,4,2863,933,1930
SetupA_Nodes,30,3,14,5,48,42,6
SetupA_Nodes,30,3,14,6,7,7,0
SetupA_Nodes,30,3,14,7,0,0,0
SetupA_Nodes,30,3,14,8,0,0,0
SetupA_Nodes,30,3,14,9,0,0,0
SetupA_Nodes,30,3,14,10,0,0,0
SetupA_Nodes,30,3,14,11,0,0,0
SetupA_Nodes,30,3,14,12,0,0,0
SetupA_Nodes,30,3,14,13,0,0,0
SetupA_Nodes,30,3,14,14,0,0,0
SetupA_Nodes,30,3,14,15,0,0,0
SetupA_Nodes,30,3,14,16,0,0,0
SetupA_Nodes,30,3,14,17,0,0,0
SetupA_Nodes,30,3,14,18,0,0,0
SetupA_Nodes,30,3,14,19,0,0,0
SetupA_Nodes,30,3,14,20,0,0,0
SetupA_Nodes,30,3,14,21,0,0,0
SetupA_Nodes,30,3,14,22,0,0,0
SetupA_Nodes,30,3,14,23,0,0,0
SetupA_Nodes,30,3,14,24,0,0,0
SetupA_Nodes,30,3,14,25,0,0,0
SetupA_Nodes,30,3,14,26,0,0,0
SetupA_Nodes,30,3,14,27,0,0,0
SetupA_Nodes,30,3,14,28,0,0,0
SetupA_Nodes,30,3,15,0,870,436,434
SetupA_Nodes,30,3,15,1,3293,1162,2131
SetupA_Nodes,30,3,15,2,1366,631,735
SetupA_Nodes,30,3,15,3,338,113,225
SetupA_Nodes,30,3,15,4,40,5,35
SetupA_Nodes,30,3,15,5,6,0,6
SetupA_Nodes,30,3,15,6,0,0,0
SetupA_Nodes,30,3,15,7,0,0,0
SetupA_Nodes,30,3,15,8,0,0,0
SetupA_Nodes,30,3,15,9,0,0,0
SetupA_Nodes,30,3,15,10,0,0,0
SetupA_Nodes,30,3,15,11,0,0,0
SetupA_Nodes,30,3,15,12,0,0,0
SetupA_Nodes,30,3,15,13,0,0,0
SetupA_Nodes,30,3,15,14,0,0,0
SetupA_Nodes,30,3,15,15,0,0,0
SetupA_Nodes,30,3,15,16,0,0,0
SetupA_Nodes,30,3,15,17,0,0,0
SetupA_Nodes,30,3,15,18,0,0,0
SetupA_Nodes,30,3,15,19,0,0,0
SetupA_Nodes,30,3,15,20,0,0,0
SetupA_Nodes,30,3,15,21,0,0,0
SetupA_Nodes,30,3,15,22,0,0,0
SetupA_Nodes,30,3,15,23,0,0,0
SetupA_Nodes,30,3,15,24,0,0,0
SetupA_Nodes,30,3,15,25,0,0,0
SetupA_Nodes,30,3,15,26,0,0,0
SetupA_Nodes,30,3,15,27,0,0,0
SetupA_Nodes,30,3,15,28,0,0,0
SetupA_Nodes,30,3,16,0,870,436,434
SetupA_Nodes,30,3,16,1,5630,2196,3434
SetupA_Nodes,30,3,16,2,5396,3261,2135
SetupA_Nodes,30,3,16,3,5282,2896,2386
SetupA_Nodes,30,3,16,4,185,160,25
SetupA_Nodes,30,3,16,5,54,48,6
SetupA_Nodes,30,3,16,6,7,7,0
SetupA_Nodes,30,3,16,7,0,0,0
SetupA_Nodes,30,3,16,8,0,0,0
SetupA_Nodes,30,3,16,9,0,0,0
SetupA_Nodes,30,3,16,10,0,0,0
SetupA_Nodes,30,3,16,11,0,0,0
SetupA_Nodes,30,3,16,12,0,0,0
SetupA_Nodes,30,3,16,13,0,0,0
SetupA_Nodes,30,3,16,14,0,0,0
SetupA_Nodes,30,3,16,15,0,0,0
SetupA_Nodes,30,3,16,16,0,0,0
SetupA_Nodes,30,3,16,17,0,0,0
SetupA_Nodes,30,3,16,18,0,0,0
SetupA_Nodes,30,3,16,19,0,0,0
SetupA_Nodes,30,3,16,20,0,0,0
SetupA_Nodes,30,3,16,21,0,0,0
SetupA_Nodes,30,3,16,22,0,0,0
SetupA_Nodes,30,3,16,23,0,0,0
SetupA_Nodes,30,3,16,24,0,0,0
SetupA_Nodes,30,3,16,25,0,0,0
SetupA_Nodes,30,3,16,26,0,0,0
SetupA_Nodes,30,3,16,27,0,0,0
SetupA_Nodes,30,3,16,28,0,0,0
SetupA_Nodes,30,3,17,0,870,436,434
SetupA_Nodes,30,3,17,1,4112,1547,2565
SetupA_Nodes,30,3,17,2,9493,4231,5262
SetupA_Nodes,30,3,17,3,13223,4733,8490
SetupA_Nodes,30,3,17,4,6631,3437,3194
SetupA_Nodes,30,3,17,5,45,12,33
SetupA_Nodes,30,3,17,6,0,0,0
SetupA_Nodes,30,3,17,7,0,0,0
SetupA_Nodes,30,3,17,8,0,0,0
SetupA_Nodes,30,3,17,9,0,0,0
SetupA_Nodes,30,3,17,10,0,0,0
SetupA_Nodes,30,3,17,11,0,0,0
SetupA_Nodes,30,3,17,12,0,0,0
SetupA_Nodes,30,3,17,13,0,0,0
SetupA_Nodes,30,3,17,14,0,0,0
SetupA_Nodes,30,3,17,15,0,0,0
SetupA_Nodes,30,3,17,16,0,0,0
SetupA_Nodes,30,3,17,17,0,0,0
SetupA_Nodes,30,3,17,18,0,0,0
SetupA_Nodes,30,3,17,19,0,0,0
SetupA_Nodes,30,3,17,20,0,0,0
SetupA_Nodes,30,3,17,21,0,0,0
SetupA_Nodes,30,3,17,22,0,0,0
SetupA_Nodes,30,3,17,23,0,0,0
SetupA_Nodes,30,3,17,24,0,0,0
SetupA_Nodes,30,3,17,25,0,0,0
SetupA_Nodes,30,3,17,26,0,0,0
SetupA_Nodes,30,3,17,27,0,0,0
SetupA_Nodes,30,3,17,28,0,0,0
SetupA_Nodes,30,3,18,0,870,436,434
SetupA_Nodes,30,3,18,1,7268,3159,4109
SetupA_Nodes,30,3,18,2,21078,12206,8872
SetupA_Nodes,30,3,18,3,15895,11245,4650
SetupA_Nodes,30,3,18,4,4573,2339,2234
SetupA_Nodes,30,3,18,5,758,624,134
SetupA_Nodes,30,3,18,6,252,252,0
SetupA_Nodes,30,3,18,7,72,72,0
SetupA_Nodes,30,3,18,8,9,9,0
SetupA_Nodes,30,3,18,9,0,0,0
SetupA_Nodes,30,3,18,10,0,0,0
SetupA_Nodes,30,3,18,11,0,0,0
SetupA_Nodes,30,3,18,12,0,0,0
SetupA_Nodes,30,3,18,13,0,0,0
SetupA_Nodes,30,3,18,14,0,0,0
SetupA_Nodes,30,3,18,15,0,0,0
SetupA_Nodes,30,3,18,16,0,0,0
SetupA_Nodes,30,3,18,17,0,0,0
SetupA_Nodes,30,3,18,18,0,0,0
SetupA_Nodes,30,3,18,19,0,0,0
SetupA_Nodes,30,3,18,20,0,0,0
SetupA_Nodes,30,3,18,21,0,0,0
SetupA_Nodes,30,3,18,22,0,0,0
SetupA_Nodes,30,3,18,23,0,0,0
SetupA_Nodes,30,3,18,24,0,0,0
SetupA_Nodes,30,3,18,25,0,0,0
SetupA_Nodes,30,3,18,26,0,0,0
SetupA_Nodes,30,3,18,27,0,0,0
SetupA_Nodes,30,3,18,28,0,0,0
SetupA_Nodes,30,3,19,0,870,436,434
SetupA_Nodes,30,3,19,1,4210,1511,2699
SetupA_Nodes,30,3,19,2,8045,4908,3137
SetupA_Nodes,30,3,19,3,1742,1462,280
SetupA_Nodes,30,3,19,4,125,120,5
SetupA_Nodes,30,3,19,5,42,42,0
SetupA_Nodes,30,3,19,6,7,7,0
SetupA_Nodes,30,3,19,7,0,0,0
SetupA_Nodes,30,3,19,8,0,0,0
SetupA_Nodes,30,3,19,9,0,0,0
SetupA_Nodes,30,3,19,10,0,0,0
SetupA_Nodes,30,3,19,11,0,0,0
SetupA_Nodes,30,3,19,12,0,0,0
SetupA_Nodes,30,3,19,13,0,0,0
SetupA_Nodes,30,3,19,14,0,0,0
SetupA_Nodes,30,3,19,15,0,0,0
SetupA_Nodes,30,3,19,16,0,0,0
SetupA_Nodes,30,3,19,17,0,0,0
SetupA_Nodes,30,3,19,18,0,0,0
SetupA_Nodes,30,3,19,19,0,0,0
SetupA_Nodes,30,3,19,20,0,0,0
SetupA_Nodes,30,3,19,21,0,0,0
SetupA_Nodes,30,3,19,22,0,0,0
SetupA_Nodes,30,3,19,23,0,0,0
SetupA_Nodes,30,3,19,24,0,0,0
SetupA_Nodes,30,3,19,25,0,0,0
SetupA_Nodes,30,3,19,26,0,0,0
SetupA_Nodes,30,3,19,27,0,0,0
SetupA_Nodes,30,3,19,28,0,0,0
SetupA_Nodes,30,3,20,0,870,436,434
SetupA_Nodes,30,3,20,1,6770,2902,3868
SetupA_Nodes,30,3,20,2,7103,4674,2429
SetupA_Nodes,30,3,20,3,5153,3974,1179
SetupA_Nodes,30,3,20,4,593,384,209
SetupA_Nodes,30,3,20,5,48,48,0
SetupA_Nodes,30,3,20,6,7,7,0
SetupA_Nodes,30,3,20,7,0,0,0
SetupA_Nodes,30,3,20,8,0,0,0
SetupA_Nodes,30,3,20,9,0,0,0
SetupA_Nodes,30,3,20,10,0,0,0
SetupA_Nodes,30,3,20,11,0,0,0
SetupA_Nodes,30,3,20,12,0,0,0
SetupA_Nodes,30,3,20,13,0,0,0
SetupA_Nodes,30,3,20,14,0,0,0
SetupA_Nodes,30,3,20,15,0,0,0
SetupA_Nodes,30,3,20,16,0,0,0
SetupA_Nodes,30,3,20,17,0,0,0
SetupA_Nodes,30,3,20,18,0,0,0
SetupA_Nodes,30,3,20,19,0,0,0
SetupA_Nodes,30,3,20,20,0,0,0
SetupA_Nodes,30,3,20,21,0,0,0
SetupA_Nodes,30,3,20,22,0,0,0
SetupA_Nodes,30,3,20,23,0,0,0
SetupA_Nodes,30,3,20,24,0,0,0
SetupA_Nodes,30,3,20,25,0,0,0
SetupA_Nodes,30,3,20,26,0,0,0
SetupA_Nodes,30,3,20,27,0,0,0
SetupA_Nodes,30,3,20,28,0,0,0
SetupA_Nodes,30,3,21,0,870,436,434
SetupA_Nodes,30,3,21,1,4821,2079,2742
SetupA_Nodes,30,3,21,2,11209,6746,4463
SetupA_Nodes,30,3,21,3,4568,3378,1190
SetupA_Nodes,30,3,21,4,1920,1812,108
SetupA_Nodes,30,3,21,5,210,210,0
SetupA_Nodes,30,3,21,6,63,63,0
SetupA_Nodes,30,3,21,7,8,8,0
SetupA_Nodes,30,3,21,8,0,0,0
SetupA_Nodes,30,3,21,9,0,0,0
SetupA_Nodes,30,3,21,10,0,0,0
SetupA_Nodes,30,3,21,11,0,0,0
SetupA_Nodes,30,3,21,12,0,0,0
SetupA_Nodes,30,3,21,13,0,0,0
SetupA_Nodes,30,3,21,14,0,0,0
SetupA_Nodes,30,3,21,15,0,0,0
SetupA_Nodes,30,3,21,16,0,0,0
SetupA_Nodes,30,3,21,17,0,0,0
SetupA_Nodes,30,3,21,18,0,0,0
SetupA_Nodes,30,3,21,19,0,0,0
SetupA_Nodes,30,3,21,20,0,0,0
SetupA_Nodes,30,3,21,21,0,0,0
SetupA_Nodes,30,3,21,22,0,0,0
SetupA_Nodes,30,3,21,23,0,0,0
SetupA_Nodes,30,3,21,24,0,0,0
SetupA_Nodes,30,3,21,25,0,0,0
SetupA_Nodes,30,3,21,26,0,0,0
SetupA_Nodes,30,3,21,27,0,0,0
SetupA_Nodes,30,3,21,28,0,0,0
SetupA_Nodes,30,3,22,0,870,436,434
SetupA_Nodes,30,3,22,1,6257,2563,3694
SetupA_Nodes,30,3,22,2,5948,4140,1808
SetupA_Nodes,30,3,22,3,2475,1729,746
SetupA_Nodes,30,3,22,4,604,491,113
SetupA_Nodes,30,3,22,5,204,178,26
SetupA_Nodes,30,3,22,6,7,7,0
SetupA_Nodes,30,3,22,7,0,0,0
SetupA_Nodes,30,3,22,8,0,0,0
SetupA_Nodes,30,3,22,9,0,0,0
SetupA_Nodes,30,3,22,10,0,0,0
SetupA_Nodes,30,3,22,11,0,0,0
SetupA_Nodes,30,3,22,12,0,0,0
SetupA_Nodes,30,3,22,13,0,0,0
SetupA_Nodes,30,3,22,14,0,0,0
SetupA_Nodes,30,3,22,15,0,0,0
SetupA_Nodes,30,3,22,16,0,0,0
SetupA_Nodes,30,3,22,17,0,0,0
SetupA_Nodes,30,3,22,18,0,0,0
SetupA_Nodes,30,3,22,19,0,0,0
SetupA_Nodes,30,3,22,20,0,0,0
SetupA_Nodes,30,3,22,21,0,0,0
SetupA_Nodes,30,3,22,22,0,0,0
SetupA_Nodes,30,3,22,23,0,0,0
SetupA_Nodes,30,3,22,24,0,0,0
SetupA_Nodes,30,3,22,25,0,0,0
SetupA_Nodes,30,3,22,26,0,0,0
SetupA_Nodes,30,3,22,27,0,0,0
SetupA_Nodes,30,3,22,28,0,0,0
SetupA_Nodes,30,3,23,0,870,436,434
SetupA_Nodes,30,3,23,1,4531,1634,2897
SetupA_Nodes,30,3,23,2,9877,5165,4712
SetupA_Nodes,30,3,23,3,6999,5149,1850
SetupA_Nodes,30,3,23,4,527,352,175
SetupA_Nodes,30,3,23,5,0,0,0
SetupA_Nodes,30,3,23,6,0,0,0
SetupA_Nodes,30,3,23,7,0,0,0
SetupA_Nodes,30,3,23,8,0,0,0
SetupA_Nodes,30,3,23,9,0,0,0
SetupA_Nodes,30,3,23,10,0,0,0
SetupA_Nodes,30,3,23,11,0,0,0
SetupA_Nodes,30,3,23,12,0,0,0
SetupA_Nodes,30,3,23,13,0,0,0
SetupA_Nodes,30,3,23,14,0,0,0
SetupA_Nodes,30,3,23,15,0,0,0
SetupA_Nodes,30,3,23,16,0,0,0
SetupA_Nodes,30,3,23,17,0,0,0
SetupA_Nodes,30,3,23,18,0,0,0
SetupA_Nodes,30,3,23,19,0,0,0
SetupA_Nodes,30,3,23,20,0,0,0
SetupA_Nodes,30,3,23,21,0,0,0
SetupA_Nodes,30,3,23,22,0,0,0
SetupA_Nodes,30,3,23,23,0,0,0
SetupA_Nodes,30,3,23,24,0,0,0
SetupA_Nodes,30,3,23,25,0,0,0
SetupA_Nodes,30,3,23,26,0,0,0
SetupA_Nodes,30,3,23,27,0,0,0
SetupA_Nodes,30,3,23,28,0,0,0
SetupA_Nodes,30,3,24,0,870,436,434
SetupA_Nodes,30,3,24,1,4396,1857,2539
SetupA_Nodes,30,3,24,2,5929,3376,2553
SetupA_Nodes,30,3,24,3,948,765,183
SetupA_Nodes,30,3,24,4,55,50,5
SetupA_Nodes,30,3,24,5,6,6,0
SetupA_Nodes,30,3,24,6,0,0,0
SetupA_Nodes,30,3,24,7,0,0,0
SetupA_Nodes,30,3,24,8,0,0,0
SetupA_Nodes,30,3,24,9,0,0,0
SetupA_Nodes,30,3,24,10,0,0,0
SetupA_Nodes,30,3,24,11,0,0,0
SetupA_Nodes,30,3,24,12,0,0,0
SetupA_Nodes,30,3,24,13,0,0,0
SetupA_Nodes,30,3,24,14,0,0,0
SetupA_Nodes,30,3,24,15,0,0,0
SetupA_Nodes,30,3,24,16,0,0,0
SetupA_Nodes,30,3,24,17,0,0,0
SetupA_Nodes,30,3,24,18,0,0,0
SetupA_Nodes,30,3,24,19,0,0,0
SetupA_Nodes,30,3,24,20,0,0,0
SetupA_Nodes,30,3,24,21,0,0,0
SetupA_Nodes,30,3,24,22,0,0,0
SetupA_Nodes,30,3,24,23,0,0,0
SetupA_Nodes,30,3,24,24,0,0,0
SetupA_Nodes,30,3,24,25,0,0,0
SetupA_Nodes,30,3,24,26,0,0,0
SetupA_Nodes,30,3,24,27,0,0,0
SetupA_Nodes,30,3,24,28,0,0,0
SetupA_Nodes,30,3,25,0,870,436,434
SetupA_Nodes,30,3,25,1,5430,2251,3179
SetupA_Nodes,30,3,25,2,7483,4515,2968
SetupA_Nodes,30,3,25,3,8248,5445,2803
SetupA_Nodes,30,3,25,4,10426,7808,2618
SetupA_Nodes,30,3,25,5,4153,3091,1062
SetupA_Nodes,30,3,25,6,7,7,0
SetupA_Nodes,30,3,25,7,0,0,0
SetupA_Nodes,30,3,25,8,0,0,0
SetupA_Nodes,30,3,25,9,0,0,0
SetupA_Nodes,30,3,25,10,0,0,0
SetupA_Nodes,30,3,25,11,0,0,0
SetupA_Nodes,30,3,25,12,0,0,0
SetupA_Nodes,30,3,25,13,0,0,0
SetupA_Nodes,30,3,25,14,0,0,0
SetupA_Nodes,30,3,25,15,0,0,0
SetupA_Nodes,30,3,25,16,0,0,0
SetupA_Nodes,30,3,25,17,0,0,0
SetupA_Nodes,30,3,25,18,0,0,0
SetupA_Nodes,30,3,25,19,0,0,0
SetupA_Nodes,30,3,25,20,0,0,0
SetupA_Nodes,30,3,25,21,0,0,0
SetupA_Nodes,30,3,25,22,0,0,0
SetupA_Nodes,30,3,25,23,0,0,0
SetupA_Nodes,30,3,25,24,0,0,0
SetupA_Nodes,30,3,25,25,0,0,0
SetupA_Nodes,30,3,25,26,0,0,0
SetupA_Nodes,30,3,25,27,0,0,0
SetupA_Nodes,30,3,25,28,0,0,0
SetupA_Nodes,30,3,26,0,870,436,434
SetupA_Nodes,30,3,26,1,4824,1850,2974
SetupA_Nodes,30,3,26,2,5688,3298,2390
SetupA_Nodes,30,3,26,3,2524,1451,1073
SetupA_Nodes,30,3,26,4,75,40,35
SetupA_Nodes,30,3,26,5,12,6,6
SetupA_Nodes,30,3,26,6,0,0,0
SetupA_Nodes,30,3,26,7,0,0,0
SetupA_Nodes,30,3,26,8,0,0,0
SetupA_Nodes,30,3,26,9,0,0,0
SetupA_Nodes,30,3,26,10,0,0,0
SetupA_Nodes,30,3,26,11,0,0,0
SetupA_Nodes,30,3,26,12,0,0,0
SetupA_Nodes,30,3,26,13,0,0,0
SetupA_Nodes,30,3,26,14,0,0,0
SetupA_Nodes,30,3,26,15,0,0,0
SetupA_Nodes,30,3,26,16,0,0,0
SetupA_Nodes,30,3,26,17,0,0,0
SetupA_Nodes,30,3,26,18,0,0,0
SetupA_Nodes,30,3,26,19,0,0,0
SetupA_Nodes,30,3,26,20,0,0,0
SetupA_Nodes,30,3,26,21,0,0,0
SetupA_Nodes,30,3,26,22,0,0,0
SetupA_Nodes,30,3,26,23,0,0,0
SetupA_Nodes,30,3,26,24,0,0,0
SetupA_Nodes,30,3,26,25,0,0,0
SetupA_Nodes,30,3,26,26,0,0,0
SetupA_Nodes,30,3,26,27,0,0,0
SetupA_Nodes,30,3,26,28,0,0,0
SetupA_Nodes,30,3,27,0,870,436,434
SetupA_Nodes,30,3,27,1,4711,1693,3018
SetupA_Nodes,30,3,27,2,13040,6660,6380
SetupA_Nodes,30,3,27,3,15899,8570,7329
SetupA_Nodes,30,3,27,4,16371,11272,5099
SetupA_Nodes,30,3,27,5,496,357,139
SetupA_Nodes,30,3,27,6,56,49,7
SetupA_Nodes,30,3,27,7,8,8,0
SetupA_Nodes,30,3,27,8,0,0,0
SetupA_Nodes,30,3,27,9,0,0,0
SetupA_Nodes,30,3,27,10,0,0,0
SetupA_Nodes,30,3,27,11,0,0,0
SetupA_Nodes,30,3,27,12,0,0,0
SetupA_Nodes,30,3,27,13,0,0,0
SetupA_Nodes,30,3,27,14,0,0,0
SetupA_Nodes,30,3,27,15,0,0,0
SetupA_Nodes,30,3,27,16,0,0,0
SetupA_Nodes,30,3,27,17,0,0,0
SetupA_Nodes,30,3,27,18,0,0,0
SetupA_Nodes,30,3,27,19,0,0,0
SetupA_Nodes,30,3,27,20,0,0,0
SetupA_Nodes,30,3,27,21,0,0,0
SetupA_Nodes,30,3,27,22,0,0,0
SetupA_Nodes,30,3,27,23,0,0,0
SetupA_Nodes,30,3,27,24,0,0,0
SetupA_Nodes,30,3,27,25,0,0,0
SetupA_Nodes,30,3,27,26,0,0,0
SetupA_Nodes,30,3,27,27,0,0,0
SetupA_Nodes,30,3,27,28,0,0,0
SetupA_Nodes,30,3,28,0,870,436,434
SetupA_Nodes,30,3,28,1,3802,1325,2477
SetupA_Nodes,30,3,28,2,12052,6407,5645
SetupA_Nodes,30,3,28,3,6137,3954,2183
SetupA_Nodes,30,3,28,4,1167,851,316
SetupA_Nodes,30,3,28,5,214,194,20
SetupA_Nodes,30,3,28,6,7,7,0
SetupA_Nodes,30,3,28,7,0,0,0
SetupA_Nodes,30,3,28,8,0,0,0
SetupA_Nodes,30,3,28,9,0,0,0
SetupA_Nodes,30,3,28,10,0,0,0
SetupA_Nodes,30,3,28,11,0,0,0
SetupA_Nodes,30,3,28,12,0,0,0
SetupA_Nodes,30,3,28,13,0,0,0
SetupA_Nodes,30,3,28,14,0,0,0
SetupA_Nodes,30,3,28,15,0,0,0
SetupA_Nodes,30,3,28,16,0,0,0
SetupA_Nodes,30,3,28,17,0,0,0
SetupA_Nodes,30,3,28,18,0,0,0
SetupA_Nodes,30,3,28,19,0,0,0
SetupA_Nodes,30,3,28,20,0,0,0
SetupA_Nodes,30,3,28,21,0,0,0
SetupA_Nodes,30,3,28,22,0,0,0
SetupA_Nodes,30,3,28,23,0,0,0
SetupA_Nodes,30,3,28,24,0,0,0
SetupA_Nodes,30,3,28,25,0,0,0
SetupA_Nodes,30,3,28,26,0,0,0
SetupA_Nodes,30,3,28,27,0,0,0
SetupA_Nodes,30,3,28,28,0,0,0
SetupA_Nodes,30,3,29,0,870,436,434
SetupA_Nodes,30,3,29,1,5207,1997,3210
SetupA_Nodes,30,3,29,2,6973,3794,3179
SetupA_Nodes,30,3,29,3,1930,1156,774
SetupA_Nodes,30,3,29,4,395,166,229
SetupA_Nodes,30,3,29,5,54,12,42
SetupA_Nodes,30,3,29,6,7,0,7
SetupA_Nodes,30,3,29,7,0,0,0
SetupA_Nodes,30,3,29,8,0,0,0
SetupA_Nodes,30,3,29,9,0,0,0
SetupA_Nodes,30,3,29,10,0,0,0
SetupA_Nodes,30,3,29,11,0,0,0
SetupA_Nodes,30,3,29,12,0,0,0
SetupA_Nodes,30,3,29,13,0,0,0
SetupA_Nodes,30,3,29,14,0,0,0
SetupA_Nodes,30,3,29,15,0,0,0
SetupA_Nodes,30,3,29,16,0,0,0
SetupA_Nodes,30,3,29,17,0,0,0
SetupA_Nodes,30,3,29,18,0,0,0
SetupA_Nodes,30,3,29,19,0,0,0
SetupA_Nodes,30,3,29,20,0,0,0
SetupA_Nodes,30,3,29,21,0,0,0
SetupA_Nodes,30,3,29,22,0,0,0
SetupA_Nodes,30,3,29,23,0,0,0
SetupA_Nodes,30,3,29,24,0,0,0
SetupA_Nodes,30,3,29,25,0,0,0
SetupA_Nodes,30,3,29,26,0,0,0
SetupA_Nodes,30,3,29,27,0,0,0
SetupA_Nodes,30,3,29,28,0,0,0
SetupA_Nodes,40,3,0,0,1560,781,779
SetupA_Nodes,40,3,0,1,23077,10168,12909
SetupA_Nodes,40,3,0,2,26799,17817,8982
SetupA_Nodes,40,3,0,3,14271,10766,3505
SetupA_Nodes,40,3,0,4,163,127,36
SetupA_Nodes,40,3,0,5,12,12,0
SetupA_Nodes,40,3,0,6,0,0,0
SetupA_Nodes,40,3,0,7,0,0,0
SetupA_Nodes,40,3,0,8,0,0,0
SetupA_Nodes,40,3,0,9,0,0,0
SetupA_Nodes,40,3,0,10,0,0,0
SetupA_Nodes,40,3,0,11,0,0,0
SetupA_Nodes,40,3,0,12,0,0,0
SetupA_Nodes,40,3,0,13,0,0,0
SetupA_Nodes,40,3,0,14,0,0,0
SetupA_Nodes,40,3,0,15,0,0,0
SetupA_Nodes,40,3,0,16,0,0,0
SetupA_Nodes,40,3,0,17,0,0,0
SetupA_Nodes,40,3,0,18,0,0,0
SetupA_Nodes,40,3,0,19,0,0,0
SetupA_Nodes,40,3,0,20,0,0,0
SetupA_Nodes,40,3,0,21,0,0,0
SetupA_Nodes,40,3,0,22,0,0,0
SetupA_Nodes,40,3,0,23,0,0,0
SetupA_Nodes,40,3,0,24,0,0,0
SetupA_Nodes,40,3,0,25,0,0,0
SetupA_Nodes,40,3,0,26,0,0,0
SetupA_Nodes,40,3,0,27,0,0,0
SetupA_Nodes,40,3,0,28,0,0,0
SetupA_Nodes,40,3,0,29,0,0,0
SetupA_Nodes,40,3,0,30,0,0,0
SetupA_Nodes,40,3,0,31,0,0,0
SetupA_Nodes,40,3,0,32,0,0,0
SetupA_Nodes,40,3,0,33,0,0,0
SetupA_Nodes,40,3,0,34,0,0,0
SetupA_Nodes,40,3,0,35,0,0,0
SetupA_Nodes,40,3,0,36,0,0,0
SetupA_Nodes,40,3,0,37,0,0,0
SetupA_Nodes,40,3,0,38,0,0,0
SetupA_Nodes,40,3,1,0,1560,781,779
SetupA_Nodes,40,3,1,1,8634,3275,5359
SetupA_Nodes,40,3,1,2,5904,3694,2210
SetupA_Nodes,40,3,1,3,710,573,137
SetupA_Nodes,40,3,1,4,145,135,10
SetupA_Nodes,40,3,1,5,48,48,0
SetupA_Nodes,40,3,1,6,7,7,0
SetupA_Nodes,40,3,1,7,0,0,0
SetupA_Nodes,40,3,1,8,0,0,0
SetupA_Nodes,40,3,1,9,0,0,0
SetupA_Nodes,40,3,1,10,0,0,0
SetupA_Nodes,40,3,1,11,0,0,0
SetupA_Nodes,40,3,1,12,0,0,0
SetupA_Nodes,40,3,1,13,0,0,0
SetupA_Nodes,40,3,1,14,0,0,0
SetupA_Nodes,40,3,1,15,0,0,0
SetupA_Nodes,40,3,1,16,0,0,0
SetupA_Nodes,40,3,1,17,0,0,0
SetupA_Nodes,40,3,1,18,0,0,0
SetupA_Nodes,40,3,1,19,0,0,0
SetupA_Nodes,40,3,1,20,0,0,0
SetupA_Nodes,40,3,1,21,0,0,0
SetupA_Nodes,40,3,1,22,0,0,0
SetupA_Nodes,40,3,1,23,0,0,0
SetupA_Nodes,40,3,1,24,0,0,0
SetupA_Nodes,40,3,1,25,0,0,0
SetupA_Nodes,40,3,1,26,0,0,0
SetupA_Nodes,40,3,1,27,0,0,0
SetupA_Nodes,40,3,1,28,0,0,0
SetupA_Nodes,40,3,1,29,0,0,0
SetupA_Nodes,40,3,1,30,0,0,0
SetupA_Nodes,40,3,1,31,0,0,0
SetupA_Nodes,40,3,1,32,0,0,0
SetupA_Nodes,40,3,1,33,0,0,0
SetupA_Nodes,40,3,1,34,0,0,0
SetupA_Nodes,40,3,1,35,0,0,0
SetupA_Nodes,40,3,1,36,0,0,0
SetupA_Nodes,40,3,1,37,0,0,0
SetupA_Nodes,40,3,1,38,0,0,0
SetupA_Nodes,40,3,2,0,1560,781,779
SetupA_Nodes,40,3,2,1,10716,4431,6285
SetupA_Nodes,40,3,2,2,16063,9878,6185
SetupA_Nodes,40,3,2,3,5776,3825,1951
SetupA_Nodes,40,3,2,4,500,465,35
SetupA_Nodes,40,3,2,5,228,222,6
SetupA_Nodes,40,3,2,6,63,63,0
SetupA_Nodes,40,3,2,7,8,8,0
SetupA_Nodes,40,3,2,8,0,0,0
SetupA_Nodes,40,3,2,9,0,0,0
SetupA_Nodes,40,3,2,10,0,0,0
SetupA_Nodes,40,3,2,11,0,0,0
SetupA_Nodes,40,3,2,12,0,0,0
SetupA_Nodes,40,3,2,13,0,0,0
SetupA_Nodes,40,3,2,14,0,0,0
SetupA_Nodes,40,3,2,15,0,0,0
SetupA_Nodes,40,3,2,16,0,0,0
SetupA_Nodes,40,3,2,17,0,0,0
SetupA_Nodes,40,3,2,18,0,0,0
SetupA_Nodes,40,3,2,19,0,0,0
SetupA_Nodes,40,3,2,20,0,0,0
SetupA_Nodes,40,3,2,21,0,0,0
SetupA_Nodes,40,3,2,22,0,0,0
SetupA_Nodes,40,3,2,23,0,0,0
SetupA_Nodes,40,3,2,24,0,0,0
SetupA_Nodes,40,3,2,25,0,0,0
SetupA_Nodes,40,3,2,26,0,0,0
SetupA_Nodes,40,3,2,27,0,0,0
SetupA_Nodes,40,3,2,28,0,0,0
SetupA_Nodes,40,3,2,29,0,0,0
SetupA_Nodes,40,3,2,30,0,0,0
SetupA_Nodes,40,3,2,31,0,0,0
SetupA_Nodes,40,3,2,32,0,0,0
SetupA_Nodes,40,3,2,33,0,0,0
SetupA_Nodes,40,3,2,34,0,0,0
SetupA_Nodes,40,3,2,35,0,0,0
SetupA_Nodes,40,3,2,36,0,0,0
SetupA_Nodes,40,3,2,37,0,0,0
SetupA_Nodes,40,3,2,38,0,0,0
SetupA_Nodes,40,3,3,0,1560,781,779
SetupA_Nodes,40,3,3,1,7965,3196,4769
SetupA_Nodes,40,3,3,2,12320,7298,5022
SetupA_Nodes,40,3,3,3,2697,1741,956
SetupA_Nodes,40,3,3,4,374,195,179
SetupA_Nodes,40,3,3,5,24,12,12
SetupA_Nodes,40,3,3,6,0,0,0
SetupA_Nodes,40,3,3,7,0,0,0
SetupA_Nodes,40,3,3,8,0,0,0
SetupA_Nodes,40,3,3,9,0,0,0
SetupA_Nodes,40,3,3,10,0,0,0
SetupA_Nodes,40,3,3,11,0,0,0
SetupA_Nodes,40,3,3,12,0,0,0
SetupA_Nodes,40,3,3,13,0,0,0
SetupA_Nodes,40,3,3,14,0,0,0
SetupA_Nodes,40,3,3,15,0,0,0
SetupA_Nodes,40,3,3,16,0,0,0
SetupA_Nodes,40,3,3,17,0,0,0
SetupA_Nodes,40,3,3,18,0,0,0
SetupA_Nodes,40,3,3,19,0,0,0
SetupA_Nodes,40,3,3,20,0,0,0
SetupA_Nodes,40,3,3,21,0,0,0
SetupA_Nodes,40,3,3,22,0,0,0
SetupA_Nodes,40,3,3,23,0,0,0
SetupA_Nodes,40,3,3,24,0,0,0
SetupA_Nodes,40,3,3,25,0,0,0
SetupA_Nodes,40,3,3,26,0,0,0
SetupA_Nodes,40,3,3,27,0,0,0
SetupA_Nodes,40,3,3,28,0,0,0
SetupA_Nodes,40,3,3,29,0,0,0
SetupA_Nodes,40,3,3,30,0,0,0
SetupA_Nodes,40,3,3,31,0,0,0
SetupA_Nodes,40,3,3,32,0,0,0
SetupA_Nodes,40,3,3,33,0,0,0
SetupA_Nodes,40,3,3,34,0,0,0
SetupA_Nodes,40,3,3,35,0,0,0
SetupA_Nodes,40,3,3,36,0,0,0
SetupA_Nodes,40,3,3,37,0,0,0
SetupA_Nodes,40,3,3,38,0,0,0
SetupA_Nodes,40,3,4,0,1560,781,779
SetupA_Nodes,40,3,4,1,10598,4200,6398
SetupA_Nodes,40,3,4,2,29374,15306,14068
SetupA_Nodes,40,3,4,3,41979,22232,19747
SetupA_Nodes,40,3,4,4,32820,18202,14618
SetupA_Nodes,40,3,4,5,13925,8840,5085
SetupA_Nodes,40,3,4,6,0,0,0
SetupA_Nodes,40,3,4,7,0,0,0
SetupA_Nodes,40,3,4,8,0,0,0
SetupA_Nodes,40,3,4,9,0,0,0
SetupA_Nodes,40,3,4,10,0,0,0
SetupA_Nodes,40,3,4,11,0,0,0
SetupA_Nodes,40,3,4,12,0,0,0
SetupA_Nodes,40,3,4,13,0,0,0
SetupA_Nodes,40,3,4,14,0,0,0
SetupA_Nodes,40,3,4,15,0,0,0
SetupA_Nodes,40,3,4,16,0,0,0
SetupA_Nodes,40,3,4,17,0,0,0
SetupA_Nodes,40,3,4,18,0,0,0
SetupA_Nodes,40,3,4,19,0,0,0
SetupA_Nodes,40,3,4,20,0,0,0
SetupA_Nodes,40,3,4,21,0,0,0
SetupA_Nodes,40,3,4,22,0,0,0
SetupA_Nodes,40,3,4,23,0,0,0
SetupA_Nodes,40,3,4,24,0,0,0
SetupA_Nodes,40,3,4,25,0,0,0
SetupA_Nodes,40,3,4,26,0,0,0
SetupA_Nodes,40,3,4,27,0,0,0
SetupA_Nodes,40,3,4,28,0,0,0
SetupA_Nodes,40,3,4,29,0,0,0
SetupA_Nodes,40,3,4,30,0,0,0
SetupA_Nodes,40,3,4,31,0,0,0
SetupA_Nodes,40,3,4,32,0,0,0
SetupA_Nodes,40,3,4,33,0,0,0
SetupA_Nodes,40,3,4,34,0,0,0
SetupA_Nodes,40,3,4,35,0,0,0
SetupA_Nodes,40,3,4,36,0,0,0
SetupA_Nodes,40,3,4,37,0,0,0
SetupA_Nodes,40,3,4,38,0,0,0
SetupA_Nodes,40,3,5,0,1560,781,779
SetupA_Nodes,40,3,5,1,11291,4293,6998
SetupA_Nodes,40,3,5,2,30187,15505,14682
SetupA_Nodes,40,3,5,3,26998,17262,9736
SetupA_Nodes,40,3,5,4,2111,1531,580
SetupA_Nodes,40,3,5,5,138,132,6
SetupA_Nodes,40,3,5,6,21,21,0
SetupA_Nodes,40,3,5,7,0,0,0
SetupA_Nodes,40,3,5,8,0,0,0
SetupA_Nodes,40,3,5,9,0,0,0
SetupA_Nodes,40,3,5,10,0,0,0
SetupA_Nodes,40,3,5,11,0,0,0
SetupA_Nodes,40,3,5,12,0,0,0
SetupA_Nodes,40,3,5,13,0,0,0
SetupA_Nodes,40,3,5,14,0,0,0
SetupA_Nodes,40,3,5,15,0,0,0
SetupA_Nodes,40,3,5,16,0,0,0
SetupA_Nodes,40,3,5,17,0,0,0
SetupA_Nodes,40,3,5,18,0,0,0
SetupA_Nodes,40,3,5,19,0,0,0
SetupA_Nodes,40,3,5,20,0,0,0
SetupA_Nodes,40,3,5,21,0,0,0
SetupA_Nodes,40,3,5,22,0,0,0
SetupA_Nodes,40,3,5,23,0,0,0
SetupA_Nodes,40,3,5,24,0,0,0
SetupA_Nodes,40,3,5,25,0,0,0
SetupA_Nodes,40,3,5,26,0,0,0
SetupA_Nodes,40,3,5,27,0,0,0
SetupA_Nodes,40,3,5,28,0,0,0
SetupA_Nodes,40,3,5,29,0,0,0
SetupA_Nodes,40,3,5,30,0,0,0
SetupA_Nodes,40,3,5,31,0,0,0
SetupA_Nodes,40,3,5,32,0,0,0
SetupA_Nodes,40,3,5,33,0,0,0
SetupA_Nodes,40,3,5,34,0,0,0
SetupA_Nodes,40,3,5,35,0,0,0
SetupA_Nodes,40,3,5,36,0,0,0
SetupA_Nodes,40,3,5,37,0,0,0
SetupA_Nodes,40,3,5,38,0,0,0
SetupA_Nodes,40,3,6,0,1560,781,779
SetupA_Nodes,40,3,6,1,15498,6812,8686
SetupA_Nodes,40,3,6,2,14603,10281,4322
SetupA_Nodes,40,3,6,3,1268,966,302
SetupA_Nodes,40,3,6,4,214,180,34
SetupA_Nodes,40,3,6,5,48,48,0
SetupA_Nodes,40,3,6,6,7,7,0
SetupA_Nodes,40,3,6,7,0,0,0
SetupA_Nodes,40,3,6,8,0,0,0
SetupA_Nodes,40,3,6,9,0,0,0
SetupA_Nodes,40,3,6,10,0,0,0
SetupA_Nodes,40,3,6,11,0,0,0
SetupA_Nodes,40,3,6,12,0,0,0
SetupA_Nodes,40,3,6,13,0,0,0
SetupA_Nodes,40,3,6,14,0,0,0
SetupA_Nodes,40,3,6,15,0,0,0
SetupA_Nodes,40,3,6,16,0,0,0
SetupA_Nodes,40,3,6,17,0,0,0
SetupA_Nodes,40,3,6,18,0,0,0
SetupA_Nodes,40,3,6,19,0,0,0
SetupA_Nodes,40,3,6,20,0,0,0
SetupA_Nodes,40,3,6,21,0,0,0
SetupA_Nodes,40,3,6,22,0,0,0
SetupA_Nodes,40,3,6,23,0,0,0
SetupA_Nodes,40,3,6,24,0,0,0
SetupA_Nodes,40,3,6,25,0,0,0
SetupA_Nodes,40,3,6,26,0,0,0
SetupA_Nodes,40,3,6,27,0,0,0
SetupA_Nodes,40,3,6,28,0,0,0
SetupA_Nodes,40,3,6,29,0,0,0
SetupA_Nodes,40,3,6,30,0,0,0
SetupA_Nodes,40,3,6,31,0,0,0
SetupA_Nodes,40,3,6,32,0,0,0
SetupA_Nodes,40,3,6,33,0,0,0
SetupA_Nodes,40,3,6,34,0,0,0
SetupA_Nodes,40,3,6,35,0,0,0
SetupA_Nodes,40,3,6,36,0,0,0
SetupA_Nodes,40,3,6,37,0,0,0
SetupA_Nodes,40,3,6,38,0,0,0
SetupA_Nodes,40,3,7,0,1560,781,779
SetupA_Nodes,40,3,7,1,9142,3413,5729
SetupA_Nodes,40,3,7,2,11495,7088,4407
SetupA_Nodes,40,3,7,3,760,587,173
SetupA_Nodes,40,3,7,4,123,80,43
SetupA_Nodes,40,3,7,5,12,12,0
SetupA_Nodes,40,3,7,6,0,0,0
SetupA_Nodes,40,3,7,7,0,0,0
SetupA_Nodes,40,3,7,8,0,0,0
SetupA_Nodes,40,3,7,9,0,0,0
SetupA_Nodes,40,3,7,10,0,0,0
SetupA_Nodes,40,3,7,11,0,0,0
SetupA_Nodes,40,3,7,12,0,0,0
SetupA_Nodes,40,3,7,13,0,0,0
SetupA_Nodes,40,3,7,14,0,0,0
SetupA_Nodes,40,3,7,15,0,0,0
SetupA_Nodes,40,3,7,16,0,0,0
SetupA_Nodes,40,3,7,17,0,0,0
SetupA_Nodes,40,3,7,18,0,0,0
SetupA_Nodes,40,3,7,19,0,0,0
SetupA_Nodes,40,3,7,20,0,0,0
SetupA_Nodes,40,3,7,21,0,0,0
SetupA_Nodes,40,3,7,22,0,0,0
SetupA_Nodes,40,3,7,23,0,0,0
SetupA_Nodes,40,3,7,24,0,0,0
SetupA_Nodes,40,3,7,25,0,0,0
SetupA_Nodes,40,3,7,26,0,0,0
SetupA_Nodes,40,3,7,27,0,0,0
SetupA_Nodes,40,3,7,28,0,0,0
SetupA_Nodes,40,3,7,29,0,0,0
SetupA_Nodes,40,3,7,30,0,0,0
SetupA_Nodes,40,3,7,31,0,0,0
SetupA_Nodes,40,3,7,32,0,0,0
SetupA_Nodes,40,3,7,33,0,0,0
SetupA_Nodes,40,3,7,34,0,0,0
SetupA_Nodes,40,3,7,35,0,0,0
SetupA_Nodes,40,3,7,36,0,0,0
SetupA_Nodes,40,3,7,37,0,0,0
SetupA_Nodes,40,3,7,38,0,0,0
SetupA_Nodes,40,3,8,0,1560,781,779
SetupA_Nodes,40,3,8,1,10824,4167,6657
SetupA_Nodes,40,3,8,2,12976,8660,4316
SetupA_Nodes,40,3,8,3,1962,1469,493
SetupA_Nodes,40,3,8,4,160,155,5
SetupA_Nodes,40,3,8,5,48,48,0
SetupA_Nodes,40,3,8,6,7,7,0
SetupA_Nodes,40,3,8,7,0,0,0
SetupA_Nodes,40,3,8,8,0,0,0
SetupA_Nodes,40,3,8,9,0,0,0
SetupA_Nodes,40,3,8,10,0,0,0
SetupA_Nodes,40,3,8,11,0,0,0
SetupA_Nodes,40,3,8,12,0,0,0
SetupA_Nodes,40,3,8,13,0,0,0
SetupA_Nodes,40,3,8,14,0,0,0
SetupA_Nodes,40,3,8,15,0,0,0
SetupA_Nodes,40,3,8,16,0,0,0
SetupA_Nodes,40,3,8,17,0,0,0
SetupA_Nodes,40,3,8,18,0,0,0
SetupA_Nodes,40,3,8,19,0,0,0
SetupA_Nodes,40,3,8,20,0,0,0
SetupA_Nodes,40,3,8,21,0,0,0
SetupA_Nodes,40,3,8,22,0,0,0
SetupA_Nodes,40,3,8,23,0,0,0
SetupA_Nodes,40,3,8,24,0,0,0
SetupA_Nodes,40,3,8,25,0,0,0
SetupA_Nodes,40,3,8,26,0,0,0
SetupA_Nodes,40,3,8,27,0,0,0
SetupA_Nodes,40,3,8,28,0,0,0
SetupA_Nodes,40,3,8,29,0,0,0
SetupA_Nodes,40,3,8,30,0,0,0
SetupA_Nodes,40,3,8,31,0,0,0
SetupA_Nodes,40,3,8,32,0,0,0
SetupA_Nodes,40,3,8,33,0,0,0
SetupA_Nodes,40,3,8,34,0,0,0
SetupA_Nodes,40,3,8,35,0,0,0
SetupA_Nodes,40,3,8,36,0,0,0
SetupA_Nodes,40,3,8,37,0,0,0
SetupA_Nodes,40,3,8,38,0,0,0
SetupA_Nodes,40,3,9,0,1560,781,779
SetupA_Nodes,40,3,9,1,9425,3561,5864
SetupA_Nodes,40,3,9,2,12099,6207,5892
SetupA_Nodes,40,3,9,3,3058,1526,1532
SetupA_Nodes,40,3,9,4,76,50,26
SetupA_Nodes,40,3,9,5,6,6,0
SetupA_Nodes,40,3,9,6,0,0,0
SetupA_Nodes,40,3,9,7,0,0,0
SetupA_Nodes,40,3,9,8,0,0,0
SetupA_Nodes,40,3,9,9,0,0,0
SetupA_Nodes,40,3,9,10,0,0,0
SetupA_Nodes,40,3,9,11,0,0,0
SetupA_Nodes,40,3,9,12,0,0,0
SetupA_Nodes,40,3,9,13,0,0,0
SetupA_Nodes,40,3,9,14,0,0,0
SetupA_Nodes,40,3,9,15,0,0,0
SetupA_Nodes,40,3,9,16,0,0,0
SetupA_Nodes,40,3,9,17,0,0,0
SetupA_Nodes,40,3,9,18,0,0,0
SetupA_Nodes,40,3,9,19,0,0,0
SetupA_Nodes,40,3,9,20,0,0,0
SetupA_Nodes,40,3,9,21,0,0,0
SetupA_Nodes,40,3,9,22,0,0,0
SetupA_Nodes,40,3,9,23,0,0,0
SetupA_Nodes,40,3,9,24,0,0,0
SetupA_Nodes,40,3,9,25,0,0,0
SetupA_Nodes,40,3,9,26,0,0,0
SetupA_Nodes,40,3,9,27,0,0,0
SetupA_Nodes,40,3,9,28,0,0,0
SetupA_Nodes,40,3,9,29,0,0,0
SetupA_Nodes,40,3,9,30,0,0,0
SetupA_Nodes,40,3,9,31,0,0,0
SetupA_Nodes,40,3,9,32,0,0,0
SetupA_Nodes,40,3,9,33,0,0,0
SetupA_Nodes,40,3,9,34,0,0,0
SetupA_Nodes,40,3,9,35,0,0,0
SetupA_Nodes,40,3,9,36,0,0,0
SetupA_Nodes,40,3,9,37,0,0,0
SetupA_Nodes,40,3,9,38,0,0,0
SetupA_Nodes,40,3,10,0,1560,781,779
SetupA_Nodes,40,3,10,1,7647,2948,4699
SetupA_Nodes,40,3,10,2,8134,4816,3318
SetupA_Nodes,40,3,10,3,1434,1028,406
SetupA_Nodes,40,3,10,4,225,225,0
SetupA_Nodes,40,3,10,5,84,84,0
SetupA_Nodes,40,3,10,6,14,14,0
SetupA_Nodes,40,3,10,7,0,0,0
SetupA_Nodes,40,3,10,8,0,0,0
SetupA_Nodes,40,3,10,9,0,0,0
SetupA_Nodes,40,3,10,10,0,0,0
SetupA_Nodes,40,3,10,11,0,0,0
SetupA_Nodes,40,3,10,12,0,0,0
SetupA_Nodes,40,3,10,13,0,0,0
SetupA_Nodes,40,3,10,14,0,0,0
SetupA_Nodes,40,3,10,15,0,0,0
SetupA_Nodes,40,3,10,16,0,0,0
SetupA_Nodes,40,3,10,17,0,0,0
SetupA_Nodes,40,3,10,18,0,0,0
SetupA_Nodes,40,3,10,19,0,0,0
SetupA_Nodes,40,3,10,20,0,0,0
SetupA_Nodes,40,3,10,21,0,0,0
SetupA_Nodes,40,3,10,22,0,0,0
SetupA_Nodes,40,3,10,23,0,0,0
SetupA_Nodes,40,3,10,24,0,0,0
SetupA_Nodes,40,3,10,25,0,0,0
SetupA_Nodes,40,3,10,26,0,0,0
SetupA_Nodes,40,3,10,27,0,0,0
SetupA_Nodes,40,3,10,28,0,0,0
SetupA_Nodes,40,3,10,29,0,0,0
SetupA_Nodes,40,3,10,30,0,0,0
SetupA_Nodes,40,3,10,31,0,0,0
SetupA_Nodes,40,3,10,32,0,0,0
SetupA_Nodes,40,3,10,33,0,0,0
SetupA_Nodes,40,3,10,34,0,0,0
SetupA_Nodes,40,3,10,35,0,0,0
SetupA_Nodes,40,3,10,36,0,0,0
SetupA_Nodes,40,3,10,37,0,0,0
SetupA_Nodes,40,3,10,38,0,0,0
SetupA_Nodes,40,3,11,0,1560,781,779
SetupA_Nodes,40,3,11,1,8471,3037,5434
SetupA_Nodes,40,3,11,2,9703,3778,5925
SetupA_Nodes,40,3,11,3,12682,3647,9035
SetupA_Nodes,40,3,11,4,3073,639,2434
SetupA_Nodes,40,3,11,5,90,50,40
SetupA_Nodes,40,3,11,6,14,7,7
SetupA_Nodes,40,3,11,7,0,0,0
SetupA_Nodes,40,3,11,8,0,0,0
SetupA_Nodes,40,3,11,9,0,0,0
SetupA_Nodes,40,3,11,10,0,0,0
SetupA_Nodes,40,3,11,11,0,0,0
SetupA_Nodes,40,3,11,12,0,0,0
SetupA_Nodes,40,3,11,13,0,0,0
SetupA_Nodes,40,3,11,14,0,0,0
SetupA_Nodes,40,3,11,15,0,0,0
SetupA_Nodes,40,3,11,16,0,0,0
SetupA_Nodes,40,3,11,17,0,0,0
SetupA_Nodes,40,3,11,18,0,0,0
SetupA_Nodes,40,3,11,19,0,0,0
SetupA_Nodes,40,3,11,20,0,0,0
SetupA_Nodes,40,3,11,21,0,0,0
SetupA_Nodes,40,3,11,22,0,0,0
SetupA_Nodes,40,3,11,23,0,0,0
SetupA_Nodes,40,3,11,24,0,0,0
SetupA_Nodes,40,3,11,25,0,0,0
SetupA_Nodes,40,3,11,26,0,0,0
SetupA_Nodes,40,3,11,27,0,0,0
SetupA_Nodes,40,3,11,28,0,0,0
SetupA_Nodes,40,3,11,29,0,0,0
SetupA_Nodes,40,3,11,30,0,0,0
SetupA_Nodes,40,3,11,31,0,0,0
SetupA_Nodes,40,3,11,32,0,0,0
SetupA_Nodes,40,3,11,33,0,0,0
SetupA_Nodes,40,3,11,34,0,0,0
SetupA_Nodes,40,3,11,35,0,0,0
SetupA_Nodes,40,3,11,36,0,0,0
SetupA_Nodes,40,3,11,37,0,0,0
SetupA_Nodes,40,3,11,38,0,0,0
SetupA_Nodes,40,3,12,0,1560,781,779
SetupA_Nodes,40,3,12,1,19983,8935,11048
SetupA_Nodes,40,3,12,2,33163,22763,10400
SetupA_Nodes,40,3,12,3,5441,3966,1475
SetupA_Nodes,40,3,12,4,1124,819,305
SetupA_Nodes,40,3,12,5,0,0,0
SetupA_Nodes,40,3,12,6,0,0,0
SetupA_Nodes,40,3,12,7,0,0,0
SetupA_Nodes,40,3,12,8,0,0,0
SetupA_Nodes,40,3,12,9,0,0,0
SetupA_Nodes,40,3,12,10,0,0,0
SetupA_Nodes,40,3,12,11,0,0,0
SetupA_Nodes,40,3,12,12,0,0,0
SetupA_Nodes,40,3,12,13,0,0,0
SetupA_Nodes,40,3,12,14,0,0,0
SetupA_Nodes,40,3,12,15,0,0,0
SetupA_Nodes,40,3,12,16,0,0,0
SetupA_Nodes,40,3,12,17,0,0,0
SetupA_Nodes,40,3,12,18,0,0,0
SetupA_Nodes,40,3,12,19,0,0,0
SetupA_Nodes,40,3,12,20,0,0,0
SetupA_Nodes,40,3,12,21,0,0,0
SetupA_Nodes,40,3,12,22,0,0,0
SetupA_Nodes,40,3,12,23,0,0,0
SetupA_Nodes,40,3,12,24,0,0,0
SetupA_Nodes,40,3,12,25,0,0,0
SetupA_Nodes,40,3,12,26,0,0,0
SetupA_Nodes,40,3,12,27,0,0,0
SetupA_Nodes,40,3,12,28,0,0,0
SetupA_Nodes,40,3,12,29,0,0,0
SetupA_Nodes,40,3,12,30,0,0,0
SetupA_Nodes,40,3,12,31,0,0,0
SetupA_Nodes,40,3,12,32,0,0,0
SetupA_Nodes,40,3,12,33,0,0,0
SetupA_Nodes,40,3,12,34,0,0,0
SetupA_Nodes,40,3,12,35,0,0,0
SetupA_Nodes,40,3,12,36,0,0,0
SetupA_Nodes,40,3,12,37,0,0,0
SetupA_Nodes,40,3,12,38,0,0,0
SetupA_Nodes,40,3,13,0,1560,781,779
SetupA_Nodes,40,3,13,1,7446,2570,4876
SetupA_Nodes,40,3,13,2,17452,8434,9018
SetupA_Nodes,40,3,13,3,22824,12968,9856
SetupA_Nodes,40,3,13,4,2218,1089,1129
SetupA_Nodes,40,3,13,5,24,13,11
SetupA_Nodes,40,3,13,6,0,0,0
SetupA_Nodes,40,3,13,7,0,0,0
SetupA_Nodes,40,3,13,8,0,0,0
SetupA_Nodes,40,3,13,9,0,0,0
SetupA_Nodes,40,3,13,10,0,0,0
SetupA_Nodes,40,3,13,11,0,0,0
SetupA_Nodes,40,3,13,12,0,0,0
SetupA_Nodes,40,3,13,13,0,0,0
SetupA_Nodes,40,3,13,14,0,0,0
SetupA_Nodes,40,3,13,15,0,0,0
SetupA_Nodes,40,3,13,16,0,0,0
SetupA_Nodes,40,3,13,17,0,0,0
SetupA_Nodes,40,3,13,18,0,0,0
SetupA_Nodes,40,3,13,19,0,0,0
SetupA_Nodes,40,3,13,20,0,0,0
SetupA_Nodes,40,3,13,21,0,0,0
SetupA_Nodes,40,3,13,22,0,0,0
SetupA_Nodes,40,3,13,23,0,0,0
SetupA_Nodes,40,3,13,24,0,0,0
SetupA_Nodes,40,3,13,25,0,0,0
SetupA_Nodes,40,3,13,26,0,0,0
SetupA_Nodes,40,3,13,27,0,0,0
SetupA_Nodes,40,3,13,28,0,0,0
SetupA_Nodes,40,3,13,29,0,0,0
SetupA_Nodes,40,3,13,30,0,0,0
SetupA_Nodes,40,3,13,31,0,0,0
SetupA_Nodes,40,3,13,32,0,0,0
SetupA_Nodes,40,3,13,33,0,0,0
SetupA_Nodes,40,3,13,34,0,0,0
SetupA_Nodes,40,3,13,35,0,0,0
SetupA_Nodes,40,3,13,36,0,0,0
SetupA_Nodes,40,3,13,37,0,0,0
SetupA_Nodes,40,3,13,38,0,0,0
SetupA_Nodes,40,3,14,0,1560,781,779
SetupA_Nodes,40,3,14,1,9328,3387,5941
SetupA_Nodes,40,3,14,2,43354,21139,22215
SetupA_Nodes,40,3,14,3,39589,24366,15223
SetupA_Nodes,40,3,14,4,120,111,9
SetupA_Nodes,40,3,14,5,18,18,0
SetupA_Nodes,40,3,14,6,0,0,0
SetupA_Nodes,40,3,14,7,0,0,0
SetupA_Nodes,40,3,14,8,0,0,0
SetupA_Nodes,40,3,14,9,0,0,0
SetupA_Nodes,40,3,14,10,0,0,0
SetupA_Nodes,40,3,14,11,0,0,0
SetupA_Nodes,40,3,14,12,0,0,0
SetupA_Nodes,40,3,14,13,0,0,0
SetupA_Nodes,40,3,14,14,0,0,0
SetupA_Nodes,40,3,14,15,0,0,0
SetupA_Nodes,40,3,14,16,0,0,0
SetupA_Nodes,40,3,14,17,0,0,0
SetupA_Nodes,40,3,14,18,0,0,0
SetupA_Nodes,40,3,14,19,0,0,0
SetupA_Nodes,40,3,14,20,0,0,0
SetupA_Nodes,40,3,14,21,0,0,0
SetupA_Nodes,40,3,14,22,0,0,0
SetupA_Nodes,40,3,14,23,0,0,0
SetupA_Nodes,40,3,14,24,0,0,0
SetupA_Nodes,40,3,14,25,0,0,0
SetupA_Nodes,40,3,14,26,0,0,0
SetupA_Nodes,40,3,14,27,0,0,0
SetupA_Nodes,40,3,14,28,0,0,0
SetupA_Nodes,40,3,14,29,0,0,0
SetupA_Nodes,40,3,14,30,0,0,0
SetupA_Nodes,40,3,14,31,0,0,0
SetupA_Nodes,40,3,14,32,0,0,0
SetupA_Nodes,40,3,14,33,0,0,0
SetupA_Nodes,40,3,14,34,0,0,0
SetupA_Nodes,40,3,14,35,0,0,0
SetupA_Nodes,40,3,14,36,0,0,0
SetupA_Nodes,40,3,14,37,0,0,0
SetupA_Nodes,40,3,14,38,0,0,0
SetupA_Nodes,40,3,15,0,1560,781,779
SetupA_Nodes,40,3,15,1,10404,4307,6097
SetupA_Nodes,40,3,15,2,24183,14654,9529
SetupA_Nodes,40,3,15,3,18604,12205,6399
SetupA_Nodes,40,3,15,4,396,292,104
SetupA_Nodes,40,3,15,5,54,54,0
SetupA_Nodes,40,3,15,6,7,7,0
SetupA_Nodes,40,3,15,7,0,0,0
SetupA_Nodes,40,3,15,8,0,0,0
SetupA_Nodes,40,3,15,9,0,0,0
SetupA_Nodes,40,3,15,10,0,0,0
SetupA_Nodes,40,3,15,11,0,0,0
SetupA_Nodes,40,3,15,12,0,0,0
SetupA_Nodes,40,3,15,13,0,0,0
SetupA_Nodes,40,3,15,14,0,0,0
SetupA_Nodes,40,3,15,15,0,0,0
SetupA_Nodes,40,3,15,16,0,0,0
SetupA_Nodes,40,3,15,17,0,0,0
SetupA_Nodes,40,3,15,18,0,0,0
SetupA_Nodes,40,3,15,19,0,0,0
SetupA_Nodes,40,3,15,20,0,0,0
SetupA_Nodes,40,3,15,21,0,0,0
SetupA_Nodes,40,3,15,22,0,0,0
SetupA_Nodes,40,3,15,23,0,0,0
SetupA_Nodes,40,3,15,24,0,0,0
SetupA_Nodes,40,3,15,25,0,0,0
SetupA_Nodes,40,3,15,26,0,0,0
SetupA_Nodes,40,3,15,27,0,0,0
SetupA_Nodes,40,3,15,28,0,0,0
SetupA_Nodes,40,3,15,29,0,0,0
SetupA_Nodes,40,3,15,30,0,0,0
SetupA_Nodes,40,3,15,31,0,0,0
SetupA_Nodes,40,3,15,32,0,0,0
SetupA_Nodes,40,3,15,33,0,0,0
SetupA_Nodes,40,3,15,34,0,0,0
SetupA_Nodes,40,3,15,35,0,0,0
SetupA_Nodes,40,3,15,36,0,0,0
SetupA_Nodes,40,3,15,37,0,0,0
SetupA_Nodes,40,3,15,38,0,0,0
SetupA_Nodes,40,3,16,0,1560,781,779
SetupA_Nodes,40,3,16,1,8560,3264,5296
SetupA_Nodes,40,3,16,2,14819,7373,7446
SetupA_Nodes,40,3,16,3,9862,4803,5059
SetupA_Nodes,40,3,16,4,429,175,254
SetupA_Nodes,40,3,16,5,60,18,42
SetupA_Nodes,40,3,16,6,7,0,7
SetupA_Nodes,40,3,16,7,0,0,0
SetupA_Nodes,40,3,16,8,0,0,0
SetupA_Nodes,40,3,16,9,0,0,0
SetupA_Nodes,40,3,16,10,0,0,0
SetupA_Nodes,40,3,16,11,0,0,0
SetupA_Nodes,40,3,16,12,0,0,0
SetupA_Nodes,40,3,16,13,0,0,0
SetupA_Nodes,40,3,16,14,0,0,0
SetupA_Nodes,40,3,16,15,0,0,0
SetupA_Nodes,40,3,16,16,0,0,0
SetupA_Nodes,40,3,16,17,0,0,0
SetupA_Nodes,40,3,16,18,0,0,0
SetupA_Nodes,40,3,16,19,0,0,0
SetupA_Nodes,40,3,16,20,0,0,0
SetupA_Nodes,40,3,16,21,0,0,0
SetupA_Nodes,40,3,16,22,0,0,0
SetupA_Nodes,40,3,16,23,0,0,0
SetupA_Nodes,40,3,16,24,0,0,0
SetupA_Nodes,40,3,16,25,0,0,0
SetupA_Nodes,40,3,16,26,0,0,0
SetupA_Nodes,40,3,16,27,0,0,0
SetupA_Nodes,40,3,16,28,0,0,0
SetupA_Nodes,40,3,16,29,0,0,0
SetupA_Nodes,40,3,16,30,0,0,0
SetupA_Nodes,40,3,16,31,0,0,0
SetupA_Nodes,40,3,16,32,0,0,0
SetupA_Nodes,40,3,16,33,0,0,0
SetupA_Nodes,40,3,16,34,0,0,0
SetupA_Nodes,40,3,16,35,0,0,0
SetupA_Nodes,40,3,16,36,0,0,0
SetupA_Nodes,40,3,16,37,0,0,0
SetupA_Nodes,40,3,16,38,0,0,0
SetupA_Nodes,40,3,17,0,1560,781,779
SetupA_Nodes,40,3,17,1,12216,5011,7205
SetupA_Nodes,40,3,17,2,17781,10755,7026
SetupA_Nodes,40,3,17,3,6030,4255,1775
SetupA_Nodes,40,3,17,4,365,348,17
SetupA_Nodes,40,3,17,5,174,174,0
SetupA_Nodes,40,3,17,6,56,56,0
SetupA_Nodes,40,3,17,7,8,8,0
SetupA_Nodes,40,3,17,8,0,0,0
SetupA_Nodes,40,3,17,9,0,0,0
SetupA_Nodes,40,3,17,10,0,0,0
SetupA_Nodes,40,3,17,11,0,0,0
SetupA_Nodes,40,3,17,12,0,0,0
SetupA_Nodes,40,3,17,13,0,0,0
SetupA_Nodes,40,3,17,14,0,0,0
SetupA_Nodes,40,3,17,15,0,0,0
SetupA_Nodes,40,3,17,16,0,0,0
SetupA_Nodes,40,3,17,17,0,0,0
SetupA_Nodes,40,3,17,18,0,0,0
SetupA_Nodes,40,3,17,19,0,0,0
SetupA_Nodes,40,3,17,20,0,0,0
SetupA_Nodes,40,3,17,21,0,0,0
SetupA_Nodes,40,3,17,22,0,0,0
SetupA_Nodes,40,3,17,23,0,0,0
SetupA_Nodes,40,3,17,24,0,0,0
SetupA_Nodes,40,3,17,25,0,0,0
SetupA_Nodes,40,3,17,26,0,0,0
SetupA_Nodes,40,3,17,27,0,0,0
SetupA_Nodes,40,3,17,28,0,0,0
SetupA_Nodes,40,3,17,29,0,0,0
SetupA_Nodes,40,3,17,30,0,0,0
SetupA_Nodes,40,3,17,31,0,0,0
SetupA_Nodes,40,3,17,32,0,0,0
SetupA_Nodes,40,3,17,33,0,0,0
SetupA_Nodes,40,3,17,34,0,0,0
SetupA_Nodes,40,3,17,35,0,0,0
SetupA_Nodes,40,3,17,36,0,0,0
SetupA_Nodes,40,3,17,37,0,0,0
SetupA_Nodes,40,3,17,38,0,0,0
SetupA_Nodes,40,3,18,0,1560,781,779
SetupA_Nodes,40,3,18,1,11910,4572,7338
SetupA_Nodes,40,3,18,2,43967,23697,20270
SetupA_Nodes,40,3,18,3,57117,43521,13596
SetupA_Nodes,40,3,18,4,1275,370,905
SetupA_Nodes,40,3,18,5,48,6,42
SetupA_Nodes,40,3,18,6,7,0,7
SetupA_Nodes,40,3,18,7,0,0,0
SetupA_Nodes,40,3,18,8,0,0,0
SetupA_Nodes,40,3,18,9,0,0,0
SetupA_Nodes,40,3,18,10,0,0,0
SetupA_Nodes,40,3,18,11,0,0,0
SetupA_Nodes,40,3,18,12,0,0,0
SetupA_Nodes,40,3,18,13,0,0,0
SetupA_Nodes,40,3,18,14,0,0,0
SetupA_Nodes,40,3,18,15,0,0,0
SetupA_Nodes,40,3,18,16,0,0,0
SetupA_Nodes,40,3,18,17,0,0,0
SetupA_Nodes,40,3,18,18,0,0,0
SetupA_Nodes,40,3,18,19,0,0,0
SetupA_Nodes,40,3,18,20,0,0,0
SetupA_Nodes,40,3,18,21,0,0,0
SetupA_Nodes,40,3,18,22,0,0,0
SetupA_Nodes,40,3,18,23,0,0,0
SetupA_Nodes,40,3,18,24,0,0,0
SetupA_Nodes,40,3,18,25,0,0,0
SetupA_Nodes,40,3,18,26,0,0,0
SetupA_Nodes,40,3,18,27,0,0,0
SetupA_Nodes,40,3,18,28,0,0,0
SetupA_Nodes,40,3,18,29,0,0,0
SetupA_Nodes,40,3,18,30,0,0,0
SetupA_Nodes,40,3,18,31,0,0,0
SetupA_Nodes,40,3,18,32,0,0,0
SetupA_Nodes,40,3,18,33,0,0,0
SetupA_Nodes,40,3,18,34,0,0,0
SetupA_Nodes,40,3,18,35,0,0,0
SetupA_Nodes,40,3,18,36,0,0,0
SetupA_Nodes,40,3,18,37,0,0,0
SetupA_Nodes,40,3,18,38,0,0,0
SetupA_Nodes,40,3,19,0,1560,781,779
SetupA_Nodes,40,3,19,1,9888,3839,6049
SetupA_Nodes,40,3,19,2,27178,14229,12949
SetupA_Nodes,40,3,19,3,39408,14924,24484
SetupA_Nodes,40,3,19,4,9066,4349,4717
SetupA_Nodes,40,3,19,5,348,348,0
SetupA_Nodes,40,3,19,6,112,112,0
SetupA_Nodes,40,3,19,7,16,16,0
SetupA_Nodes,40,3,19,8,0,0,0
SetupA_Nodes,40,3,19,9,0,0,0
SetupA_Nodes,40,3,19,10,0,0,0
SetupA_Nodes,40,3,19,11,0,0,0
SetupA_Nodes,40,3,19,12,0,0,0
SetupA_Nodes,40,3,19,13,0,0,0
SetupA_Nodes,40,3,19,14,0,0,0
SetupA_Nodes,40,3,19,15,0,0,0
SetupA_Nodes,40,3,19,16,0,0,0
SetupA_Nodes,40,3,19,17,0,0,0
SetupA_Nodes,40,3,19,18,0,0,0
SetupA_Nodes,40,3,19,19,0,0,0
SetupA_Nodes,40,3,19,20,0,0,0
SetupA_Nodes,40,3,19,21,0,0,0
SetupA_Nodes,40,3,19,22,0,0,0
SetupA_Nodes,40,3,19,23,0,0,0
SetupA_Nodes,40,3,19,24,0,0,0
SetupA_Nodes,40,3,19,25,0,0,0
SetupA_Nodes,40,3,19,26,0,0,0
SetupA_Nodes,40,3,19,27,0,0,0
SetupA_Nodes,40,3,19,28,0,0,0
SetupA_Nodes,40,3,19,29,0,0,0
SetupA_Nodes,40,3,19,30,0,0,0
SetupA_Nodes,40,3,19,31,0,0,0
SetupA_Nodes,40,3,19,32,0,0,0
SetupA_Nodes,40,3,19,33,0,0,0
SetupA_Nodes,40,3,19,34,0,0,0
SetupA_Nodes,40,3,19,35,0,0,0
SetupA_Nodes,40,3,19,36,0,0,0
SetupA_Nodes,40,3,19,37,0,0,0
SetupA_Nodes,40,3,19,38,0,0,0
SetupA_Nodes,40,3,20,0,1560,781,779
SetupA_Nodes,40,3,20,1,7882,2821,5061
SetupA_Nodes,40,3,20,2,9645,5333,4312
SetupA_Nodes,40,3,20,3,1447,1198,249
SetupA_Nodes,40,3,20,4,330,330,0
SetupA_Nodes,40,3,20,5,174,174,0
SetupA_Nodes,40,3,20,6,56,56,0
SetupA_Nodes,40,3,20,7,8,8,0
SetupA_Nodes,40,3,20,8,0,0,0
SetupA_Nodes,40,3,20,9,0,0,0
SetupA_Nodes,40,3,20,10,0,0,0
SetupA_Nodes,40,3,20,11,0,0,0
SetupA_Nodes,40,3,20,12,0,0,0
SetupA_Nodes,40,3,20,13,0,0,0
SetupA_Nodes,40,3,20,14,0,0,0
SetupA_Nodes,40,3,20,15,0,0,0
SetupA_Nodes,40,3,20,16,0,0,0
SetupA_Nodes,40,3,20,17,0,0,0
SetupA_Nodes,40,3,20,18,0,0,0
SetupA_Nodes,40,3,20,19,0,0,0
SetupA_Nodes,40,3,20,20,0,0,0
SetupA_Nodes,40,3,20,21,0,0,0
SetupA_Nodes,40,3,20,22,0,0,0
SetupA_Nodes,40,3,20,23,0,0,0
SetupA_Nodes,40,3,20,24,0,0,0
SetupA_Nodes,40,3,20,25,0,0,0
SetupA_Nodes,40,3,20,26,0,0,0
SetupA_Nodes,40,3,20,27,0,0,0
SetupA_Nodes,40,3,20,28,0,0,0
SetupA_Nodes,40,3,20,29,0,0,0
SetupA_Nodes,40,3,20,30,0,0,0
SetupA_Nodes,40,3,20,31,0,0,0
SetupA_Nodes,40,3,20,32,0,0,0
SetupA_Nodes,40,3,20,33,0,0,0
SetupA_Nodes,40,3,20,34,0,0,0
SetupA_Nodes,40,3,20,35,0,0,0
SetupA_Nodes,40,3,20,36,0,0,0
SetupA_Nodes,40,3,20,37,0,0,0
SetupA_Nodes,40,3,20,38,0,0,0
SetupA_Nodes,40,3,21,0,1560,781,779
SetupA_Nodes,40,3,21,1,13812,5637,8175
SetupA_Nodes,40,3,21,2,17932,12430,5502
SetupA_Nodes,40,3,21,3,1423,1062,361
SetupA_Nodes,40,3,21,4,45,45,0
SetupA_Nodes,40,3,21,5,6,6,0
SetupA_Nodes,40,3,21,6,0,0,0
SetupA_Nodes,40,3,21,7,0,0,0
SetupA_Nodes,40,3,21,8,0,0,0
SetupA_Nodes,40,3,21,9,0,0,0
SetupA_Nodes,40,3,21,10,0,0,0
SetupA_Nodes,40,3,21,11,0,0,0
SetupA_Nodes,40,3,21,12,0,0,0
SetupA_Nodes,40,3,21,13,0,0,0
SetupA_Nodes,40,3,21,14,0,0,0
SetupA_Nodes,40,3,21,15,0,0,0
SetupA_Nodes,40,3,21,16,0,0,0
SetupA_Nodes,40,3,21,17,0,0,0
SetupA_Nodes,40,3,21,18,0,0,0
SetupA_Nodes,40,3,21,19,0,0,0
SetupA_Nodes,40,3,21,20,0,0,0
SetupA_Nodes,40,3,21,21,0,0,0
SetupA_Nodes,40,3,21,22,0,0,0
SetupA_Nodes,40,3,21,23,0,0,0
SetupA_Nodes,40,3,21,24,0,0,0
SetupA_Nodes,40,3,21,25,0,0,0
SetupA_Nodes,40,3,21,26,0,0,0
SetupA_Nodes,40,3,21,27,0,0,0
SetupA_Nodes,40,3,21,28,0,0,0
SetupA_Nodes,40,3,21,29,0,0,0
SetupA_Nodes,40,3,21,30,0,0,0
SetupA_Nodes,40,3,21,31,0,0,0
SetupA_Nodes,40,3,21,32,0,0,0
SetupA_Nodes,40,3,21,33,0,0,0
SetupA_Nodes,40,3,21,34,0,0,0
SetupA_Nodes,40,3,21,35,0,0,0
SetupA_Nodes,40,3,21,36,0,0,0
SetupA_Nodes,40,3,21,37,0,0,0
SetupA_Nodes,40,3,21,38,0,0,0
SetupA_Nodes,40,3,22,0,1560,781,779
SetupA_Nodes,40,3,22,1,10139,3965,6174
SetupA_Nodes,40,3,22,2,27352,16218,11134
SetupA_Nodes,40,3,22,3,10535,7655,2880
SetupA_Nodes,40,3,22,4,855,666,189
SetupA_Nodes,40,3,22,5,48,48,0
SetupA_Nodes,40,3,22,6,7,7,0
SetupA_Nodes,40,3,22,7,0,0,0
SetupA_Nodes,40,3,22,8,0,0,0
SetupA_Nodes,40,3,22,9,0,0,0
SetupA_Nodes,40,3,22,10,0,0,0
SetupA_Nodes,40,3,22,11,0,0,0
SetupA_Nodes,40,3,22,12,0,0,0
SetupA_Nodes,40,3,22,13,0,0,0
SetupA_Nodes,40,3,22,14,0,0,0
SetupA_Nodes,40,3,22,15,0,0,0
SetupA_Nodes,40,3,22,16,0,0,0
SetupA_Nodes,40,3,22,17,0,0,0
SetupA_Nodes,40,3,22,18,0,0,0
SetupA_Nodes,40,3,22,19,0,0,0
SetupA_Nodes,40,3,22,20,0,0,0
SetupA_Nodes,40,3,22,21,0,0,0
SetupA_Nodes,40,3,22,22,0,0,0
SetupA_Nodes,40,3,22,23,0,0,0
SetupA_Nodes,40,3,22,24,0,0,0
SetupA_Nodes,40,3,22,25,0,0,0
SetupA_Nodes,40,3,22,26,0,0,0
SetupA_Nodes,40,3,22,27,0,0,0
SetupA_Nodes,40,3,22,28,0,0,0
SetupA_Nodes,40,3,22,29,0,0,0
SetupA_Nodes,40,3,22,30,0,0,0
SetupA_Nodes,40,3,22,31,0,0,0
SetupA_Nodes,40,3,22,32,0,0,0
SetupA_Nodes,40,3,22,33,0,0,0
SetupA_Nodes,40,3,22,34,0,0,0
SetupA_Nodes,40,3,22,35,0,0,0
SetupA_Nodes,40,3,22,36,0,0,0
SetupA_Nodes,40,3,22,37,0,0,0
SetupA_Nodes,40,3,22,38,0,0,0
SetupA_Nodes,40,3,23,0,1560,781,779
SetupA_Nodes,40,3,23,1,18460,7666,10794
SetupA_Nodes,40,3,23,2,21128,15187,5941
SetupA_Nodes,40,3,23,3,5029,4556,473
SetupA_Nodes,40,3,23,4,45,45,0
SetupA_Nodes,40,3,23,5,6,6,0
SetupA_Nodes,40,3,23,6,0,0,0
SetupA_Nodes,40,3,23,7,0,0,0
SetupA_Nodes,40,3,23,8,0,0,0
SetupA_Nodes,40,3,23,9,0,0,0
SetupA_Nodes,40,3,23,10,0,0,0
SetupA_Nodes,40,3,23,11,0,0,0
SetupA_Nodes,40,3,23,12,0,0,0
SetupA_Nodes,40,3,23,13,0,0,0
SetupA_Nodes,40,3,23,14,0,0,0
SetupA_Nodes,40,3,23,15,0,0,0
SetupA_Nodes,40,3,23,16,0,0,0
SetupA_Nodes,40,3,23,17,0,0,0
SetupA_Nodes,40,3,23,18,0,0,0
SetupA_Nodes,40,3,23,19,0,0,0
SetupA_Nodes,40,3,23,20,0,0,0
SetupA_Nodes,40,3,23,21,0,0,0
SetupA_Nodes,40,3,23,22,0,0,0
SetupA_Nodes,40,3,23,23,0,0,0
SetupA_Nodes,40,3,23,24,0,0,0
SetupA_Nodes,40,3,23,25,0,0,0
SetupA_Nodes,40,3,23,26,0,0,0
SetupA_Nodes,40,3,23,27,0,0,0
SetupA_Nodes,40,3,23,28,0,0,0
SetupA_Nodes,40,3,23,29,0,0,0
SetupA_Nodes,40,3,23,30,0,0,0
SetupA_Nodes,40,3,23,31,0,0,0
SetupA_Nodes,40,3,23,32,0,0,0
SetupA_Nodes,40,3,23,33,0,0,0
SetupA_Nodes,40,3,23,34,0,0,0
SetupA_Nodes,40,3,23,35,0,0,0
SetupA_Nodes,40,3,23,36,0,0,0
SetupA_Nodes,40,3,23,37,0,0,0
SetupA_Nodes,40,3,23,38,0,0,0
SetupA_Nodes,40,3,24,0,1560,781,779
SetupA_Nodes,40,3,24,1,6242,2193,4049
SetupA_Nodes,40,3,24,2,10596,5282,5314
SetupA_Nodes,40,3,24,3,4757,2444,2313
SetupA_Nodes,40,3,24,4,677,191,486
SetupA_Nodes,40,3,24,5,48,6,42
SetupA_Nodes,40,3,24,6,7,0,7
SetupA_Nodes,40,3,24,7,0,0,0
SetupA_Nodes,40,3,24,8,0,0,0
SetupA_Nodes,40,3,24,9,0,0,0
SetupA_Nodes,40,3,24,10,0,0,0
SetupA_Nodes,40,3,24,11,0,0,0
SetupA_Nodes,40,3,24,12,0,0,0
SetupA_Nodes,40,3,24,13,0,0,0
SetupA_Nodes,40,3,24,14,0,0,0
SetupA_Nodes,40,3,24,15,0,0,0
SetupA_Nodes,40,3,24,16,0,0,0
SetupA_Nodes,40,3,24,17,0,0,0
SetupA_Nodes,40,3,24,18,0,0,0
SetupA_Nodes,40,3,24,19,0,0,0
SetupA_Nodes,40,3,24,20,0,0,0
SetupA_Nodes,40,3,24,21,0,0,0
SetupA_Nodes,40,3,24,22,0,0,0
SetupA_Nodes,40,3,24,23,0,0,0
SetupA_Nodes,40,3,24,24,0,0,0
SetupA_Nodes,40,3,24,25,0,0,0
SetupA_Nodes,40,3,24,26,0,0,0
SetupA_Nodes,40,3,24,27,0,0,0
SetupA_Nodes,40,3,24,28,0,0,0
SetupA_Nodes,40,3,24,29,0,0,0
SetupA_Nodes,40,3,24,30,0,0,0
SetupA_Nodes,40,3,24,31,0,0,0
SetupA_Nodes,40,3,24,32,0,0,0
SetupA_Nodes,40,3,24,33,0,0,0
SetupA_Nodes,40,3,24,34,0,0,0
SetupA_Nodes,40,3,24,35,0,0,0
SetupA_Nodes,40,3,24,36,0,0,0
SetupA_Nodes,40,3,24,37,0,0,0
SetupA_Nodes,40,3,24,38,0,0,0
SetupA_Nodes,40,3,25,0,1560,781,779
SetupA_Nodes,40,3,25,1,9007,3337,5670
SetupA_Nodes,40,3,25,2,20200,10294,9906
SetupA_Nodes,40,3,25,3,16047,10243,5804
SetupA_Nodes,40,3,25,4,6404,3094,3310
SetupA_Nodes,40,3,25,5,54,48,6
SetupA_Nodes,40,3,25,6,7,7,0
SetupA_Nodes,40,3,25,7,0,0,0
SetupA_Nodes,40,3,25,8,0,0,0
SetupA_Nodes,40,3,25,9,0,0,0
SetupA_Nodes,40,3,25,10,0,0,0
SetupA_Nodes,40,3,25,11,0,0,0
SetupA_Nodes,40,3,25,12,0,0,0
SetupA_Nodes,40,3,25,13,0,0,0
SetupA_Nodes,40,3,25,14,0,0,0
SetupA_Nodes,40,3,25,15,0,0,0
SetupA_Nodes,40,3,25,16,0,0,0
SetupA_Nodes,40,3,25,17,0,0,0
SetupA_Nodes,40,3,25,18,0,0,0
SetupA_Nodes,40,3,25,19,0,0,0
SetupA_Nodes,40,3,25,20,0,0,0
SetupA_Nodes,40,3,25,21,0,0,0
SetupA_Nodes,40,3,25,22,0,0,0
SetupA_Nodes,40,3,25,23,0,0,0
SetupA_Nodes,40,3,25,24,0,0,0
SetupA_Nodes,40,3,25,25,0,0,0
SetupA_Nodes,40,3,25,26,0,0,0
SetupA_Nodes,40,3,25,27,0,0,0
SetupA_Nodes,40,3,25,28,0,0,0
SetupA_Nodes,40,3,25,29,0,0,0
SetupA_Nodes,40,3,25,30,0,0,0
SetupA_Nodes,40,3,25,31,0,0,0
SetupA_Nodes,40,3,25,32,0,0,0
SetupA_Nodes,40,3,25,33,0,0,0
SetupA_Nodes,40,3,25,34,0,0,0
SetupA_Nodes,40,3,25,35,0,0,0
SetupA_Nodes,40,3,25,36,0,0,0
SetupA_Nodes,40,3,25,37,0,0,0
SetupA_Nodes,40,3,25,38,0,0,0
SetupA_Nodes,40,3,26,0,1560,781,779
SetupA_Nodes,40,3,26,1,9699,3422,6277
SetupA_Nodes,40,3,26,2,20584,10160,10424
SetupA_Nodes,40,3,26,3,25563,16302,9261
SetupA_Nodes,40,3,26,4,7530,5051,2479
SetupA_Nodes,40,3,26,5,6990,4859,2131
SetupA_Nodes,40,3,26,6,112,105,7
SetupA_Nodes,40,3,26,7,16,16,0
SetupA_Nodes,40,3,26,8,0,0,0
SetupA_Nodes,40,3,26,9,0,0,0
SetupA_Nodes,40,3,26,10,0,0,0
SetupA_Nodes,40,3,26,11,0,0,0
SetupA_Nodes,40,3,26,12,0,0,0
SetupA_Nodes,40,3,26,13,0,0,0
SetupA_Nodes,40,3,26,14,0,0,0
SetupA_Nodes,40,3,26,15,0,0,0
SetupA_Nodes,40,3,26,16,0,0,0
SetupA_Nodes,40,3,26,17,0,0,0
SetupA_Nodes,40,3,26,18,0,0,0
SetupA_Nodes,40,3,26,19,0,0,0
SetupA_Nodes,40,3,26,20,0,0,0
SetupA_Nodes,40,3,26,21,0,0,0
SetupA_Nodes,40,3,26,22,0,0,0
SetupA_Nodes,40,3,26,23,0,0,0
SetupA_Nodes,40,3,26,24,0,0,0
SetupA_Nodes,40,3,26,25,0,0,0
SetupA_Nodes,40,3,26,26,0,0,0
SetupA_Nodes,40,3,26,27,0,0,0
SetupA_Nodes,40,3,26,28,0,0,0
SetupA_Nodes,40,3,26,29,0,0,0
SetupA_Nodes,40,3,26,30,0,0,0
SetupA_Nodes,40,3,26,31,0,0,0
SetupA_Nodes,40,3,26,32,0,0,0
SetupA_Nodes,40,3,26,33,0,0,0
SetupA_Nodes,40,3,26,34,0,0,0
SetupA_Nodes,40,3,26,35,0,0,0
SetupA_Nodes,40,3,26,36,0,0,0
SetupA_Nodes,40,3,26,37,0,0,0
SetupA_Nodes,40,3,26,38,0,0,0
SetupA_Nodes,40,3,27,0,1560,781,779
SetupA_Nodes,40,3,27,1,10810,4139,6671
SetupA_Nodes,40,3,27,2,34731,20050,14681
SetupA_Nodes,40,3,27,3,19261,14824,4437
SetupA_Nodes,40,3,27,4,2585,1485,1100
SetupA_Nodes,40,3,27,5,162,100,62
SetupA_Nodes,40,3,27,6,7,7,0
SetupA_Nodes,40,3,27,7,0,0,0
SetupA_Nodes,40,3,27,8,0,0,0
SetupA_Nodes,40,3,27,9,0,0,0
SetupA_Nodes,40,3,27,10,0,0,0
SetupA_Nodes,40,3,27,11,0,0,0
SetupA_Nodes,40,3,27,12,0,0,0
SetupA_Nodes,40,3,27,13,0,0,0
SetupA_Nodes,40,3,27,14,0,0,0
SetupA_Nodes,40,3,27,15,0,0,0
SetupA_Nodes,40,3,27,16,0,0,0
SetupA_Nodes,40,3,27,17,0,0,0
SetupA_Nodes,40,3,27,18,0,0,0
SetupA_Nodes,40,3,27,19,0,0,0
SetupA_Nodes,40,3,27,20,0,0,0
SetupA_Nodes,40,3,27,21,0,0,0
SetupA_Nodes,40,3,27,22,0,0,0
SetupA_Nodes,40,3,27,23,0,0,0
SetupA_Nodes,40,3,27,24,0,0,0
SetupA_Nodes,40,3,27,25,0,0,0
SetupA_Nodes,40,3,27,26,0,0,0
SetupA_Nodes,40,3,27,27,0,0,0
SetupA_Nodes,40,3,27,28,0,0,0
SetupA_Nodes,40,3,27,29,0,0,0
SetupA_Nodes,40,3,27,30,0,0,0
SetupA_Nodes,40,3,27,31,0,0,0
SetupA_Nodes,40,3,27,32,0,0,0
SetupA_Nodes,40,3,27,33,0,0,0
SetupA_Nodes,40,3,27,34,0,0,0
SetupA_Nodes,40,3,27,35,0,0,0
SetupA_Nodes,40,3,27,36,0,0,0
SetupA_Nodes,40,3,27,37,0,0,0
SetupA_Nodes,40,3,27,38,0,0,0
SetupA_Nodes,40,3,28,0,1560,781,779
SetupA_Nodes,40,3,28,1,6540,2420,4120
SetupA_Nodes,40,3,28,2,9195,5365,3830
SetupA_Nodes,40,3,28,3,5549,3683,1866
SetupA_Nodes,40,3,28,4,265,260,5
SetupA_Nodes,40,3,28,5,90,90,0
SetupA_Nodes,40,3,28,6,14,14,0
SetupA_Nodes,40,3,28,7,0,0,0
SetupA_Nodes,40,3,28,8,0,0,0
SetupA_Nodes,40,3,28,9,0,0,0
SetupA_Nodes,40,3,28,10,0,0,0
SetupA_Nodes,40,3,28,11,0,0,0
SetupA_Nodes,40,3,28,12,0,0,0
SetupA_Nodes,40,3,28,13,0,0,0
SetupA_Nodes,40,3,28,14,0,0,0
SetupA_Nodes,40,3,28,15,0,0,0
SetupA_Nodes,40,3,28,16,0,0,0
SetupA_Nodes,40,3,28,17,0,0,0
SetupA_Nodes,40,3,28,18,0,0,0
SetupA_Nodes,40,3,28,19,0,0,0
SetupA_Nodes,40,3,28,20,0,0,0
SetupA_Nodes,40,3,28,21,0,0,0
SetupA_Nodes,40,3,28,22,0,0,0
SetupA_Nodes,40,3,28,23,0,0,0
SetupA_Nodes,40,3,28,24,0,0,0
SetupA_Nodes,40,3,28,25,0,0,0
SetupA_Nodes,40,3,28,26,0,0,0
SetupA_Nodes,40,3,28,27,0,0,0
SetupA_Nodes,40,3,28,28,0,0,0
SetupA_Nodes,40,3,28,29,0,0,0
SetupA_Nodes,40,3,28,30,0,0,0
SetupA_Nodes,40,3,28,31,0,0,0
SetupA_Nodes,40,3,28,32,0,0,0
SetupA_Nodes,40,3,28,33,0,0,0
SetupA_Nodes,40,3,28,34,0,0,0
SetupA_Nodes,40,3,28,35,0,0,0
SetupA_Nodes,40,3,28,36,0,0,0
SetupA_Nodes,40,3,28,37,0,0,0
SetupA_Nodes,40,3,28,38,0,0,0
SetupA_Nodes,40,3,29,0,1560,781,779
SetupA_Nodes,40,3,29,1,10420,4070,6350
SetupA_Nodes,40,3,29,2,23946,13131,10815
SetupA_Nodes,40,3,29,3,19175,9838,9337
SetupA_Nodes,40,3,29,4,1060,388,672
SetupA_Nodes,40,3,29,5,51,18,33
SetupA_Nodes,40,3,29,6,0,0,0
SetupA_Nodes,40,3,29,7,0,0,0
SetupA_Nodes,40,3,29,8,0,0,0
SetupA_Nodes,40,3,29,9,0,0,0
SetupA_Nodes,40,3,29,10,0,0,0
SetupA_Nodes,40,3,29,11,0,0,0
SetupA_Nodes,40,3,29,12,0,0,0
SetupA_Nodes,40,3,29,13,0,0,0
SetupA_Nodes,40,3,29,14,0,0,0
SetupA_Nodes,40,3,29,15,0,0,0
SetupA_Nodes,40,3,29,16,0,0,0
SetupA_Nodes,40,3,29,17,0,0,0
SetupA_Nodes,40,3,29,18,0,0,0
SetupA_Nodes,40,3,29,19,0,0,0
SetupA_Nodes,40,3,29,20,0,0,0
SetupA_Nodes,40,3,29,21,0,0,0
SetupA_Nodes,40,3,29,22,0,0,0
SetupA_Nodes,40,3,29,23,0,0,0
SetupA_Nodes,40,3,29,24,0,0,0
SetupA_Nodes,40,3,29,25,0,0,0
SetupA_Nodes,40,3,29,26,0,0,0
SetupA_Nodes,40,3,29,27,0,0,0
SetupA_Nodes,40,3,29,28,0,0,0
SetupA_Nodes,40,3,29,29,0,0,0
SetupA_Nodes,40,3,29,30,0,0,0
SetupA_Nodes,40,3,29,31,0,0,0
SetupA_Nodes,40,3,29,32,0,0,0
SetupA_Nodes,40,3,29,33,0,0,0
SetupA_Nodes,40,3,29,34,0,0,0
SetupA_Nodes,40,3,29,35,0,0,0
SetupA_Nodes,40,3,29,36,0,0,0
SetupA_Nodes,40,3,29,37,0,0,0
SetupA_Nodes,40,3,29,38,0,0,0
SetupB_Density,20,2,0,0,380,191,189
SetupB_Density,20,2,0,1,850,343,507
SetupB_Density,20,2,0,2,54,42,12
SetupB_Density,20,2,0,3,16,12,4
SetupB_Density,20,2,0,4,0,0,0
SetupB_Density,20,2,0,5,0,0,0
SetupB_Density,20,2,0,6,0,0,0
SetupB_Density,20,2,0,7,0,0,0
SetupB_Density,20,2,0,8,0,0,0
SetupB_Density,20,2,0,9,0,0,0
SetupB_Density,20,2,0,10,0,0,0
SetupB_Density,20,2,0,11,0,0,0
SetupB_Density,20,2,0,12,0,0,0
SetupB_Density,20,2,0,13,0,0,0
SetupB_Density,20,2,0,14,0,0,0
SetupB_Density,20,2,0,15,0,0,0
SetupB_Density,20,2,0,16,0,0,0
SetupB_Density,20,2,0,17,0,0,0
SetupB_Density,20,2,0,18,0,0,0
SetupB_Density,20,2,1,0,380,191,189
SetupB_Density,20,2,1,1,644,254,390
SetupB_Density,20,2,1,2,91,74,17
SetupB_Density,20,2,1,3,20,20,0
SetupB_Density,20,2,1,4,5,5,0
SetupB_Density,20,2,1,5,0,0,0
SetupB_Density,20,2,1,6,0,0,0
SetupB_Density,20,2,1,7,0,0,0
SetupB_Density,20,2,1,8,0,0,0
SetupB_Density,20,2,1,9,0,0,0
SetupB_Density,20,2,1,10,0,0,0
SetupB_Density,20,2,1,11,0,0,0
SetupB_Density,20,2,1,12,0,0,0
SetupB_Density,20,2,1,13,0,0,0
SetupB_Density,20,2,1,14,0,0,0
SetupB_Density,20,2,1,15,0,0,0
SetupB_Density,20,2,1,16,0,0,0
SetupB_Density,20,2,1,17,0,0,0
SetupB_Density,20,2,1,18,0,0,0
SetupB_Density,20,2,2,0,380,191,189
SetupB_Density,20,2,2,1,546,203,343
SetupB_Density,20,2,2,2,242,156,86
SetupB_Density,20,2,2,3,44,44,0
SetupB_Density,20,2,2,4,10,10,0
SetupB_Density,20,2,2,5,0,0,0
SetupB_Density,20,2,2,6,0,0,0
SetupB_Density,20,2,2,7,0,0,0
SetupB_Density,20,2,2,8,0,0,0
SetupB_Density,20,2,2,9,0,0,0
SetupB_Density,20,2,2,10,0,0,0
SetupB_Density,20,2,2,11,0,0,0
SetupB_Density,20,2,2,12,0,0,0
SetupB_Density,20,2,2,13,0,0,0
SetupB_Density,20,2,2,14,0,0,0
SetupB_Density,20,2,2,15,0,0,0
SetupB_Density,20,2,2,16,0,0,0
SetupB_Density,20,2,2,17,0,0,0
SetupB_Density,20,2,2,18,0,0,0
SetupB_Density,20,2,3,0,380,191,189
SetupB_Density,20,2,3,1,1081,470,611
SetupB_Density,20,2,3,2,112,96,16
SetupB_Density,20,2,3,3,4,4,0
SetupB_Density,20,2,3,4,0,0,0
SetupB_Density,20,2,3,5,0,0,0
SetupB_Density,20,2,3,6,0,0,0
SetupB_Density,20,2,3,7,0,0,0
SetupB_Density,20,2,3,8,0,0,0
SetupB_Density,20,2,3,9,0,0,0
SetupB_Density,20,2,3,10,0,0,0
SetupB_Density,20,2,3,11,0,0,0
SetupB_Density,20,2,3,12,0,0,0
SetupB_Density,20,2,3,13,0,0,0
SetupB_Density,20,2,3,14,0,0,0
SetupB_Density,20,2,3,15,0,0,0
SetupB_Density,20,2,3,16,0,0,0
SetupB_Density,20,2,3,17,0,0,0
SetupB_Density,20,2,3,18,0,0,0
SetupB_Density,20,2,4,0,380,191,189
SetupB_Density,20,2,4,1,901,380,521
SetupB_Density,20,2,4,2,153,115,38
SetupB_Density,20,2,4,3,31,21,10
SetupB_Density,20,2,4,4,0,0,0
SetupB_Density,20,2,4,5,0,0,0
SetupB_Density,20,2,4,6,0,0,0
SetupB_Density,20,2,4,7,0,0,0
SetupB_Density,20,2,4,8,0,0,0
SetupB_Density,20,2,4,9,0,0,0
SetupB_Density,20,2,4,10,0,0,0
SetupB_Density,20,2,4,11,0,0,0
SetupB_Density,20,2,4,12,0,0,0
SetupB_Density,20,2,4,13,0,0,0
SetupB_Density,20,2,4,14,0,0,0
SetupB_Density,20,2,4,15,0,0,0
SetupB_Density,20,2,4,16,0,0,0
SetupB_Density,20,2,4,17,0,0,0
SetupB_Density,20,2,4,18,0,0,0
SetupB_Density,20,2,5,0,380,191,189
SetupB_Density,20,2,5,1,1347,555,792
SetupB_Density,20,2,5,2,87,74,13
SetupB_Density,20,2,5,3,28,28,0
SetupB_Density,20,2,5,4,5,5,0
SetupB_Density,20,2,5,5,0,0,0
SetupB_Density,20,2,5,6,0,0,0
SetupB_Density,20,2,5,7,0,0,0
SetupB_Density,20,2,5,8,0,0,0
SetupB_Density,20,2,5,9,0,0,0
SetupB_Density,20,2,5,10,0,0,0
SetupB_Density,20,2,5,11,0,0,0
SetupB_Density,20,2,5,12,0,0,0
SetupB_Density,20,2,5,13,0,0,0
SetupB_Density,20,2,5,14,0,0,0
SetupB_Density,20,2,5,15,0,0,0
SetupB_Density,20,2,5,16,0,0,0
SetupB_Density,20,2,5,17,0,0,0
SetupB_Density,20,2,5,18,0,0,0
SetupB_Density,20,2,6,0,380,191,189
SetupB_Density,20,2,6,1,1094,537,557
SetupB_Density,20,2,6,2,830,601,229
SetupB_Density,20,2,6,3,176,149,27
SetupB_Density,20,2,6,4,5,5,0
SetupB_Density,20,2,6,5,0,0,0
SetupB_Density,20,2,6,6,0,0,0
SetupB_Density,20,2,6,7,0,0,0
SetupB_Density,20,2,6,8,0,0,0
SetupB_Density,20,2,6,9,0,0,0
SetupB_Density,20,2,6,10,0,0,0
SetupB_Density,20,2,6,11,0,0,0
SetupB_Density,20,2,6,12,0,0,0
SetupB_Density,20,2,6,13,0,0,0
SetupB_Density,20,2,6,14,0,0,0
SetupB_Density,20,2,6,15,0,0,0
SetupB_Density,20,2,6,16,0,0,0
SetupB_Density,20,2,6,17,0,0,0
SetupB_Density,20,2,6,18,0,0,0
SetupB_Density,20,2,7,0,380,191,189
SetupB_Density,20,2,7,1,257,89,168
SetupB_Density,20,2,7,2,27,18,9
SetupB_Density,20,2,7,3,0,0,0
SetupB_Density,20,2,7,4,0,0,0
SetupB_Density,20,2,7,5,0,0,0
SetupB_Density,20,2,7,6,0,0,0
SetupB_Density,20,2,7,7,0,0,0
SetupB_Density,20,2,7,8,0,0,0
SetupB_Density,20,2,7,9,0,0,0
SetupB_Density,20,2,7,10,0,0,0
SetupB_Density,20,2,7,11,0,0,0
SetupB_Density,20,2,7,12,0,0,0
SetupB_Density,20,2,7,13,0,0,0
SetupB_Density,20,2,7,14,0,0,0
SetupB_Density,20,2,7,15,0,0,0
SetupB_Density,20,2,7,16,0,0,0
SetupB_Density,20,2,7,17,0,0,0
SetupB_Density,20,2,7,18,0,0,0
SetupB_Density,20,2,8,0,380,191,189
SetupB_Density,20,2,8,1,767,310,457
SetupB_Density,20,2,8,2,126,109,17
SetupB_Density,20,2,8,3,12,12,0
SetupB_Density,20,2,8,4,0,0,0
SetupB_Density,20,2,8,5,0,0,0
SetupB_Density,20,2,8,6,0,0,0
SetupB_Density,20,2,8,7,0,0,0
SetupB_Density,20,2,8,8,0,0,0
SetupB_Density,20,2,8,9,0,0,0
SetupB_Density,20,2,8,10,0,0,0
SetupB_Density,20,2,8,11,0,0,0
SetupB_Density,20,2,8,12,0,0,0
SetupB_Density,20,2,8,13,0,0,0
SetupB_Density,20,2,8,14,0,0,0
SetupB_Density,20,2,8,15,0,0,0
SetupB_Density,20,2,8,16,0,0,0
SetupB_Density,20,2,8,17,0,0,0
SetupB_Density,20,2,8,18,0,0,0
SetupB_Density,20,2,9,0,380,191,189
SetupB_Density,20,2,9,1,414,129,285
SetupB_Density,20,2,9,2,230,84,146
SetupB_Density,20,2,9,3,44,20,24
SetupB_Density,20,2,9,4,10,5,5
SetupB_Density,20,2,9,5,0,0,0
SetupB_Density,20,2,9,6,0,0,0
SetupB_Density,20,2,9,7,0,0,0
SetupB_Density,20,2,9,8,0,0,0
SetupB_Density,20,2,9,9,0,0,0
SetupB_Density,20,2,9,10,0,0,0
SetupB_Density,20,2,9,11,0,0,0
SetupB_Density,20,2,9,12,0,0,0
SetupB_Density,20,2,9,13,0,0,0
SetupB_Density,20,2,9,14,0,0,0
SetupB_Density,20,2,9,15,0,0,0
SetupB_Density,20,2,9,16,0,0,0
SetupB_Density,20,2,9,17,0,0,0
SetupB_Density,20,2,9,18,0,0,0
SetupB_Density,20,2,10,0,380,191,189
SetupB_Density,20,2,10,1,903,402,501
SetupB_Density,20,2,10,2,519,331,188
SetupB_Density,20,2,10,3,32,32,0
SetupB_Density,20,2,10,4,5,5,0
SetupB_Density,20,2,10,5,0,0,0
SetupB_Density,20,2,10,6,0,0,0
SetupB_Density,20,2,10,7,0,0,0
SetupB_Density,20,2,10,8,0,0,0
SetupB_Density,20,2,10,9,0,0,0
SetupB_Density,20,2,10,10,0,0,0
SetupB_Density,20,2,10,11,0,0,0
SetupB_Density,20,2,10,12,0,0,0
SetupB_Density,20,2,10,13,0,0,0
SetupB_Density,20,2,10,14,0,0,0
SetupB_Density,20,2,10,15,0,0,0
SetupB_Density,20,2,10,16,0,0,0
SetupB_Density,20,2,10,17,0,0,0
SetupB_Density,20,2,10,18,0,0,0
SetupB_Density,20,2,11,0,380,191,189
SetupB_Density,20,2,11,1,403,148,255
SetupB_Density,20,2,11,2,145,87,58
SetupB_Density,20,2,11,3,4,4,0
SetupB_Density,20,2,11,4,0,0,0
SetupB_Density,20,2,11,5,0,0,0
SetupB_Density,20,2,11,6,0,0,0
SetupB_Density,20,2,11,7,0,0,0
SetupB_Density,20,2,11,8,0,0,0
SetupB_Density,20,2,11,9,0,0,0
SetupB_Density,20,2,11,10,0,0,0
SetupB_Density,20,2,11,11,0,0,0
SetupB_Density,20,2,11,12,0,0,0
SetupB_Density,20,2,11,13,0,0,0
SetupB_Density,20,2,11,14,0,0,0
SetupB_Density,20,2,11,15,0,0,0
SetupB_Density,20,2,11,16,0,0,0
SetupB_Density,20,2,11,17,0,0,0
SetupB_Density,20,2,11,18,0,0,0
SetupB_Density,20,2,12,0,380,191,189
SetupB_Density,20,2,12,1,1414,624,790
SetupB_Density,20,2,12,2,1172,790,382
SetupB_Density,20,2,12,3,60,60,0
SetupB_Density,20,2,12,4,15,15,0
SetupB_Density,20,2,12,5,0,0,0
SetupB_Density,20,2,12,6,0,0,0
SetupB_Density,20,2,12,7,0,0,0
SetupB_Density,20,2,12,8,0,0,0
SetupB_Density,20,2,12,9,0,0,0
SetupB_Density,20,2,12,10,0,0,0
SetupB_Density,20,2,12,11,0,0,0
SetupB_Density,20,2,12,12,0,0,0
SetupB_Density,20,2,12,13,0,0,0
SetupB_Density,20,2,12,14,0,0,0
SetupB_Density,20,2,12,15,0,0,0
SetupB_Density,20,2,12,16,0,0,0
SetupB_Density,20,2,12,17,0,0,0
SetupB_Density,20,2,12,18,0,0,0
SetupB_Density,20,2,13,0,380,191,189
SetupB_Density,20,2,13,1,618,234,384
SetupB_Density,20,2,13,2,86,46,40
SetupB_Density,20,2,13,3,8,4,4
SetupB_Density,20,2,13,4,0,0,0
SetupB_Density,20,2,13,5,0,0,0
SetupB_Density,20,2,13,6,0,0,0
SetupB_Density,20,2,13,7,0,0,0
SetupB_Density,20,2,13,8,0,0,0
SetupB_Density,20,2,13,9,0,0,0
SetupB_Density,20,2,13,10,0,0,0
SetupB_Density,20,2,13,11,0,0,0
SetupB_Density,20,2,13,12,0,0,0
SetupB_Density,20,2,13,13,0,0,0
SetupB_Density,20,2,13,14,0,0,0
SetupB_Density,20,2,13,15,0,0,0
SetupB_Density,20,2,13,16,0,0,0
SetupB_Density,20,2,13,17,0,0,0
SetupB_Density,20,2,13,18,0,0,0
SetupB_Density,20,2,14,0,380,191,189
SetupB_Density,20,2,14,1,514,194,320
SetupB_Density,20,2,14,2,277,201,76
SetupB_Density,20,2,14,3,8,8,0
SetupB_Density,20,2,14,4,0,0,0
SetupB_Density,20,2,14,5,0,0,0
SetupB_Density,20,2,14,6,0,0,0
SetupB_Density,20,2,14,7,0,0,0
SetupB_Density,20,2,14,8,0,0,0
SetupB_Density,20,2,14,9,0,0,0
SetupB_Density,20,2,14,10,0,0,0
SetupB_Density,20,2,14,11,0,0,0
SetupB_Density,20,2,14,12,0,0,0
SetupB_Density,20,2,14,13,0,0,0
SetupB_Density,20,2,14,14,0,0,0
SetupB_Density,20,2,14,15,0,0,0
SetupB_Density,20,2,14,16,0,0,0
SetupB_Density,20,2,14,17,0,0,0
SetupB_Density,20,2,14,18,0,0,0
SetupB_Density,20,2,15,0,380,191,189
SetupB_Density,20,2,15,1,195,47,148
SetupB_Density,20,2,15,2,75,14,61
SetupB_Density,20,2,15,3,24,0,24
SetupB_Density,20,2,15,4,5,0,5
SetupB_Density,20,2,15,5,0,0,0
SetupB_Density,20,2,15,6,0,0,0
SetupB_Density,20,2,15,7,0,0,0
SetupB_Density,20,2,15,8,0,0,0
SetupB_Density,20,2,15,9,0,0,0
SetupB_Density,20,2,15,10,0,0,0
SetupB_Density,20,2,15,11,0,0,0
SetupB_Density,20,2,15,12,0,0,0
SetupB_Density,20,2,15,13,0,0,0
SetupB_Density,20,2,15,14,0,0,0
SetupB_Density,20,2,15,15,0,0,0
SetupB_Density,20,2,15,16,0,0,0
SetupB_Density,20,2,15,17,0,0,0
SetupB_Density,20,2,15,18,0,0,0
SetupB_Density,20,2,16,0,380,191,189
SetupB_Density,20,2,16,1,1435,639,796
SetupB_Density,20,2,16,2,317,229,88
SetupB_Density,20,2,16,3,32,32,0
SetupB_Density,20,2,16,4,5,5,0
SetupB_Density,20,2,16,5,0,0,0
SetupB_Density,20,2,16,6,0,0,0
SetupB_Density,20,2,16,7,0,0,0
SetupB_Density,20,2,16,8,0,0,0
SetupB_Density,20,2,16,9,0,0,0
SetupB_Density,20,2,16,10,0,0,0
SetupB_Density,20,2,16,11,0,0,0
SetupB_Density,20,2,16,12,0,0,0
SetupB_Density,20,2,16,13,0,0,0
SetupB_Density,20,2,16,14,0,0,0
SetupB_Density,20,2,16,15,0,0,0
SetupB_Density,20,2,16,16,0,0,0
SetupB_Density,20,2,16,17,0,0,0
SetupB_Density,20,2,16,18,0,0,0
SetupB_Density,20,2,17,0,380,191,189
SetupB_Density,20,2,17,1,772,311,461
SetupB_Density,20,2,17,2,191,100,91
SetupB_Density,20,2,17,3,24,20,4
SetupB_Density,20,2,17,4,5,5,0
SetupB_Density,20,2,17,5,0,0,0
SetupB_Density,20,2,17,6,0,0,0
SetupB_Density,20,2,17,7,0,0,0
SetupB_Density,20,2,17,8,0,0,0
SetupB_Density,20,2,17,9,0,0,0
SetupB_Density,20,2,17,10,0,0,0
SetupB_Density,20,2,17,11,0,0,0
SetupB_Density,20,2,17,12,0,0,0
SetupB_Density,20,2,17,13,0,0,0
SetupB_Density,20,2,17,14,0,0,0
SetupB_Density,20,2,17,15,0,0,0
SetupB_Density,20,2,17,16,0,0,0
SetupB_Density,20,2,17,17,0,0,0
SetupB_Density,20,2,17,18,0,0,0
SetupB_Density,20,2,18,0,380,191,189
SetupB_Density,20,2,18,1,1318,599,719
SetupB_Density,20,2,18,2,548,330,218
SetupB_Density,20,2,18,3,60,44,16
SetupB_Density,20,2,18,4,15,10,5
SetupB_Density,20,2,18,5,0,0,0
SetupB_Density,20,2,18,6,0,0,0
SetupB_Density,20,2,18,7,0,0,0
SetupB_Density,20,2,18,8,0,0,0
SetupB_Density,20,2,18,9,0,0,0
SetupB_Density,20,2,18,10,0,0,0
SetupB_Density,20,2,18,11,0,0,0
SetupB_Density,20,2,18,12,0,0,0
SetupB_Density,20,2,18,13,0,0,0
SetupB_Density,20,2,18,14,0,0,0
SetupB_Density,20,2,18,15,0,0,0
SetupB_Density,20,2,18,16,0,0,0
SetupB_Density,20,2,18,17,0,0,0
SetupB_Density,20,2,18,18,0,0,0
SetupB_Density,20,2,19,0,380,191,189
SetupB_Density,20,2,19,1,992,438,554
SetupB_Density,20,2,19,2,364,243,121
SetupB_Density,20,2,19,3,50,40,10
SetupB_Density,20,2,19,4,5,5,0
SetupB_Density,20,2,19,5,0,0,0
SetupB_Density,20,2,19,6,0,0,0
SetupB_Density,20,2,19,7,0,0,0
SetupB_Density,20,2,19,8,0,0,0
SetupB_Density,20,2,19,9,0,0,0
SetupB_Density,20,2,19,10,0,0,0
SetupB_Density,20,2,19,11,0,0,0
SetupB_Density,20,2,19,12,0,0,0
SetupB_Density,20,2,19,13,0,0,0
SetupB_Density,20,2,19,14,0,0,0
SetupB_Density,20,2,19,15,0,0,0
SetupB_Density,20,2,19,16,0,0,0
SetupB_Density,20,2,19,17,0,0,0
SetupB_Density,20,2,19,18,0,0,0
SetupB_Density,20,2,20,0,380,191,189
SetupB_Density,20,2,20,1,482,162,320
SetupB_Density,20,2,20,2,33,30,3
SetupB_Density,20,2,20,3,4,4,0
SetupB_Density,20,2,20,4,0,0,0
SetupB_Density,20,2,20,5,0,0,0
SetupB_Density,20,2,20,6,0,0,0
SetupB_Density,20,2,20,7,0,0,0
SetupB_Density,20,2,20,8,0,0,0
SetupB_Density,20,2,20,9,0,0,0
SetupB_Density,20,2,20,10,0,0,0
SetupB_Density,20,2,20,11,0,0,0
SetupB_Density,20,2,20,12,0,0,0
SetupB_Density,20,2,20,13,0,0,0
SetupB_Density,20,2,20,14,0,0,0
SetupB_Density,20,2,20,15,0,0,0
SetupB_Density,20,2,20,16,0,0,0
SetupB_Density,20,2,20,17,0,0,0
SetupB_Density,20,2,20,18,0,0,0
SetupB_Density,20,2,21,0,380,191,189
SetupB_Density,20,2,21,1,794,294,500
SetupB_Density,20,2,21,2,849,478,371
SetupB_Density,20,2,21,3,349,280,69
SetupB_Density,20,2,21,4,0,0,0
SetupB_Density,20,2,21,5,0,0,0
SetupB_Density,20,2,21,6,0,0,0
SetupB_Density,20,2,21,7,0,0,0
SetupB_Density,20,2,21,8,0,0,0
SetupB_Density,20,2,21,9,0,0,0
SetupB_Density,20,2,21,10,0,0,0
SetupB_Density,20,2,21,11,0,0,0
SetupB_Density,20,2,21,12,0,0,0
SetupB_Density,20,2,21,13,0,0,0
SetupB_Density,20,2,21,14,0,0,0
SetupB_Density,20,2,21,15,0,0,0
SetupB_Density,20,2,21,16,0,0,0
SetupB_Density,20,2,21,17,0,0,0
SetupB_Density,20,2,21,18,0,0,0
SetupB_Density,20,2,22,0,380,191,189
SetupB_Density,20,2,22,1,687,266,421
SetupB_Density,20,2,22,2,39,33,6
SetupB_Density,20,2,22,3,8,8,0
SetupB_Density,20,2,22,4,0,0,0
SetupB_Density,20,2,22,5,0,0,0
SetupB_Density,20,2,22,6,0,0,0
SetupB_Density,20,2,22,7,0,0,0
SetupB_Density,20,2,22,8,0,0,0
SetupB_Density,20,2,22,9,0,0,0
SetupB_Density,20,2,22,10,0,0,0
SetupB_Density,20,2,22,11,0,0,0
SetupB_Density,20,2,22,12,0,0,0
SetupB_Density,20,2,22,13,0,0,0
SetupB_Density,20,2,22,14,0,0,0
SetupB_Density,20,2,22,15,0,0,0
SetupB_Density,20,2,22,16,0,0,0
SetupB_Density,20,2,22,17,0,0,0
SetupB_Density,20,2,22,18,0,0,0
SetupB_Density,20,2,23,0,380,191,189
SetupB_Density,20,2,23,1,544,233,311
SetupB_Density,20,2,23,2,57,45,12
SetupB_Density,20,2,23,3,12,12,0
SetupB_Density,20,2,23,4,0,0,0
SetupB_Density,20,2,23,5,0,0,0
SetupB_Density,20,2,23,6,0,0,0
SetupB_Density,20,2,23,7,0,0,0
SetupB_Density,20,2,23,8,0,0,0
SetupB_Density,20,2,23,9,0,0,0
SetupB_Density,20,2,23,10,0,0,0
SetupB_Density,20,2,23,11,0,0,0
SetupB_Density,20,2,23,12,0,0,0
SetupB_Density,20,2,23,13,0,0,0
SetupB_Density,20,2,23,14,0,0,0
SetupB_Density,20,2,23,15,0,0,0
SetupB_Density,20,2,23,16,0,0,0
SetupB_Density,20,2,23,17,0,0,0
SetupB_Density,20,2,23,18,0,0,0
SetupB_Density,20,2,24,0,380,191,189
SetupB_Density,20,2,24,1,263,92,171
SetupB_Density,20,2,24,2,27,20,7
SetupB_Density,20,2,24,3,0,0,0
SetupB_Density,20,2,24,4,0,0,0
SetupB_Density,20,2,24,5,0,0,0
SetupB_Density,20,2,24,6,0,0,0
SetupB_Density,20,2,24,7,0,0,0
SetupB_Density,20,2,24,8,0,0,0
SetupB_Density,20,2,24,9,0,0,0
SetupB_Density,20,2,24,10,0,0,0
SetupB_Density,20,2,24,11,0,0,0
SetupB_Density,20,2,24,12,0,0,0
SetupB_Density,20,2,24,13,0,0,0
SetupB_Density,20,2,24,14,0,0,0
SetupB_Density,20,2,24,15,0,0,0
SetupB_Density,20,2,24,16,0,0,0
SetupB_Density,20,2,24,17,0,0,0
SetupB_Density,20,2,24,18,0,0,0
SetupB_Density,20,2,25,0,380,191,189
SetupB_Density,20,2,25,1,605,213,392
SetupB_Density,20,2,25,2,47,36,11
SetupB_Density,20,2,25,3,8,8,0
SetupB_Density,20,2,25,4,0,0,0
SetupB_Density,20,2,25,5,0,0,0
SetupB_Density,20,2,25,6,0,0,0
SetupB_Density,20,2,25,7,0,0,0
SetupB_Density,20,2,25,8,0,0,0
SetupB_Density,20,2,25,9,0,0,0
SetupB_Density,20,2,25,10,0,0,0
SetupB_Density,20,2,25,11,0,0,0
SetupB_Density,20,2,25,12,0,0,0
SetupB_Density,20,2,25,13,0,0,0
SetupB_Density,20,2,25,14,0,0,0
SetupB_Density,20,2,25,15,0,0,0
SetupB_Density,20,2,25,16,0,0,0
SetupB_Density,20,2,25,17,0,0,0
SetupB_Density,20,2,25,18,0,0,0
SetupB_Density,20,2,26,0,380,191,189
SetupB_Density,20,2,26,1,392,135,257
SetupB_Density,20,2,26,2,66,52,14
SetupB_Density,20,2,26,3,8,8,0
SetupB_Density,20,2,26,4,0,0,0
SetupB_Density,20,2,26,5,0,0,0
SetupB_Density,20,2,26,6,0,0,0
SetupB_Density,20,2,26,7,0,0,0
SetupB_Density,20,2,26,8,0,0,0
SetupB_Density,20,2,26,9,0,0,0
SetupB_Density,20,2,26,10,0,0,0
SetupB_Density,20,2,26,11,0,0,0
SetupB_Density,20,2,26,12,0,0,0
SetupB_Density,20,2,26,13,0,0,0
SetupB_Density,20,2,26,14,0,0,0
SetupB_Density,20,2,26,15,0,0,0
SetupB_Density,20,2,26,16,0,0,0
SetupB_Density,20,2,26,17,0,0,0
SetupB_Density,20,2,26,18,0,0,0
SetupB_Density,20,2,27,0,380,191,189
SetupB_Density,20,2,27,1,877,290,587
SetupB_Density,20,2,27,2,728,405,323
SetupB_Density,20,2,27,3,350,260,90
SetupB_Density,20,2,27,4,35,35,0
SetupB_Density,20,2,27,5,6,6,0
SetupB_Density,20,2,27,6,0,0,0
SetupB_Density,20,2,27,7,0,0,0
SetupB_Density,20,2,27,8,0,0,0
SetupB_Density,20,2,27,9,0,0,0
SetupB_Density,20,2,27,10,0,0,0
SetupB_Density,20,2,27,11,0,0,0
SetupB_Density,20,2,27,12,0,0,0
SetupB_Density,20,2,27,13,0,0,0
SetupB_Density,20,2,27,14,0,0,0
SetupB_Density,20,2,27,15,0,0,0
SetupB_Density,20,2,27,16,0,0,0
SetupB_Density,20,2,27,17,0,0,0
SetupB_Density,20,2,27,18,0,0,0
SetupB_Density,20,2,28,0,380,191,189
SetupB_Density,20,2,28,1,759,304,455
SetupB_Density,20,2,28,2,832,409,423
SetupB_Density,20,2,28,3,297,147,150
SetupB_Density,20,2,28,4,72,41,31
SetupB_Density,20,2,28,5,0,0,0
SetupB_Density,20,2,28,6,0,0,0
SetupB_Density,20,2,28,7,0,0,0
SetupB_Density,20,2,28,8,0,0,0
SetupB_Density,20,2,28,9,0,0,0
SetupB_Density,20,2,28,10,0,0,0
SetupB_Density,20,2,28,11,0,0,0
SetupB_Density,20,2,28,12,0,0,0
SetupB_Density,20,2,28,13,0,0,0
SetupB_Density,20,2,28,14,0,0,0
SetupB_Density,20,2,28,15,0,0,0
SetupB_Density,20,2,28,16,0,0,0
SetupB_Density,20,2,28,17,0,0,0
SetupB_Density,20,2,28,18,0,0,0
SetupB_Density,20,2,29,0,380,191,189
SetupB_Density,20,2,29,1,763,303,460
SetupB_Density,20,2,29,2,202,73,129
SetupB_Density,20,2,29,3,44,24,20
SetupB_Density,20,2,29,4,10,5,5
SetupB_Density,20,2,29,5,0,0,0
SetupB_Density,20,2,29,6,0,0,0
SetupB_Density,20,2,29,7,0,0,0
SetupB_Density,20,2,29,8,0,0,0
SetupB_Density,20,2,29,9,0,0,0
SetupB_Density,20,2,29,10,0,0,0
SetupB_Density,20,2,29,11,0,0,0
SetupB_Density,20,2,29,12,0,0,0
SetupB_Density,20,2,29,13,0,0,0
SetupB_Density,20,2,29,14,0,0,0
SetupB_Density,20,2,29,15,0,0,0
SetupB_Density,20,2,29,16,0,0,0
SetupB_Density,20,2,29,17,0,0,0
SetupB_Density,20,2,29,18,0,0,0
SetupB_Density,20,3,0,0,380,191,189
SetupB_Density,20,3,0,1,2430,1015,1415
SetupB_Density,20,3,0,2,2849,2011,838
SetupB_Density,20,3,0,3,77,64,13
SetupB_Density,20,3,0,4,10,10,0
SetupB_Density,20,3,0,5,0,0,0
SetupB_Density,20,3,0,6,0,0,0
SetupB_Density,20,3,0,7,0,0,0
SetupB_Density,20,3,0,8,0,0,0
SetupB_Density,20,3,0,9,0,0,0
SetupB_Density,20,3,0,10,0,0,0
SetupB_Density,20,3,0,11,0,0,0
SetupB_Density,20,3,0,12,0,0,0
SetupB_Density,20,3,0,13,0,0,0
SetupB_Density,20,3,0,14,0,0,0
SetupB_Density,20,3,0,15,0,0,0
SetupB_Density,20,3,0,16,0,0,0
SetupB_Density,20,3,0,17,0,0,0
SetupB_Density,20,3,0,18,0,0,0
SetupB_Density,20,3,1,0,380,191,189
SetupB_Density,20,3,1,1,2786,1150,1636
SetupB_Density,20,3,1,2,4839,3076,1763
SetupB_Density,20,3,1,3,409,393,16
SetupB_Density,20,3,1,4,110,110,0
SetupB_Density,20,3,1,5,42,42,0
SetupB_Density,20,3,1,6,7,7,0
SetupB_Density,20,3,1,7,0,0,0
SetupB_Density,20,3,1,8,0,0,0
SetupB_Density,20,3,1,9,0,0,0
SetupB_Density,20,3,1,10,0,0,0
SetupB_Density,20,3,1,11,0,0,0
SetupB_Density,20,3,1,12,0,0,0
SetupB_Density,20,3,1,13,0,0,0
SetupB_Density,20,3,1,14,0,0,0
SetupB_Density,20,3,1,15,0,0,0
SetupB_Density,20,3,1,16,0,0,0
SetupB_Density,20,3,1,17,0,0,0
SetupB_Density,20,3,1,18,0,0,0
SetupB_Density,20,3,2,0,380,191,189
SetupB_Density,20,3,2,1,1584,590,994
SetupB_Density,20,3,2,2,2327,1249,1078
SetupB_Density,20,3,2,3,596,433,163
SetupB_Density,20,3,2,4,90,79,11
SetupB_Density,20,3,2,5,6,6,0
SetupB_Density,20,3,2,6,0,0,0
SetupB_Density,20,3,2,7,0,0,0
SetupB_Density,20,3,2,8,0,0,0
SetupB_Density,20,3,2,9,0,0,0
SetupB_Density,20,3,2,10,0,0,0
SetupB_Density,20,3,2,11,0,0,0
SetupB_Density,20,3,2,12,0,0,0
SetupB_Density,20,3,2,13,0,0,0
SetupB_Density,20,3,2,14,0,0,0
SetupB_Density,20,3,2,15,0,0,0
SetupB_Density,20,3,2,16,0,0,0
SetupB_Density,20,3,2,17,0,0,0
SetupB_Density,20,3,2,18,0,0,0
SetupB_Density,20,3,3,0,380,191,189
SetupB_Density,20,3,3,1,2681,1150,1531
SetupB_Density,20,3,3,2,4811,3019,1792
SetupB_Density,20,3,3,3,2228,1667,561
SetupB_Density,20,3,3,4,115,111,4
SetupB_Density,20,3,3,5,42,42,0
SetupB_Density,20,3,3,6,7,7,0
SetupB_Density,20,3,3,7,0,0,0
SetupB_Density,20,3,3,8,0,0,0
SetupB_Density,20,3,3,9,0,0,0
SetupB_Density,20,3,3,10,0,0,0
SetupB_Density,20,3,3,11,0,0,0
SetupB_Density,20,3,3,12,0,0,0
SetupB_Density,20,3,3,13,0,0,0
SetupB_Density,20,3,3,14,0,0,0
SetupB_Density,20,3,3,15,0,0,0
SetupB_Density,20,3,3,16,0,0,0
SetupB_Density,20,3,3,17,0,0,0
SetupB_Density,20,3,3,18,0,0,0
SetupB_Density,20,3,4,0,380,191,189
SetupB_Density,20,3,4,1,2728,1155,1573
SetupB_Density,20,3,4,2,3998,2720,1278
SetupB_Density,20,3,4,3,678,579,99
SetupB_Density,20,3,4,4,100,80,20
SetupB_Density,20,3,4,5,12,12,0
SetupB_Density,20,3,4,6,0,0,0
SetupB_Density,20,3,4,7,0,0,0
SetupB_Density,20,3,4,8,0,0,0
SetupB_Density,20,3,4,9,0,0,0
SetupB_Density,20,3,4,10,0,0,0
SetupB_Density,20,3,4,11,0,0,0
SetupB_Density,20,3,4,12,0,0,0
SetupB_Density,20,3,4,13,0,0,0
SetupB_Density,20,3,4,14,0,0,0
SetupB_Density,20,3,4,15,0,0,0
SetupB_Density,20,3,4,16,0,0,0
SetupB_Density,20,3,4,17,0,0,0
SetupB_Density,20,3,4,18,0,0,0
SetupB_Density,20,3,5,0,380,191,189
SetupB_Density,20,3,5,1,2582,1134,1448
SetupB_Density,20,3,5,2,4132,2626,1506
SetupB_Density,20,3,5,3,982,774,208
SetupB_Density,20,3,5,4,45,45,0
SetupB_Density,20,3,5,5,6,6,0
SetupB_Density,20,3,5,6,0,0,0
SetupB_Density,20,3,5,7,0,0,0
SetupB_Density,20,3,5,8,0,0,0
SetupB_Density,20,3,5,9,0,0,0
SetupB_Density,20,3,5,10,0,0,0
SetupB_Density,20,3,5,11,0,0,0
SetupB_Density,20,3,5,12,0,0,0
SetupB_Density,20,3,5,13,0,0,0
SetupB_Density,20,3,5,14,0,0,0
SetupB_Density,20,3,5,15,0,0,0
SetupB_Density,20,3,5,16,0,0,0
SetupB_Density,20,3,5,17,0,0,0
SetupB_Density,20,3,5,18,0,0,0
SetupB_Density,20,3,6,0,380,191,189
SetupB_Density,20,3,6,1,2572,1131,1441
SetupB_Density,20,3,6,2,3199,1948,1251
SetupB_Density,20,3,6,3,2182,1460,722
SetupB_Density,20,3,6,4,744,490,254
SetupB_Density,20,3,6,5,60,24,36
SetupB_Density,20,3,6,6,0,0,0
SetupB_Density,20,3,6,7,0,0,0
SetupB_Density,20,3,6,8,0,0,0
SetupB_Density,20,3,6,9,0,0,0
SetupB_Density,20,3,6,10,0,0,0
SetupB_Density,20,3,6,11,0,0,0
SetupB_Density,20,3,6,12,0,0,0
SetupB_Density,20,3,6,13,0,0,0
SetupB_Density,20,3,6,14,0,0,0
SetupB_Density,20,3,6,15,0,0,0
SetupB_Density,20,3,6,16,0,0,0
SetupB_Density,20,3,6,17,0,0,0
SetupB_Density,20,3,6,18,0,0,0
SetupB_Density,20,3,7,0,380,191,189
SetupB_Density,20,3,7,1,1372,425,947
SetupB_Density,20,3,7,2,2173,1075,1098
SetupB_Density,20,3,7,3,545,444,101
SetupB_Density,20,3,7,4,15,15,0
SetupB_Density,20,3,7,5,0,0,0
SetupB_Density,20,3,7,6,0,0,0
SetupB_Density,20,3,7,7,0,0,0
SetupB_Density,20,3,7,8,0,0,0
SetupB_Density,20,3,7,9,0,0,0
SetupB_Density,20,3,7,10,0,0,0
SetupB_Density,20,3,7,11,0,0,0
SetupB_Density,20,3,7,12,0,0,0
SetupB_Density,20,3,7,13,0,0,0
SetupB_Density,20,3,7,14,0,0,0
SetupB_Density,20,3,7,15,0,0,0
SetupB_Density,20,3,7,16,0,0,0
SetupB_Density,20,3,7,17,0,0,0
SetupB_Density,20,3,7,18,0,0,0
SetupB_Density,20,3,8,0,380,191,189
SetupB_Density,20,3,8,1,2992,1362,1630
SetupB_Density,20,3,8,2,5323,3377,1946
SetupB_Density,20,3,8,3,272,233,39
SetupB_Density,20,3,8,4,144,122,22
SetupB_Density,20,3,8,5,6,6,0
SetupB_Density,20,3,8,6,0,0,0
SetupB_Density,20,3,8,7,0,0,0
SetupB_Density,20,3,8,8,0,0,0
SetupB_Density,20,3,8,9,0,0,0
SetupB_Density,20,3,8,10,0,0,0
SetupB_Density,20,3,8,11,0,0,0
SetupB_Density,20,3,8,12,0,0,0
SetupB_Density,20,3,8,13,0,0,0
SetupB_Density,20,3,8,14,0,0,0
SetupB_Density,20,3,8,15,0,0,0
SetupB_Density,20,3,8,16,0,0,0
SetupB_Density,20,3,8,17,0,0,0
SetupB_Density,20,3,8,18,0,0,0
SetupB_Density,20,3,9,0,380,191,189
SetupB_Density,20,3,9,1,1633,594,1039
SetupB_Density,20,3,9,2,2270,1132,1138
SetupB_Density,20,3,9,3,972,603,369
SetupB_Density,20,3,9,4,634,296,338
SetupB_Density,20,3,9,5,37,2,35
SetupB_Density,20,3,9,6,0,0,0
SetupB_Density,20,3,9,7,0,0,0
SetupB_Density,20,3,9,8,0,0,0
SetupB_Density,20,3,9,9,0,0,0
SetupB_Density,20,3,9,10,0,0,0
SetupB_Density,20,3,9,11,0,0,0
SetupB_Density,20,3,9,12,0,0,0
SetupB_Density,20,3,9,13,0,0,0
SetupB_Density,20,3,9,14,0,0,0
SetupB_Density,20,3,9,15,0,0,0
SetupB_Density,20,3,9,16,0,0,0
SetupB_Density,20,3,9,17,0,0,0
SetupB_Density,20,3,9,18,0,0,0
SetupB_Density,20,3,10,0,380,191,189
SetupB_Density,20,3,10,1,2609,1147,1462
SetupB_Density,20,3,10,2,6141,3651,2490
SetupB_Density,20,3,10,3,2275,1443,832
SetupB_Density,20,3,10,4,573,311,262
SetupB_Density,20,3,10,5,12,12,0
SetupB_Density,20,3,10,6,0,0,0
SetupB_Density,20,3,10,7,0,0,0
SetupB_Density,20,3,10,8,0,0,0
SetupB_Density,20,3,10,9,0,0,0
SetupB_Density,20,3,10,10,0,0,0
SetupB_Density,20,3,10,11,0,0,0
SetupB_Density,20,3,10,12,0,0,0
SetupB_Density,20,3,10,13,0,0,0
SetupB_Density,20,3,10,14,0,0,0
SetupB_Density,20,3,10,15,0,0,0
SetupB_Density,20,3,10,16,0,0,0
SetupB_Density,20,3,10,17,0,0,0
SetupB_Density,20,3,10,18,0,0,0
SetupB_Density,20,3,11,0,380,191,189
SetupB_Density,20,3,11,1,1936,755,1181
SetupB_Density,20,3,11,2,3668,2227,1441
SetupB_Density,20,3,11,3,2918,2177,741
SetupB_Density,20,3,11,4,318,299,19
SetupB_Density,20,3,11,5,12,8,4
SetupB_Density,20,3,11,6,0,0,0
SetupB_Density,20,3,11,7,0,0,0
SetupB_Density,20,3,11,8,0,0,0
SetupB_Density,20,3,11,9,0,0,0
SetupB_Density,20,3,11,10,0,0,0
SetupB_Density,20,3,11,11,0,0,0
SetupB_Density,20,3,11,12,0,0,0
SetupB_Density,20,3,11,13,0,0,0
SetupB_Density,20,3,11,14,0,0,0
SetupB_Density,20,3,11,15,0,0,0
SetupB_Density,20,3,11,16,0,0,0
SetupB_Density,20,3,11,17,0,0,0
SetupB_Density,20,3,11,18,0,0,0
SetupB_Density,20,3,12,0,380,191,189
SetupB_Density,20,3,12,1,2351,969,1382
SetupB_Density,20,3,12,2,5619,3076,2543
SetupB_Density,20,3,12,3,3922,3293,629
SetupB_Density,20,3,12,4,50,50,0
SetupB_Density,20,3,12,5,6,6,0
SetupB_Density,20,3,12,6,0,0,0
SetupB_Density,20,3,12,7,0,0,0
SetupB_Density,20,3,12,8,0,0,0
SetupB_Density,20,3,12,9,0,0,0
SetupB_Density,20,3,12,10,0,0,0
SetupB_Density,20,3,12,11,0,0,0
SetupB_Density,20,3,12,12,0,0,0
SetupB_Density,20,3,12,13,0,0,0
SetupB_Density,20,3,12,14,0,0,0
SetupB_Density,20,3,12,15,0,0,0
SetupB_Density,20,3,12,16,0,0,0
SetupB_Density,20,3,12,17,0,0,0
SetupB_Density,20,3,12,18,0,0,0
SetupB_Density,20,3,13,0,380,191,189
SetupB_Density,20,3,13,1,2404,1066,1338
SetupB_Density,20,3,13,2,4488,2734,1754
SetupB_Density,20,3,13,3,1180,921,259
SetupB_Density,20,3,13,4,162,136,26
SetupB_Density,20,3,13,5,6,6,0
SetupB_Density,20,3,13,6,0,0,0
SetupB_Density,20,3,13,7,0,0,0
SetupB_Density,20,3,13,8,0,0,0
SetupB_Density,20,3,13,9,0,0,0
SetupB_Density,20,3,13,10,0,0,0
SetupB_Density,20,3,13,11,0,0,0
SetupB_Density,20,3,13,12,0,0,0
SetupB_Density,20,3,13,13,0,0,0
SetupB_Density,20,3,13,14,0,0,0
SetupB_Density,20,3,13,15,0,0,0
SetupB_Density,20,3,13,16,0,0,0
SetupB_Density,20,3,13,17,0,0,0
SetupB_Density,20,3,13,18,0,0,0
SetupB_Density,20,3,14,0,380,191,189
SetupB_Density,20,3,14,1,2024,752,1272
SetupB_Density,20,3,14,2,4345,2653,1692
SetupB_Density,20,3,14,3,944,594,350
SetupB_Density,20,3,14,4,570,496,74
SetupB_Density,20,3,14,5,6,6,0
SetupB_Density,20,3,14,6,0,0,0
SetupB_Density,20,3,14,7,0,0,0
SetupB_Density,20,3,14,8,0,0,0
SetupB_Density,20,3,14,9,0,0,0
SetupB_Density,20,3,14,10,0,0,0
SetupB_Density,20,3,14,11,0,0,0
SetupB_Density,20,3,14,12,0,0,0
SetupB_Density,20,3,14,13,0,0,0
SetupB_Density,20,3,14,14,0,0,0
SetupB_Density,20,3,14,15,0,0,0
SetupB_Density,20,3,14,16,0,0,0
SetupB_Density,20,3,14,17,0,0,0
SetupB_Density,20,3,14,18,0,0,0
SetupB_Density,20,3,15,0,380,191,189
SetupB_Density,20,3,15,1,1706,663,1043
SetupB_Density,20,3,15,2,4119,2100,2019
SetupB_Density,20,3,15,3,1803,854,949
SetupB_Density,20,3,15,4,40,30,10
SetupB_Density,20,3,15,5,6,6,0
SetupB_Density,20,3,15,6,0,0,0
SetupB_Density,20,3,15,7,0,0,0
SetupB_Density,20,3,15,8,0,0,0
SetupB_Density,20,3,15,9,0,0,0
SetupB_Density,20,3,15,10,0,0,0
SetupB_Density,20,3,15,11,0,0,0
SetupB_Density,20,3,15,12,0,0,0
SetupB_Density,20,3,15,13,0,0,0
SetupB_Density,20,3,15,14,0,0,0
SetupB_Density,20,3,15,15,0,0,0
SetupB_Density,20,3,15,16,0,0,0
SetupB_Density,20,3,15,17,0,0,0
SetupB_Density,20,3,15,18,0,0,0
SetupB_Density,20,3,16,0,380,191,189
SetupB_Density,20,3,16,1,2663,1185,1478
SetupB_Density,20,3,16,2,2209,1455,754
SetupB_Density,20,3,16,3,953,568,385
SetupB_Density,20,3,16,4,30,25,5
SetupB_Density,20,3,16,5,0,0,0
SetupB_Density,20,3,16,6,0,0,0
SetupB_Density,20,3,16,7,0,0,0
SetupB_Density,20,3,16,8,0,0,0
SetupB_Density,20,3,16,9,0,0,0
SetupB_Density,20,3,16,10,0,0,0
SetupB_Density,20,3,16,11,0,0,0
SetupB_Density,20,3,16,12,0,0,0
SetupB_Density,20,3,16,13,0,0,0
SetupB_Density,20,3,16,14,0,0,0
SetupB_Density,20,3,16,15,0,0,0
SetupB_Density,20,3,16,16,0,0,0
SetupB_Density,20,3,16,17,0,0,0
SetupB_Density,20,3,16,18,0,0,0
SetupB_Density,20,3,17,0,380,191,189
SetupB_Density,20,3,17,1,2142,853,1289
SetupB_Density,20,3,17,2,7425,4147,3278
SetupB_Density,20,3,17,3,3339,2445,894
SetupB_Density,20,3,17,4,55,50,5
SetupB_Density,20,3,17,5,6,6,0
SetupB_Density,20,3,17,6,0,0,0
SetupB_Density,20,3,17,7,0,0,0
SetupB_Density,20,3,17,8,0,0,0
SetupB_Density,20,3,17,9,0,0,0
SetupB_Density,20,3,17,10,0,0,0
SetupB_Density,20,3,17,11,0,0,0
SetupB_Density,20,3,17,12,0,0,0
SetupB_Density,20,3,17,13,0,0,0
SetupB_Density,20,3,17,14,0,0,0
SetupB_Density,20,3,17,15,0,0,0
SetupB_Density,20,3,17,16,0,0,0
SetupB_Density,20,3,17,17,0,0,0
SetupB_Density,20,3,17,18,0,0,0
SetupB_Density,20,3,18,0,380,191,189
SetupB_Density,20,3,18,1,2837,1310,1527
SetupB_Density,20,3,18,2,4515,3083,1432
SetupB_Density,20,3,18,3,2339,1935,404
SetupB_Density,20,3,18,4,95,70,25
SetupB_Density,20,3,18,5,18,12,6
SetupB_Density,20,3,18,6,0,0,0
SetupB_Density,20,3,18,7,0,0,0
SetupB_Density,20,3,18,8,0,0,0
SetupB_Density,20,3,18,9,0,0,0
SetupB_Density,20,3,18,10,0,0,0
SetupB_Density,20,3,18,11,0,0,0
SetupB_Density,20,3,18,12,0,0,0
SetupB_Density,20,3,18,13,0,0,0
SetupB_Density,20,3,18,14,0,0,0
SetupB_Density,20,3,18,15,0,0,0
SetupB_Density,20,3,18,16,0,0,0
SetupB_Density,20,3,18,17,0,0,0
SetupB_Density,20,3,18,18,0,0,0
SetupB_Density,20,3,19,0,380,191,189
SetupB_Density,20,3,19,1,2116,977,1139
SetupB_Density,20,3,19,2,2242,1435,807
SetupB_Density,20,3,19,3,1130,860,270
SetupB_Density,20,3,19,4,162,147,15
SetupB_Density,20,3,19,5,12,12,0
SetupB_Density,20,3,19,6,0,0,0
SetupB_Density,20,3,19,7,0,0,0
SetupB_Density,20,3,19,8,0,0,0
SetupB_Density,20,3,19,9,0,0,0
SetupB_Density,20,3,19,10,0,0,0
SetupB_Density,20,3,19,11,0,0,0
SetupB_Density,20,3,19,12,0,0,0
SetupB_Density,20,3,19,13,0,0,0
SetupB_Density,20,3,19,14,0,0,0
SetupB_Density,20,3,19,15,0,0,0
SetupB_Density,20,3,19,16,0,0,0
SetupB_Density,20,3,19,17,0,0,0
SetupB_Density,20,3,19,18,0,0,0
SetupB_Density,20,3,20,0,380,191,189
SetupB_Density,20,3,20,1,1837,757,1080
SetupB_Density,20,3,20,2,2166,1188,978
SetupB_Density,20,3,20,3,1292,710,582
SetupB_Density,20,3,20,4,35,30,5
SetupB_Density,20,3,20,5,6,6,0
SetupB_Density,20,3,20,6,0,0,0
SetupB_Density,20,3,20,7,0,0,0
SetupB_Density,20,3,20,8,0,0,0
SetupB_Density,20,3,20,9,0,0,0
SetupB_Density,20,3,20,10,0,0,0
SetupB_Density,20,3,20,11,0,0,0
SetupB_Density,20,3,20,12,0,0,0
SetupB_Density,20,3,20,13,0,0,0
SetupB_Density,20,3,20,14,0,0,0
SetupB_Density,20,3,20,15,0,0,0
SetupB_Density,20,3,20,16,0,0,0
SetupB_Density,20,3,20,17,0,0,0
SetupB_Density,20,3,20,18,0,0,0
SetupB_Density,20,3,21,0,380,191,189
SetupB_Density,20,3,21,1,2784,1233,1551
SetupB_Density,20,3,21,2,4419,2947,1472
SetupB_Density,20,3,21,3,2641,1996,645
SetupB_Density,20,3,21,4,797,681,116
SetupB_Density,20,3,21,5,42,42,0
SetupB_Density,20,3,21,6,7,7,0
SetupB_Density,20,3,21,7,0,0,0
SetupB_Density,20,3,21,8,0,0,0
SetupB_Density,20,3,21,9,0,0,0
SetupB_Density,20,3,21,10,0,0,0
SetupB_Density,20,3,21,11,0,0,0
SetupB_Density,20,3,21,12,0,0,0
SetupB_Density,20,3,21,13,0,0,0
SetupB_Density,20,3,21,14,0,0,0
SetupB_Density,20,3,21,15,0,0,0
SetupB_Density,20,3,21,16,0,0,0
SetupB_Density,20,3,21,17,0,0,0
SetupB_Density,20,3,21,18,0,0,0
SetupB_Density,20,3,22,0,380,191,189
SetupB_Density,20,3,22,1,2681,1115,1566
SetupB_Density,20,3,22,2,4341,2590,1751
SetupB_Density,20,3,22,3,696,521,175
SetupB_Density,20,3,22,4,120,115,5
SetupB_Density,20,3,22,5,42,42,0
SetupB_Density,20,3,22,6,7,7,0
SetupB_Density,20,3,22,7,0,0,0
SetupB_Density,20,3,22,8,0,0,0
SetupB_Density,20,3,22,9,0,0,0
SetupB_Density,20,3,22,10,0,0,0
SetupB_Density,20,3,22,11,0,0,0
SetupB_Density,20,3,22,12,0,0,0
SetupB_Density,20,3,22,13,0,0,0
SetupB_Density,20,3,22,14,0,0,0
SetupB_Density,20,3,22,15,0,0,0
SetupB_Density,20,3,22,16,0,0,0
SetupB_Density,20,3,22,17,0,0,0
SetupB_Density,20,3,22,18,0,0,0
SetupB_Density,20,3,23,0,380,191,189
SetupB_Density,20,3,23,1,2569,1082,1487
SetupB_Density,20,3,23,2,3211,2230,981
SetupB_Density,20,3,23,3,602,490,112
SetupB_Density,20,3,23,4,15,15,0
SetupB_Density,20,3,23,5,0,0,0
SetupB_Density,20,3,23,6,0,0,0
SetupB_Density,20,3,23,7,0,0,0
SetupB_Density,20,3,23,8,0,0,0
SetupB_Density,20,3,23,9,0,0,0
SetupB_Density,20,3,23,10,0,0,0
SetupB_Density,20,3,23,11,0,0,0
SetupB_Density,20,3,23,12,0,0,0
SetupB_Density,20,3,23,13,0,0,0
SetupB_Density,20,3,23,14,0,0,0
SetupB_Density,20,3,23,15,0,0,0
SetupB_Density,20,3,23,16,0,0,0
SetupB_Density,20,3,23,17,0,0,0
SetupB_Density,20,3,23,18,0,0,0
SetupB_Density,20,3,24,0,380,191,189
SetupB_Density,20,3,24,1,1548,605,943
SetupB_Density,20,3,24,2,1955,1065,890
SetupB_Density,20,3,24,3,706,318,388
SetupB_Density,20,3,24,4,293,75,218
SetupB_Density,20,3,24,5,6,0,6
SetupB_Density,20,3,24,6,0,0,0
SetupB_Density,20,3,24,7,0,0,0
SetupB_Density,20,3,24,8,0,0,0
SetupB_Density,20,3,24,9,0,0,0
SetupB_Density,20,3,24,10,0,0,0
SetupB_Density,20,3,24,11,0,0,0
SetupB_Density,20,3,24,12,0,0,0
SetupB_Density,20,3,24,13,0,0,0
SetupB_Density,20,3,24,14,0,0,0
SetupB_Density,20,3,24,15,0,0,0
SetupB_Density,20,3,24,16,0,0,0
SetupB_Density,20,3,24,17,0,0,0
SetupB_Density,20,3,24,18,0,0,0
SetupB_Density,20,3,25,0,380,191,189
SetupB_Density,20,3,25,1,2640,1211,1429
SetupB_Density,20,3,25,2,2678,1521,1157
SetupB_Density,20,3,25,3,1033,340,693
SetupB_Density,20,3,25,4,1049,152,897
SetupB_Density,20,3,25,5,6,0,6
SetupB_Density,20,3,25,6,0,0,0
SetupB_Density,20,3,25,7,0,0,0
SetupB_Density,20,3,25,8,0,0,0
SetupB_Density,20,3,25,9,0,0,0
SetupB_Density,20,3,25,10,0,0,0
SetupB_Density,20,3,25,11,0,0,0
SetupB_Density,20,3,25,12,0,0,0
SetupB_Density,20,3,25,13,0,0,0
SetupB_Density,20,3,25,14,0,0,0
SetupB_Density,20,3,25,15,0,0,0
SetupB_Density,20,3,25,16,0,0,0
SetupB_Density,20,3,25,17,0,0,0
SetupB_Density,20,3,25,18,0,0,0
SetupB_Density,20,3,26,0,380,191,189
SetupB_Density,20,3,26,1,2051,810,1241
SetupB_Density,20,3,26,2,2231,1362,869
SetupB_Density,20,3,26,3,997,788,209
SetupB_Density,20,3,26,4,102,93,9
SetupB_Density,20,3,26,5,12,12,0
SetupB_Density,20,3,26,6,0,0,0
SetupB_Density,20,3,26,7,0,0,0
SetupB_Density,20,3,26,8,0,0,0
SetupB_Density,20,3,26,9,0,0,0
SetupB_Density,20,3,26,10,0,0,0
SetupB_Density,20,3,26,11,0,0,0
SetupB_Density,20,3,26,12,0,0,0
SetupB_Density,20,3,26,13,0,0,0
SetupB_Density,20,3,26,14,0,0,0
SetupB_Density,20,3,26,15,0,0,0
SetupB_Density,20,3,26,16,0,0,0
SetupB_Density,20,3,26,17,0,0,0
SetupB_Density,20,3,26,18,0,0,0
SetupB_Density,20,3,27,0,380,191,189
SetupB_Density,20,3,27,1,2253,894,1359
SetupB_Density,20,3,27,2,3326,1843,1483
SetupB_Density,20,3,27,3,2207,1479,728
SetupB_Density,20,3,27,4,819,715,104
SetupB_Density,20,3,27,5,48,48,0
SetupB_Density,20,3,27,6,7,7,0
SetupB_Density,20,3,27,7,0,0,0
SetupB_Density,20,3,27,8,0,0,0
SetupB_Density,20,3,27,9,0,0,0
SetupB_Density,20,3,27,10,0,0,0
SetupB_Density,20,3,27,11,0,0,0
SetupB_Density,20,3,27,12,0,0,0
SetupB_Density,20,3,27,13,0,0,0
SetupB_Density,20,3,27,14,0,0,0
SetupB_Density,20,3,27,15,0,0,0
SetupB_Density,20,3,27,16,0,0,0
SetupB_Density,20,3,27,17,0,0,0
SetupB_Density,20,3,27,18,0,0,0
SetupB_Density,20,3,28,0,380,191,189
SetupB_Density,20,3,28,1,2020,828,1192
SetupB_Density,20,3,28,2,4804,2868,1936
SetupB_Density,20,3,28,3,5168,3759,1409
SetupB_Density,20,3,28,4,2316,1718,598
SetupB_Density,20,3,28,5,467,392,75
SetupB_Density,20,3,28,6,56,56,0
SetupB_Density,20,3,28,7,8,8,0
SetupB_Density,20,3,28,8,0,0,0
SetupB_Density,20,3,28,9,0,0,0
SetupB_Density,20,3,28,10,0,0,0
SetupB_Density,20,3,28,11,0,0,0
SetupB_Density,20,3,28,12,0,0,0
SetupB_Density,20,3,28,13,0,0,0
SetupB_Density,20,3,28,14,0,0,0
SetupB_Density,20,3,28,15,0,0,0
SetupB_Density,20,3,28,16,0,0,0
SetupB_Density,20,3,28,17,0,0,0
SetupB_Density,20,3,28,18,0,0,0
SetupB_Density,20,3,29,0,380,191,189
SetupB_Density,20,3,29,1,2475,1046,1429
SetupB_Density,20,3,29,2,3470,2007,1463
SetupB_Density,20,3,29,3,677,248,429
SetupB_Density,20,3,29,4,301,57,244
SetupB_Density,20,3,29,5,12,6,6
SetupB_Density,20,3,29,6,0,0,0
SetupB_Density,20,3,29,7,0,0,0
SetupB_Density,20,3,29,8,0,0,0
SetupB_Density,20,3,29,9,0,0,0
SetupB_Density,20,3,29,10,0,0,0
SetupB_Density,20,3,29,11,0,0,0
SetupB_Density,20,3,29,12,0,0,0
SetupB_Density,20,3,29,13,0,0,0
SetupB_Density,20,3,29,14,0,0,0
SetupB_Density,20,3,29,15,0,0,0
SetupB_Density,20,3,29,16,0,0,0
SetupB_Density,20,3,29,17,0,0,0
SetupB_Density,20,3,29,18,0,0,0
SetupB_Density,20,4,0,0,380,191,189
SetupB_Density,20,4,0,1,4905,2242,2663
SetupB_Density,20,4,0,2,13846,8994,4852
SetupB_Density,20,4,0,3,14138,11208,2930
SetupB_Density,20,4,0,4,5348,4725,623
SetupB_Density,20,4,0,5,546,546,0
SetupB_Density,20,4,0,6,259,259,0
SetupB_Density,20,4,0,7,72,72,0
SetupB_Density,20,4,0,8,9,9,0
SetupB_Density,20,4,0,9,0,0,0
SetupB_Density,20,4,0,10,0,0,0
SetupB_Density,20,4,0,11,0,0,0
SetupB_Density,20,4,0,12,0,0,0
SetupB_Density,20,4,0,13,0,0,0
SetupB_Density,20,4,0,14,0,0,0
SetupB_Density,20,4,0,15,0,0,0
SetupB_Density,20,4,0,16,0,0,0
SetupB_Density,20,4,0,17,0,0,0
SetupB_Density,20,4,0,18,0,0,0
SetupB_Density,20,4,1,0,380,191,189
SetupB_Density,20,4,1,1,4080,1796,2284
SetupB_Density,20,4,1,2,14025,8384,5641
SetupB_Density,20,4,1,3,8950,7060,1890
SetupB_Density,20,4,1,4,3621,3216,405
SetupB_Density,20,4,1,5,522,522,0
SetupB_Density,20,4,1,6,252,252,0
SetupB_Density,20,4,1,7,72,72,0
SetupB_Density,20,4,1,8,9,9,0
SetupB_Density,20,4,1,9,0,0,0
SetupB_Density,20,4,1,10,0,0,0
SetupB_Density,20,4,1,11,0,0,0
SetupB_Density,20,4,1,12,0,0,0
SetupB_Density,20,4,1,13,0,0,0
SetupB_Density,20,4,1,14,0,0,0
SetupB_Density,20,4,1,15,0,0,0
SetupB_Density,20,4,1,16,0,0,0
SetupB_Density,20,4,1,17,0,0,0
SetupB_Density,20,4,1,18,0,0,0
SetupB_Density,20,4,2,0,380,191,189
SetupB_Density,20,4,2,1,3139,1296,1843
SetupB_Density,20,4,2,2,11422,6603,4819
SetupB_Density,20,4,2,3,13358,8369,4989
SetupB_Density,20,4,2,4,11579,7273,4306
SetupB_Density,20,4,2,5,10866,6203,4663
SetupB_Density,20,4,2,6,11768,6491,5277
SetupB_Density,20,4,2,7,1097,427,670
SetupB_Density,20,4,2,8,0,0,0
SetupB_Density,20,4,2,9,0,0,0
SetupB_Density,20,4,2,10,0,0,0
SetupB_Density,20,4,2,11,0,0,0
SetupB_Density,20,4,2,12,0,0,0
SetupB_Density,20,4,2,13,0,0,0
SetupB_Density,20,4,2,14,0,0,0
SetupB_Density,20,4,2,15,0,0,0
SetupB_Density,20,4,2,16,0,0,0
SetupB_Density,20,4,2,17,0,0,0
SetupB_Density,20,4,2,18,0,0,0
SetupB_Density,20,4,3,0,380,191,189
SetupB_Density,20,4,3,1,4402,2130,2272
SetupB_Density,20,4,3,2,9573,6396,3177
SetupB_Density,20,4,3,3,24211,18271,5940
SetupB_Density,20,4,3,4,21350,16286,5064
SetupB_Density,20,4,3,5,1233,1090,143
SetupB_Density,20,4,3,6,119,113,6
SetupB_Density,20,4,3,7,8,8,0
SetupB_Density,20,4,3,8,0,0,0
SetupB_Density,20,4,3,9,0,0,0
SetupB_Density,20,4,3,10,0,0,0
SetupB_Density,20,4,3,11,0,0,0
SetupB_Density,20,4,3,12,0,0,0
SetupB_Density,20,4,3,13,0,0,0
SetupB_Density,20,4,3,14,0,0,0
SetupB_Density,20,4,3,15,0,0,0
SetupB_Density,20,4,3,16,0,0,0
SetupB_Density,20,4,3,17,0,0,0
SetupB_Density,20,4,3,18,0,0,0
SetupB_Density,20,4,4,0,380,191,189
SetupB_Density,20,4,4,1,3975,1710,2265
SetupB_Density,20,4,4,2,16793,9011,7782
SetupB_Density,20,4,4,3,16381,11780,4601
SetupB_Density,20,4,4,4,9855,6018,3837
SetupB_Density,20,4,4,5,5417,4104,1313
SetupB_Density,20,4,4,6,227,175,52
SetupB_Density,20,4,4,7,0,0,0
SetupB_Density,20,4,4,8,0,0,0
SetupB_Density,20,4,4,9,0,0,0
SetupB_Density,20,4,4,10,0,0,0
SetupB_Density,20,4,4,11,0,0,0
SetupB_Density,20,4,4,12,0,0,0
SetupB_Density,20,4,4,13,0,0,0
SetupB_Density,20,4,4,14,0,0,0
SetupB_Density,20,4,4,15,0,0,0
SetupB_Density,20,4,4,16,0,0,0
SetupB_Density,20,4,4,17,0,0,0
SetupB_Density,20,4,4,18,0,0,0
SetupB_Density,20,4,5,0,380,191,189
SetupB_Density,20,4,5,1,3509,1535,1974
SetupB_Density,20,4,5,2,12673,7320,5353
SetupB_Density,20,4,5,3,13224,9631,3593
SetupB_Density,20,4,5,4,2875,1361,1514
SetupB_Density,20,4,5,5,1860,733,1127
SetupB_Density,20,4,5,6,63,63,0
SetupB_Density,20,4,5,7,8,8,0
SetupB_Density,20,4,5,8,0,0,0
SetupB_Density,20,4,5,9,0,0,0
SetupB_Density,20,4,5,10,0,0,0
SetupB_Density,20,4,5,11,0,0,0
SetupB_Density,20,4,5,12,0,0,0
SetupB_Density,20,4,5,13,0,0,0
SetupB_Density,20,4,5,14,0,0,0
SetupB_Density,20,4,5,15,0,0,0
SetupB_Density,20,4,5,16,0,0,0
SetupB_Density,20,4,5,17,0,0,0
SetupB_Density,20,4,5,18,0,0,0
SetupB_Density,20,4,6,0,380,191,189
SetupB_Density,20,4,6,1,4288,1985,2303
SetupB_Density,20,4,6,2,10859,6943,3916
SetupB_Density,20,4,6,3,15214,11692,3522
SetupB_Density,20,4,6,4,10954,8717,2237
SetupB_Density,20,4,6,5,5275,4753,522
SetupB_Density,20,4,6,6,266,240,26
SetupB_Density,20,4,6,7,8,8,0
SetupB_Density,20,4,6,8,0,0,0
SetupB_Density,20,4,6,9,0,0,0
SetupB_Density,20,4,6,10,0,0,0
SetupB_Density,20,4,6,11,0,0,0
SetupB_Density,20,4,6,12,0,0,0
SetupB_Density,20,4,6,13,0,0,0
SetupB_Density,20,4,6,14,0,0,0
SetupB_Density,20,4,6,15,0,0,0
SetupB_Density,20,4,6,16,0,0,0
SetupB_Density,20,4,6,17,0,0,0
SetupB_Density,20,4,6,18,0,0,0
SetupB_Density,20,4,7,0,380,191,189
SetupB_Density,20,4,7,1,2646,991,1655
SetupB_Density,20,4,7,2,9774,5288,4486
SetupB_Density,20,4,7,3,10669,8294,2375
SetupB_Density,20,4,7,4,2326,2032,294
SetupB_Density,20,4,7,5,48,42,6
SetupB_Density,20,4,7,6,7,7,0
SetupB_Density,20,4,7,7,0,0,0
SetupB_Density,20,4,7,8,0,0,0
SetupB_Density,20,4,7,9,0,0,0
SetupB_Density,20,4,7,10,0,0,0
SetupB_Density,20,4,7,11,0,0,0
SetupB_Density,20,4,7,12,0,0,0
SetupB_Density,20,4,7,13,0,0,0
SetupB_Density,20,4,7,14,0,0,0
SetupB_Density,20,4,7,15,0,0,0
SetupB_Density,20,4,7,16,0,0,0
SetupB_Density,20,4,7,17,0,0,0
SetupB_Density,20,4,7,18,0,0,0
SetupB_Density,20,4,8,0,380,191,189
SetupB_Density,20,4,8,1,4570,2089,2481
SetupB_Density,20,4,8,2,11829,7809,4020
SetupB_Density,20,4,8,3,8327,6763,1564
SetupB_Density,20,4,8,4,7823,6915,908
SetupB_Density,20,4,8,5,66,66,0
SetupB_Density,20,4,8,6,7,7,0
SetupB_Density,20,4,8,7,0,0,0
SetupB_Density,20,4,8,8,0,0,0
SetupB_Density,20,4,8,9,0,0,0
SetupB_Density,20,4,8,10,0,0,0
SetupB_Density,20,4,8,11,0,0,0
SetupB_Density,20,4,8,12,0,0,0
SetupB_Density,20,4,8,13,0,0,0
SetupB_Density,20,4,8,14,0,0,0
SetupB_Density,20,4,8,15,0,0,0
SetupB_Density,20,4,8,16,0,0,0
SetupB_Density,20,4,8,17,0,0,0
SetupB_Density,20,4,8,18,0,0,0
SetupB_Density,20,4,9,0,380,191,189
SetupB_Density,20,4,9,1,2503,978,1525
SetupB_Density,20,4,9,2,7031,3793,3238
SetupB_Density,20,4,9,3,12675,7357,5318
SetupB_Density,20,4,9,4,22005,8832,13173
SetupB_Density,20,4,9,5,47933,19318,28615
SetupB_Density,20,4,9,6,42478,19495,22983
SetupB_Density,20,4,9,7,23897,11644,12253
SetupB_Density,20,4,9,8,4785,2146,2639
SetupB_Density,20,4,9,9,0,0,0
SetupB_Density,20,4,9,10,0,0,0
SetupB_Density,20,4,9,11,0,0,0
SetupB_Density,20,4,9,12,0,0,0
SetupB_Density,20,4,9,13,0,0,0
SetupB_Density,20,4,9,14,0,0,0
SetupB_Density,20,4,9,15,0,0,0
SetupB_Density,20,4,9,16,0,0,0
SetupB_Density,20,4,9,17,0,0,0
SetupB_Density,20,4,9,18,0,0,0
SetupB_Density,20,4,10,0,380,191,189
SetupB_Density,20,4,10,1,4344,1979,2365
SetupB_Density,20,4,10,2,16744,10097,6647
SetupB_Density,20,4,10,3,11636,9913,1723
SetupB_Density,20,4,10,4,4456,4197,259
SetupB_Density,20,4,10,5,582,579,3
SetupB_Density,20,4,10,6,56,56,0
SetupB_Density,20,4,10,7,8,8,0
SetupB_Density,20,4,10,8,0,0,0
SetupB_Density,20,4,10,9,0,0,0
SetupB_Density,20,4,10,10,0,0,0
SetupB_Density,20,4,10,11,0,0,0
SetupB_Density,20,4,10,12,0,0,0
SetupB_Density,20,4,10,13,0,0,0
SetupB_Density,20,4,10,14,0,0,0
SetupB_Density,20,4,10,15,0,0,0
SetupB_Density,20,4,10,16,0,0,0
SetupB_Density,20,4,10,17,0,0,0
SetupB_Density,20,4,10,18,0,0,0
SetupB_Density,20,4,11,0,380,191,189
SetupB_Density,20,4,11,1,4104,1850,2254
SetupB_Density,20,4,11,2,14121,8416,5705
SetupB_Density,20,4,11,3,25929,20724,5205
SetupB_Density,20,4,11,4,4808,4127,681
SetupB_Density,20,4,11,5,1341,1232,109
SetupB_Density,20,4,11,6,14,14,0
SetupB_Density,20,4,11,7,0,0,0
SetupB_Density,20,4,11,8,0,0,0
SetupB_Density,20,4,11,9,0,0,0
SetupB_Density,20,4,11,10,0,0,0
SetupB_Density,20,4,11,11,0,0,0
SetupB_Density,20,4,11,12,0,0,0
SetupB_Density,20,4,11,13,0,0,0
SetupB_Density,20,4,11,14,0,0,0
SetupB_Density,20,4,11,15,0,0,0
SetupB_Density,20,4,11,16,0,0,0
SetupB_Density,20,4,11,17,0,0,0
SetupB_Density,20,4,11,18,0,0,0
SetupB_Density,20,4,12,0,380,191,189
SetupB_Density,20,4,12,1,4084,1810,2274
SetupB_Density,20,4,12,2,14110,8434,5676
SetupB_Density,20,4,12,3,37723,26556,11167
SetupB_Density,20,4,12,4,30184,26461,3723
SetupB_Density,20,4,12,5,600,595,5
SetupB_Density,20,4,12,6,63,63,0
SetupB_Density,20,4,12,7,8,8,0
SetupB_Density,20,4,12,8,0,0,0
SetupB_Density,20,4,12,9,0,0,0
SetupB_Density,20,4,12,10,0,0,0
SetupB_Density,20,4,12,11,0,0,0
SetupB_Density,20,4,12,12,0,0,0
SetupB_Density,20,4,12,13,0,0,0
SetupB_Density,20,4,12,14,0,0,0
SetupB_Density,20,4,12,15,0,0,0
SetupB_Density,20,4,12,16,0,0,0
SetupB_Density,20,4,12,17,0,0,0
SetupB_Density,20,4,12,18,0,0,0
SetupB_Density,20,4,13,0,380,191,189
SetupB_Density,20,4,13,1,4573,2162,2411
SetupB_Density,20,4,13,2,10002,6481,3521
SetupB_Density,20,4,13,3,11066,8854,2212
SetupB_Density,20,4,13,4,6784,6051,733
SetupB_Density,20,4,13,5,66,60,6
SetupB_Density,20,4,13,6,0,0,0
SetupB_Density,20,4,13,7,0,0,0
SetupB_Density,20,4,13,8,0,0,0
SetupB_Density,20,4,13,9,0,0,0
SetupB_Density,20,4,13,10,0,0,0
SetupB_Density,20,4,13,11,0,0,0
SetupB_Density,20,4,13,12,0,0,0
SetupB_Density,20,4,13,13,0,0,0
SetupB_Density,20,4,13,14,0,0,0
SetupB_Density,20,4,13,15,0,0,0
SetupB_Density,20,4,13,16,0,0,0
SetupB_Density,20,4,13,17,0,0,0
SetupB_Density,20,4,13,18,0,0,0
SetupB_Density,20,4,14,0,380,191,189
SetupB_Density,20,4,14,1,3189,1219,1970
SetupB_Density,20,4,14,2,14596,7820,6776
SetupB_Density,20,4,14,3,28947,21530,7417
SetupB_Density,20,4,14,4,3377,2510,867
SetupB_Density,20,4,14,5,90,90,0
SetupB_Density,20,4,14,6,14,14,0
SetupB_Density,20,4,14,7,0,0,0
SetupB_Density,20,4,14,8,0,0,0
SetupB_Density,20,4,14,9,0,0,0
SetupB_Density,20,4,14,10,0,0,0
SetupB_Density,20,4,14,11,0,0,0
SetupB_Density,20,4,14,12,0,0,0
SetupB_Density,20,4,14,13,0,0,0
SetupB_Density,20,4,14,14,0,0,0
SetupB_Density,20,4,14,15,0,0,0
SetupB_Density,20,4,14,16,0,0,0
SetupB_Density,20,4,14,17,0,0,0
SetupB_Density,20,4,14,18,0,0,0
SetupB_Density,20,4,15,0,380,191,189
SetupB_Density,20,4,15,1,2726,1065,1661
SetupB_Density,20,4,15,2,8293,4789,3504
SetupB_Density,20,4,15,3,15405,10739,4666
SetupB_Density,20,4,15,4,8232,5837,2395
SetupB_Density,20,4,15,5,90,79,11
SetupB_Density,20,4,15,6,14,14,0
SetupB_Density,20,4,15,7,0,0,0
SetupB_Density,20,4,15,8,0,0,0
SetupB_Density,20,4,15,9,0,0,0
SetupB_Density,20,4,15,10,0,0,0
SetupB_Density,20,4,15,11,0,0,0
SetupB_Density,20,4,15,12,0,0,0
SetupB_Density,20,4,15,13,0,0,0
SetupB_Density,20,4,15,14,0,0,0
SetupB_Density,20,4,15,15,0,0,0
SetupB_Density,20,4,15,16,0,0,0
SetupB_Density,20,4,15,17,0,0,0
SetupB_Density,20,4,15,18,0,0,0
SetupB_Density,20,4,16,0,380,191,189
SetupB_Density,20,4,16,1,5177,2443,2734
SetupB_Density,20,4,16,2,17021,10656,6365
SetupB_Density,20,4,16,3,4653,3711,942
SetupB_Density,20,4,16,4,5137,4307,830
SetupB_Density,20,4,16,5,372,342,30
SetupB_Density,20,4,16,6,56,56,0
SetupB_Density,20,4,16,7,8,8,0
SetupB_Density,20,4,16,8,0,0,0
SetupB_Density,20,4,16,9,0,0,0
SetupB_Density,20,4,16,10,0,0,0
SetupB_Density,20,4,16,11,0,0,0
SetupB_Density,20,4,16,12,0,0,0
SetupB_Density,20,4,16,13,0,0,0
SetupB_Density,20,4,16,14,0,0,0
SetupB_Density,20,4,16,15,0,0,0
SetupB_Density,20,4,16,16,0,0,0
SetupB_Density,20,4,16,17,0,0,0
SetupB_Density,20,4,16,18,0,0,0
SetupB_Density,20,4,17,0,380,191,189
SetupB_Density,20,4,17,1,3427,1525,1902
SetupB_Density,20,4,17,2,14259,8427,5832
SetupB_Density,20,4,17,3,32702,23889,8813
SetupB_Density,20,4,17,4,19789,17660,2129
SetupB_Density,20,4,17,5,8376,8012,364
SetupB_Density,20,4,17,6,1513,1485,28
SetupB_Density,20,4,17,7,0,0,0
SetupB_Density,20,4,17,8,0,0,0
SetupB_Density,20,4,17,9,0,0,0
SetupB_Density,20,4,17,10,0,0,0
SetupB_Density,20,4,17,11,0,0,0
SetupB_Density,20,4,17,12,0,0,0
SetupB_Density,20,4,17,13,0,0,0
SetupB_Density,20,4,17,14,0,0,0
SetupB_Density,20,4,17,15,0,0,0
SetupB_Density,20,4,17,16,0,0,0
SetupB_Density,20,4,17,17,0,0,0
SetupB_Density,20,4,17,18,0,0,0
SetupB_Density,20,4,18,0,380,191,189
SetupB_Density,20,4,18,1,3884,1771,2113
SetupB_Density,20,4,18,2,11344,7202,4142
SetupB_Density,20,4,18,3,21206,16227,4979
SetupB_Density,20,4,18,4,13567,10560,3007
SetupB_Density,20,4,18,5,89,84,5
SetupB_Density,20,4,18,6,7,7,0
SetupB_Density,20,4,18,7,0,0,0
SetupB_Density,20,4,18,8,0,0,0
SetupB_Density,20,4,18,9,0,0,0
SetupB_Density,20,4,18,10,0,0,0
SetupB_Density,20,4,18,11,0,0,0
SetupB_Density,20,4,18,12,0,0,0
SetupB_Density,20,4,18,13,0,0,0
SetupB_Density,20,4,18,14,0,0,0
SetupB_Density,20,4,18,15,0,0,0
SetupB_Density,20,4,18,16,0,0,0
SetupB_Density,20,4,18,17,0,0,0
SetupB_Density,20,4,18,18,0,0,0
SetupB_Density,20,4,19,0,380,191,189
SetupB_Density,20,4,19,1,3722,1678,2044
SetupB_Density,20,4,19,2,7864,4987,2877
SetupB_Density,20,4,19,3,8467,6069,2398
SetupB_Density,20,4,19,4,10309,7906,2403
SetupB_Density,20,4,19,5,558,558,0
SetupB_Density,20,4,19,6,259,259,0
SetupB_Density,20,4,19,7,72,72,0
SetupB_Density,20,4,19,8,9,9,0
SetupB_Density,20,4,19,9,0,0,0
SetupB_Density,20,4,19,10,0,0,0
SetupB_Density,20,4,19,11,0,0,0
SetupB_Density,20,4,19,12,0,0,0
SetupB_Density,20,4,19,13,0,0,0
SetupB_Density,20,4,19,14,0,0,0
SetupB_Density,20,4,19,15,0,0,0
SetupB_Density,20,4,19,16,0,0,0
SetupB_Density,20,4,19,17,0,0,0
SetupB_Density,20,4,19,18,0,0,0
SetupB_Density,20,4,20,0,380,191,189
SetupB_Density,20,4,20,1,4629,2098,2531
SetupB_Density,20,4,20,2,11479,7393,4086
SetupB_Density,20,4,20,3,20099,15667,4432
SetupB_Density,20,4,20,4,6703,5854,849
SetupB_Density,20,4,20,5,380,228,152
SetupB_Density,20,4,20,6,14,14,0
SetupB_Density,20,4,20,7,0,0,0
SetupB_Density,20,4,20,8,0,0,0
SetupB_Density,20,4,20,9,0,0,0
SetupB_Density,20,4,20,10,0,0,0
SetupB_Density,20,4,20,11,0,0,0
SetupB_Density,20,4,20,12,0,0,0
SetupB_Density,20,4,20,13,0,0,0
SetupB_Density,20,4,20,14,0,0,0
SetupB_Density,20,4,20,15,0,0,0
SetupB_Density,20,4,20,16,0,0,0
SetupB_Density,20,4,20,17,0,0,0
SetupB_Density,20,4,20,18,0,0,0
SetupB_Density,20,4,21,0,380,191,189
SetupB_Density,20,4,21,1,5107,2424,2683
SetupB_Density,20,4,21,2,20831,12508,8323
SetupB_Density,20,4,21,3,14323,11038,3285
SetupB_Density,20,4,21,4,3236,2960,276
SetupB_Density,20,4,21,5,216,216,0
SetupB_Density,20,4,21,6,63,63,0
SetupB_Density,20,4,21,7,8,8,0
SetupB_Density,20,4,21,8,0,0,0
SetupB_Density,20,4,21,9,0,0,0
SetupB_Density,20,4,21,10,0,0,0
SetupB_Density,20,4,21,11,0,0,0
SetupB_Density,20,4,21,12,0,0,0
SetupB_Density,20,4,21,13,0,0,0
SetupB_Density,20,4,21,14,0,0,0
SetupB_Density,20,4,21,15,0,0,0
SetupB_Density,20,4,21,16,0,0,0
SetupB_Density,20,4,21,17,0,0,0
SetupB_Density,20,4,21,18,0,0,0
SetupB_Density,20,4,22,0,380,191,189
SetupB_Density,20,4,22,1,4842,2193,2649
SetupB_Density,20,4,22,2,24140,14083,10057
SetupB_Density,20,4,22,3,23045,18282,4763
SetupB_Density,20,4,22,4,2430,2368,62
SetupB_Density,20,4,22,5,1264,1244,20
SetupB_Density,20,4,22,6,56,56,0
SetupB_Density,20,4,22,7,8,8,0
SetupB_Density,20,4,22,8,0,0,0
SetupB_Density,20,4,22,9,0,0,0
SetupB_Density,20,4,22,10,0,0,0
SetupB_Density,20,4,22,11,0,0,0
SetupB_Density,20,4,22,12,0,0,0
SetupB_Density,20,4,22,13,0,0,0
SetupB_Density,20,4,22,14,0,0,0
SetupB_Density,20,4,22,15,0,0,0
SetupB_Density,20,4,22,16,0,0,0
SetupB_Density,20,4,22,17,0,0,0
SetupB_Density,20,4,22,18,0,0,0
SetupB_Density,20,4,23,0,380,191,189
SetupB_Density,20,4,23,1,5250,2416,2834
SetupB_Density,20,4,23,2,18728,11999,6729
SetupB_Density,20,4,23,3,9039,7778,1261
SetupB_Density,20,4,23,4,1862,1638,224
SetupB_Density,20,4,23,5,18,18,0
SetupB_Density,20,4,23,6,0,0,0
SetupB_Density,20,4,23,7,0,0,0
SetupB_Density,20,4,23,8,0,0,0
SetupB_Density,20,4,23,9,0,0,0
SetupB_Density,20,4,23,10,0,0,0
SetupB_Density,20,4,23,11,0,0,0
SetupB_Density,20,4,23,12,0,0,0
SetupB_Density,20,4,23,13,0,0,0
SetupB_Density,20,4,23,14,0,0,0
SetupB_Density,20,4,23,15,0,0,0
SetupB_Density,20,4,23,16,0,0,0
SetupB_Density,20,4,23,17,0,0,0
SetupB_Density,20,4,23,18,0,0,0
SetupB_Density,20,4,24,0,380,191,189
SetupB_Density,20,4,24,1,2558,1008,1550
SetupB_Density,20,4,24,2,7568,4090,3478
SetupB_Density,20,4,24,3,16090,10016,6074
SetupB_Density,20,4,24,4,10209,7370,2839
SetupB_Density,20,4,24,5,90,42,48
SetupB_Density,20,4,24,6,14,7,7
SetupB_Density,20,4,24,7,0,0,0
SetupB_Density,20,4,24,8,0,0,0
SetupB_Density,20,4,24,9,0,0,0
SetupB_Density,20,4,24,10,0,0,0
SetupB_Density,20,4,24,11,0,0,0
SetupB_Density,20,4,24,12,0,0,0
SetupB_Density,20,4,24,13,0,0,0
SetupB_Density,20,4,24,14,0,0,0
SetupB_Density,20,4,24,15,0,0,0
SetupB_Density,20,4,24,16,0,0,0
SetupB_Density,20,4,24,17,0,0,0
SetupB_Density,20,4,24,18,0,0,0
SetupB_Density,20,4,25,0,380,191,189
SetupB_Density,20,4,25,1,3837,1682,2155
SetupB_Density,20,4,25,2,13935,7720,6215
SetupB_Density,20,4,25,3,17894,11714,6180
SetupB_Density,20,4,25,4,19233,11263,7970
SetupB_Density,20,4,25,5,8165,5962,2203
SetupB_Density,20,4,25,6,14,14,0
SetupB_Density,20,4,25,7,0,0,0
SetupB_Density,20,4,25,8,0,0,0
SetupB_Density,20,4,25,9,0,0,0
SetupB_Density,20,4,25,10,0,0,0
SetupB_Density,20,4,25,11,0,0,0
SetupB_Density,20,4,25,12,0,0,0
SetupB_Density,20,4,25,13,0,0,0
SetupB_Density,20,4,25,14,0,0,0
SetupB_Density,20,4,25,15,0,0,0
SetupB_Density,20,4,25,16,0,0,0
SetupB_Density,20,4,25,17,0,0,0
SetupB_Density,20,4,25,18,0,0,0
SetupB_Density,20,4,26,0,380,191,189
SetupB_Density,20,4,26,1,3779,1621,2158
SetupB_Density,20,4,26,2,12335,7468,4867
SetupB_Density,20,4,26,3,16018,11302,4716
SetupB_Density,20,4,26,4,3549,2955,594
SetupB_Density,20,4,26,5,908,820,88
SetupB_Density,20,4,26,6,266,266,0
SetupB_Density,20,4,26,7,72,72,0
SetupB_Density,20,4,26,8,9,9,0
SetupB_Density,20,4,26,9,0,0,0
SetupB_Density,20,4,26,10,0,0,0
SetupB_Density,20,4,26,11,0,0,0
SetupB_Density,20,4,26,12,0,0,0
SetupB_Density,20,4,26,13,0,0,0
SetupB_Density,20,4,26,14,0,0,0
SetupB_Density,20,4,26,15,0,0,0
SetupB_Density,20,4,26,16,0,0,0
SetupB_Density,20,4,26,17,0,0,0
SetupB_Density,20,4,26,18,0,0,0
SetupB_Density,20,4,27,0,380,191,189
SetupB_Density,20,4,27,1,4988,2439,2549
SetupB_Density,20,4,27,2,6282,4217,2065
SetupB_Density,20,4,27,3,9571,7548,2023
SetupB_Density,20,4,27,4,12347,10343,2004
SetupB_Density,20,4,27,5,10589,8957,1632
SetupB_Density,20,4,27,6,112,112,0
SetupB_Density,20,4,27,7,16,16,0
SetupB_Density,20,4,27,8,0,0,0
SetupB_Density,20,4,27,9,0,0,0
SetupB_Density,20,4,27,10,0,0,0
SetupB_Density,20,4,27,11,0,0,0
SetupB_Density,20,4,27,12,0,0,0
SetupB_Density,20,4,27,13,0,0,0
SetupB_Density,20,4,27,14,0,0,0
SetupB_Density,20,4,27,15,0,0,0
SetupB_Density,20,4,27,16,0,0,0
SetupB_Density,20,4,27,17,0,0,0
SetupB_Density,20,4,27,18,0,0,0
SetupB_Density,20,4,28,0,380,191,189
SetupB_Density,20,4,28,1,3041,1280,1761
SetupB_Density,20,4,28,2,12608,7328,5280
SetupB_Density,20,4,28,3,31167,22071,9096
SetupB_Density,20,4,28,4,10107,8796,1311
SetupB_Density,20,4,28,5,4585,4370,215
SetupB_Density,20,4,28,6,2373,2366,7
SetupB_Density,20,4,28,7,1328,1328,0
SetupB_Density,20,4,28,8,495,495,0
SetupB_Density,20,4,28,9,110,110,0
SetupB_Density,20,4,28,10,11,11,0
SetupB_Density,20,4,28,11,0,0,0
SetupB_Density,20,4,28,12,0,0,0
SetupB_Density,20,4,28,13,0,0,0
SetupB_Density,20,4,28,14,0,0,0
SetupB_Density,20,4,28,15,0,0,0
SetupB_Density,20,4,28,16,0,0,0
SetupB_Density,20,4,28,17,0,0,0
SetupB_Density,20,4,28,18,0,0,0
SetupB_Density,20,4,29,0,380,191,189
SetupB_Density,20,4,29,1,3560,1546,2014
SetupB_Density,20,4,29,2,9820,5776,4044
SetupB_Density,20,4,29,3,11982,8585,3397
SetupB_Density,20,4,29,4,2564,1903,661
SetupB_Density,20,4,29,5,595,415,180
SetupB_Density,20,4,29,6,57,35,22
SetupB_Density,20,4,29,7,0,0,0
SetupB_Density,20,4,29,8,0,0,0
SetupB_Density,20,4,29,9,0,0,0
SetupB_Density,20,4,29,10,0,0,0
SetupB_Density,20,4,29,11,0,0,0
SetupB_Density,20,4,29,12,0,0,0
SetupB_Density,20,4,29,13,0,0,0
SetupB_Density,20,4,29,14,0,0,0
SetupB_Density,20,4,29,15,0,0,0
SetupB_Density,20,4,29,16,0,0,0
SetupB_Density,20,4,29,17,0,0,0
SetupB_Density,20,4,29,18,0,0,0
SetupB_Density,20,5,0,0,380,191,189
SetupB_Density,20,5,0,1,5772,2701,3071
SetupB_Density,20,5,0,2,33937,19792,14145
SetupB_Density,20,5,0,3,78944,60365,18579
SetupB_Density,20,5,0,4,49625,44672,4953
SetupB_Density,20,5,0,5,52377,49093,3284
SetupB_Density,20,5,0,6,4740,4287,453
SetupB_Density,20,5,0,7,80,80,0
SetupB_Density,20,5,0,8,9,9,0
SetupB_Density,20,5,0,9,0,0,0
SetupB_Density,20,5,0,10,0,0,0
SetupB_Density,20,5,0,11,0,0,0
SetupB_Density,20,5,0,12,0,0,0
SetupB_Density,20,5,0,13,0,0,0
SetupB_Density,20,5,0,14,0,0,0
SetupB_Density,20,5,0,15,0,0,0
SetupB_Density,20,5,0,16,0,0,0
SetupB_Density,20,5,0,17,0,0,0
SetupB_Density,20,5,0,18,0,0,0
SetupB_Density,20,5,1,0,380,191,189
SetupB_Density,20,5,1,1,5181,2356,2825
SetupB_Density,20,5,1,2,30013,17333,12680
SetupB_Density,20,5,1,3,67121,48790,18331
SetupB_Density,20,5,1,4,42405,38116,4289
SetupB_Density,20,5,1,5,838,813,25
SetupB_Density,20,5,1,6,280,280,0
SetupB_Density,20,5,1,7,72,72,0
SetupB_Density,20,5,1,8,9,9,0
SetupB_Density,20,5,1,9,0,0,0
SetupB_Density,20,5,1,10,0,0,0
SetupB_Density,20,5,1,11,0,0,0
SetupB_Density,20,5,1,12,0,0,0
SetupB_Density,20,5,1,13,0,0,0
SetupB_Density,20,5,1,14,0,0,0
SetupB_Density,20,5,1,15,0,0,0
SetupB_Density,20,5,1,16,0,0,0
SetupB_Density,20,5,1,17,0,0,0
SetupB_Density,20,5,1,18,0,0,0
SetupB_Density,20,5,2,0,380,191,189
SetupB_Density,20,5,2,1,4096,1711,2385
SetupB_Density,20,5,2,2,21843,12364,9479
SetupB_Density,20,5,2,3,45498,32747,12751
SetupB_Density,20,5,2,4,48394,37707,10687
SetupB_Density,20,5,2,5,59004,49868,9136
SetupB_Density,20,5,2,6,46011,40527,5484
SetupB_Density,20,5,2,7,51856,46450,5406
SetupB_Density,20,5,2,8,41281,38069,3212
SetupB_Density,20,5,2,9,0,0,0
SetupB_Density,20,5,2,10,0,0,0
SetupB_Density,20,5,2,11,0,0,0
SetupB_Density,20,5,2,12,0,0,0
SetupB_Density,20,5,2,13,0,0,0
SetupB_Density,20,5,2,14,0,0,0
SetupB_Density,20,5,2,15,0,0,0
SetupB_Density,20,5,2,16,0,0,0
SetupB_Density,20,5,2,17,0,0,0
SetupB_Density,20,5,2,18,0,0,0
SetupB_Density,20,5,3,0,380,191,189
SetupB_Density,20,5,3,1,5979,2927,3052
SetupB_Density,20,5,3,2,12393,8526,3867
SetupB_Density,20,5,3,3,34022,27269,6753
SetupB_Density,20,5,3,4,72850,61439,11411
SetupB_Density,20,5,3,5,45650,40911,4739
SetupB_Density,20,5,3,6,3771,3523,248
SetupB_Density,20,5,3,7,24,24,0
SetupB_Density,20,5,3,8,0,0,0
SetupB_Density,20,5,3,9,0,0,0
SetupB_Density,20,5,3,10,0,0,0
SetupB_Density,20,5,3,11,0,0,0
SetupB_Density,20,5,3,12,0,0,0
SetupB_Density,20,5,3,13,0,0,0
SetupB_Density,20,5,3,14,0,0,0
SetupB_Density,20,5,3,15,0,0,0
SetupB_Density,20,5,3,16,0,0,0
SetupB_Density,20,5,3,17,0,0,0
SetupB_Density,20,5,3,18,0,0,0
SetupB_Density,20,5,4,0,380,191,189
SetupB_Density,20,5,4,1,4396,1917,2479
SetupB_Density,20,5,4,2,24156,13321,10835
SetupB_Density,20,5,4,3,78427,49595,28832
SetupB_Density,20,5,4,4,112086,86323,25763
SetupB_Density,20,5,4,5,46629,32842,13787
SetupB_Density,20,5,4,6,12258,11089,1169
SetupB_Density,20,5,4,7,4040,3607,433
SetupB_Density,20,5,4,8,1481,1153,328
SetupB_Density,20,5,4,9,0,0,0
SetupB_Density,20,5,4,10,0,0,0
SetupB_Density,20,5,4,11,0,0,0
SetupB_Density,20,5,4,12,0,0,0
SetupB_Density,20,5,4,13,0,0,0
SetupB_Density,20,5,4,14,0,0,0
SetupB_Density,20,5,4,15,0,0,0
SetupB_Density,20,5,4,16,0,0,0
SetupB_Density,20,5,4,17,0,0,0
SetupB_Density,20,5,4,18,0,0,0
SetupB_Density,20,5,5,0,380,191,189
SetupB_Density,20,5,5,1,4182,1931,2251
SetupB_Density,20,5,5,2,20174,11518,8656
SetupB_Density,20,5,5,3,45549,29920,15629
SetupB_Density,20,5,5,4,32133,21117,11016
SetupB_Density,20,5,5,5,33577,16552,17025
SetupB_Density,20,5,5,6,4143,769,3374
SetupB_Density,20,5,5,7,96,88,8
SetupB_Density,20,5,5,8,9,9,0
SetupB_Density,20,5,5,9,0,0,0
SetupB_Density,20,5,5,10,0,0,0
SetupB_Density,20,5,5,11,0,0,0
SetupB_Density,20,5,5,12,0,0,0
SetupB_Density,20,5,5,13,0,0,0
SetupB_Density,20,5,5,14,0,0,0
SetupB_Density,20,5,5,15,0,0,0
SetupB_Density,20,5,5,16,0,0,0
SetupB_Density,20,5,5,17,0,0,0
SetupB_Density,20,5,5,18,0,0,0
SetupB_Density,20,5,6,0,380,191,189
SetupB_Density,20,5,6,1,5384,2559,2825
SetupB_Density,20,5,6,2,22498,13220,9278
SetupB_Density,20,5,6,3,68496,49151,19345
SetupB_Density,20,5,6,4,56237,49189,7048
SetupB_Density,20,5,6,5,15121,14635,486
SetupB_Density,20,5,6,6,8733,8536,197
SetupB_Density,20,5,6,7,3643,3630,13
SetupB_Density,20,5,6,8,9,9,0
SetupB_Density,20,5,6,9,0,0,0
SetupB_Density,20,5,6,10,0,0,0
SetupB_Density,20,5,6,11,0,0,0
SetupB_Density,20,5,6,12,0,0,0
SetupB_Density,20,5,6,13,0,0,0
SetupB_Density,20,5,6,14,0,0,0
SetupB_Density,20,5,6,15,0,0,0
SetupB_Density,20,5,6,16,0,0,0
SetupB_Density,20,5,6,17,0,0,0
SetupB_Density,20,5,6,18,0,0,0
SetupB_Density,20,5,7,0,380,191,189
SetupB_Density,20,5,7,1,5121,2356,2765
SetupB_Density,20,5,7,2,23984,14724,9260
SetupB_Density,20,5,7,3,74500,56415,18085
SetupB_Density,20,5,7,4,81789,71416,10373
SetupB_Density,20,5,7,5,5723,4474,1249
SetupB_Density,20,5,7,6,362,221,141
SetupB_Density,20,5,7,7,16,16,0
SetupB_Density,20,5,7,8,0,0,0
SetupB_Density,20,5,7,9,0,0,0
SetupB_Density,20,5,7,10,0,0,0
SetupB_Density,20,5,7,11,0,0,0
SetupB_Density,20,5,7,12,0,0,0
SetupB_Density,20,5,7,13,0,0,0
SetupB_Density,20,5,7,14,0,0,0
SetupB_Density,20,5,7,15,0,0,0
SetupB_Density,20,5,7,16,0,0,0
SetupB_Density,20,5,7,17,0,0,0
SetupB_Density,20,5,7,18,0,0,0
SetupB_Density,20,5,8,0,380,191,189
SetupB_Density,20,5,8,1,4788,2173,2615
SetupB_Density,20,5,8,2,17836,11264,6572
SetupB_Density,20,5,8,3,31668,24375,7293
SetupB_Density,20,5,8,4,16002,14035,1967
SetupB_Density,20,5,8,5,7762,6981,781
SetupB_Density,20,5,8,6,1520,1262,258
SetupB_Density,20,5,8,7,80,80,0
SetupB_Density,20,5,8,8,9,9,0
SetupB_Density,20,5,8,9,0,0,0
SetupB_Density,20,5,8,10,0,0,0
SetupB_Density,20,5,8,11,0,0,0
SetupB_Density,20,5,8,12,0,0,0
SetupB_Density,20,5,8,13,0,0,0
SetupB_Density,20,5,8,14,0,0,0
SetupB_Density,20,5,8,15,0,0,0
SetupB_Density,20,5,8,16,0,0,0
SetupB_Density,20,5,8,17,0,0,0
SetupB_Density,20,5,8,18,0,0,0
SetupB_Density,20,5,9,0,380,191,189
SetupB_Density,20,5,9,1,2881,1126,1755
SetupB_Density,20,5,9,2,10964,5566,5398
SetupB_Density,20,5,9,3,33888,21104,12784
SetupB_Density,20,5,9,4,76754,52418,24336
SetupB_Density,20,5,9,5,130135,96328,33807
SetupB_Density,20,5,9,6,45059,24033,21026
SetupB_Density,20,5,9,7,48431,26261,22170
SetupB_Density,20,5,9,8,6138,2877,3261
SetupB_Density,20,5,9,9,596,187,409
SetupB_Density,20,5,9,10,0,0,0
SetupB_Density,20,5,9,11,0,0,0
SetupB_Density,20,5,9,12,0,0,0
SetupB_Density,20,5,9,13,0,0,0
SetupB_Density,20,5,9,14,0,0,0
SetupB_Density,20,5,9,15,0,0,0
SetupB_Density,20,5,9,16,0,0,0
SetupB_Density,20,5,9,17,0,0,0
SetupB_Density,20,5,9,18,0,0,0
SetupB_Density,20,5,10,0,380,191,189
SetupB_Density,20,5,10,1,5515,2607,2908
SetupB_Density,20,5,10,2,21420,12603,8817
SetupB_Density,20,5,10,3,51043,39214,11829
SetupB_Density,20,5,10,4,42543,36888,5655
SetupB_Density,20,5,10,5,11613,11200,413
SetupB_Density,20,5,10,6,2804,2753,51
SetupB_Density,20,5,10,7,366,355,11
SetupB_Density,20,5,10,8,9,9,0
SetupB_Density,20,5,10,9,0,0,0
SetupB_Density,20,5,10,10,0,0,0
SetupB_Density,20,5,10,11,0,0,0
SetupB_Density,20,5,10,12,0,0,0
SetupB_Density,20,5,10,13,0,0,0
SetupB_Density,20,5,10,14,0,0,0
SetupB_Density,20,5,10,15,0,0,0
SetupB_Density,20,5,10,16,0,0,0
SetupB_Density,20,5,10,17,0,0,0
SetupB_Density,20,5,10,18,0,0,0
SetupB_Density,20,5,11,0,380,191,189
SetupB_Density,20,5,11,1,5004,2353,2651
SetupB_Density,20,5,11,2,19912,11865,8047
SetupB_Density,20,5,11,3,48910,36116,12794
SetupB_Density,20,5,11,4,66569,54200,12369
SetupB_Density,20,5,11,5,33573,24419,9154
SetupB_Density,20,5,11,6,42161,29355,12806
SetupB_Density,20,5,11,7,890,598,292
SetupB_Density,20,5,11,8,0,0,0
SetupB_Density,20,5,11,9,0,0,0
SetupB_Density,20,5,11,10,0,0,0
SetupB_Density,20,5,11,11,0,0,0
SetupB_Density,20,5,11,12,0,0,0
SetupB_Density,20,5,11,13,0,0,0
SetupB_Density,20,5,11,14,0,0,0
SetupB_Density,20,5,11,15,0,0,0
SetupB_Density,20,5,11,16,0,0,0
SetupB_Density,20,5,11,17,0,0,0
SetupB_Density,20,5,11,18,0,0,0
SetupB_Density,20,5,12,0,380,191,189
SetupB_Density,20,5,12,1,5300,2451,2849
SetupB_Density,20,5,12,2,31735,17956,13779
SetupB_Density,20,5,12,3,93051,66785,26266
SetupB_Density,20,5,12,4,120143,101009,19134
SetupB_Density,20,5,12,5,122975,113455,9520
SetupB_Density,20,5,12,6,518,518,0
SetupB_Density,20,5,12,7,144,144,0
SetupB_Density,20,5,12,8,18,18,0
SetupB_Density,20,5,12,9,0,0,0
SetupB_Density,20,5,12,10,0,0,0
SetupB_Density,20,5,12,11,0,0,0
SetupB_Density,20,5,12,12,0,0,0
SetupB_Density,20,5,12,13,0,0,0
SetupB_Density,20,5,12,14,0,0,0
SetupB_Density,20,5,12,15,0,0,0
SetupB_Density,20,5,12,16,0,0,0
SetupB_Density,20,5,12,17,0,0,0
SetupB_Density,20,5,12,18,0,0,0
SetupB_Density,20,5,13,0,380,191,189
SetupB_Density,20,5,13,1,5550,2674,2876
SetupB_Density,20,5,13,2,17105,11328,5777
SetupB_Density,20,5,13,3,36494,30388,6106
SetupB_Density,20,5,13,4,45848,40575,5273
SetupB_Density,20,5,13,5,40878,37463,3415
SetupB_Density,20,5,13,6,1088,1016,72
SetupB_Density,20,5,13,7,8,1,7
SetupB_Density,20,5,13,8,0,0,0
SetupB_Density,20,5,13,9,0,0,0
SetupB_Density,20,5,13,10,0,0,0
SetupB_Density,20,5,13,11,0,0,0
SetupB_Density,20,5,13,12,0,0,0
SetupB_Density,20,5,13,13,0,0,0
SetupB_Density,20,5,13,14,0,0,0
SetupB_Density,20,5,13,15,0,0,0
SetupB_Density,20,5,13,16,0,0,0
SetupB_Density,20,5,13,17,0,0,0
SetupB_Density,20,5,13,18,0,0,0
SetupB_Density,20,5,14,0,380,191,189
SetupB_Density,20,5,14,1,3418,1323,2095
SetupB_Density,20,5,14,2,17262,9338,7924
SetupB_Density,20,5,14,3,65730,42297,23433
SetupB_Density,20,5,14,4,94273,73676,20597
SetupB_Density,20,5,14,5,21400,13219,8181
SetupB_Density,20,5,14,6,4882,1265,3617
SetupB_Density,20,5,14,7,80,80,0
SetupB_Density,20,5,14,8,9,9,0
SetupB_Density,20,5,14,9,0,0,0
SetupB_Density,20,5,14,10,0,0,0
SetupB_Density,20,5,14,11,0,0,0
SetupB_Density,20,5,14,12,0,0,0
SetupB_Density,20,5,14,13,0,0,0
SetupB_Density,20,5,14,14,0,0,0
SetupB_Density,20,5,14,15,0,0,0
SetupB_Density,20,5,14,16,0,0,0
SetupB_Density,20,5,14,17,0,0,0
SetupB_Density,20,5,14,18,0,0,0
SetupB_Density,20,5,15,0,380,191,189
SetupB_Density,20,5,15,1,4878,2191,2687
SetupB_Density,20,5,15,2,24271,14620,9651
SetupB_Density,20,5,15,3,55616,43140,12476
SetupB_Density,20,5,15,4,96902,80340,16562
SetupB_Density,20,5,15,5,162113,145142,16971
SetupB_Density,20,5,15,6,122304,106674,15630
SetupB_Density,20,5,15,7,2886,2219,667
SetupB_Density,20,5,15,8,0,0,0
SetupB_Density,20,5,15,9,0,0,0
SetupB_Density,20,5,15,10,0,0,0
SetupB_Density,20,5,15,11,0,0,0
SetupB_Density,20,5,15,12,0,0,0
SetupB_Density,20,5,15,13,0,0,0
SetupB_Density,20,5,15,14,0,0,0
SetupB_Density,20,5,15,15,0,0,0
SetupB_Density,20,5,15,16,0,0,0
SetupB_Density,20,5,15,17,0,0,0
SetupB_Density,20,5,15,18,0,0,0
SetupB_Density,20,5,16,0,380,191,189
SetupB_Density,20,5,16,1,5751,2705,3046
SetupB_Density,20,5,16,2,31692,18213,13479
SetupB_Density,20,5,16,3,37243,29279,7964
SetupB_Density,20,5,16,4,43916,37883,6033
SetupB_Density,20,5,16,5,62222,53457,8765
SetupB_Density,20,5,16,6,56306,47919,8387
SetupB_Density,20,5,16,7,33705,29737,3968
SetupB_Density,20,5,16,8,9,9,0
SetupB_Density,20,5,16,9,0,0,0
SetupB_Density,20,5,16,10,0,0,0
SetupB_Density,20,5,16,11,0,0,0
SetupB_Density,20,5,16,12,0,0,0
SetupB_Density,20,5,16,13,0,0,0
SetupB_Density,20,5,16,14,0,0,0
SetupB_Density,20,5,16,15,0,0,0
SetupB_Density,20,5,16,16,0,0,0
SetupB_Density,20,5,16,17,0,0,0
SetupB_Density,20,5,16,18,0,0,0
SetupB_Density,20,5,17,0,380,191,189
SetupB_Density,20,5,17,1,4851,2222,2629
SetupB_Density,20,5,17,2,21046,12465,8581
SetupB_Density,20,5,17,3,60468,44196,16272
SetupB_Density,20,5,17,4,84540,71098,13442
SetupB_Density,20,5,17,5,128002,116988,11014
SetupB_Density,20,5,17,6,79696,70958,8738
SetupB_Density,20,5,17,7,16162,15023,1139
SetupB_Density,20,5,17,8,0,0,0
SetupB_Density,20,5,17,9,0,0,0
SetupB_Density,20,5,17,10,0,0,0
SetupB_Density,20,5,17,11,0,0,0
SetupB_Density,20,5,17,12,0,0,0
SetupB_Density,20,5,17,13,0,0,0
SetupB_Density,20,5,17,14,0,0,0
SetupB_Density,20,5,17,15,0,0,0
SetupB_Density,20,5,17,16,0,0,0
SetupB_Density,20,5,17,17,0,0,0
SetupB_Density,20,5,17,18,0,0,0
SetupB_Density,20,5,18,0,380,191,189
SetupB_Density,20,5,18,1,4282,1946,2336
SetupB_Density,20,5,18,2,19635,11842,7793
SetupB_Density,20,5,18,3,45932,35656,10276
SetupB_Density,20,5,18,4,49273,38031,11242
SetupB_Density,20,5,18,5,20241,16443,3798
SetupB_Density,20,5,18,6,9557,9087,470
SetupB_Density,20,5,18,7,16,16,0
SetupB_Density,20,5,18,8,0,0,0
SetupB_Density,20,5,18,9,0,0,0
SetupB_Density,20,5,18,10,0,0,0
SetupB_Density,20,5,18,11,0,0,0
SetupB_Density,20,5,18,12,0,0,0
SetupB_Density,20,5,18,13,0,0,0
SetupB_Density,20,5,18,14,0,0,0
SetupB_Density,20,5,18,15,0,0,0
SetupB_Density,20,5,18,16,0,0,0
SetupB_Density,20,5,18,17,0,0,0
SetupB_Density,20,5,18,18,0,0,0
SetupB_Density,20,5,19,0,380,191,189
SetupB_Density,20,5,19,1,4071,1822,2249
SetupB_Density,20,5,19,2,13130,8101,5029
SetupB_Density,20,5,19,3,32568,23492,9076
SetupB_Density,20,5,19,4,51109,39210,11899
SetupB_Density,20,5,19,5,54017,44254,9763
SetupB_Density,20,5,19,6,6699,5577,1122
SetupB_Density,20,5,19,7,3130,2729,401
SetupB_Density,20,5,19,8,99,99,0
SetupB_Density,20,5,19,9,10,10,0
SetupB_Density,20,5,19,10,0,0,0
SetupB_Density,20,5,19,11,0,0,0
SetupB_Density,20,5,19,12,0,0,0
SetupB_Density,20,5,19,13,0,0,0
SetupB_Density,20,5,19,14,0,0,0
SetupB_Density,20,5,19,15,0,0,0
SetupB_Density,20,5,19,16,0,0,0
SetupB_Density,20,5,19,17,0,0,0
SetupB_Density,20,5,19,18,0,0,0
SetupB_Density,20,5,20,0,380,191,189
SetupB_Density,20,5,20,1,5139,2328,2811
SetupB_Density,20,5,20,2,24492,14693,9799
SetupB_Density,20,5,20,3,60512,44955,15557
SetupB_Density,20,5,20,4,22966,20802,2164
SetupB_Density,20,5,20,5,3463,2651,812
SetupB_Density,20,5,20,6,823,647,176
SetupB_Density,20,5,20,7,80,80,0
SetupB_Density,20,5,20,8,9,9,0
SetupB_Density,20,5,20,9,0,0,0
SetupB_Density,20,5,20,10,0,0,0
SetupB_Density,20,5,20,11,0,0,0
SetupB_Density,20,5,20,12,0,0,0
SetupB_Density,20,5,20,13,0,0,0
SetupB_Density,20,5,20,14,0,0,0
SetupB_Density,20,5,20,15,0,0,0
SetupB_Density,20,5,20,16,0,0,0
SetupB_Density,20,5,20,17,0,0,0
SetupB_Density,20,5,20,18,0,0,0
SetupB_Density,20,5,21,0,380,191,189
SetupB_Density,20,5,21,1,5763,2735,3028
SetupB_Density,20,5,21,2,37239,20495,16744
SetupB_Density,20,5,21,3,108219,72228,35991
SetupB_Density,20,5,21,4,53729,48947,4782
SetupB_Density,20,5,21,5,738,738,0
SetupB_Density,20,5,21,6,315,315,0
SetupB_Density,20,5,21,7,80,80,0
SetupB_Density,20,5,21,8,9,9,0
SetupB_Density,20,5,21,9,0,0,0
SetupB_Density,20,5,21,10,0,0,0
SetupB_Density,20,5,21,11,0,0,0
SetupB_Density,20,5,21,12,0,0,0
SetupB_Density,20,5,21,13,0,0,0
SetupB_Density,20,5,21,14,0,0,0
SetupB_Density,20,5,21,15,0,0,0
SetupB_Density,20,5,21,16,0,0,0
SetupB_Density,20,5,21,17,0,0,0
SetupB_Density,20,5,21,18,0,0,0
SetupB_Density,20,5,22,0,380,191,189
SetupB_Density,20,5,22,1,5335,2433,2902
SetupB_Density,20,5,22,2,34666,19551,15115
SetupB_Density,20,5,22,3,83147,60970,22177
SetupB_Density,20,5,22,4,26204,23475,2729
SetupB_Density,20,5,22,5,20282,18878,1404
SetupB_Density,20,5,22,6,280,280,0
SetupB_Density,20,5,22,7,72,72,0
SetupB_Density,20,5,22,8,9,9,0
SetupB_Density,20,5,22,9,0,0,0
SetupB_Density,20,5,22,10,0,0,0
SetupB_Density,20,5,22,11,0,0,0
SetupB_Density,20,5,22,12,0,0,0
SetupB_Density,20,5,22,13,0,0,0
SetupB_Density,20,5,22,14,0,0,0
SetupB_Density,20,5,22,15,0,0,0
SetupB_Density,20,5,22,16,0,0,0
SetupB_Density,20,5,22,17,0,0,0
SetupB_Density,20,5,22,18,0,0,0
SetupB_Density,20,5,23,0,380,191,189
SetupB_Density,20,5,23,1,5945,2846,3099
SetupB_Density,20,5,23,2,32890,18702,14188
SetupB_Density,20,5,23,3,58344,44735,13609
SetupB_Density,20,5,23,4,44678,39130,5548
SetupB_Density,20,5,23,5,15884,14851,1033
SetupB_Density,20,5,23,6,21,21,0
SetupB_Density,20,5,23,7,0,0,0
SetupB_Density,20,5,23,8,0,0,0
SetupB_Density,20,5,23,9,0,0,0
SetupB_Density,20,5,23,10,0,0,0
SetupB_Density,20,5,23,11,0,0,0
SetupB_Density,20,5,23,12,0,0,0
SetupB_Density,20,5,23,13,0,0,0
SetupB_Density,20,5,23,14,0,0,0
SetupB_Density,20,5,23,15,0,0,0
SetupB_Density,20,5,23,16,0,0,0
SetupB_Density,20,5,23,17,0,0,0
SetupB_Density,20,5,23,18,0,0,0
SetupB_Density,20,5,24,0,380,191,189
SetupB_Density,20,5,24,1,4004,1635,2369
SetupB_Density,20,5,24,2,22701,12779,9922
SetupB_Density,20,5,24,3,61041,44517,16524
SetupB_Density,20,5,24,4,66109,56680,9429
SetupB_Density,20,5,24,5,11658,10260,1398
SetupB_Density,20,5,24,6,11710,11071,639
SetupB_Density,20,5,24,7,80,80,0
SetupB_Density,20,5,24,8,0,0,0
SetupB_Density,20,5,24,9,0,0,0
SetupB_Density,20,5,24,10,0,0,0
SetupB_Density,20,5,24,11,0,0,0
SetupB_Density,20,5,24,12,0,0,0
SetupB_Density,20,5,24,13,0,0,0
SetupB_Density,20,5,24,14,0,0,0
SetupB_Density,20,5,24,15,0,0,0
SetupB_Density,20,5,24,16,0,0,0
SetupB_Density,20,5,24,17,0,0,0
SetupB_Density,20,5,24,18,0,0,0
SetupB_Density,20,5,25,0,380,191,189
SetupB_Density,20,5,25,1,5106,2365,2741
SetupB_Density,20,5,25,2,32977,17845,15132
SetupB_Density,20,5,25,3,49882,35921,13961
SetupB_Density,20,5,25,4,65366,51417,13949
SetupB_Density,20,5,25,5,79522,66631,12891
SetupB_Density,20,5,25,6,368,322,46
SetupB_Density,20,5,25,7,24,24,0
SetupB_Density,20,5,25,8,0,0,0
SetupB_Density,20,5,25,9,0,0,0
SetupB_Density,20,5,25,10,0,0,0
SetupB_Density,20,5,25,11,0,0,0
SetupB_Density,20,5,25,12,0,0,0
SetupB_Density,20,5,25,13,0,0,0
SetupB_Density,20,5,25,14,0,0,0
SetupB_Density,20,5,25,15,0,0,0
SetupB_Density,20,5,25,16,0,0,0
SetupB_Density,20,5,25,17,0,0,0
SetupB_Density,20,5,25,18,0,0,0
SetupB_Density,20,5,26,0,380,191,189
SetupB_Density,20,5,26,1,4799,2182,2617
SetupB_Density,20,5,26,2,24459,13993,10466
SetupB_Density,20,5,26,3,59800,42321,17479
SetupB_Density,20,5,26,4,50834,43171,7663
SetupB_Density,20,5,26,5,3309,3178,131
SetupB_Density,20,5,26,6,917,917,0
SetupB_Density,20,5,26,7,368,368,0
SetupB_Density,20,5,26,8,90,90,0
SetupB_Density,20,5,26,9,10,10,0
SetupB_Density,20,5,26,10,0,0,0
SetupB_Density,20,5,26,11,0,0,0
SetupB_Density,20,5,26,12,0,0,0
SetupB_Density,20,5,26,13,0,0,0
SetupB_Density,20,5,26,14,0,0,0
SetupB_Density,20,5,26,15,0,0,0
SetupB_Density,20,5,26,16,0,0,0
SetupB_Density,20,5,26,17,0,0,0
SetupB_Density,20,5,26,18,0,0,0
SetupB_Density,20,5,27,0,380,191,189
SetupB_Density,20,5,27,1,6005,2941,3064
SetupB_Density,20,5,27,2,18388,11342,7046
SetupB_Density,20,5,27,3,29054,23464,5590
SetupB_Density,20,5,27,4,46518,41683,4835
SetupB_Density,20,5,27,5,58928,53729,5199
SetupB_Density,20,5,27,6,22956,21668,1288
SetupB_Density,20,5,27,7,4838,4788,50
SetupB_Density,20,5,27,8,9,9,0
SetupB_Density,20,5,27,9,0,0,0
SetupB_Density,20,5,27,10,0,0,0
SetupB_Density,20,5,27,11,0,0,0
SetupB_Density,20,5,27,12,0,0,0
SetupB_Density,20,5,27,13,0,0,0
SetupB_Density,20,5,27,14,0,0,0
SetupB_Density,20,5,27,15,0,0,0
SetupB_Density,20,5,27,16,0,0,0
SetupB_Density,20,5,27,17,0,0,0
SetupB_Density,20,5,27,18,0,0,0
SetupB_Density,20,5,28,0,380,191,189
SetupB_Density,20,5,28,1,4496,2045,2451
SetupB_Density,20,5,28,2,16921,10765,6156
SetupB_Density,20,5,28,3,48007,37104,10903
SetupB_Density,20,5,28,4,70126,59188,10938
SetupB_Density,20,5,28,5,67166,58831,8335
SetupB_Density,20,5,28,6,44584,36175,8409
SetupB_Density,20,5,28,7,11259,11200,59
SetupB_Density,20,5,28,8,973,973,0
SetupB_Density,20,5,28,9,120,120,0
SetupB_Density,20,5,28,10,11,11,0
SetupB_Density,20,5,28,11,0,0,0
SetupB_Density,20,5,28,12,0,0,0
SetupB_Density,20,5,28,13,0,0,0
SetupB_Density,20,5,28,14,0,0,0
SetupB_Density,20,5,28,15,0,0,0
SetupB_Density,20,5,28,16,0,0,0
SetupB_Density,20,5,28,17,0,0,0
SetupB_Density,20,5,28,18,0,0,0
SetupB_Density,20,5,29,0,380,191,189
SetupB_Density,20,5,29,1,4450,1932,2518
SetupB_Density,20,5,29,2,22360,12537,9823
SetupB_Density,20,5,29,3,53398,37882,15516
SetupB_Density,20,5,29,4,61610,50632,10978
SetupB_Density,20,5,29,5,59547,48893,10654
SetupB_Density,20,5,29,6,36299,33502,2797
SetupB_Density,20,5,29,7,19434,18070,1364
SetupB_Density,20,5,29,8,0,0,0
SetupB_Density,20,5,29,9,0,0,0
SetupB_Density,20,5,29,10,0,0,0
SetupB_Density,20,5,29,11,0,0,0
SetupB_Density,20,5,29,12,0,0,0
SetupB_Density,20,5,29,13,0,0,0
SetupB_Density,20,5,29,14,0,0,0
SetupB_Density,20,5,29,15,0,0,0
SetupB_Density,20,5,29,16,0,0,0
SetupB_Density,20,5,29,17,0,0,0
SetupB_Density,20,5,29,18,0,0,0
