Setup,Nodes,Samples,Deg,Graph,Data,Rep,Algo,F1,Prec,Rec,SHD,Requests,Actual_CIT,Cond_CIT,Performed_CITs,Bypassed_CITs,Time_Total,Time_CIT,Time_Overhead
SetupA_NodeScaling,10,5000,3,er,linear_sem,0,Standard PC,0.9655172413793104,1.0,0.9333333333333333,1.0,1016,676,631,676,340,0.7658090591430664,0.7599782943725586,0.0058307647705078125
SetupA_NodeScaling,10,5000,3,er,linear_sem,1,Standard PC,0.9285714285714286,1.0,0.8666666666666667,2.0,811,559,514,559,252,0.1634066104888916,0.15997910499572754,0.0034275054931640625
SetupA_NodeScaling,10,5000,3,er,linear_sem,2,Standard PC,0.7142857142857142,0.7692307692307693,0.6666666666666666,8.0,577,428,383,428,149,0.31955981254577637,0.3163259029388428,0.0032339096069335938
SetupA_NodeScaling,10,5000,3,er,linear_sem,3,Standard PC,0.8571428571428571,0.9230769230769231,0.8,4.0,589,415,370,415,174,0.45134639739990234,0.4473295211791992,0.004016876220703125
SetupA_NodeScaling,10,5000,3,er,linear_sem,4,Standard PC,0.896551724137931,0.9285714285714286,0.8666666666666667,3.0,1107,714,669,714,393,0.30570077896118164,0.30037450790405273,0.005326271057128906
SetupA_NodeScaling,10,5000,3,er,linear_sem,5,Standard PC,0.8148148148148148,0.9166666666666666,0.7333333333333333,5.0,821,496,451,496,325,0.404252290725708,0.3995785713195801,0.00467371940612793
SetupA_NodeScaling,10,5000,3,er,linear_sem,6,Standard PC,0.888888888888889,1.0,0.8,3.0,872,528,483,528,344,0.24560546875,0.2415771484375,0.0040283203125
SetupA_NodeScaling,10,5000,3,er,linear_sem,7,Standard PC,0.9655172413793104,1.0,0.9333333333333333,1.0,1048,705,660,705,343,0.7554812431335449,0.7487938404083252,0.0066874027252197266
SetupA_NodeScaling,10,5000,3,er,linear_sem,8,Standard PC,0.8000000000000002,0.8,0.8,6.0,1222,762,717,762,460,0.6131696701049805,0.6066083908081055,0.006561279296875
SetupA_NodeScaling,10,5000,3,er,linear_sem,9,Standard PC,0.9285714285714286,1.0,0.8666666666666667,2.0,815,698,653,698,117,0.7691957950592041,0.7632818222045898,0.005913972854614258
SetupA_NodeScaling,10,5000,3,er,linear_sem,10,Standard PC,0.9285714285714286,1.0,0.8666666666666667,2.0,765,474,429,474,291,0.07591772079467773,0.07265424728393555,0.0032634735107421875
SetupA_NodeScaling,10,5000,3,er,linear_sem,11,Standard PC,0.896551724137931,0.9285714285714286,0.8666666666666667,3.0,689,495,450,495,194,0.200028657913208,0.19603204727172852,0.003996610641479492
SetupA_NodeScaling,10,5000,3,er,linear_sem,12,Standard PC,0.8275862068965518,0.8571428571428571,0.8,5.0,786,562,517,562,224,0.16797137260437012,0.16318583488464355,0.0047855377197265625
SetupA_NodeScaling,10,5000,3,er,linear_sem,13,Standard PC,0.9333333333333333,0.9333333333333333,0.9333333333333333,2.0,758,589,544,589,169,0.3675096035003662,0.36301469802856445,0.004494905471801758
SetupA_NodeScaling,10,5000,3,er,linear_sem,14,Standard PC,0.7142857142857142,0.7692307692307693,0.6666666666666666,8.0,731,487,442,487,244,0.15575766563415527,0.15193986892700195,0.0038177967071533203
SetupA_NodeScaling,10,5000,3,er,linear_sem,15,Standard PC,0.8571428571428571,0.9230769230769231,0.8,4.0,623,466,421,466,157,0.47166872024536133,0.4673583507537842,0.0043103694915771484
SetupA_NodeScaling,10,5000,3,er,linear_sem,16,Standard PC,0.9655172413793104,1.0,0.9333333333333333,1.0,853,589,544,589,264,0.13940954208374023,0.13524293899536133,0.004166603088378906
SetupA_NodeScaling,10,5000,3,er,linear_sem,17,Standard PC,0.888888888888889,1.0,0.8,3.0,559,358,313,358,201,0.13402104377746582,0.1313786506652832,0.002642393112182617
SetupA_NodeScaling,10,5000,3,er,linear_sem,18,Standard PC,0.888888888888889,1.0,0.8,3.0,794,509,464,509,285,0.19459199905395508,0.19051313400268555,0.004078865051269531
SetupA_NodeScaling,10,5000,3,er,linear_sem,19,Standard PC,0.8148148148148148,0.9166666666666666,0.7333333333333333,5.0,934,564,519,564,370,0.09906840324401855,0.09503579139709473,0.004032611846923828
SetupA_NodeScaling,10,5000,3,er,linear_sem,20,Standard PC,0.846153846153846,1.0,0.7333333333333333,4.0,678,470,425,470,208,0.2135462760925293,0.2093513011932373,0.004194974899291992
SetupA_NodeScaling,10,5000,3,er,linear_sem,21,Standard PC,0.9285714285714286,1.0,0.8666666666666667,2.0,1050,710,665,710,340,0.34937071800231934,0.34366488456726074,0.005705833435058594
SetupA_NodeScaling,10,5000,3,er,linear_sem,22,Standard PC,0.888888888888889,1.0,0.8,3.0,866,583,538,583,283,0.4009079933166504,0.3967294692993164,0.004178524017333984
SetupA_NodeScaling,10,5000,3,er,linear_sem,23,Standard PC,0.888888888888889,1.0,0.8,3.0,758,508,463,508,250,0.19358015060424805,0.18962359428405762,0.00395655632019043
SetupA_NodeScaling,10,5000,3,er,linear_sem,24,Standard PC,1.0,1.0,1.0,0.0,376,259,214,259,117,0.038323402404785156,0.036467552185058594,0.0018558502197265625
SetupA_NodeScaling,10,5000,3,er,linear_sem,25,Standard PC,0.8571428571428571,0.9230769230769231,0.8,4.0,634,421,376,421,213,0.06220245361328125,0.05957317352294922,0.0026292800903320312
SetupA_NodeScaling,10,5000,3,er,linear_sem,26,Standard PC,0.8148148148148148,0.9166666666666666,0.7333333333333333,5.0,733,472,427,472,261,0.09781312942504883,0.09481287002563477,0.0030002593994140625
SetupA_NodeScaling,10,5000,3,er,linear_sem,27,Standard PC,0.888888888888889,1.0,0.8,3.0,707,486,441,486,221,0.12015366554260254,0.11726737022399902,0.0028862953186035156
SetupA_NodeScaling,10,5000,3,er,linear_sem,28,Standard PC,0.6666666666666667,0.8888888888888888,0.5333333333333333,8.0,642,396,351,396,246,0.0828099250793457,0.08010077476501465,0.0027091503143310547
SetupA_NodeScaling,10,5000,3,er,linear_sem,29,Standard PC,0.9285714285714286,1.0,0.8666666666666667,2.0,795,509,464,509,286,0.1665515899658203,0.16314005851745605,0.003411531448364258
SetupA_NodeScaling,20,5000,3,er,linear_sem,0,Standard PC,0.9285714285714286,1.0,0.8666666666666667,4.0,3196,2156,1966,2156,1040,0.5221700668334961,0.5075757503509521,0.014594316482543945
SetupA_NodeScaling,20,5000,3,er,linear_sem,1,Standard PC,0.8363636363636363,0.92,0.7666666666666667,9.0,3488,2411,2221,2411,1077,0.6339774131774902,0.6201989650726318,0.013778448104858398
SetupA_NodeScaling,20,5000,3,er,linear_sem,2,Standard PC,0.8571428571428571,0.9230769230769231,0.8,8.0,2782,2008,1818,2008,774,0.3845832347869873,0.37218308448791504,0.012400150299072266
SetupA_NodeScaling,20,5000,3,er,linear_sem,3,Standard PC,0.8076923076923077,0.9545454545454546,0.7,10.0,3547,2353,2163,2353,1194,0.3702423572540283,0.35652613639831543,0.01371622085571289
SetupA_NodeScaling,20,5000,3,er,linear_sem,4,Standard PC,0.7083333333333334,0.9444444444444444,0.5666666666666667,14.0,4650,3076,2886,3076,1574,1.0127081871032715,0.9932191371917725,0.019489049911499023
SetupA_NodeScaling,20,5000,3,er,linear_sem,5,Standard PC,0.8421052631578948,0.8888888888888888,0.8,9.0,3641,2482,2292,2482,1159,1.2187774181365967,1.1994116306304932,0.019365787506103516
SetupA_NodeScaling,20,5000,3,er,linear_sem,6,Standard PC,0.7407407407407408,0.8333333333333334,0.6666666666666666,14.0,3359,2221,2031,2221,1138,0.46280860900878906,0.44760775566101074,0.01520085334777832
SetupA_NodeScaling,20,5000,3,er,linear_sem,7,Standard PC,0.9090909090909091,1.0,0.8333333333333334,5.0,1833,1275,1085,1275,558,0.22711181640625,0.21763038635253906,0.009481430053710938
SetupA_NodeScaling,20,5000,3,er,linear_sem,8,Standard PC,0.8679245283018869,1.0,0.7666666666666667,7.0,4412,2938,2748,2938,1474,0.7207820415496826,0.7021079063415527,0.018674135208129883
SetupA_NodeScaling,20,5000,3,er,linear_sem,9,Standard PC,0.9310344827586207,0.9642857142857143,0.9,4.0,2500,1802,1612,1802,698,0.4664909839630127,0.4536921977996826,0.012798786163330078
SetupA_NodeScaling,20,5000,3,er,linear_sem,10,Standard PC,0.846153846153846,1.0,0.7333333333333333,8.0,3407,2237,2047,2237,1170,0.746457576751709,0.7297577857971191,0.016699790954589844
SetupA_NodeScaling,20,5000,3,er,linear_sem,11,Standard PC,0.7777777777777777,0.875,0.7,12.0,3046,2148,1958,2148,898,0.5260813236236572,0.5115420818328857,0.014539241790771484
SetupA_NodeScaling,20,5000,3,er,linear_sem,12,Standard PC,0.8571428571428571,0.9230769230769231,0.8,8.0,3109,2161,1971,2161,948,0.9497454166412354,0.9332513809204102,0.016494035720825195
SetupA_NodeScaling,20,5000,3,er,linear_sem,13,Standard PC,0.8301886792452831,0.9565217391304348,0.7333333333333333,9.0,3547,2361,2171,2361,1186,0.9703047275543213,0.952608585357666,0.017696142196655273
SetupA_NodeScaling,20,5000,3,er,linear_sem,14,Standard PC,0.8727272727272728,0.96,0.8,7.0,2583,1857,1667,1857,726,0.7060341835021973,0.6911025047302246,0.014931678771972656
SetupA_NodeScaling,20,5000,3,er,linear_sem,15,Standard PC,0.8214285714285715,0.8846153846153846,0.7666666666666667,10.0,2841,2056,1866,2056,785,0.3693664073944092,0.3575589656829834,0.011807441711425781
SetupA_NodeScaling,20,5000,3,er,linear_sem,16,Standard PC,0.8363636363636363,0.92,0.7666666666666667,9.0,3209,2111,1921,2111,1098,0.8758978843688965,0.8604691028594971,0.015428781509399414
SetupA_NodeScaling,20,5000,3,er,linear_sem,17,Standard PC,0.7857142857142856,0.8461538461538461,0.7333333333333333,12.0,4005,2780,2590,2780,1225,0.5769824981689453,0.5613524913787842,0.015630006790161133
SetupA_NodeScaling,20,5000,3,er,linear_sem,18,Standard PC,0.7407407407407408,0.8333333333333334,0.6666666666666666,14.0,3567,2308,2118,2308,1259,0.38508081436157227,0.37148165702819824,0.013599157333374023
SetupA_NodeScaling,20,5000,3,er,linear_sem,19,Standard PC,0.8,0.88,0.7333333333333333,11.0,2576,1680,1490,1680,896,0.8085329532623291,0.797931432723999,0.010601520538330078
SetupA_NodeScaling,20,5000,3,er,linear_sem,20,Standard PC,0.8771929824561403,0.9259259259259259,0.8333333333333334,7.0,2712,1844,1654,1844,868,0.8321642875671387,0.8171982765197754,0.014966011047363281
SetupA_NodeScaling,20,5000,3,er,linear_sem,21,Standard PC,0.7777777777777777,0.875,0.7,12.0,4085,2648,2458,2648,1437,0.5222265720367432,0.5057535171508789,0.016473054885864258
SetupA_NodeScaling,20,5000,3,er,linear_sem,22,Standard PC,0.7636363636363636,0.84,0.7,13.0,3226,2132,1942,2132,1094,1.3442540168762207,1.3265280723571777,0.01772594451904297
SetupA_NodeScaling,20,5000,3,er,linear_sem,23,Standard PC,0.8771929824561403,0.9259259259259259,0.8333333333333334,7.0,3959,2726,2536,2726,1233,1.1675715446472168,1.1457748413085938,0.021796703338623047
SetupA_NodeScaling,20,5000,3,er,linear_sem,24,Standard PC,0.9090909090909091,1.0,0.8333333333333334,5.0,2948,2123,1933,2123,825,0.3700077533721924,0.35717201232910156,0.01283574104309082
SetupA_NodeScaling,20,5000,3,er,linear_sem,25,Standard PC,0.8928571428571429,0.9615384615384616,0.8333333333333334,6.0,3581,2271,2081,2271,1310,1.3215863704681396,1.3028674125671387,0.018718957901000977
SetupA_NodeScaling,20,5000,3,er,linear_sem,26,Standard PC,0.8571428571428571,0.9230769230769231,0.8,8.0,3108,2160,1970,2160,948,0.4549875259399414,0.4398772716522217,0.015110254287719727
SetupA_NodeScaling,20,5000,3,er,linear_sem,27,Standard PC,0.8301886792452831,0.9565217391304348,0.7333333333333333,9.0,3362,2306,2116,2306,1056,0.5604925155639648,0.5471973419189453,0.013295173645019531
SetupA_NodeScaling,20,5000,3,er,linear_sem,28,Standard PC,0.6923076923076923,0.8181818181818182,0.6,16.0,3435,2388,2198,2388,1047,0.8224349021911621,0.8049991130828857,0.017435789108276367
SetupA_NodeScaling,20,5000,3,er,linear_sem,29,Standard PC,0.8620689655172413,0.8928571428571429,0.8333333333333334,8.0,3894,2703,2513,2703,1191,0.40389537811279297,0.388716459274292,0.015178918838500977
SetupA_NodeScaling,30,5000,3,er,linear_sem,0,Standard PC,0.7901234567901234,0.8888888888888888,0.7111111111111111,17.0,9896,5726,5291,5726,4170,2.591217517852783,2.5422170162200928,0.04900050163269043
SetupA_NodeScaling,30,5000,3,er,linear_sem,1,Standard PC,0.8148148148148148,0.9166666666666666,0.7333333333333333,15.0,7679,5161,4726,5161,2518,1.5198194980621338,1.4803123474121094,0.039507150650024414
SetupA_NodeScaling,30,5000,3,er,linear_sem,2,Standard PC,0.7951807228915663,0.868421052631579,0.7333333333333333,17.0,8763,6400,5965,6400,2363,0.9604241847991943,0.9259183406829834,0.03450584411621094
SetupA_NodeScaling,30,5000,3,er,linear_sem,3,Standard PC,0.8395061728395062,0.9444444444444444,0.7555555555555555,13.0,8738,5638,5203,5638,3100,2.753187656402588,2.708563804626465,0.04462385177612305
SetupA_NodeScaling,30,5000,3,er,linear_sem,4,Standard PC,0.7341772151898734,0.8529411764705882,0.6444444444444445,21.0,6465,4456,4021,4456,2009,0.9829823970794678,0.9512629508972168,0.03171944618225098
SetupA_NodeScaling,30,5000,3,er,linear_sem,5,Standard PC,0.9069767441860465,0.9512195121951219,0.8666666666666667,8.0,5435,3978,3543,3978,1457,1.263200283050537,1.2336163520812988,0.02958393096923828
SetupA_NodeScaling,30,5000,3,er,linear_sem,6,Standard PC,0.8048780487804879,0.8918918918918919,0.7333333333333333,16.0,8469,5318,4883,5318,3151,1.0302462577819824,0.9920942783355713,0.03815197944641113
SetupA_NodeScaling,30,5000,3,er,linear_sem,7,Standard PC,0.9534883720930233,1.0,0.9111111111111111,4.0,4692,3131,2696,3131,1561,0.7671010494232178,0.7454643249511719,0.0216367244720459
SetupA_NodeScaling,30,5000,3,er,linear_sem,8,Standard PC,0.7654320987654321,0.8611111111111112,0.6888888888888889,19.0,6716,4369,3934,4369,2347,1.1766431331634521,1.1400871276855469,0.03655600547790527
SetupA_NodeScaling,30,5000,3,er,linear_sem,9,Standard PC,0.7710843373493975,0.8421052631578947,0.7111111111111111,19.0,5039,3411,2976,3411,1628,0.6808319091796875,0.6568253040313721,0.02400660514831543
SetupA_NodeScaling,30,5000,3,er,linear_sem,10,Standard PC,0.7848101265822784,0.9117647058823529,0.6888888888888889,17.0,6957,4695,4260,4695,2262,1.513718843460083,1.4767518043518066,0.03696703910827637
SetupA_NodeScaling,30,5000,3,er,linear_sem,11,Standard PC,0.8433734939759038,0.9210526315789473,0.7777777777777778,13.0,6629,4458,4023,4458,2171,1.6252920627593994,1.5926203727722168,0.03267168998718262
SetupA_NodeScaling,30,5000,3,er,linear_sem,12,Standard PC,0.8095238095238095,0.8717948717948718,0.7555555555555555,16.0,7945,5573,5138,5573,2372,0.8266465663909912,0.7941052913665771,0.03254127502441406
SetupA_NodeScaling,30,5000,3,er,linear_sem,13,Standard PC,0.8372093023255814,0.8780487804878049,0.8,14.0,5745,4299,3864,4299,1446,0.8908841609954834,0.8650932312011719,0.025790929794311523
SetupA_NodeScaling,30,5000,3,er,linear_sem,14,Standard PC,0.8192771084337349,0.8947368421052632,0.7555555555555555,15.0,5985,4543,4108,4543,1442,1.2269864082336426,1.1947963237762451,0.03219008445739746
SetupA_NodeScaling,30,5000,3,er,linear_sem,15,Standard PC,0.9545454545454545,0.9767441860465116,0.9333333333333333,4.0,4361,3007,2572,3007,1354,1.3009710311889648,1.2723586559295654,0.028612375259399414
SetupA_NodeScaling,30,5000,3,er,linear_sem,16,Standard PC,0.9024390243902439,1.0,0.8222222222222222,8.0,6805,4571,4136,4571,2234,1.3828625679016113,1.3514926433563232,0.031369924545288086
SetupA_NodeScaling,30,5000,3,er,linear_sem,17,Standard PC,0.8192771084337349,0.8947368421052632,0.7555555555555555,15.0,7375,5445,5010,5445,1930,2.2287309169769287,2.1858179569244385,0.042912960052490234
SetupA_NodeScaling,30,5000,3,er,linear_sem,18,Standard PC,0.7179487179487178,0.8484848484848485,0.6222222222222222,22.0,8721,5731,5296,5731,2990,2.164900064468384,2.1184887886047363,0.04641127586364746
SetupA_NodeScaling,30,5000,3,er,linear_sem,19,Standard PC,0.8354430379746834,0.9705882352941176,0.7333333333333333,13.0,6320,4325,3890,4325,1995,1.6804847717285156,1.6441240310668945,0.036360740661621094
SetupA_NodeScaling,30,5000,3,er,linear_sem,20,Standard PC,0.7407407407407408,0.8333333333333334,0.6666666666666666,21.0,7849,5010,4575,5010,2839,1.416607141494751,1.376236915588379,0.04037022590637207
SetupA_NodeScaling,30,5000,3,er,linear_sem,21,Standard PC,0.7948717948717948,0.9393939393939394,0.6888888888888889,16.0,6527,4309,3874,4309,2218,1.7057528495788574,1.66880464553833,0.036948204040527344
SetupA_NodeScaling,30,5000,3,er,linear_sem,22,Standard PC,0.8536585365853658,0.9459459459459459,0.7777777777777778,12.0,6544,4210,3775,4210,2334,1.1922335624694824,1.1647331714630127,0.027500391006469727
SetupA_NodeScaling,30,5000,3,er,linear_sem,23,Standard PC,0.7560975609756098,0.8378378378378378,0.6888888888888889,20.0,6202,4391,3956,4391,1811,1.2134175300598145,1.1824336051940918,0.030983924865722656
SetupA_NodeScaling,30,5000,3,er,linear_sem,24,Standard PC,0.8780487804878049,0.972972972972973,0.8,10.0,5568,3689,3254,3689,1879,0.655951976776123,0.6328127384185791,0.023139238357543945
SetupA_NodeScaling,30,5000,3,er,linear_sem,25,Standard PC,0.8536585365853658,0.9459459459459459,0.7777777777777778,12.0,6116,3954,3519,3954,2162,0.9059278964996338,0.8777263164520264,0.028201580047607422
SetupA_NodeScaling,30,5000,3,er,linear_sem,26,Standard PC,0.8372093023255814,0.8780487804878049,0.8,14.0,5615,3923,3488,3923,1692,1.6375439167022705,1.6072323322296143,0.03031158447265625
SetupA_NodeScaling,30,5000,3,er,linear_sem,27,Standard PC,0.8250000000000001,0.9428571428571428,0.7333333333333333,14.0,6523,4568,4133,4568,1955,1.1014983654022217,1.065798282623291,0.035700082778930664
SetupA_NodeScaling,30,5000,3,er,linear_sem,28,Standard PC,0.7951807228915663,0.868421052631579,0.7333333333333333,17.0,6709,4954,4519,4954,1755,1.045311689376831,1.0131847858428955,0.03212690353393555
SetupA_NodeScaling,30,5000,3,er,linear_sem,29,Standard PC,0.7857142857142856,0.8461538461538461,0.7333333333333333,18.0,7198,5076,4641,5076,2122,0.7741420269012451,0.7449839115142822,0.02915811538696289
SetupA_NodeScaling,40,5000,3,er,linear_sem,0,Standard PC,0.8288288288288289,0.9019607843137255,0.7666666666666667,19.0,18455,11330,10550,11330,7125,3.184596061706543,3.106053352355957,0.07854270935058594
SetupA_NodeScaling,40,5000,3,er,linear_sem,1,Standard PC,0.8869565217391303,0.9272727272727272,0.85,13.0,10571,7330,6550,7330,3241,2.90584397315979,2.8455512523651123,0.060292720794677734
SetupA_NodeScaling,40,5000,3,er,linear_sem,2,Standard PC,0.8411214953271028,0.9574468085106383,0.75,17.0,11910,7649,6869,7649,4261,2.4265880584716797,2.3658652305603027,0.06072282791137695
SetupA_NodeScaling,40,5000,3,er,linear_sem,3,Standard PC,0.8771929824561403,0.9259259259259259,0.8333333333333334,14.0,10614,7795,7015,7795,2819,3.2698400020599365,3.2046122550964355,0.06522774696350098
SetupA_NodeScaling,40,5000,3,er,linear_sem,4,Standard PC,0.7927927927927927,0.8627450980392157,0.7333333333333333,23.0,13231,9355,8575,9355,3876,1.7887468338012695,1.732973575592041,0.055773258209228516
SetupA_NodeScaling,40,5000,3,er,linear_sem,5,Standard PC,0.7777777777777777,0.875,0.7,24.0,13437,9479,8699,9479,3958,2.590742349624634,2.5206570625305176,0.07008528709411621
SetupA_NodeScaling,40,5000,3,er,linear_sem,6,Standard PC,0.8214285714285715,0.8846153846153846,0.7666666666666667,20.0,14100,8861,8081,8861,5239,3.2348289489746094,3.1580536365509033,0.07677531242370605
SetupA_NodeScaling,40,5000,3,er,linear_sem,7,Standard PC,0.8760330578512396,0.8688524590163934,0.8833333333333333,15.0,10588,7693,6913,7693,2895,3.4348225593566895,3.3756401538848877,0.05918240547180176
SetupA_NodeScaling,40,5000,3,er,linear_sem,8,Standard PC,0.8518518518518519,0.9583333333333334,0.7666666666666667,16.0,13554,9525,8745,9525,4029,3.2286009788513184,3.1595678329467773,0.06903314590454102
SetupA_NodeScaling,40,5000,3,er,linear_sem,9,Standard PC,0.8648648648648648,0.9411764705882353,0.8,15.0,9698,6171,5391,6171,3527,1.5480647087097168,1.4982085227966309,0.04985618591308594
SetupA_NodeScaling,40,5000,3,er,linear_sem,10,Standard PC,0.9009009009009009,0.9803921568627451,0.8333333333333334,11.0,8739,5771,4991,5771,2968,1.2336645126342773,1.1874990463256836,0.04616546630859375
SetupA_NodeScaling,40,5000,3,er,linear_sem,11,Standard PC,0.882882882882883,0.9607843137254902,0.8166666666666667,13.0,10073,7069,6289,7069,3004,1.2032074928283691,1.1549229621887207,0.04828453063964844
SetupA_NodeScaling,40,5000,3,er,linear_sem,12,Standard PC,0.7706422018348624,0.8571428571428571,0.7,25.0,22517,14050,13270,14050,8467,3.569851875305176,3.4764487743377686,0.09340310096740723
SetupA_NodeScaling,40,5000,3,er,linear_sem,13,Standard PC,0.9137931034482758,0.9464285714285714,0.8833333333333333,10.0,9308,6633,5853,6633,2675,2.070265054702759,2.013585090637207,0.05667996406555176
SetupA_NodeScaling,40,5000,3,er,linear_sem,14,Standard PC,0.8468468468468469,0.9215686274509803,0.7833333333333333,17.0,11472,8392,7612,8392,3080,1.9362967014312744,1.8807978630065918,0.05549883842468262
SetupA_NodeScaling,40,5000,3,er,linear_sem,15,Standard PC,0.8073394495412844,0.8979591836734694,0.7333333333333333,21.0,13932,9759,8979,9759,4173,4.0499207973480225,3.971092700958252,0.07882809638977051
SetupA_NodeScaling,40,5000,3,er,linear_sem,16,Standard PC,0.9380530973451328,1.0,0.8833333333333333,7.0,10625,7448,6668,7448,3177,1.992084264755249,1.9348878860473633,0.05719637870788574
SetupA_NodeScaling,40,5000,3,er,linear_sem,17,Standard PC,0.9009009009009009,0.9803921568627451,0.8333333333333334,11.0,12102,8221,7441,8221,3881,1.6161091327667236,1.5601274967193604,0.05598163604736328
SetupA_NodeScaling,40,5000,3,er,linear_sem,18,Standard PC,0.826923076923077,0.9772727272727273,0.7166666666666667,18.0,13684,9627,8847,9627,4057,2.413969039916992,2.349912405014038,0.0640566349029541
SetupA_NodeScaling,40,5000,3,er,linear_sem,19,Standard PC,0.849056603773585,0.9782608695652174,0.75,16.0,12194,8716,7936,8716,3478,2.889387845993042,2.819432020187378,0.06995582580566406
SetupA_NodeScaling,40,5000,3,er,linear_sem,20,Standard PC,0.9203539823008849,0.9811320754716981,0.8666666666666667,9.0,9647,6921,6141,6921,2726,1.6007072925567627,1.5485403537750244,0.05216693878173828
SetupA_NodeScaling,40,5000,3,er,linear_sem,21,Standard PC,0.8928571428571429,0.9615384615384616,0.8333333333333334,12.0,14472,9585,8805,9585,4887,3.317599058151245,3.2400548458099365,0.0775442123413086
SetupA_NodeScaling,40,5000,3,er,linear_sem,22,Standard PC,0.8468468468468469,0.9215686274509803,0.7833333333333333,17.0,13595,10090,9310,10090,3505,2.747999668121338,2.677074909210205,0.07092475891113281
SetupA_NodeScaling,40,5000,3,er,linear_sem,23,Standard PC,0.8623853211009175,0.9591836734693877,0.7833333333333333,15.0,16027,10279,9499,10279,5748,3.7119874954223633,3.6343348026275635,0.0776526927947998
SetupA_NodeScaling,40,5000,3,er,linear_sem,24,Standard PC,0.8869565217391303,0.9272727272727272,0.85,13.0,10002,7637,6857,7637,2365,1.5141608715057373,1.4622776508331299,0.05188322067260742
SetupA_NodeScaling,40,5000,3,er,linear_sem,25,Standard PC,0.8623853211009175,0.9591836734693877,0.7833333333333333,15.0,9320,6526,5746,6526,2794,0.9400386810302734,0.8972399234771729,0.042798757553100586
SetupA_NodeScaling,40,5000,3,er,linear_sem,26,Standard PC,0.8256880733944955,0.9183673469387755,0.75,19.0,13065,9748,8968,9748,3317,1.8318390846252441,1.778367042541504,0.053472042083740234
SetupA_NodeScaling,40,5000,3,er,linear_sem,27,Standard PC,0.8113207547169811,0.9347826086956522,0.7166666666666667,20.0,12518,8711,7931,8711,3807,2.9672796726226807,2.9007761478424072,0.06650352478027344
SetupA_NodeScaling,40,5000,3,er,linear_sem,28,Standard PC,0.8869565217391303,0.9272727272727272,0.85,13.0,7634,5368,4588,5368,2266,1.269411563873291,1.2261977195739746,0.043213844299316406
SetupA_NodeScaling,40,5000,3,er,linear_sem,29,Standard PC,0.9217391304347826,0.9636363636363636,0.8833333333333333,9.0,12135,8544,7764,8544,3591,2.374537944793701,2.311875820159912,0.06266212463378906
SetupA_NodeScaling,50,5000,3,er,linear_sem,0,Standard PC,0.8714285714285714,0.9384615384615385,0.8133333333333334,18.0,21799,14097,12872,14097,7702,3.8673412799835205,3.7712481021881104,0.09609317779541016
SetupA_NodeScaling,50,5000,3,er,linear_sem,1,Standard PC,0.9361702127659575,1.0,0.88,9.0,15219,10292,9067,10292,4927,1.9556214809417725,1.8859047889709473,0.0697166919708252
SetupA_NodeScaling,50,5000,3,er,linear_sem,2,Standard PC,0.8181818181818181,0.9473684210526315,0.72,24.0,15178,10241,9016,10241,4937,3.2277233600616455,3.143357515335083,0.0843658447265625
SetupA_NodeScaling,50,5000,3,er,linear_sem,3,Standard PC,0.8333333333333333,0.9649122807017544,0.7333333333333333,22.0,16858,10946,9721,10946,5912,5.337814807891846,5.239151477813721,0.098663330078125
SetupA_NodeScaling,50,5000,3,er,linear_sem,4,Standard PC,0.7941176470588235,0.8852459016393442,0.72,28.0,18477,12757,11532,12757,5720,2.942875385284424,2.847247362136841,0.09562802314758301
SetupA_NodeScaling,50,5000,3,er,linear_sem,5,Standard PC,0.8759124087591241,0.967741935483871,0.8,17.0,21329,14636,13411,14636,6693,4.7340734004974365,4.61575174331665,0.11832165718078613
SetupA_NodeScaling,50,5000,3,er,linear_sem,6,Standard PC,0.838235294117647,0.9344262295081968,0.76,22.0,18247,12349,11124,12349,5898,5.394696235656738,5.283506393432617,0.1111898422241211
SetupA_NodeScaling,50,5000,3,er,linear_sem,7,Standard PC,0.9090909090909091,0.9558823529411765,0.8666666666666667,13.0,12493,8758,7533,8758,3735,4.809850692749023,4.729640007019043,0.08021068572998047
SetupA_NodeScaling,50,5000,3,er,linear_sem,8,Standard PC,0.7669172932330827,0.8793103448275862,0.68,31.0,22682,14792,13567,14792,7890,3.4228625297546387,3.319314956665039,0.10354757308959961
SetupA_NodeScaling,50,5000,3,er,linear_sem,9,Standard PC,0.8201438848920863,0.890625,0.76,25.0,15128,10924,9699,10924,4204,2.9738941192626953,2.888186454772949,0.0857076644897461
SetupA_NodeScaling,50,5000,3,er,linear_sem,10,Standard PC,0.9361702127659575,1.0,0.88,9.0,15752,10235,9010,10235,5517,3.1424405574798584,3.0571370124816895,0.08530354499816895
SetupA_NodeScaling,50,5000,3,er,linear_sem,11,Standard PC,0.8125,0.9811320754716981,0.6933333333333334,24.0,19318,12599,11374,12599,6719,5.6417107582092285,5.537799835205078,0.10391092300415039
SetupA_NodeScaling,50,5000,3,er,linear_sem,12,Standard PC,0.8592592592592593,0.9666666666666667,0.7733333333333333,19.0,17460,12409,11184,12409,5051,4.048589706420898,3.9573357105255127,0.09125399589538574
SetupA_NodeScaling,50,5000,3,er,linear_sem,13,Standard PC,0.8740740740740739,0.9833333333333333,0.7866666666666666,17.0,13338,9941,8716,9941,3397,1.7724995613098145,1.7010691165924072,0.07143044471740723
SetupA_NodeScaling,50,5000,3,er,linear_sem,14,Standard PC,0.8857142857142857,0.9538461538461539,0.8266666666666667,16.0,17731,13524,12299,13524,4207,4.43683934211731,4.335818290710449,0.10102105140686035
SetupA_NodeScaling,50,5000,3,er,linear_sem,15,Standard PC,0.8592592592592593,0.9666666666666667,0.7733333333333333,19.0,16919,12057,10832,12057,4862,2.530033826828003,2.4463844299316406,0.0836493968963623
SetupA_NodeScaling,50,5000,3,er,linear_sem,16,Standard PC,0.8611111111111112,0.8985507246376812,0.8266666666666667,20.0,17359,12578,11353,12578,4781,2.6850743293762207,2.594728469848633,0.09034585952758789
SetupA_NodeScaling,50,5000,3,er,linear_sem,17,Standard PC,0.8088235294117647,0.9016393442622951,0.7333333333333333,26.0,24523,16617,15392,16617,7906,7.552144527435303,7.419687032699585,0.13245749473571777
SetupA_NodeScaling,50,5000,3,er,linear_sem,18,Standard PC,0.7999999999999999,0.9,0.72,27.0,31661,19583,18358,19583,12078,7.8350465297698975,7.6728270053863525,0.16221952438354492
SetupA_NodeScaling,50,5000,3,er,linear_sem,19,Standard PC,0.8091603053435114,0.9464285714285714,0.7066666666666667,25.0,19715,13738,12513,13738,5977,5.222907066345215,5.112489461898804,0.11041760444641113
SetupA_NodeScaling,50,5000,3,er,linear_sem,20,Standard PC,0.8405797101449275,0.9206349206349206,0.7733333333333333,22.0,17411,12374,11149,12374,5037,1.7842106819152832,1.7055277824401855,0.07868289947509766
SetupA_NodeScaling,50,5000,3,er,linear_sem,21,Standard PC,0.8951048951048952,0.9411764705882353,0.8533333333333334,15.0,24293,16836,15611,16836,7457,4.322976350784302,4.208231210708618,0.1147451400756836
SetupA_NodeScaling,50,5000,3,er,linear_sem,22,Standard PC,0.8633093525179856,0.9375,0.8,19.0,21311,14403,13178,14403,6908,4.163232326507568,4.045078277587891,0.11815404891967773
SetupA_NodeScaling,50,5000,3,er,linear_sem,23,Standard PC,0.9027777777777778,0.9420289855072463,0.8666666666666667,14.0,21387,14297,13072,14297,7090,3.3659424781799316,3.258898973464966,0.10704350471496582
SetupA_NodeScaling,50,5000,3,er,linear_sem,24,Standard PC,0.9219858156028369,0.9848484848484849,0.8666666666666667,11.0,15075,10459,9234,10459,4616,3.1435415744781494,3.0625152587890625,0.08102631568908691
SetupA_NodeScaling,50,5000,3,er,linear_sem,25,Standard PC,0.8405797101449275,0.9206349206349206,0.7733333333333333,22.0,15006,10159,8934,10159,4847,1.5485942363739014,1.4800920486450195,0.06850218772888184
SetupA_NodeScaling,50,5000,3,er,linear_sem,26,Standard PC,0.8345323741007193,0.90625,0.7733333333333333,23.0,25574,17096,15871,17096,8478,3.6081113815307617,3.4935030937194824,0.1146082878112793
SetupA_NodeScaling,50,5000,3,er,linear_sem,27,Standard PC,0.8652482269503545,0.9242424242424242,0.8133333333333334,19.0,11041,7964,6739,7964,3077,3.3552908897399902,3.276277780532837,0.07901310920715332
SetupA_NodeScaling,50,5000,3,er,linear_sem,28,Standard PC,0.823529411764706,0.9180327868852459,0.7466666666666667,24.0,16642,11260,10035,11260,5382,3.75850772857666,3.6680855751037598,0.09042215347290039
SetupA_NodeScaling,50,5000,3,er,linear_sem,29,Standard PC,0.8405797101449275,0.9206349206349206,0.7733333333333333,22.0,19292,13813,12588,13813,5479,4.648829698562622,4.5497026443481445,0.09912705421447754
SetupB_DensityScaling,30,5000,2,er,linear_sem,0,Standard PC,0.9655172413793104,1.0,0.9333333333333333,2.0,2689,1679,1244,1679,1010,0.24869799613952637,0.23468899726867676,0.01400899887084961
SetupB_DensityScaling,30,5000,2,er,linear_sem,1,Standard PC,1.0,1.0,1.0,0.0,2384,1485,1050,1485,899,0.34176182746887207,0.3269927501678467,0.01476907730102539
SetupB_DensityScaling,30,5000,2,er,linear_sem,2,Standard PC,0.9152542372881356,0.9310344827586207,0.9,5.0,4517,3128,2693,3128,1389,0.9462411403656006,0.922478437423706,0.02376270294189453
SetupB_DensityScaling,30,5000,2,er,linear_sem,3,Standard PC,1.0,1.0,1.0,0.0,1948,1182,747,1182,766,0.3330976963043213,0.31983280181884766,0.013264894485473633
SetupB_DensityScaling,30,5000,2,er,linear_sem,4,Standard PC,0.9285714285714286,1.0,0.8666666666666667,4.0,2630,1600,1165,1600,1030,0.27822232246398926,0.26479530334472656,0.013427019119262695
SetupB_DensityScaling,30,5000,2,er,linear_sem,5,Standard PC,1.0,1.0,1.0,0.0,2419,1517,1082,1517,902,0.22893142700195312,0.21541166305541992,0.013519763946533203
SetupB_DensityScaling,30,5000,2,er,linear_sem,6,Standard PC,0.8620689655172413,0.8928571428571429,0.8333333333333334,8.0,2908,1710,1275,1710,1198,0.5688416957855225,0.5522973537445068,0.016544342041015625
SetupB_DensityScaling,30,5000,2,er,linear_sem,7,Standard PC,1.0,1.0,1.0,0.0,1567,897,462,897,670,0.1382613182067871,0.12795066833496094,0.010310649871826172
SetupB_DensityScaling,30,5000,2,er,linear_sem,8,Standard PC,0.9666666666666667,0.9666666666666667,0.9666666666666667,2.0,2097,1333,898,1333,764,0.20143437385559082,0.18912577629089355,0.012308597564697266
SetupB_DensityScaling,30,5000,2,er,linear_sem,9,Standard PC,0.9655172413793104,1.0,0.9333333333333333,2.0,2520,1556,1121,1556,964,0.29700231552124023,0.28449130058288574,0.012511014938354492
SetupB_DensityScaling,30,5000,2,er,linear_sem,10,Standard PC,0.983050847457627,1.0,0.9666666666666667,1.0,2479,1539,1104,1539,940,0.43315720558166504,0.4180266857147217,0.01513051986694336
SetupB_DensityScaling,30,5000,2,er,linear_sem,11,Standard PC,0.8928571428571429,0.9615384615384616,0.8333333333333334,6.0,3176,2156,1721,2156,1020,0.3086068630218506,0.2932717800140381,0.0153350830078125
SetupB_DensityScaling,30,5000,2,er,linear_sem,12,Standard PC,0.9655172413793104,1.0,0.9333333333333333,2.0,2984,1953,1518,1953,1031,0.3059980869293213,0.290743350982666,0.015254735946655273
SetupB_DensityScaling,30,5000,2,er,linear_sem,13,Standard PC,1.0,1.0,1.0,0.0,1636,1014,579,1014,622,0.15351462364196777,0.14282727241516113,0.01068735122680664
SetupB_DensityScaling,30,5000,2,er,linear_sem,14,Standard PC,0.9655172413793104,1.0,0.9333333333333333,2.0,2491,1630,1195,1630,861,0.24029183387756348,0.2268993854522705,0.013392448425292969
SetupB_DensityScaling,30,5000,2,er,linear_sem,15,Standard PC,0.983050847457627,1.0,0.9666666666666667,1.0,1467,913,478,913,554,0.28194570541381836,0.2708768844604492,0.01106882095336914
SetupB_DensityScaling,30,5000,2,er,linear_sem,16,Standard PC,1.0,1.0,1.0,0.0,2231,1407,972,1407,824,0.8647301197052002,0.8493962287902832,0.015333890914916992
SetupB_DensityScaling,30,5000,2,er,linear_sem,17,Standard PC,0.9666666666666667,0.9666666666666667,0.9666666666666667,2.0,2341,1506,1071,1506,835,0.2802715301513672,0.2673912048339844,0.012880325317382812
SetupB_DensityScaling,30,5000,2,er,linear_sem,18,Standard PC,0.9285714285714286,1.0,0.8666666666666667,4.0,3345,2103,1668,2103,1242,0.8115880489349365,0.7902686595916748,0.02131938934326172
SetupB_DensityScaling,30,5000,2,er,linear_sem,19,Standard PC,0.9473684210526316,1.0,0.9,3.0,2493,1627,1192,1627,866,0.2365124225616455,0.22322511672973633,0.01328730583190918
SetupB_DensityScaling,30,5000,2,er,linear_sem,20,Standard PC,0.9310344827586207,0.9642857142857143,0.9,4.0,2669,1601,1166,1601,1068,0.4677572250366211,0.451953649520874,0.01580357551574707
SetupB_DensityScaling,30,5000,2,er,linear_sem,21,Standard PC,0.9491525423728815,0.9655172413793104,0.9333333333333333,3.0,3267,2109,1674,2109,1158,0.5303149223327637,0.5121967792510986,0.01811814308166504
SetupB_DensityScaling,30,5000,2,er,linear_sem,22,Standard PC,0.9473684210526316,1.0,0.9,3.0,2317,1365,930,1365,952,0.20817112922668457,0.19550085067749023,0.012670278549194336
SetupB_DensityScaling,30,5000,2,er,linear_sem,23,Standard PC,0.9836065573770492,0.967741935483871,1.0,1.0,2250,1480,1045,1480,770,0.5120792388916016,0.4967617988586426,0.015317440032958984
SetupB_DensityScaling,30,5000,2,er,linear_sem,24,Standard PC,1.0,1.0,1.0,0.0,2144,1230,795,1230,914,0.7779707908630371,0.7626631259918213,0.01530766487121582
SetupB_DensityScaling,30,5000,2,er,linear_sem,25,Standard PC,0.870967741935484,0.84375,0.9,8.0,2221,1456,1021,1456,765,0.28755688667297363,0.2750542163848877,0.012502670288085938
SetupB_DensityScaling,30,5000,2,er,linear_sem,26,Standard PC,1.0,1.0,1.0,0.0,2292,1403,968,1403,889,0.3387460708618164,0.3234899044036865,0.015256166458129883
SetupB_DensityScaling,30,5000,2,er,linear_sem,27,Standard PC,0.8727272727272728,0.96,0.8,7.0,2316,1512,1077,1512,804,0.29458069801330566,0.2816920280456543,0.012888669967651367
SetupB_DensityScaling,30,5000,2,er,linear_sem,28,Standard PC,0.9655172413793104,1.0,0.9333333333333333,2.0,2486,1613,1178,1613,873,0.7300300598144531,0.7119665145874023,0.01806354522705078
SetupB_DensityScaling,30,5000,2,er,linear_sem,29,Standard PC,0.983050847457627,1.0,0.9666666666666667,1.0,2457,1584,1149,1584,873,0.45653843879699707,0.4410061836242676,0.015532255172729492
SetupB_DensityScaling,30,5000,3,er,linear_sem,0,Standard PC,0.7901234567901234,0.8888888888888888,0.7111111111111111,17.0,9896,5726,5291,5726,4170,1.073941707611084,1.0364267826080322,0.03751492500305176
SetupB_DensityScaling,30,5000,3,er,linear_sem,1,Standard PC,0.8148148148148148,0.9166666666666666,0.7333333333333333,15.0,7679,5161,4726,5161,2518,1.1961140632629395,1.1636714935302734,0.032442569732666016
SetupB_DensityScaling,30,5000,3,er,linear_sem,2,Standard PC,0.7951807228915663,0.868421052631579,0.7333333333333333,17.0,8763,6400,5965,6400,2363,2.173856735229492,2.1287081241607666,0.045148611068725586
SetupB_DensityScaling,30,5000,3,er,linear_sem,3,Standard PC,0.8395061728395062,0.9444444444444444,0.7555555555555555,13.0,8738,5638,5203,5638,3100,3.5697221755981445,3.5231757164001465,0.04654645919799805
SetupB_DensityScaling,30,5000,3,er,linear_sem,4,Standard PC,0.7341772151898734,0.8529411764705882,0.6444444444444445,21.0,6465,4456,4021,4456,2009,1.4001193046569824,1.3675377368927002,0.03258156776428223
SetupB_DensityScaling,30,5000,3,er,linear_sem,5,Standard PC,0.9069767441860465,0.9512195121951219,0.8666666666666667,8.0,5435,3978,3543,3978,1457,1.5861806869506836,1.5537996292114258,0.03238105773925781
SetupB_DensityScaling,30,5000,3,er,linear_sem,6,Standard PC,0.8048780487804879,0.8918918918918919,0.7333333333333333,16.0,8469,5318,4883,5318,3151,0.8044066429138184,0.7704734802246094,0.033933162689208984
SetupB_DensityScaling,30,5000,3,er,linear_sem,7,Standard PC,0.9534883720930233,1.0,0.9111111111111111,4.0,4692,3131,2696,3131,1561,1.055943250656128,1.0319454669952393,0.023997783660888672
SetupB_DensityScaling,30,5000,3,er,linear_sem,8,Standard PC,0.7654320987654321,0.8611111111111112,0.6888888888888889,19.0,6716,4369,3934,4369,2347,0.8432984352111816,0.8160450458526611,0.027253389358520508
SetupB_DensityScaling,30,5000,3,er,linear_sem,9,Standard PC,0.7710843373493975,0.8421052631578947,0.7111111111111111,19.0,5039,3411,2976,3411,1628,2.2185633182525635,2.1866343021392822,0.03192901611328125
SetupB_DensityScaling,30,5000,3,er,linear_sem,10,Standard PC,0.7848101265822784,0.9117647058823529,0.6888888888888889,17.0,6957,4695,4260,4695,2262,2.212825298309326,2.172788619995117,0.040036678314208984
SetupB_DensityScaling,30,5000,3,er,linear_sem,11,Standard PC,0.8433734939759038,0.9210526315789473,0.7777777777777778,13.0,6629,4458,4023,4458,2171,0.9415082931518555,0.9139363765716553,0.027571916580200195
SetupB_DensityScaling,30,5000,3,er,linear_sem,12,Standard PC,0.8095238095238095,0.8717948717948718,0.7555555555555555,16.0,7945,5573,5138,5573,2372,2.836155891418457,2.7916696071624756,0.044486284255981445
SetupB_DensityScaling,30,5000,3,er,linear_sem,13,Standard PC,0.8372093023255814,0.8780487804878049,0.8,14.0,5745,4299,3864,4299,1446,2.0996758937835693,2.0639798641204834,0.03569602966308594
SetupB_DensityScaling,30,5000,3,er,linear_sem,14,Standard PC,0.8192771084337349,0.8947368421052632,0.7555555555555555,15.0,5985,4543,4108,4543,1442,2.914207935333252,2.876898765563965,0.03730916976928711
SetupB_DensityScaling,30,5000,3,er,linear_sem,15,Standard PC,0.9545454545454545,0.9767441860465116,0.9333333333333333,4.0,4361,3007,2572,3007,1354,1.0600621700286865,1.0354630947113037,0.024599075317382812
SetupB_DensityScaling,30,5000,3,er,linear_sem,16,Standard PC,0.9024390243902439,1.0,0.8222222222222222,8.0,6805,4571,4136,4571,2234,0.940457820892334,0.9077980518341064,0.03265976905822754
SetupB_DensityScaling,30,5000,3,er,linear_sem,17,Standard PC,0.8192771084337349,0.8947368421052632,0.7555555555555555,15.0,7375,5445,5010,5445,1930,2.968125104904175,2.9261701107025146,0.041954994201660156
SetupB_DensityScaling,30,5000,3,er,linear_sem,18,Standard PC,0.7179487179487178,0.8484848484848485,0.6222222222222222,22.0,8721,5731,5296,5731,2990,1.0386874675750732,1.0013561248779297,0.037331342697143555
SetupB_DensityScaling,30,5000,3,er,linear_sem,19,Standard PC,0.8354430379746834,0.9705882352941176,0.7333333333333333,13.0,6320,4325,3890,4325,1995,0.745772123336792,0.7159421443939209,0.029829978942871094
SetupB_DensityScaling,30,5000,3,er,linear_sem,20,Standard PC,0.7407407407407408,0.8333333333333334,0.6666666666666666,21.0,7849,5010,4575,5010,2839,1.1292603015899658,1.0976991653442383,0.03156113624572754
SetupB_DensityScaling,30,5000,3,er,linear_sem,21,Standard PC,0.7948717948717948,0.9393939393939394,0.6888888888888889,16.0,6527,4309,3874,4309,2218,0.600332498550415,0.5744950771331787,0.025837421417236328
SetupB_DensityScaling,30,5000,3,er,linear_sem,22,Standard PC,0.8536585365853658,0.9459459459459459,0.7777777777777778,12.0,6544,4210,3775,4210,2334,1.2898848056793213,1.2585837841033936,0.031301021575927734
SetupB_DensityScaling,30,5000,3,er,linear_sem,23,Standard PC,0.7560975609756098,0.8378378378378378,0.6888888888888889,20.0,6202,4391,3956,4391,1811,2.1466269493103027,2.1091930866241455,0.03743386268615723
SetupB_DensityScaling,30,5000,3,er,linear_sem,24,Standard PC,0.8780487804878049,0.972972972972973,0.8,10.0,5568,3689,3254,3689,1879,0.9707560539245605,0.9460036754608154,0.024752378463745117
SetupB_DensityScaling,30,5000,3,er,linear_sem,25,Standard PC,0.8536585365853658,0.9459459459459459,0.7777777777777778,12.0,6116,3954,3519,3954,2162,0.9976670742034912,0.9661355018615723,0.031531572341918945
SetupB_DensityScaling,30,5000,3,er,linear_sem,26,Standard PC,0.8372093023255814,0.8780487804878049,0.8,14.0,5615,3923,3488,3923,1692,1.3492767810821533,1.3171806335449219,0.032096147537231445
SetupB_DensityScaling,30,5000,3,er,linear_sem,27,Standard PC,0.8250000000000001,0.9428571428571428,0.7333333333333333,14.0,6523,4568,4133,4568,1955,1.5454905033111572,1.513812780380249,0.0316777229309082
SetupB_DensityScaling,30,5000,3,er,linear_sem,28,Standard PC,0.7951807228915663,0.868421052631579,0.7333333333333333,17.0,6709,4954,4519,4954,1755,1.307352066040039,1.2729277610778809,0.0344243049621582
SetupB_DensityScaling,30,5000,3,er,linear_sem,29,Standard PC,0.7857142857142856,0.8461538461538461,0.7333333333333333,18.0,7198,5076,4641,5076,2122,0.8081412315368652,0.7788479328155518,0.029293298721313477
SetupB_DensityScaling,30,5000,4,er,linear_sem,0,Standard PC,0.7000000000000001,0.875,0.5833333333333334,30.0,15019,10139,9704,10139,4880,3.3094561100006104,3.2442541122436523,0.06520199775695801
SetupB_DensityScaling,30,5000,4,er,linear_sem,1,Standard PC,0.6021505376344086,0.8484848484848485,0.4666666666666667,37.0,17475,11913,11478,11913,5562,4.392925500869751,4.3099424839019775,0.08298301696777344
SetupB_DensityScaling,30,5000,4,er,linear_sem,2,Standard PC,0.6868686868686869,0.8717948717948718,0.5666666666666667,31.0,12602,9194,8759,9194,3408,1.7128760814666748,1.6591813564300537,0.053694725036621094
SetupB_DensityScaling,30,5000,4,er,linear_sem,3,Standard PC,0.6336633663366336,0.7804878048780488,0.5333333333333333,37.0,15319,10249,9814,10249,5070,2.49174165725708,2.4249026775360107,0.06683897972106934
SetupB_DensityScaling,30,5000,4,er,linear_sem,4,Standard PC,0.5054945054945055,0.7419354838709677,0.38333333333333336,45.0,12885,8768,8333,8768,4117,3.1652331352233887,3.1053194999694824,0.05991363525390625
SetupB_DensityScaling,30,5000,4,er,linear_sem,5,Standard PC,0.5869565217391305,0.84375,0.45,38.0,11758,7900,7465,7900,3858,1.2535803318023682,1.2100858688354492,0.043494462966918945
SetupB_DensityScaling,30,5000,4,er,linear_sem,6,Standard PC,0.64,0.8,0.5333333333333333,36.0,16110,10567,10132,10567,5543,2.9307920932769775,2.865446090698242,0.06534600257873535
SetupB_DensityScaling,30,5000,4,er,linear_sem,7,Standard PC,0.8037383177570094,0.9148936170212766,0.7166666666666667,21.0,11288,8512,8077,8512,2776,4.325043678283691,4.258370637893677,0.06667304039001465
SetupB_DensityScaling,30,5000,4,er,linear_sem,8,Standard PC,0.5531914893617021,0.7647058823529411,0.43333333333333335,42.0,16573,10956,10521,10956,5617,4.721139669418335,4.640934467315674,0.08020520210266113
SetupB_DensityScaling,30,5000,4,er,linear_sem,9,Standard PC,0.7766990291262136,0.9302325581395349,0.6666666666666666,23.0,8437,5926,5491,5926,2511,2.0746891498565674,2.0313405990600586,0.04334855079650879
SetupB_DensityScaling,30,5000,4,er,linear_sem,10,Standard PC,0.7291666666666666,0.9722222222222222,0.5833333333333334,26.0,13802,9315,8880,9315,4487,2.9633684158325195,2.9009721279144287,0.06239628791809082
SetupB_DensityScaling,30,5000,4,er,linear_sem,11,Standard PC,0.6601941747572816,0.7906976744186046,0.5666666666666667,35.0,16757,11595,11160,11595,5162,2.277108669281006,2.2174718379974365,0.059636831283569336
SetupB_DensityScaling,30,5000,4,er,linear_sem,12,Standard PC,0.6874999999999999,0.9166666666666666,0.55,30.0,14458,9455,9020,9455,5003,3.6862645149230957,3.6158459186553955,0.0704185962677002
SetupB_DensityScaling,30,5000,4,er,linear_sem,13,Standard PC,0.673469387755102,0.868421052631579,0.55,32.0,9506,6966,6531,6966,2540,2.7828943729400635,2.7320854663848877,0.05080890655517578
SetupB_DensityScaling,30,5000,4,er,linear_sem,14,Standard PC,0.5714285714285714,0.7368421052631579,0.4666666666666667,42.0,11535,8703,8268,8703,2832,3.6414425373077393,3.5848259925842285,0.05661654472351074
SetupB_DensityScaling,30,5000,4,er,linear_sem,15,Standard PC,0.766355140186916,0.8723404255319149,0.6833333333333333,25.0,9934,7260,6825,7260,2674,2.621422052383423,2.5711312294006348,0.050290822982788086
SetupB_DensityScaling,30,5000,4,er,linear_sem,16,Standard PC,0.7920792079207921,0.975609756097561,0.6666666666666666,21.0,14849,10266,9831,10266,4583,2.543858051300049,2.473886013031006,0.06997203826904297
SetupB_DensityScaling,30,5000,4,er,linear_sem,17,Standard PC,0.6105263157894737,0.8285714285714286,0.48333333333333334,37.0,11394,7902,7467,7902,3492,2.994943380355835,2.9388480186462402,0.05609536170959473
SetupB_DensityScaling,30,5000,4,er,linear_sem,18,Standard PC,0.5833333333333334,0.7777777777777778,0.4666666666666667,40.0,14009,9012,8577,9012,4997,3.086864471435547,3.024406909942627,0.06245756149291992
SetupB_DensityScaling,30,5000,4,er,linear_sem,19,Standard PC,0.6666666666666667,0.8461538461538461,0.55,33.0,12822,8651,8216,8651,4171,2.5748937129974365,2.5162277221679688,0.05866599082946777
SetupB_DensityScaling,30,5000,4,er,linear_sem,20,Standard PC,0.6464646464646464,0.8205128205128205,0.5333333333333333,35.0,16792,11343,10908,11343,5449,3.658257007598877,3.5893666744232178,0.06889033317565918
SetupB_DensityScaling,30,5000,4,er,linear_sem,21,Standard PC,0.6930693069306931,0.8536585365853658,0.5833333333333334,31.0,17768,11586,11151,11586,6182,2.013775110244751,1.9476346969604492,0.06614041328430176
SetupB_DensityScaling,30,5000,4,er,linear_sem,22,Standard PC,0.66,0.825,0.55,34.0,16263,10802,10367,10802,5461,2.863825559616089,2.793030023574829,0.07079553604125977
SetupB_DensityScaling,30,5000,4,er,linear_sem,23,Standard PC,0.6923076923076923,0.8181818181818182,0.6,32.0,10802,7947,7512,7947,2855,3.6915082931518555,3.633143424987793,0.0583648681640625
SetupB_DensityScaling,30,5000,4,er,linear_sem,24,Standard PC,0.6666666666666666,0.7777777777777778,0.5833333333333334,35.0,11696,8289,7854,8289,3407,2.2582218647003174,2.201502561569214,0.056719303131103516
SetupB_DensityScaling,30,5000,4,er,linear_sem,25,Standard PC,0.6105263157894737,0.8285714285714286,0.48333333333333334,37.0,13830,9451,9016,9451,4379,3.7341151237487793,3.673232078552246,0.0608830451965332
SetupB_DensityScaling,30,5000,4,er,linear_sem,26,Standard PC,0.5894736842105264,0.8,0.4666666666666667,39.0,16452,11591,11156,11591,4861,5.649819612503052,5.56807804107666,0.0817415714263916
SetupB_DensityScaling,30,5000,4,er,linear_sem,27,Standard PC,0.6060606060606061,0.7692307692307693,0.5,39.0,12298,8304,7869,8304,3994,2.5126466751098633,2.4577701091766357,0.05487656593322754
SetupB_DensityScaling,30,5000,4,er,linear_sem,28,Standard PC,0.7184466019417476,0.8604651162790697,0.6166666666666667,29.0,10279,7723,7288,7723,2556,1.4673304557800293,1.4261629581451416,0.041167497634887695
SetupB_DensityScaling,30,5000,4,er,linear_sem,29,Standard PC,0.7307692307692307,0.8636363636363636,0.6333333333333333,28.0,8740,5925,5490,5925,2815,1.0635738372802734,1.028846025466919,0.03472781181335449
SetupB_DensityScaling,30,5000,5,er,linear_sem,0,Standard PC,0.5517241379310345,0.7804878048780488,0.4266666666666667,52.0,17253,11575,11140,11575,5678,3.65605092048645,3.5771124362945557,0.07893848419189453
SetupB_DensityScaling,30,5000,5,er,linear_sem,1,Standard PC,0.5263157894736842,0.7692307692307693,0.4,54.0,21448,14827,14392,14827,6621,6.448180437088013,6.338113784790039,0.11006665229797363
SetupB_DensityScaling,30,5000,5,er,linear_sem,2,Standard PC,0.4545454545454545,0.7142857142857143,0.3333333333333333,60.0,19109,12991,12556,12991,6118,4.74811053276062,4.662039756774902,0.08607077598571777
SetupB_DensityScaling,30,5000,5,er,linear_sem,3,Standard PC,0.49122807017543857,0.717948717948718,0.37333333333333335,58.0,17529,11629,11194,11629,5900,1.7707188129425049,1.7099003791809082,0.06081843376159668
SetupB_DensityScaling,30,5000,5,er,linear_sem,4,Standard PC,0.4629629629629629,0.7575757575757576,0.3333333333333333,58.0,18268,12946,12511,12946,5322,3.9721853733062744,3.8914828300476074,0.08070254325866699
SetupB_DensityScaling,30,5000,5,er,linear_sem,5,Standard PC,0.49090909090909085,0.7714285714285715,0.36,56.0,17796,11859,11424,11859,5937,2.994826316833496,2.924694538116455,0.07013177871704102
SetupB_DensityScaling,30,5000,5,er,linear_sem,6,Standard PC,0.5504587155963303,0.8823529411764706,0.4,49.0,24773,16358,15923,16358,8415,4.588849782943726,4.490016460418701,0.09883332252502441
SetupB_DensityScaling,30,5000,5,er,linear_sem,7,Standard PC,0.6166666666666666,0.8222222222222222,0.49333333333333335,46.0,13477,9401,8966,9401,4076,3.99699068069458,3.932584285736084,0.0644063949584961
SetupB_DensityScaling,30,5000,5,er,linear_sem,8,Standard PC,0.5185185185185186,0.8484848484848485,0.37333333333333335,52.0,21191,14344,13909,14344,6847,5.346962213516235,5.254762649536133,0.09219956398010254
SetupB_DensityScaling,30,5000,5,er,linear_sem,9,Standard PC,0.5619834710743802,0.723404255319149,0.4594594594594595,53.0,14704,10251,9816,10251,4453,2.7640490531921387,2.701890707015991,0.06215834617614746
SetupB_DensityScaling,30,5000,5,er,linear_sem,10,Standard PC,0.5614035087719298,0.8205128205128205,0.4266666666666667,50.0,18932,12525,12090,12525,6407,3.9880919456481934,3.904085874557495,0.08400607109069824
SetupB_DensityScaling,30,5000,5,er,linear_sem,11,Standard PC,0.5982905982905983,0.8333333333333334,0.4666666666666667,47.0,19021,12983,12548,12983,6038,4.116803884506226,4.032588481903076,0.08421540260314941
SetupB_DensityScaling,30,5000,5,er,linear_sem,12,Standard PC,0.5882352941176471,0.7954545454545454,0.4666666666666667,49.0,19147,12650,12215,12650,6497,1.8800811767578125,1.814152717590332,0.06592845916748047
SetupB_DensityScaling,30,5000,5,er,linear_sem,13,Standard PC,0.44859813084112143,0.75,0.32,59.0,19124,13047,12612,13047,6077,4.839447021484375,4.748970985412598,0.09047603607177734
SetupB_DensityScaling,30,5000,5,er,linear_sem,14,Standard PC,0.5299145299145299,0.7380952380952381,0.41333333333333333,55.0,12817,9396,8961,9396,3421,2.5171821117401123,2.4544644355773926,0.06271767616271973
SetupB_DensityScaling,30,5000,5,er,linear_sem,15,Standard PC,0.6299212598425197,0.7692307692307693,0.5333333333333333,47.0,15709,11036,10601,11036,4673,3.4665961265563965,3.3913512229919434,0.07524490356445312
SetupB_DensityScaling,30,5000,5,er,linear_sem,16,Standard PC,0.578512396694215,0.7608695652173914,0.4666666666666667,51.0,21528,15195,14760,15195,6333,5.620953798294067,5.5199806690216064,0.10097312927246094
SetupB_DensityScaling,30,5000,5,er,linear_sem,17,Standard PC,0.5166666666666667,0.6888888888888889,0.41333333333333333,58.0,15438,10689,10254,10689,4749,5.4149768352508545,5.33571720123291,0.07925963401794434
SetupB_DensityScaling,30,5000,5,er,linear_sem,18,Standard PC,0.4259259259259259,0.696969696969697,0.30666666666666664,62.0,27661,18565,18130,18565,9096,5.051395654678345,4.93586277961731,0.11553287506103516
SetupB_DensityScaling,30,5000,5,er,linear_sem,19,Standard PC,0.5811965811965811,0.8095238095238095,0.4533333333333333,49.0,18626,12570,12135,12570,6056,5.618908405303955,5.526674032211304,0.09223437309265137
SetupB_DensityScaling,30,5000,5,er,linear_sem,20,Standard PC,0.4444444444444444,0.7272727272727273,0.32,60.0,22340,14875,14440,14875,7465,4.435738563537598,4.339019775390625,0.09671878814697266
SetupB_DensityScaling,30,5000,5,er,linear_sem,21,Standard PC,0.4601769911504426,0.6842105263157895,0.3466666666666667,61.0,26739,18029,17594,18029,8710,3.4546470642089844,3.363785743713379,0.09086132049560547
SetupB_DensityScaling,30,5000,5,er,linear_sem,22,Standard PC,0.4869565217391304,0.7,0.37333333333333335,59.0,22538,15835,15400,15835,6703,5.234659671783447,5.138570070266724,0.09608960151672363
SetupB_DensityScaling,30,5000,5,er,linear_sem,23,Standard PC,0.5299145299145299,0.7380952380952381,0.41333333333333333,55.0,16749,11966,11531,11966,4783,4.4242918491363525,4.346550703048706,0.07774114608764648
SetupB_DensityScaling,30,5000,5,er,linear_sem,24,Standard PC,0.6115702479338843,0.8043478260869565,0.49333333333333335,47.0,15813,11372,10937,11372,4441,2.3898589611053467,2.332994222640991,0.05686473846435547
SetupB_DensityScaling,30,5000,5,er,linear_sem,25,Standard PC,0.5641025641025641,0.7857142857142857,0.44,51.0,19888,13503,13068,13503,6385,3.4778971672058105,3.4026739597320557,0.07522320747375488
SetupB_DensityScaling,30,5000,5,er,linear_sem,26,Standard PC,0.48648648648648657,0.75,0.36,57.0,19061,12972,12537,12972,6089,4.013619422912598,3.9311766624450684,0.0824427604675293
SetupB_DensityScaling,30,5000,5,er,linear_sem,27,Standard PC,0.5405405405405406,0.8333333333333334,0.4,51.0,17419,12219,11784,12219,5200,6.225740671157837,6.134740352630615,0.09100031852722168
SetupB_DensityScaling,30,5000,5,er,linear_sem,28,Standard PC,0.6333333333333333,0.8444444444444444,0.5066666666666667,44.0,13416,9894,9459,9894,3522,2.4958832263946533,2.4356276988983154,0.06025552749633789
SetupB_DensityScaling,30,5000,5,er,linear_sem,29,Standard PC,0.5535714285714286,0.8378378378378378,0.41333333333333333,50.0,16992,11459,11024,11459,5533,2.158806562423706,2.0920872688293457,0.06671929359436035
SetupB_DensityScaling,30,5000,6,er,linear_sem,0,Standard PC,0.4,0.7142857142857143,0.2777777777777778,75.0,23194,16019,15584,16019,7175,5.910079002380371,5.804403781890869,0.10567522048950195
SetupB_DensityScaling,30,5000,6,er,linear_sem,1,Standard PC,0.4651162790697674,0.7692307692307693,0.3333333333333333,69.0,28259,19307,18872,19307,8952,7.000872611999512,6.881145715713501,0.11972689628601074
SetupB_DensityScaling,30,5000,6,er,linear_sem,2,Standard PC,0.4,0.7142857142857143,0.2777777777777778,75.0,23963,15946,15511,15946,8017,4.203353643417358,4.10881495475769,0.09453868865966797
SetupB_DensityScaling,30,5000,6,er,linear_sem,3,Standard PC,0.432,0.7714285714285715,0.3,71.0,21964,15158,14723,15158,6806,6.332442045211792,6.229000568389893,0.10344147682189941
SetupB_DensityScaling,30,5000,6,er,linear_sem,4,Standard PC,0.3389830508474576,0.7142857142857143,0.2222222222222222,78.0,21831,15357,14922,15357,6474,5.9560582637786865,5.848452568054199,0.1076056957244873
SetupB_DensityScaling,30,5000,6,er,linear_sem,5,Standard PC,0.48854961832061067,0.7804878048780488,0.35555555555555557,67.0,27046,19067,18632,19067,7979,4.356082201004028,4.247824430465698,0.10825777053833008
SetupB_DensityScaling,30,5000,6,er,linear_sem,6,Standard PC,0.38655462184873945,0.7931034482758621,0.25555555555555554,73.0,29318,19648,19213,19648,9670,5.304053544998169,5.1777238845825195,0.12632966041564941
SetupB_DensityScaling,30,5000,6,er,linear_sem,7,Standard PC,0.4776119402985074,0.7272727272727273,0.35555555555555557,70.0,21356,15560,15125,15560,5796,3.1265721321105957,3.0508577823638916,0.0757143497467041
SetupB_DensityScaling,30,5000,6,er,linear_sem,8,Standard PC,0.40625,0.6842105263157895,0.28888888888888886,76.0,27478,18753,18318,18753,8725,3.585763692855835,3.48992657661438,0.09583711624145508
SetupB_DensityScaling,30,5000,6,er,linear_sem,9,Standard PC,0.5076923076923078,0.8048780487804879,0.3707865168539326,64.0,19112,12864,12429,12864,6248,5.5169806480407715,5.426473140716553,0.09050750732421875
SetupB_DensityScaling,30,5000,6,er,linear_sem,10,Standard PC,0.46153846153846156,0.75,0.3333333333333333,70.0,26131,17732,17297,17732,8399,5.732781648635864,5.629270553588867,0.10351109504699707
SetupB_DensityScaling,30,5000,6,er,linear_sem,11,Standard PC,0.5074626865671641,0.7391304347826086,0.38636363636363635,66.0,23730,16491,16056,16491,7239,4.989620208740234,4.8810460567474365,0.10857415199279785
SetupB_DensityScaling,30,5000,6,er,linear_sem,12,Standard PC,0.41860465116279066,0.6923076923076923,0.3,75.0,27443,19273,18838,19273,8170,6.111093997955322,6.006299018859863,0.10479497909545898
SetupB_DensityScaling,30,5000,6,er,linear_sem,13,Standard PC,0.32478632478632474,0.7037037037037037,0.2111111111111111,79.0,23527,15555,15120,15555,7972,5.78671669960022,5.686829090118408,0.09988760948181152
SetupB_DensityScaling,30,5000,6,er,linear_sem,14,Standard PC,0.523076923076923,0.85,0.37777777777777777,62.0,20458,14496,14061,14496,5962,3.741020679473877,3.6474084854125977,0.0936121940612793
SetupB_DensityScaling,30,5000,6,er,linear_sem,15,Standard PC,0.42748091603053434,0.6829268292682927,0.3111111111111111,75.0,22415,15725,15290,15725,6690,4.4278295040130615,4.3345935344696045,0.09323596954345703
SetupB_DensityScaling,30,5000,6,er,linear_sem,16,Standard PC,0.48571428571428565,0.68,0.37777777777777777,72.0,22397,15878,15443,15878,6519,3.26702618598938,3.178541660308838,0.08848452568054199
SetupB_DensityScaling,30,5000,6,er,linear_sem,17,Standard PC,0.4033613445378151,0.8275862068965517,0.26666666666666666,71.0,22043,14141,13706,14141,7902,4.069184303283691,3.980149269104004,0.0890350341796875
SetupB_DensityScaling,30,5000,6,er,linear_sem,18,Standard PC,0.3934426229508197,0.75,0.26666666666666666,74.0,28454,18665,18230,18665,9789,4.404868841171265,4.296545505523682,0.10832333564758301
SetupB_DensityScaling,30,5000,6,er,linear_sem,19,Standard PC,0.4375,0.7368421052631579,0.3111111111111111,72.0,24442,16405,15970,16405,8037,5.560780048370361,5.460287094116211,0.10049295425415039
SetupB_DensityScaling,30,5000,6,er,linear_sem,20,Standard PC,0.3333333333333333,0.6666666666666666,0.2222222222222222,80.0,25188,17220,16785,17220,7968,4.343863010406494,4.2435314655303955,0.10033154487609863
SetupB_DensityScaling,30,5000,6,er,linear_sem,21,Standard PC,0.40310077519379844,0.6666666666666666,0.28888888888888886,77.0,32123,21981,21546,21981,10142,5.806685924530029,5.683788299560547,0.12289762496948242
SetupB_DensityScaling,30,5000,6,er,linear_sem,22,Standard PC,0.359375,0.6052631578947368,0.25555555555555554,82.0,24546,17064,16629,17064,7482,4.781554460525513,4.676192998886108,0.1053614616394043
SetupB_DensityScaling,30,5000,6,er,linear_sem,23,Standard PC,0.360655737704918,0.6875,0.24444444444444444,78.0,21813,15706,15271,15706,6107,2.9724080562591553,2.8983006477355957,0.07410740852355957
SetupB_DensityScaling,30,5000,6,er,linear_sem,24,Standard PC,0.448,0.8,0.3111111111111111,69.0,21386,14524,14089,14524,6862,3.4616775512695312,3.3812761306762695,0.08040142059326172
SetupB_DensityScaling,30,5000,6,er,linear_sem,25,Standard PC,0.46268656716417905,0.7045454545454546,0.34444444444444444,72.0,20669,14209,13774,14209,6460,3.370619058609009,3.2889723777770996,0.08164668083190918
SetupB_DensityScaling,30,5000,6,er,linear_sem,26,Standard PC,0.36363636363636365,0.7096774193548387,0.24444444444444444,77.0,25185,17401,16966,17401,7784,3.4075980186462402,3.311701774597168,0.09589624404907227
SetupB_DensityScaling,30,5000,6,er,linear_sem,27,Standard PC,0.47244094488188976,0.8108108108108109,0.3333333333333333,67.0,23427,16702,16267,16702,6725,3.364982843399048,3.278651714324951,0.08633112907409668
SetupB_DensityScaling,30,5000,6,er,linear_sem,28,Standard PC,0.47826086956521735,0.6875,0.36666666666666664,72.0,21323,14715,14280,14715,6608,2.5149455070495605,2.443070888519287,0.07187461853027344
SetupB_DensityScaling,30,5000,6,er,linear_sem,29,Standard PC,0.42276422764227634,0.7878787878787878,0.28888888888888886,71.0,23227,15485,15050,15485,7742,2.7012979984283447,2.622141122817993,0.07915687561035156
SetupA_NodeScaling,10,5000,3,er,linear_sem,0,DF-PC (Pure),0.9655172413793104,1.0,0.9333333333333333,1.0,1016,611,566,611,405,0.25179266929626465,0.23317503929138184,0.018617630004882812
SetupA_NodeScaling,10,5000,3,er,linear_sem,1,DF-PC (Pure),0.9285714285714286,1.0,0.8666666666666667,2.0,811,422,377,422,389,0.14778971672058105,0.13617658615112305,0.011613130569458008
SetupA_NodeScaling,10,5000,3,er,linear_sem,2,DF-PC (Pure),0.7142857142857142,0.7692307692307693,0.6666666666666666,8.0,577,285,240,285,292,0.22817301750183105,0.21724748611450195,0.010925531387329102
SetupA_NodeScaling,10,5000,3,er,linear_sem,3,DF-PC (Pure),0.896551724137931,0.9285714285714286,0.8666666666666667,3.0,599,298,253,298,301,0.2273256778717041,0.2171764373779297,0.010149240493774414
SetupA_NodeScaling,10,5000,3,er,linear_sem,4,DF-PC (Pure),0.896551724137931,0.9285714285714286,0.8666666666666667,3.0,1107,651,606,651,456,0.40952372550964355,0.39289259910583496,0.016631126403808594
SetupA_NodeScaling,10,5000,3,er,linear_sem,5,DF-PC (Pure),0.8148148148148148,0.9166666666666666,0.7333333333333333,5.0,825,421,376,421,404,0.20749187469482422,0.19636869430541992,0.011123180389404297
SetupA_NodeScaling,10,5000,3,er,linear_sem,6,DF-PC (Pure),0.888888888888889,1.0,0.8,3.0,872,501,456,501,371,0.5201337337493896,0.5050580501556396,0.01507568359375
SetupA_NodeScaling,10,5000,3,er,linear_sem,7,DF-PC (Pure),0.9655172413793104,1.0,0.9333333333333333,1.0,1048,590,545,590,458,0.1475529670715332,0.13200688362121582,0.015546083450317383
SetupA_NodeScaling,10,5000,3,er,linear_sem,8,DF-PC (Pure),0.8000000000000002,0.8,0.8,6.0,1222,712,667,712,510,0.3527867794036865,0.3330423831939697,0.019744396209716797
SetupA_NodeScaling,10,5000,3,er,linear_sem,9,DF-PC (Pure),0.9285714285714286,1.0,0.8666666666666667,2.0,815,263,218,263,552,0.20833086967468262,0.191392183303833,0.01693868637084961
SetupA_NodeScaling,10,5000,3,er,linear_sem,10,DF-PC (Pure),0.9285714285714286,1.0,0.8666666666666667,2.0,765,434,389,434,331,0.31240415573120117,0.30107951164245605,0.011324644088745117
SetupA_NodeScaling,10,5000,3,er,linear_sem,11,DF-PC (Pure),0.896551724137931,0.9285714285714286,0.8666666666666667,3.0,689,330,285,330,359,0.08603644371032715,0.07683348655700684,0.009202957153320312
SetupA_NodeScaling,10,5000,3,er,linear_sem,12,DF-PC (Pure),0.8000000000000002,0.8,0.8,6.0,790,437,392,437,353,0.45075058937072754,0.4365425109863281,0.014208078384399414
SetupA_NodeScaling,10,5000,3,er,linear_sem,13,DF-PC (Pure),0.9333333333333333,0.9333333333333333,0.9333333333333333,2.0,758,290,245,290,468,0.11976766586303711,0.10901379585266113,0.010753870010375977
SetupA_NodeScaling,10,5000,3,er,linear_sem,14,DF-PC (Pure),0.7142857142857142,0.7692307692307693,0.6666666666666666,8.0,731,412,367,412,319,0.13445329666137695,0.12386703491210938,0.010586261749267578
SetupA_NodeScaling,10,5000,3,er,linear_sem,15,DF-PC (Pure),0.896551724137931,0.9285714285714286,0.8666666666666667,3.0,627,302,257,302,325,0.31079554557800293,0.29921913146972656,0.011576414108276367
SetupA_NodeScaling,10,5000,3,er,linear_sem,16,DF-PC (Pure),0.9655172413793104,1.0,0.9333333333333333,1.0,853,479,434,479,374,0.3237903118133545,0.3082761764526367,0.015514135360717773
SetupA_NodeScaling,10,5000,3,er,linear_sem,17,DF-PC (Pure),0.888888888888889,1.0,0.8,3.0,559,268,223,268,291,0.2520480155944824,0.24364948272705078,0.00839853286743164
SetupA_NodeScaling,10,5000,3,er,linear_sem,18,DF-PC (Pure),0.888888888888889,1.0,0.8,3.0,794,431,386,431,363,0.29483699798583984,0.2821488380432129,0.012688159942626953
SetupA_NodeScaling,10,5000,3,er,linear_sem,19,DF-PC (Pure),0.8148148148148148,0.9166666666666666,0.7333333333333333,5.0,934,537,492,537,397,0.15756630897521973,0.14552998542785645,0.012036323547363281
SetupA_NodeScaling,10,5000,3,er,linear_sem,20,DF-PC (Pure),0.846153846153846,1.0,0.7333333333333333,4.0,678,375,330,375,303,0.16876935958862305,0.15762615203857422,0.011143207550048828
SetupA_NodeScaling,10,5000,3,er,linear_sem,21,DF-PC (Pure),0.9285714285714286,1.0,0.8666666666666667,2.0,1050,611,566,611,439,0.3774111270904541,0.36075925827026367,0.01665186882019043
SetupA_NodeScaling,10,5000,3,er,linear_sem,22,DF-PC (Pure),0.888888888888889,1.0,0.8,3.0,866,445,400,445,421,0.12652969360351562,0.11492776870727539,0.011601924896240234
SetupA_NodeScaling,10,5000,3,er,linear_sem,23,DF-PC (Pure),0.888888888888889,1.0,0.8,3.0,758,378,333,378,380,0.0775761604309082,0.0679483413696289,0.009627819061279297
SetupA_NodeScaling,10,5000,3,er,linear_sem,24,DF-PC (Pure),1.0,1.0,1.0,0.0,376,157,112,157,219,0.03801536560058594,0.033661842346191406,0.004353523254394531
SetupA_NodeScaling,10,5000,3,er,linear_sem,25,DF-PC (Pure),0.8571428571428571,0.9230769230769231,0.8,4.0,634,324,279,324,310,0.06973028182983398,0.06186795234680176,0.007862329483032227
SetupA_NodeScaling,10,5000,3,er,linear_sem,26,DF-PC (Pure),0.7407407407407408,0.8333333333333334,0.6666666666666666,7.0,753,402,357,402,351,0.10561466217041016,0.09593510627746582,0.009679555892944336
SetupA_NodeScaling,10,5000,3,er,linear_sem,27,DF-PC (Pure),0.8571428571428571,0.9230769230769231,0.8,4.0,736,385,340,385,351,0.08077478408813477,0.07082748413085938,0.00994729995727539
SetupA_NodeScaling,10,5000,3,er,linear_sem,28,DF-PC (Pure),0.6666666666666667,0.8888888888888888,0.5333333333333333,8.0,649,350,305,350,299,0.08234333992004395,0.07364249229431152,0.008700847625732422
SetupA_NodeScaling,10,5000,3,er,linear_sem,29,DF-PC (Pure),0.9285714285714286,1.0,0.8666666666666667,2.0,795,434,389,434,361,0.38176679611206055,0.37155961990356445,0.010207176208496094
SetupA_NodeScaling,20,5000,3,er,linear_sem,0,DF-PC (Pure),0.9285714285714286,1.0,0.8666666666666667,4.0,3199,1629,1439,1629,1570,0.43641114234924316,0.39366674423217773,0.04274439811706543
SetupA_NodeScaling,20,5000,3,er,linear_sem,1,DF-PC (Pure),0.8363636363636363,0.92,0.7666666666666667,9.0,3488,1845,1655,1845,1643,0.722588062286377,0.6705427169799805,0.052045345306396484
SetupA_NodeScaling,20,5000,3,er,linear_sem,2,DF-PC (Pure),0.8571428571428571,0.9230769230769231,0.8,8.0,2782,1361,1171,1361,1421,1.090679407119751,1.045473575592041,0.04520583152770996
SetupA_NodeScaling,20,5000,3,er,linear_sem,3,DF-PC (Pure),0.8076923076923077,0.9545454545454546,0.7,10.0,3547,1932,1742,1932,1615,0.45226502418518066,0.405153751373291,0.04711127281188965
SetupA_NodeScaling,20,5000,3,er,linear_sem,4,DF-PC (Pure),0.7083333333333334,0.9444444444444444,0.5666666666666667,14.0,4650,2600,2410,2600,2050,2.2347662448883057,2.158445119857788,0.07632112503051758
SetupA_NodeScaling,20,5000,3,er,linear_sem,5,DF-PC (Pure),0.8421052631578948,0.8888888888888888,0.8,9.0,3641,1952,1762,1952,1689,0.6623270511627197,0.6147868633270264,0.04754018783569336
SetupA_NodeScaling,20,5000,3,er,linear_sem,6,DF-PC (Pure),0.7142857142857142,0.7692307692307693,0.6666666666666666,16.0,3380,1790,1600,1790,1590,0.38303136825561523,0.33557868003845215,0.047452688217163086
SetupA_NodeScaling,20,5000,3,er,linear_sem,7,DF-PC (Pure),0.8771929824561403,0.9259259259259259,0.8333333333333334,7.0,1992,818,628,818,1174,0.20476841926574707,0.17994928359985352,0.024819135665893555
SetupA_NodeScaling,20,5000,3,er,linear_sem,8,DF-PC (Pure),0.8679245283018869,1.0,0.7666666666666667,7.0,4412,2485,2295,2485,1927,1.1129400730133057,1.0464506149291992,0.06648945808410645
SetupA_NodeScaling,20,5000,3,er,linear_sem,9,DF-PC (Pure),0.9310344827586207,0.9642857142857143,0.9,4.0,2500,1146,956,1146,1354,0.3997824192047119,0.3625338077545166,0.03724861145019531
SetupA_NodeScaling,20,5000,3,er,linear_sem,10,DF-PC (Pure),0.846153846153846,1.0,0.7333333333333333,8.0,3407,1887,1697,1887,1520,1.509413719177246,1.4573266506195068,0.05208706855773926
SetupA_NodeScaling,20,5000,3,er,linear_sem,11,DF-PC (Pure),0.7636363636363636,0.84,0.7,13.0,3148,1616,1426,1616,1532,1.3110270500183105,1.2652335166931152,0.04579353332519531
SetupA_NodeScaling,20,5000,3,er,linear_sem,12,DF-PC (Pure),0.8421052631578948,0.8888888888888888,0.8,9.0,3251,1679,1489,1679,1572,0.6320192813873291,0.5811309814453125,0.0508882999420166
SetupA_NodeScaling,20,5000,3,er,linear_sem,13,DF-PC (Pure),0.8301886792452831,0.9565217391304348,0.7333333333333333,9.0,3547,1888,1698,1888,1659,1.4621758460998535,1.4058597087860107,0.05631613731384277
SetupA_NodeScaling,20,5000,3,er,linear_sem,14,DF-PC (Pure),0.8727272727272728,0.96,0.8,7.0,2583,1187,997,1187,1396,0.9942858219146729,0.9532616138458252,0.041024208068847656
SetupA_NodeScaling,20,5000,3,er,linear_sem,15,DF-PC (Pure),0.8214285714285715,0.8846153846153846,0.7666666666666667,10.0,2841,1291,1101,1291,1550,0.27574706077575684,0.23612093925476074,0.039626121520996094
SetupA_NodeScaling,20,5000,3,er,linear_sem,16,DF-PC (Pure),0.8363636363636363,0.92,0.7666666666666667,9.0,3210,1618,1428,1618,1592,1.0984396934509277,1.0510988235473633,0.04734086990356445
SetupA_NodeScaling,20,5000,3,er,linear_sem,17,DF-PC (Pure),0.7857142857142856,0.8461538461538461,0.7333333333333333,12.0,4014,2153,1963,2153,1861,1.4482076168060303,1.38590407371521,0.06230354309082031
SetupA_NodeScaling,20,5000,3,er,linear_sem,18,DF-PC (Pure),0.7407407407407408,0.8333333333333334,0.6666666666666666,14.0,3607,2026,1836,2026,1581,1.390606164932251,1.3306055068969727,0.06000065803527832
SetupA_NodeScaling,20,5000,3,er,linear_sem,19,DF-PC (Pure),0.8363636363636363,0.92,0.7666666666666667,9.0,2760,1535,1345,1535,1225,1.2472922801971436,1.1991362571716309,0.048156023025512695
SetupA_NodeScaling,20,5000,3,er,linear_sem,20,DF-PC (Pure),0.8771929824561403,0.9259259259259259,0.8333333333333334,7.0,2712,1339,1149,1339,1373,0.562615156173706,0.5217840671539307,0.04083108901977539
SetupA_NodeScaling,20,5000,3,er,linear_sem,21,DF-PC (Pure),0.7636363636363636,0.84,0.7,13.0,4186,2291,2101,2291,1895,1.2164978981018066,1.152449369430542,0.06404852867126465
SetupA_NodeScaling,20,5000,3,er,linear_sem,22,DF-PC (Pure),0.75,0.8076923076923077,0.7,14.0,3229,1612,1422,1612,1617,1.0448417663574219,1.0017311573028564,0.04311060905456543
SetupA_NodeScaling,20,5000,3,er,linear_sem,23,DF-PC (Pure),0.8771929824561403,0.9259259259259259,0.8333333333333334,7.0,3959,2143,1953,2143,1816,1.4356744289398193,1.3752012252807617,0.06047320365905762
SetupA_NodeScaling,20,5000,3,er,linear_sem,24,DF-PC (Pure),0.9285714285714286,1.0,0.8666666666666667,4.0,2973,1371,1181,1371,1602,0.3065340518951416,0.2689225673675537,0.03761148452758789
SetupA_NodeScaling,20,5000,3,er,linear_sem,25,DF-PC (Pure),0.8928571428571429,0.9615384615384616,0.8333333333333334,6.0,3581,1855,1665,1855,1726,0.5572183132171631,0.513160228729248,0.04405808448791504
SetupA_NodeScaling,20,5000,3,er,linear_sem,26,DF-PC (Pure),0.8571428571428571,0.9230769230769231,0.8,8.0,3117,1584,1394,1584,1533,1.058502435684204,1.008791446685791,0.049710988998413086
SetupA_NodeScaling,20,5000,3,er,linear_sem,27,DF-PC (Pure),0.8148148148148148,0.9166666666666666,0.7333333333333333,10.0,3387,1635,1445,1635,1752,0.5422446727752686,0.4950888156890869,0.04715585708618164
SetupA_NodeScaling,20,5000,3,er,linear_sem,28,DF-PC (Pure),0.6923076923076923,0.8181818181818182,0.6,16.0,3435,1847,1657,1847,1588,0.9918003082275391,0.938772439956665,0.05302786827087402
SetupA_NodeScaling,20,5000,3,er,linear_sem,29,DF-PC (Pure),0.8620689655172413,0.8928571428571429,0.8333333333333334,8.0,3894,1905,1715,1905,1989,0.9241518974304199,0.8673872947692871,0.05676460266113281
SetupA_NodeScaling,30,5000,3,er,linear_sem,0,DF-PC (Pure),0.7804878048780488,0.8648648648648649,0.7111111111111111,18.0,9926,5044,4609,5044,4882,2.89067006111145,2.7811570167541504,0.1095130443572998
SetupA_NodeScaling,30,5000,3,er,linear_sem,1,DF-PC (Pure),0.8148148148148148,0.9166666666666666,0.7333333333333333,15.0,7682,3734,3299,3734,3948,1.6998391151428223,1.5977964401245117,0.10204267501831055
SetupA_NodeScaling,30,5000,3,er,linear_sem,2,DF-PC (Pure),0.7857142857142856,0.8461538461538461,0.7333333333333333,18.0,8817,4417,3982,4417,4400,1.4515326023101807,1.316514253616333,0.13501834869384766
SetupA_NodeScaling,30,5000,3,er,linear_sem,3,DF-PC (Pure),0.8192771084337349,0.8947368421052632,0.7555555555555555,15.0,8801,4410,3975,4410,4391,1.20298433303833,1.089205026626587,0.11377930641174316
SetupA_NodeScaling,30,5000,3,er,linear_sem,4,DF-PC (Pure),0.7341772151898734,0.8529411764705882,0.6444444444444445,21.0,6467,3322,2887,3322,3145,0.6133782863616943,0.5286281108856201,0.08475017547607422
SetupA_NodeScaling,30,5000,3,er,linear_sem,5,DF-PC (Pure),0.8863636363636364,0.9069767441860465,0.8666666666666667,10.0,5510,2509,2074,2509,3001,0.45708394050598145,0.37358832359313965,0.0834956169128418
SetupA_NodeScaling,30,5000,3,er,linear_sem,6,DF-PC (Pure),0.8048780487804879,0.8918918918918919,0.7333333333333333,16.0,8480,4203,3768,4203,4277,1.0655038356781006,0.9613137245178223,0.10419011116027832
SetupA_NodeScaling,30,5000,3,er,linear_sem,7,DF-PC (Pure),0.9425287356321839,0.9761904761904762,0.9111111111111111,5.0,4739,2051,1616,2051,2688,0.457108736038208,0.39755702018737793,0.05955171585083008
SetupA_NodeScaling,30,5000,3,er,linear_sem,8,DF-PC (Pure),0.7654320987654321,0.8611111111111112,0.6888888888888889,19.0,6738,3430,2995,3430,3308,0.9006121158599854,0.8112316131591797,0.08938050270080566
SetupA_NodeScaling,30,5000,3,er,linear_sem,9,DF-PC (Pure),0.7710843373493975,0.8421052631578947,0.7111111111111111,19.0,5039,2100,1665,2100,2939,0.6324119567871094,0.5700597763061523,0.06235218048095703
SetupA_NodeScaling,30,5000,3,er,linear_sem,10,DF-PC (Pure),0.7848101265822784,0.9117647058823529,0.6888888888888889,17.0,6958,3358,2923,3358,3600,0.8998501300811768,0.8103692531585693,0.08948087692260742
SetupA_NodeScaling,30,5000,3,er,linear_sem,11,DF-PC (Pure),0.8433734939759038,0.9210526315789473,0.7777777777777778,13.0,6629,3237,2802,3237,3392,0.9605185985565186,0.8760969638824463,0.08442163467407227
SetupA_NodeScaling,30,5000,3,er,linear_sem,12,DF-PC (Pure),0.8095238095238095,0.8717948717948718,0.7555555555555555,16.0,7949,3873,3438,3873,4076,1.3876566886901855,1.2746474742889404,0.11300921440124512
SetupA_NodeScaling,30,5000,3,er,linear_sem,13,DF-PC (Pure),0.8275862068965518,0.8571428571428571,0.8,15.0,5753,2462,2027,2462,3291,0.9055099487304688,0.8251841068267822,0.08032584190368652
SetupA_NodeScaling,30,5000,3,er,linear_sem,14,DF-PC (Pure),0.8192771084337349,0.8947368421052632,0.7555555555555555,15.0,6136,2627,2192,2627,3509,0.6895530223846436,0.601616382598877,0.0879366397857666
SetupA_NodeScaling,30,5000,3,er,linear_sem,15,DF-PC (Pure),0.9545454545454545,0.9767441860465116,0.9333333333333333,4.0,4466,1764,1329,1764,2702,0.5289304256439209,0.4714953899383545,0.057435035705566406
SetupA_NodeScaling,30,5000,3,er,linear_sem,16,DF-PC (Pure),0.891566265060241,0.9736842105263158,0.8222222222222222,9.0,7027,3360,2925,3360,3667,1.1688170433044434,1.062044382095337,0.10677266120910645
SetupA_NodeScaling,30,5000,3,er,linear_sem,17,DF-PC (Pure),0.8192771084337349,0.8947368421052632,0.7555555555555555,15.0,7392,3209,2774,3209,4183,1.2377827167510986,1.1283230781555176,0.10945963859558105
SetupA_NodeScaling,30,5000,3,er,linear_sem,18,DF-PC (Pure),0.7179487179487178,0.8484848484848485,0.6222222222222222,22.0,8725,4673,4238,4673,4052,3.0193099975585938,2.8811371326446533,0.13817286491394043
SetupA_NodeScaling,30,5000,3,er,linear_sem,19,DF-PC (Pure),0.8354430379746834,0.9705882352941176,0.7333333333333333,13.0,6342,3252,2817,3252,3090,1.4808876514434814,1.3857369422912598,0.09515070915222168
SetupA_NodeScaling,30,5000,3,er,linear_sem,20,DF-PC (Pure),0.7407407407407408,0.8333333333333334,0.6666666666666666,21.0,7862,3980,3545,3980,3882,1.7311859130859375,1.6175661087036133,0.11361980438232422
SetupA_NodeScaling,30,5000,3,er,linear_sem,21,DF-PC (Pure),0.7901234567901234,0.8888888888888888,0.7111111111111111,17.0,6669,3611,3176,3611,3058,1.904245376586914,1.8000805377960205,0.10416483879089355
SetupA_NodeScaling,30,5000,3,er,linear_sem,22,DF-PC (Pure),0.8536585365853658,0.9459459459459459,0.7777777777777778,12.0,6544,3330,2895,3330,3214,0.8056442737579346,0.7257962226867676,0.07984805107116699
SetupA_NodeScaling,30,5000,3,er,linear_sem,23,DF-PC (Pure),0.7560975609756098,0.8378378378378378,0.6888888888888889,20.0,6208,3155,2720,3155,3053,0.6706376075744629,0.5887043476104736,0.08193325996398926
SetupA_NodeScaling,30,5000,3,er,linear_sem,24,DF-PC (Pure),0.8780487804878049,0.972972972972973,0.8,10.0,5571,2722,2287,2722,2849,1.238656759262085,1.1570143699645996,0.08164238929748535
SetupA_NodeScaling,30,5000,3,er,linear_sem,25,DF-PC (Pure),0.8536585365853658,0.9459459459459459,0.7777777777777778,12.0,6122,2959,2524,2959,3163,1.4521856307983398,1.3669190406799316,0.0852665901184082
SetupA_NodeScaling,30,5000,3,er,linear_sem,26,DF-PC (Pure),0.8505747126436781,0.8809523809523809,0.8222222222222222,13.0,5677,2380,1945,2380,3297,0.7421302795410156,0.6728775501251221,0.06925272941589355
SetupA_NodeScaling,30,5000,3,er,linear_sem,27,DF-PC (Pure),0.8148148148148148,0.9166666666666666,0.7333333333333333,15.0,6538,3289,2854,3289,3249,0.9446272850036621,0.8079679012298584,0.1366593837738037
SetupA_NodeScaling,30,5000,3,er,linear_sem,28,DF-PC (Pure),0.7951807228915663,0.868421052631579,0.7333333333333333,17.0,6709,3375,2940,3375,3334,1.2038476467132568,1.1135897636413574,0.09025788307189941
SetupA_NodeScaling,30,5000,3,er,linear_sem,29,DF-PC (Pure),0.7674418604651163,0.8048780487804879,0.7333333333333333,20.0,7304,3288,2853,3288,4016,0.5750198364257812,0.47918152809143066,0.09583830833435059
SetupA_NodeScaling,40,5000,3,er,linear_sem,0,DF-PC (Pure),0.8288288288288289,0.9019607843137255,0.7666666666666667,19.0,18455,9167,8387,9167,9288,1.421260118484497,1.2168347835540771,0.20442533493041992
SetupA_NodeScaling,40,5000,3,er,linear_sem,1,DF-PC (Pure),0.8869565217391303,0.9272727272727272,0.85,13.0,10612,4969,4189,4969,5643,0.9077601432800293,0.7678442001342773,0.13991594314575195
SetupA_NodeScaling,40,5000,3,er,linear_sem,2,DF-PC (Pure),0.8333333333333334,0.9375,0.75,18.0,11964,6109,5329,6109,5855,3.4135849475860596,3.2273645401000977,0.18622040748596191
SetupA_NodeScaling,40,5000,3,er,linear_sem,3,DF-PC (Pure),0.8695652173913043,0.9090909090909091,0.8333333333333334,15.0,10625,4965,4185,4965,5660,2.1743922233581543,2.010760545730591,0.16363167762756348
SetupA_NodeScaling,40,5000,3,er,linear_sem,4,DF-PC (Pure),0.7857142857142856,0.8461538461538461,0.7333333333333333,24.0,13404,6449,5669,6449,6955,3.3156094551086426,3.119905948638916,0.19570350646972656
SetupA_NodeScaling,40,5000,3,er,linear_sem,5,DF-PC (Pure),0.7706422018348624,0.8571428571428571,0.7,25.0,13536,6686,5906,6686,6850,2.873032808303833,2.6742892265319824,0.19874358177185059
SetupA_NodeScaling,40,5000,3,er,linear_sem,6,DF-PC (Pure),0.8214285714285715,0.8846153846153846,0.7666666666666667,20.0,14106,6867,6087,6867,7239,3.5336761474609375,3.3578903675079346,0.17578577995300293
SetupA_NodeScaling,40,5000,3,er,linear_sem,7,DF-PC (Pure),0.8688524590163934,0.8548387096774194,0.8833333333333333,16.0,10630,4228,3448,4228,6402,1.4439632892608643,1.2883861064910889,0.1555771827697754
SetupA_NodeScaling,40,5000,3,er,linear_sem,8,DF-PC (Pure),0.8440366972477065,0.9387755102040817,0.7666666666666667,17.0,13662,6623,5843,6623,7039,1.8346927165985107,1.6449096202850342,0.18978309631347656
SetupA_NodeScaling,40,5000,3,er,linear_sem,9,DF-PC (Pure),0.8495575221238938,0.9056603773584906,0.8,17.0,9819,4286,3506,4286,5533,1.522951364517212,1.3979053497314453,0.1250460147857666
SetupA_NodeScaling,40,5000,3,er,linear_sem,10,DF-PC (Pure),0.8849557522123894,0.9433962264150944,0.8333333333333334,13.0,8888,4086,3306,4086,4802,1.1587960720062256,1.042283535003662,0.11651253700256348
SetupA_NodeScaling,40,5000,3,er,linear_sem,11,DF-PC (Pure),0.8749999999999999,0.9423076923076923,0.8166666666666667,14.0,10077,4222,3442,4222,5855,1.9400904178619385,1.8159599304199219,0.1241304874420166
SetupA_NodeScaling,40,5000,3,er,linear_sem,12,DF-PC (Pure),0.7636363636363636,0.84,0.7,26.0,22696,12248,11468,12248,10448,4.362417459487915,4.049590349197388,0.31282711029052734
SetupA_NodeScaling,40,5000,3,er,linear_sem,13,DF-PC (Pure),0.9137931034482758,0.9464285714285714,0.8833333333333333,10.0,9315,4082,3302,4082,5233,0.9377098083496094,0.8089604377746582,0.12874937057495117
SetupA_NodeScaling,40,5000,3,er,linear_sem,14,DF-PC (Pure),0.8648648648648648,0.9411764705882353,0.8,15.0,11496,5476,4696,5476,6020,1.3241138458251953,1.1554079055786133,0.16870594024658203
SetupA_NodeScaling,40,5000,3,er,linear_sem,15,DF-PC (Pure),0.8,0.88,0.7333333333333333,22.0,13999,7236,6456,7236,6763,1.922093391418457,1.6517865657806396,0.2703068256378174
SetupA_NodeScaling,40,5000,3,er,linear_sem,16,DF-PC (Pure),0.9298245614035088,0.9814814814814815,0.8833333333333333,8.0,10835,4740,3960,4740,6095,2.115720272064209,1.9564266204833984,0.15929365158081055
SetupA_NodeScaling,40,5000,3,er,linear_sem,17,DF-PC (Pure),0.8928571428571429,0.9615384615384616,0.8333333333333334,12.0,12150,5640,4860,5640,6510,1.640289068222046,1.463620662689209,0.17666840553283691
SetupA_NodeScaling,40,5000,3,er,linear_sem,18,DF-PC (Pure),0.8301886792452831,0.9565217391304348,0.7333333333333333,18.0,13930,6790,6010,6790,7140,1.9448473453521729,1.7619454860687256,0.18290185928344727
SetupA_NodeScaling,40,5000,3,er,linear_sem,19,DF-PC (Pure),0.8333333333333334,0.9375,0.75,18.0,12229,5957,5177,5957,6272,1.7726693153381348,1.5236620903015137,0.2490072250366211
SetupA_NodeScaling,40,5000,3,er,linear_sem,20,DF-PC (Pure),0.9203539823008849,0.9811320754716981,0.8666666666666667,9.0,9650,4485,3705,4485,5165,2.9114558696746826,2.748090982437134,0.16336488723754883
SetupA_NodeScaling,40,5000,3,er,linear_sem,21,DF-PC (Pure),0.8849557522123894,0.9433962264150944,0.8333333333333334,13.0,14539,6962,6182,6962,7577,2.8640708923339844,2.6856870651245117,0.17838382720947266
SetupA_NodeScaling,40,5000,3,er,linear_sem,22,DF-PC (Pure),0.8392857142857143,0.9038461538461539,0.7833333333333333,18.0,13612,6786,6006,6786,6826,2.3199474811553955,2.113898515701294,0.20604896545410156
SetupA_NodeScaling,40,5000,3,er,linear_sem,23,DF-PC (Pure),0.8623853211009175,0.9591836734693877,0.7833333333333333,15.0,16037,7317,6537,7317,8720,2.4902050495147705,2.2841551303863525,0.20604991912841797
SetupA_NodeScaling,40,5000,3,er,linear_sem,24,DF-PC (Pure),0.8717948717948718,0.8947368421052632,0.85,15.0,10377,4127,3347,4127,6250,1.036738395690918,0.8928442001342773,0.14389419555664062
SetupA_NodeScaling,40,5000,3,er,linear_sem,25,DF-PC (Pure),0.8468468468468469,0.9215686274509803,0.7833333333333333,17.0,9447,4339,3559,4339,5108,0.9940650463104248,0.8775196075439453,0.11654543876647949
SetupA_NodeScaling,40,5000,3,er,linear_sem,26,DF-PC (Pure),0.8256880733944955,0.9183673469387755,0.75,19.0,13072,6065,5285,6065,7007,2.8715128898620605,2.6659533977508545,0.20555949211120605
SetupA_NodeScaling,40,5000,3,er,linear_sem,27,DF-PC (Pure),0.8113207547169811,0.9347826086956522,0.7166666666666667,20.0,12542,6084,5304,6084,6458,2.4631922245025635,2.2810099124908447,0.18218231201171875
SetupA_NodeScaling,40,5000,3,er,linear_sem,28,DF-PC (Pure),0.8869565217391303,0.9272727272727272,0.85,13.0,7645,3590,2810,3590,4055,2.0215256214141846,1.8979897499084473,0.1235358715057373
SetupA_NodeScaling,40,5000,3,er,linear_sem,29,DF-PC (Pure),0.9217391304347826,0.9636363636363636,0.8833333333333333,9.0,12145,5941,5161,5941,6204,4.03864598274231,3.8455822467803955,0.19306373596191406
SetupA_NodeScaling,50,5000,3,er,linear_sem,0,DF-PC (Pure),0.8732394366197183,0.9253731343283582,0.8266666666666667,18.0,21967,10108,8883,10108,11859,2.575831890106201,2.3206875324249268,0.2551443576812744
SetupA_NodeScaling,50,5000,3,er,linear_sem,1,DF-PC (Pure),0.9361702127659575,1.0,0.88,9.0,15235,6342,5117,6342,8893,1.6784241199493408,1.496514081954956,0.18191003799438477
SetupA_NodeScaling,50,5000,3,er,linear_sem,2,DF-PC (Pure),0.8120300751879699,0.9310344827586207,0.72,25.0,15295,7222,5997,7222,8073,3.415722131729126,3.1947569847106934,0.22096514701843262
SetupA_NodeScaling,50,5000,3,er,linear_sem,3,DF-PC (Pure),0.8208955223880597,0.9322033898305084,0.7333333333333333,24.0,16959,7933,6708,7933,9026,2.859964609146118,2.6370253562927246,0.22293925285339355
SetupA_NodeScaling,50,5000,3,er,linear_sem,4,DF-PC (Pure),0.7883211678832117,0.8709677419354839,0.72,29.0,18683,8873,7648,8873,9810,2.142279624938965,1.8835124969482422,0.25876712799072266
SetupA_NodeScaling,50,5000,3,er,linear_sem,5,DF-PC (Pure),0.8714285714285714,0.9384615384615385,0.8133333333333334,18.0,21603,9974,8749,9974,11629,2.2451820373535156,1.9500961303710938,0.2950859069824219
SetupA_NodeScaling,50,5000,3,er,linear_sem,6,DF-PC (Pure),0.838235294117647,0.9344262295081968,0.76,22.0,18299,8363,7138,8363,9936,4.885705232620239,4.619147539138794,0.2665576934814453
SetupA_NodeScaling,50,5000,3,er,linear_sem,7,DF-PC (Pure),0.8904109589041095,0.9154929577464789,0.8666666666666667,16.0,12817,5486,4261,5486,7331,3.1379752159118652,2.9353363513946533,0.20263886451721191
SetupA_NodeScaling,50,5000,3,er,linear_sem,8,DF-PC (Pure),0.7611940298507464,0.864406779661017,0.68,32.0,22696,10807,9582,10807,11889,2.472836494445801,2.2076528072357178,0.265183687210083
SetupA_NodeScaling,50,5000,3,er,linear_sem,9,DF-PC (Pure),0.8142857142857143,0.8769230769230769,0.76,26.0,15144,6563,5338,6563,8581,1.945875644683838,1.7452168464660645,0.20065879821777344
SetupA_NodeScaling,50,5000,3,er,linear_sem,10,DF-PC (Pure),0.9295774647887323,0.9850746268656716,0.88,10.0,15919,6949,5724,6949,8970,1.170959711074829,0.9910886287689209,0.1798710823059082
SetupA_NodeScaling,50,5000,3,er,linear_sem,11,DF-PC (Pure),0.821705426356589,0.9814814814814815,0.7066666666666667,23.0,19596,9487,8262,9487,10109,2.444223403930664,2.1931347846984863,0.25108861923217773
SetupA_NodeScaling,50,5000,3,er,linear_sem,12,DF-PC (Pure),0.8633093525179856,0.9375,0.8,19.0,17727,8275,7050,8275,9452,4.7751569747924805,4.495628595352173,0.2795283794403076
SetupA_NodeScaling,50,5000,3,er,linear_sem,13,DF-PC (Pure),0.8550724637681159,0.9365079365079365,0.7866666666666666,20.0,13574,5658,4433,5658,7916,3.4985806941986084,3.2178542613983154,0.28072643280029297
SetupA_NodeScaling,50,5000,3,er,linear_sem,14,DF-PC (Pure),0.8794326241134751,0.9393939393939394,0.8266666666666667,17.0,17750,8082,6857,8082,9668,1.6230108737945557,1.3751444816589355,0.24786639213562012
SetupA_NodeScaling,50,5000,3,er,linear_sem,15,DF-PC (Pure),0.8529411764705883,0.9508196721311475,0.7733333333333333,20.0,16997,8048,6823,8048,8949,1.9833745956420898,1.7599432468414307,0.22343134880065918
SetupA_NodeScaling,50,5000,3,er,linear_sem,16,DF-PC (Pure),0.863013698630137,0.8873239436619719,0.84,20.0,17659,7474,6249,7474,10185,2.506840944290161,2.2664265632629395,0.24041438102722168
SetupA_NodeScaling,50,5000,3,er,linear_sem,17,DF-PC (Pure),0.8088235294117647,0.9016393442622951,0.7333333333333333,26.0,24523,12873,11648,12873,11650,5.663395643234253,5.293586492538452,0.3698091506958008
SetupA_NodeScaling,50,5000,3,er,linear_sem,18,DF-PC (Pure),0.7883211678832117,0.8709677419354839,0.72,29.0,32057,15844,14619,15844,16213,6.366522312164307,5.91814923286438,0.44837307929992676
SetupA_NodeScaling,50,5000,3,er,linear_sem,19,DF-PC (Pure),0.8030303030303029,0.9298245614035088,0.7066666666666667,26.0,19803,9790,8565,9790,10013,4.929800033569336,4.615272045135498,0.3145279884338379
SetupA_NodeScaling,50,5000,3,er,linear_sem,20,DF-PC (Pure),0.8405797101449275,0.9206349206349206,0.7733333333333333,22.0,17478,8221,6996,8221,9257,2.288461685180664,2.0539233684539795,0.23453831672668457
SetupA_NodeScaling,50,5000,3,er,linear_sem,21,DF-PC (Pure),0.8827586206896552,0.9142857142857143,0.8533333333333334,17.0,24641,11725,10500,11725,12916,2.8240530490875244,2.5190188884735107,0.30503416061401367
SetupA_NodeScaling,50,5000,3,er,linear_sem,22,DF-PC (Pure),0.8571428571428571,0.9230769230769231,0.8,20.0,21407,10007,8782,10007,11400,2.9515082836151123,2.665339708328247,0.28616857528686523
SetupA_NodeScaling,50,5000,3,er,linear_sem,23,DF-PC (Pure),0.896551724137931,0.9285714285714286,0.8666666666666667,15.0,21458,10005,8780,10005,11453,5.008181571960449,4.713041305541992,0.29514026641845703
SetupA_NodeScaling,50,5000,3,er,linear_sem,24,DF-PC (Pure),0.896551724137931,0.9285714285714286,0.8666666666666667,15.0,15288,6413,5188,6413,8875,1.716869592666626,1.514758586883545,0.20211100578308105
SetupA_NodeScaling,50,5000,3,er,linear_sem,25,DF-PC (Pure),0.8285714285714286,0.8923076923076924,0.7733333333333333,24.0,15153,6673,5448,6673,8480,2.644958257675171,2.4339897632598877,0.2109684944152832
SetupA_NodeScaling,50,5000,3,er,linear_sem,26,DF-PC (Pure),0.8285714285714286,0.8923076923076924,0.7733333333333333,24.0,25619,12649,11424,12649,12970,5.341841220855713,4.987438678741455,0.3544025421142578
SetupA_NodeScaling,50,5000,3,er,linear_sem,27,DF-PC (Pure),0.8671328671328671,0.9117647058823529,0.8266666666666667,19.0,11147,4793,3568,4793,6354,2.260906219482422,2.093360662460327,0.16754555702209473
SetupA_NodeScaling,50,5000,3,er,linear_sem,28,DF-PC (Pure),0.8,0.8615384615384616,0.7466666666666667,28.0,16779,7927,6702,7927,8852,3.150404691696167,2.900298833847046,0.2501058578491211
SetupA_NodeScaling,50,5000,3,er,linear_sem,29,DF-PC (Pure),0.8285714285714286,0.8923076923076924,0.7733333333333333,24.0,19499,8715,7490,8715,10784,3.4921772480010986,3.1960039138793945,0.2961733341217041
SetupB_DensityScaling,30,5000,2,er,linear_sem,0,DF-PC (Pure),0.9655172413793104,1.0,0.9333333333333333,2.0,2701,1248,813,1248,1453,0.38619303703308105,0.35012102127075195,0.0360720157623291
SetupB_DensityScaling,30,5000,2,er,linear_sem,1,DF-PC (Pure),0.967741935483871,0.9375,1.0,2.0,2535,1003,568,1003,1532,0.23615264892578125,0.2077019214630127,0.028450727462768555
SetupB_DensityScaling,30,5000,2,er,linear_sem,2,DF-PC (Pure),0.8852459016393444,0.8709677419354839,0.9,7.0,4808,2032,1597,2032,2776,0.6714715957641602,0.6125884056091309,0.0588831901550293
SetupB_DensityScaling,30,5000,2,er,linear_sem,3,DF-PC (Pure),0.967741935483871,0.9375,1.0,2.0,1956,851,416,851,1105,0.29815673828125,0.2759854793548584,0.0221712589263916
SetupB_DensityScaling,30,5000,2,er,linear_sem,4,DF-PC (Pure),0.9310344827586207,0.9642857142857143,0.9,4.0,2636,1242,807,1242,1394,0.2845141887664795,0.2552216053009033,0.029292583465576172
SetupB_DensityScaling,30,5000,2,er,linear_sem,5,DF-PC (Pure),1.0,1.0,1.0,0.0,2419,1055,620,1055,1364,0.26053452491760254,0.2331986427307129,0.02733588218688965
SetupB_DensityScaling,30,5000,2,er,linear_sem,6,DF-PC (Pure),0.8620689655172413,0.8928571428571429,0.8333333333333334,8.0,2912,1384,949,1384,1528,0.8936491012573242,0.8547928333282471,0.03885626792907715
SetupB_DensityScaling,30,5000,2,er,linear_sem,7,DF-PC (Pure),0.9836065573770492,0.967741935483871,1.0,1.0,1573,712,277,712,861,0.4352397918701172,0.4149148464202881,0.0203249454498291
SetupB_DensityScaling,30,5000,2,er,linear_sem,8,DF-PC (Pure),0.9666666666666667,0.9666666666666667,0.9666666666666667,2.0,2097,952,517,952,1145,0.23762083053588867,0.2108173370361328,0.02680349349975586
SetupB_DensityScaling,30,5000,2,er,linear_sem,9,DF-PC (Pure),0.9491525423728815,0.9655172413793104,0.9333333333333333,3.0,2545,1152,717,1152,1393,0.29108142852783203,0.2598428726196289,0.031238555908203125
SetupB_DensityScaling,30,5000,2,er,linear_sem,10,DF-PC (Pure),0.983050847457627,1.0,0.9666666666666667,1.0,2482,1114,679,1114,1368,0.24638104438781738,0.2195425033569336,0.02683854103088379
SetupB_DensityScaling,30,5000,2,er,linear_sem,11,DF-PC (Pure),0.8771929824561403,0.9259259259259259,0.8333333333333334,7.0,3203,1467,1032,1467,1736,0.32262587547302246,0.28498196601867676,0.0376439094543457
SetupB_DensityScaling,30,5000,2,er,linear_sem,12,DF-PC (Pure),0.9655172413793104,1.0,0.9333333333333333,2.0,3034,1464,1029,1464,1570,0.42551302909851074,0.38475728034973145,0.0407557487487793
SetupB_DensityScaling,30,5000,2,er,linear_sem,13,DF-PC (Pure),0.9836065573770492,0.967741935483871,1.0,1.0,1643,718,283,718,925,0.16565823554992676,0.1442117691040039,0.02144646644592285
SetupB_DensityScaling,30,5000,2,er,linear_sem,14,DF-PC (Pure),0.983050847457627,1.0,0.9666666666666667,1.0,2576,1121,686,1121,1455,0.22063016891479492,0.18771743774414062,0.0329127311706543
SetupB_DensityScaling,30,5000,2,er,linear_sem,15,DF-PC (Pure),0.9508196721311476,0.9354838709677419,0.9666666666666667,3.0,1522,606,171,606,916,0.13585448265075684,0.1170797348022461,0.018774747848510742
SetupB_DensityScaling,30,5000,2,er,linear_sem,16,DF-PC (Pure),1.0,1.0,1.0,0.0,2231,938,503,938,1293,0.21288180351257324,0.18562674522399902,0.02725505828857422
SetupB_DensityScaling,30,5000,2,er,linear_sem,17,DF-PC (Pure),0.9354838709677419,0.90625,0.9666666666666667,4.0,2365,959,524,959,1406,0.19776248931884766,0.16957807540893555,0.02818441390991211
SetupB_DensityScaling,30,5000,2,er,linear_sem,18,DF-PC (Pure),0.9285714285714286,1.0,0.8666666666666667,4.0,3350,1540,1105,1540,1810,0.2889289855957031,0.24838972091674805,0.04053926467895508
SetupB_DensityScaling,30,5000,2,er,linear_sem,19,DF-PC (Pure),0.9310344827586207,0.9642857142857143,0.9,4.0,2542,1203,768,1203,1339,0.22491693496704102,0.19199275970458984,0.03292417526245117
SetupB_DensityScaling,30,5000,2,er,linear_sem,20,DF-PC (Pure),0.9152542372881356,0.9310344827586207,0.9,5.0,2669,1377,942,1377,1292,0.5157172679901123,0.4813864231109619,0.03433084487915039
SetupB_DensityScaling,30,5000,2,er,linear_sem,21,DF-PC (Pure),0.9491525423728815,0.9655172413793104,0.9333333333333333,3.0,3299,1459,1024,1459,1840,0.3870973587036133,0.34537720680236816,0.04172015190124512
SetupB_DensityScaling,30,5000,2,er,linear_sem,22,DF-PC (Pure),0.9473684210526316,1.0,0.9,3.0,2321,1041,606,1041,1280,0.2566192150115967,0.2299339771270752,0.026685237884521484
SetupB_DensityScaling,30,5000,2,er,linear_sem,23,DF-PC (Pure),0.9836065573770492,0.967741935483871,1.0,1.0,2296,981,546,981,1315,0.31012988090515137,0.2827165126800537,0.027413368225097656
SetupB_DensityScaling,30,5000,2,er,linear_sem,24,DF-PC (Pure),0.9836065573770492,0.967741935483871,1.0,1.0,2148,980,545,980,1168,0.2083113193511963,0.1846146583557129,0.0236966609954834
SetupB_DensityScaling,30,5000,2,er,linear_sem,25,DF-PC (Pure),0.84375,0.7941176470588235,0.9,10.0,2337,982,547,982,1355,0.23267817497253418,0.2037043571472168,0.028973817825317383
SetupB_DensityScaling,30,5000,2,er,linear_sem,26,DF-PC (Pure),1.0,1.0,1.0,0.0,2292,1000,565,1000,1292,0.20939087867736816,0.18124127388000488,0.02814960479736328
SetupB_DensityScaling,30,5000,2,er,linear_sem,27,DF-PC (Pure),0.8421052631578948,0.8888888888888888,0.8,9.0,2387,955,520,955,1432,0.2044234275817871,0.17568111419677734,0.028742313385009766
SetupB_DensityScaling,30,5000,2,er,linear_sem,28,DF-PC (Pure),0.9655172413793104,1.0,0.9333333333333333,2.0,2496,1079,644,1079,1417,0.5764660835266113,0.5423853397369385,0.03408074378967285
SetupB_DensityScaling,30,5000,2,er,linear_sem,29,DF-PC (Pure),0.9666666666666667,0.9666666666666667,0.9666666666666667,2.0,2489,1065,630,1065,1424,0.633453369140625,0.6003704071044922,0.03308296203613281
SetupB_DensityScaling,30,5000,3,er,linear_sem,0,DF-PC (Pure),0.7804878048780488,0.8648648648648649,0.7111111111111111,18.0,9926,5044,4609,5044,4882,1.3440423011779785,1.238311767578125,0.10573053359985352
SetupB_DensityScaling,30,5000,3,er,linear_sem,1,DF-PC (Pure),0.8148148148148148,0.9166666666666666,0.7333333333333333,15.0,7682,3734,3299,3734,3948,1.1077935695648193,1.00974440574646,0.09804916381835938
SetupB_DensityScaling,30,5000,3,er,linear_sem,2,DF-PC (Pure),0.7857142857142856,0.8461538461538461,0.7333333333333333,18.0,8817,4417,3982,4417,4400,1.233755111694336,1.0964570045471191,0.1372981071472168
SetupB_DensityScaling,30,5000,3,er,linear_sem,3,DF-PC (Pure),0.8192771084337349,0.8947368421052632,0.7555555555555555,15.0,8801,4410,3975,4410,4391,1.0452802181243896,0.9340324401855469,0.11124777793884277
SetupB_DensityScaling,30,5000,3,er,linear_sem,4,DF-PC (Pure),0.7341772151898734,0.8529411764705882,0.6444444444444445,21.0,6467,3322,2887,3322,3145,1.8612534999847412,1.7599022388458252,0.10135126113891602
SetupB_DensityScaling,30,5000,3,er,linear_sem,5,DF-PC (Pure),0.8863636363636364,0.9069767441860465,0.8666666666666667,10.0,5510,2509,2074,2509,3001,1.5391781330108643,1.439828634262085,0.0993494987487793
SetupB_DensityScaling,30,5000,3,er,linear_sem,6,DF-PC (Pure),0.8048780487804879,0.8918918918918919,0.7333333333333333,16.0,8480,4203,3768,4203,4277,1.2306780815124512,1.1315584182739258,0.09911966323852539
SetupB_DensityScaling,30,5000,3,er,linear_sem,7,DF-PC (Pure),0.9425287356321839,0.9761904761904762,0.9111111111111111,5.0,4739,2051,1616,2051,2688,0.7238113880157471,0.6630699634552002,0.060741424560546875
SetupB_DensityScaling,30,5000,3,er,linear_sem,8,DF-PC (Pure),0.7654320987654321,0.8611111111111112,0.6888888888888889,19.0,6738,3430,2995,3430,3308,0.8655788898468018,0.775947093963623,0.08963179588317871
SetupB_DensityScaling,30,5000,3,er,linear_sem,9,DF-PC (Pure),0.7710843373493975,0.8421052631578947,0.7111111111111111,19.0,5039,2100,1665,2100,2939,0.42338132858276367,0.361006498336792,0.06237483024597168
SetupB_DensityScaling,30,5000,3,er,linear_sem,10,DF-PC (Pure),0.7848101265822784,0.9117647058823529,0.6888888888888889,17.0,6958,3358,2923,3358,3600,1.0201301574707031,0.9269094467163086,0.09322071075439453
SetupB_DensityScaling,30,5000,3,er,linear_sem,11,DF-PC (Pure),0.8433734939759038,0.9210526315789473,0.7777777777777778,13.0,6629,3237,2802,3237,3392,0.8609352111816406,0.7768239974975586,0.08411121368408203
SetupB_DensityScaling,30,5000,3,er,linear_sem,12,DF-PC (Pure),0.8095238095238095,0.8717948717948718,0.7555555555555555,16.0,7949,3873,3438,3873,4076,0.9532756805419922,0.8447093963623047,0.1085662841796875
SetupB_DensityScaling,30,5000,3,er,linear_sem,13,DF-PC (Pure),0.8275862068965518,0.8571428571428571,0.8,15.0,5753,2462,2027,2462,3291,0.8178787231445312,0.7371058464050293,0.08077287673950195
SetupB_DensityScaling,30,5000,3,er,linear_sem,14,DF-PC (Pure),0.8192771084337349,0.8947368421052632,0.7555555555555555,15.0,6136,2627,2192,2627,3509,0.7140576839447021,0.6304714679718018,0.08358621597290039
SetupB_DensityScaling,30,5000,3,er,linear_sem,15,DF-PC (Pure),0.9545454545454545,0.9767441860465116,0.9333333333333333,4.0,4466,1764,1329,1764,2702,0.318584680557251,0.2660675048828125,0.05251717567443848
SetupB_DensityScaling,30,5000,3,er,linear_sem,16,DF-PC (Pure),0.891566265060241,0.9736842105263158,0.8222222222222222,9.0,7027,3360,2925,3360,3667,1.3780288696289062,1.2762231826782227,0.1018056869506836
SetupB_DensityScaling,30,5000,3,er,linear_sem,17,DF-PC (Pure),0.8192771084337349,0.8947368421052632,0.7555555555555555,15.0,7392,3209,2774,3209,4183,0.9874677658081055,0.8793296813964844,0.1081380844116211
SetupB_DensityScaling,30,5000,3,er,linear_sem,18,DF-PC (Pure),0.7179487179487178,0.8484848484848485,0.6222222222222222,22.0,8725,4673,4238,4673,4052,0.8821213245391846,0.7741873264312744,0.10793399810791016
SetupB_DensityScaling,30,5000,3,er,linear_sem,19,DF-PC (Pure),0.8354430379746834,0.9705882352941176,0.7333333333333333,13.0,6342,3252,2817,3252,3090,1.8266615867614746,1.724595546722412,0.1020660400390625
SetupB_DensityScaling,30,5000,3,er,linear_sem,20,DF-PC (Pure),0.7407407407407408,0.8333333333333334,0.6666666666666666,21.0,7862,3980,3545,3980,3882,0.9480588436126709,0.8552184104919434,0.09284043312072754
SetupB_DensityScaling,30,5000,3,er,linear_sem,21,DF-PC (Pure),0.7901234567901234,0.8888888888888888,0.7111111111111111,17.0,6669,3611,3176,3611,3058,1.0062167644500732,0.9087109565734863,0.09750580787658691
SetupB_DensityScaling,30,5000,3,er,linear_sem,22,DF-PC (Pure),0.8536585365853658,0.9459459459459459,0.7777777777777778,12.0,6544,3330,2895,3330,3214,0.7947723865509033,0.7125697135925293,0.08220267295837402
SetupB_DensityScaling,30,5000,3,er,linear_sem,23,DF-PC (Pure),0.7560975609756098,0.8378378378378378,0.6888888888888889,20.0,6208,3155,2720,3155,3053,0.672661304473877,0.5892333984375,0.08342790603637695
SetupB_DensityScaling,30,5000,3,er,linear_sem,24,DF-PC (Pure),0.8780487804878049,0.972972972972973,0.8,10.0,5571,2722,2287,2722,2849,1.4935150146484375,1.416632890701294,0.07688212394714355
SetupB_DensityScaling,30,5000,3,er,linear_sem,25,DF-PC (Pure),0.8536585365853658,0.9459459459459459,0.7777777777777778,12.0,6122,2959,2524,2959,3163,0.520714521408081,0.44910550117492676,0.0716090202331543
SetupB_DensityScaling,30,5000,3,er,linear_sem,26,DF-PC (Pure),0.8505747126436781,0.8809523809523809,0.8222222222222222,13.0,5677,2380,1945,2380,3297,0.6467618942260742,0.573375940322876,0.07338595390319824
SetupB_DensityScaling,30,5000,3,er,linear_sem,27,DF-PC (Pure),0.8148148148148148,0.9166666666666666,0.7333333333333333,15.0,6538,3289,2854,3289,3249,0.7733445167541504,0.6891636848449707,0.08418083190917969
SetupB_DensityScaling,30,5000,3,er,linear_sem,28,DF-PC (Pure),0.7951807228915663,0.868421052631579,0.7333333333333333,17.0,6709,3375,2940,3375,3334,1.4439148902893066,1.3379671573638916,0.10594773292541504
SetupB_DensityScaling,30,5000,3,er,linear_sem,29,DF-PC (Pure),0.7674418604651163,0.8048780487804879,0.7333333333333333,20.0,7304,3288,2853,3288,4016,0.8680415153503418,0.7681758403778076,0.09986567497253418
SetupB_DensityScaling,30,5000,4,er,linear_sem,0,DF-PC (Pure),0.7000000000000001,0.875,0.5833333333333334,30.0,15028,8553,8118,8553,6475,2.637551784515381,2.4259634017944336,0.21158838272094727
SetupB_DensityScaling,30,5000,4,er,linear_sem,1,DF-PC (Pure),0.6021505376344086,0.8484848484848485,0.4666666666666667,37.0,17601,10305,9870,10305,7296,3.60880184173584,3.3496434688568115,0.2591583728790283
SetupB_DensityScaling,30,5000,4,er,linear_sem,2,DF-PC (Pure),0.6868686868686869,0.8717948717948718,0.5666666666666667,31.0,12602,6799,6364,6799,5803,1.693974256515503,1.5181686878204346,0.17580556869506836
SetupB_DensityScaling,30,5000,4,er,linear_sem,3,DF-PC (Pure),0.6336633663366336,0.7804878048780488,0.5333333333333333,37.0,15329,8331,7896,8331,6998,2.7707278728485107,2.5704376697540283,0.20029020309448242
SetupB_DensityScaling,30,5000,4,er,linear_sem,4,DF-PC (Pure),0.5054945054945055,0.7419354838709677,0.38333333333333336,45.0,13053,7298,6863,7298,5755,1.9847817420959473,1.8037540912628174,0.18102765083312988
SetupB_DensityScaling,30,5000,4,er,linear_sem,5,DF-PC (Pure),0.5806451612903226,0.8181818181818182,0.45,39.0,11806,6257,5822,6257,5549,1.7623488903045654,1.597374677658081,0.16497421264648438
SetupB_DensityScaling,30,5000,4,er,linear_sem,6,DF-PC (Pure),0.64,0.8,0.5333333333333333,36.0,16200,9322,8887,9322,6878,4.748323678970337,4.488093137741089,0.26023054122924805
SetupB_DensityScaling,30,5000,4,er,linear_sem,7,DF-PC (Pure),0.8037383177570094,0.9148936170212766,0.7166666666666667,21.0,11292,5503,5068,5503,5789,1.4954993724822998,1.3251469135284424,0.17035245895385742
SetupB_DensityScaling,30,5000,4,er,linear_sem,8,DF-PC (Pure),0.5684210526315789,0.7714285714285715,0.45,41.0,16696,9576,9141,9576,7120,2.5482676029205322,2.3151309490203857,0.23313665390014648
SetupB_DensityScaling,30,5000,4,er,linear_sem,9,DF-PC (Pure),0.7766990291262136,0.9302325581395349,0.6666666666666666,23.0,8437,4057,3622,4057,4380,1.0333640575408936,0.9098672866821289,0.12349677085876465
SetupB_DensityScaling,30,5000,4,er,linear_sem,10,DF-PC (Pure),0.7291666666666666,0.9722222222222222,0.5833333333333334,26.0,13824,7740,7305,7740,6084,2.112046003341675,1.9173636436462402,0.19468235969543457
SetupB_DensityScaling,30,5000,4,er,linear_sem,11,DF-PC (Pure),0.6538461538461539,0.7727272727272727,0.5666666666666667,36.0,16919,9542,9107,9542,7377,2.2764055728912354,2.053185224533081,0.2232203483581543
SetupB_DensityScaling,30,5000,4,er,linear_sem,12,DF-PC (Pure),0.6874999999999999,0.9166666666666666,0.55,30.0,14458,7865,7430,7865,6593,1.6730401515960693,1.4937474727630615,0.1792926788330078
SetupB_DensityScaling,30,5000,4,er,linear_sem,13,DF-PC (Pure),0.673469387755102,0.868421052631579,0.55,32.0,9506,4722,4287,4722,4784,3.080752372741699,2.923746347427368,0.15700602531433105
SetupB_DensityScaling,30,5000,4,er,linear_sem,14,DF-PC (Pure),0.5714285714285714,0.7368421052631579,0.4666666666666667,42.0,11543,5768,5333,5768,5775,2.202921152114868,2.0112335681915283,0.19168758392333984
SetupB_DensityScaling,30,5000,4,er,linear_sem,15,DF-PC (Pure),0.766355140186916,0.8723404255319149,0.6833333333333333,25.0,9939,4592,4157,4592,5347,1.3755557537078857,1.2386703491210938,0.136885404586792
SetupB_DensityScaling,30,5000,4,er,linear_sem,16,DF-PC (Pure),0.7920792079207921,0.975609756097561,0.6666666666666666,21.0,14849,8218,7783,8218,6631,3.6165850162506104,3.380455493927002,0.2361295223236084
SetupB_DensityScaling,30,5000,4,er,linear_sem,17,DF-PC (Pure),0.6105263157894737,0.8285714285714286,0.48333333333333334,37.0,11550,6185,5750,6185,5365,2.3451685905456543,2.1661314964294434,0.17903709411621094
SetupB_DensityScaling,30,5000,4,er,linear_sem,18,DF-PC (Pure),0.5918367346938777,0.7631578947368421,0.48333333333333334,40.0,14049,8101,7666,8101,5948,1.8906562328338623,1.7071011066436768,0.18355512619018555
SetupB_DensityScaling,30,5000,4,er,linear_sem,19,DF-PC (Pure),0.6666666666666667,0.8461538461538461,0.55,33.0,12822,7112,6677,7112,5710,2.186554431915283,2.0222275257110596,0.16432690620422363
SetupB_DensityScaling,30,5000,4,er,linear_sem,20,DF-PC (Pure),0.6464646464646464,0.8205128205128205,0.5333333333333333,35.0,16841,9642,9207,9642,7199,2.342306613922119,2.1151509284973145,0.2271556854248047
SetupB_DensityScaling,30,5000,4,er,linear_sem,21,DF-PC (Pure),0.6930693069306931,0.8536585365853658,0.5833333333333334,31.0,17784,10397,9962,10397,7387,2.690753221511841,2.4432320594787598,0.24752116203308105
SetupB_DensityScaling,30,5000,4,er,linear_sem,22,DF-PC (Pure),0.66,0.825,0.55,34.0,16264,9648,9213,9648,6616,3.4337406158447266,3.197397232055664,0.2363433837890625
SetupB_DensityScaling,30,5000,4,er,linear_sem,23,DF-PC (Pure),0.6981132075471699,0.8043478260869565,0.6166666666666667,32.0,10857,5320,4885,5320,5537,2.8634581565856934,2.680584669113159,0.18287348747253418
SetupB_DensityScaling,30,5000,4,er,linear_sem,24,DF-PC (Pure),0.6542056074766355,0.7446808510638298,0.5833333333333334,37.0,11741,6344,5909,6344,5397,1.4601068496704102,1.2925279140472412,0.16757893562316895
SetupB_DensityScaling,30,5000,4,er,linear_sem,25,DF-PC (Pure),0.6041666666666667,0.8055555555555556,0.48333333333333334,38.0,14011,8006,7571,8006,6005,2.1387059688568115,1.9545202255249023,0.18418574333190918
SetupB_DensityScaling,30,5000,4,er,linear_sem,26,DF-PC (Pure),0.5894736842105264,0.8,0.4666666666666667,39.0,16479,9480,9045,9480,6999,2.5193257331848145,2.2828528881073,0.23647284507751465
SetupB_DensityScaling,30,5000,4,er,linear_sem,27,DF-PC (Pure),0.6262626262626263,0.7948717948717948,0.5166666666666667,37.0,12346,6600,6165,6600,5746,2.499605417251587,2.314544200897217,0.18506121635437012
SetupB_DensityScaling,30,5000,4,er,linear_sem,28,DF-PC (Pure),0.7184466019417476,0.8604651162790697,0.6166666666666667,29.0,10295,5643,5208,5643,4652,2.7429559230804443,2.5595715045928955,0.18338441848754883
SetupB_DensityScaling,30,5000,4,er,linear_sem,29,DF-PC (Pure),0.7238095238095237,0.8444444444444444,0.6333333333333333,29.0,8806,4396,3961,4396,4410,1.1045269966125488,0.9439530372619629,0.16057395935058594
SetupB_DensityScaling,30,5000,5,er,linear_sem,0,DF-PC (Pure),0.5517241379310345,0.7804878048780488,0.4266666666666667,52.0,17253,9887,9452,9887,7366,3.7802517414093018,3.530057430267334,0.2501943111419678
SetupB_DensityScaling,30,5000,5,er,linear_sem,1,DF-PC (Pure),0.5263157894736842,0.7692307692307693,0.4,54.0,21448,13003,12568,13003,8445,4.146778345108032,3.806567668914795,0.3402106761932373
SetupB_DensityScaling,30,5000,5,er,linear_sem,2,DF-PC (Pure),0.4545454545454545,0.7142857142857143,0.3333333333333333,60.0,19114,11440,11005,11440,7674,5.304131507873535,5.002166509628296,0.30196499824523926
SetupB_DensityScaling,30,5000,5,er,linear_sem,3,DF-PC (Pure),0.5043478260869565,0.725,0.38666666666666666,57.0,17603,10233,9798,10233,7370,4.235232353210449,3.966824769973755,0.26840758323669434
SetupB_DensityScaling,30,5000,5,er,linear_sem,4,DF-PC (Pure),0.45871559633027525,0.7352941176470589,0.3333333333333333,59.0,18377,11187,10752,11187,7190,3.396583080291748,3.114164352416992,0.28241872787475586
SetupB_DensityScaling,30,5000,5,er,linear_sem,5,DF-PC (Pure),0.49090909090909085,0.7714285714285715,0.36,56.0,17802,10209,9774,10209,7593,2.311070203781128,2.0818164348602295,0.22925376892089844
SetupB_DensityScaling,30,5000,5,er,linear_sem,6,DF-PC (Pure),0.5504587155963303,0.8823529411764706,0.4,49.0,24773,15070,14635,15070,9703,5.8658671379089355,5.484807729721069,0.3810594081878662
SetupB_DensityScaling,30,5000,5,er,linear_sem,7,DF-PC (Pure),0.6166666666666666,0.8222222222222222,0.49333333333333335,46.0,13493,7281,6846,7281,6212,3.26054310798645,3.0419726371765137,0.21857047080993652
SetupB_DensityScaling,30,5000,5,er,linear_sem,8,DF-PC (Pure),0.5185185185185186,0.8484848484848485,0.37333333333333335,52.0,21191,12642,12207,12642,8549,4.335363149642944,4.010334730148315,0.3250284194946289
SetupB_DensityScaling,30,5000,5,er,linear_sem,9,DF-PC (Pure),0.5737704918032787,0.7291666666666666,0.47297297297297297,52.0,14824,8172,7737,8172,6652,1.922006607055664,1.7154171466827393,0.2065894603729248
SetupB_DensityScaling,30,5000,5,er,linear_sem,10,DF-PC (Pure),0.5739130434782609,0.825,0.44,49.0,19103,11126,10691,11126,7977,2.9143362045288086,2.6565260887145996,0.257810115814209
SetupB_DensityScaling,30,5000,5,er,linear_sem,11,DF-PC (Pure),0.5982905982905983,0.8333333333333334,0.4666666666666667,47.0,19080,11196,10761,11196,7884,6.39888334274292,6.078603029251099,0.3202803134918213
SetupB_DensityScaling,30,5000,5,er,linear_sem,12,DF-PC (Pure),0.5882352941176471,0.7954545454545454,0.4666666666666667,49.0,19186,11180,10745,11180,8006,2.630357503890991,2.3588268756866455,0.2715306282043457
SetupB_DensityScaling,30,5000,5,er,linear_sem,13,DF-PC (Pure),0.44859813084112143,0.75,0.32,59.0,19162,11547,11112,11547,7615,2.726400852203369,2.4615983963012695,0.2648024559020996
SetupB_DensityScaling,30,5000,5,er,linear_sem,14,DF-PC (Pure),0.5299145299145299,0.7380952380952381,0.41333333333333333,55.0,12829,6910,6475,6910,5919,2.4525704383850098,2.2579474449157715,0.19462299346923828
SetupB_DensityScaling,30,5000,5,er,linear_sem,15,DF-PC (Pure),0.6299212598425197,0.7692307692307693,0.5333333333333333,47.0,15713,8623,8188,8623,7090,2.856165885925293,2.6207642555236816,0.23540163040161133
SetupB_DensityScaling,30,5000,5,er,linear_sem,16,DF-PC (Pure),0.578512396694215,0.7608695652173914,0.4666666666666667,51.0,21532,13057,12622,13057,8475,4.2310731410980225,3.8970131874084473,0.3340599536895752
SetupB_DensityScaling,30,5000,5,er,linear_sem,17,DF-PC (Pure),0.5210084033613445,0.7045454545454546,0.41333333333333333,57.0,15491,8464,8029,8464,7027,4.234477758407593,3.960076332092285,0.2744014263153076
SetupB_DensityScaling,30,5000,5,er,linear_sem,18,DF-PC (Pure),0.4259259259259259,0.696969696969697,0.30666666666666664,62.0,27742,17424,16989,17424,10318,8.61009669303894,8.142037630081177,0.46805906295776367
SetupB_DensityScaling,30,5000,5,er,linear_sem,19,DF-PC (Pure),0.5811965811965811,0.8095238095238095,0.4533333333333333,49.0,18701,11062,10627,11062,7639,2.765045404434204,2.493389129638672,0.2716562747955322
SetupB_DensityScaling,30,5000,5,er,linear_sem,20,DF-PC (Pure),0.4444444444444444,0.7272727272727273,0.32,60.0,22367,13914,13479,13914,8453,5.573974132537842,5.214325904846191,0.3596482276916504
SetupB_DensityScaling,30,5000,5,er,linear_sem,21,DF-PC (Pure),0.4601769911504426,0.6842105263157895,0.3466666666666667,61.0,26764,16818,16383,16818,9946,5.36564826965332,4.94884181022644,0.4168064594268799
SetupB_DensityScaling,30,5000,5,er,linear_sem,22,DF-PC (Pure),0.4869565217391304,0.7,0.37333333333333335,59.0,22563,13724,13289,13724,8839,4.924142360687256,4.516029119491577,0.4081132411956787
SetupB_DensityScaling,30,5000,5,er,linear_sem,23,DF-PC (Pure),0.5299145299145299,0.7380952380952381,0.41333333333333333,55.0,16750,9927,9492,9927,6823,2.6318960189819336,2.400085926055908,0.2318100929260254
SetupB_DensityScaling,30,5000,5,er,linear_sem,24,DF-PC (Pure),0.6065573770491803,0.7872340425531915,0.49333333333333335,48.0,15817,8747,8312,8747,7070,2.0473616123199463,1.8300673961639404,0.21729421615600586
SetupB_DensityScaling,30,5000,5,er,linear_sem,25,DF-PC (Pure),0.5641025641025641,0.7857142857142857,0.44,51.0,19893,11762,11327,11762,8131,3.49690318107605,3.1978533267974854,0.29904985427856445
SetupB_DensityScaling,30,5000,5,er,linear_sem,26,DF-PC (Pure),0.48648648648648657,0.75,0.36,57.0,19065,11419,10984,11419,7646,4.346831560134888,4.067868232727051,0.2789633274078369
SetupB_DensityScaling,30,5000,5,er,linear_sem,27,DF-PC (Pure),0.5405405405405406,0.8333333333333334,0.4,51.0,17467,10194,9759,10194,7273,3.6897809505462646,3.4206912517547607,0.2690896987915039
SetupB_DensityScaling,30,5000,5,er,linear_sem,28,DF-PC (Pure),0.6446280991735537,0.8478260869565217,0.52,43.0,13572,7655,7220,7655,5917,2.380470037460327,2.167642116546631,0.2128279209136963
SetupB_DensityScaling,30,5000,5,er,linear_sem,29,DF-PC (Pure),0.5535714285714286,0.8378378378378378,0.41333333333333333,50.0,16992,9775,9340,9775,7217,4.664671897888184,4.4117162227630615,0.25295567512512207
SetupB_DensityScaling,30,5000,6,er,linear_sem,0,DF-PC (Pure),0.4,0.7142857142857143,0.2777777777777778,75.0,23194,14434,13999,14434,8760,5.419848203659058,5.049161195755005,0.37068700790405273
SetupB_DensityScaling,30,5000,6,er,linear_sem,1,DF-PC (Pure),0.4651162790697674,0.7692307692307693,0.3333333333333333,69.0,28259,17741,17306,17741,10518,6.986391544342041,6.525732040405273,0.4606595039367676
SetupB_DensityScaling,30,5000,6,er,linear_sem,2,DF-PC (Pure),0.4,0.7142857142857143,0.2777777777777778,75.0,23963,14608,14173,14608,9355,4.161067962646484,3.8051645755767822,0.35590338706970215
SetupB_DensityScaling,30,5000,6,er,linear_sem,3,DF-PC (Pure),0.432,0.7714285714285715,0.3,71.0,21986,13038,12603,13038,8948,3.0979080200195312,2.7856767177581787,0.31223130226135254
SetupB_DensityScaling,30,5000,6,er,linear_sem,4,DF-PC (Pure),0.3389830508474576,0.7142857142857143,0.2222222222222222,78.0,21876,13594,13159,13594,8282,5.22196102142334,4.872150659561157,0.3498103618621826
SetupB_DensityScaling,30,5000,6,er,linear_sem,5,DF-PC (Pure),0.48854961832061067,0.7804878048780488,0.35555555555555557,67.0,27046,17028,16593,17028,10018,4.009567975997925,3.6228559017181396,0.38671207427978516
SetupB_DensityScaling,30,5000,6,er,linear_sem,6,DF-PC (Pure),0.38655462184873945,0.7931034482758621,0.25555555555555554,73.0,29345,18516,18081,18516,10829,6.019229412078857,5.5817320346832275,0.4374973773956299
SetupB_DensityScaling,30,5000,6,er,linear_sem,7,DF-PC (Pure),0.4888888888888889,0.7333333333333333,0.36666666666666664,69.0,21441,12758,12323,12758,8683,3.0686256885528564,2.7708442211151123,0.29778146743774414
SetupB_DensityScaling,30,5000,6,er,linear_sem,8,DF-PC (Pure),0.40625,0.6842105263157895,0.28888888888888886,76.0,27481,17201,16766,17201,10280,6.797929048538208,6.347402334213257,0.45052671432495117
SetupB_DensityScaling,30,5000,6,er,linear_sem,9,DF-PC (Pure),0.5076923076923078,0.8048780487804879,0.3707865168539326,64.0,19112,11267,10832,11267,7845,3.472163438796997,3.2074410915374756,0.2647223472595215
SetupB_DensityScaling,30,5000,6,er,linear_sem,10,DF-PC (Pure),0.46153846153846156,0.75,0.3333333333333333,70.0,26149,16271,15836,16271,9878,6.1716272830963135,5.76509165763855,0.40653562545776367
SetupB_DensityScaling,30,5000,6,er,linear_sem,11,DF-PC (Pure),0.5074626865671641,0.7391304347826086,0.38636363636363635,66.0,23730,14434,13999,14434,9296,4.79875922203064,4.435498952865601,0.36326026916503906
SetupB_DensityScaling,30,5000,6,er,linear_sem,12,DF-PC (Pure),0.421875,0.7105263157894737,0.3,74.0,27550,17452,17017,17452,10098,5.879758358001709,5.439946174621582,0.43981218338012695
SetupB_DensityScaling,30,5000,6,er,linear_sem,13,DF-PC (Pure),0.3389830508474576,0.7142857142857143,0.2222222222222222,78.0,23535,14229,13794,14229,9306,5.639287710189819,5.277327299118042,0.36196041107177734
SetupB_DensityScaling,30,5000,6,er,linear_sem,14,DF-PC (Pure),0.523076923076923,0.85,0.37777777777777777,62.0,20466,12117,11682,12117,8349,3.8294453620910645,3.513791084289551,0.31565427780151367
SetupB_DensityScaling,30,5000,6,er,linear_sem,15,DF-PC (Pure),0.42748091603053434,0.6829268292682927,0.3111111111111111,75.0,22417,13779,13344,13779,8638,4.167871952056885,3.8237361907958984,0.34413576126098633
SetupB_DensityScaling,30,5000,6,er,linear_sem,16,DF-PC (Pure),0.48571428571428565,0.68,0.37777777777777777,72.0,22397,13780,13345,13780,8617,3.5232343673706055,3.177497148513794,0.3457372188568115
SetupB_DensityScaling,30,5000,6,er,linear_sem,17,DF-PC (Pure),0.4033613445378151,0.8275862068965517,0.26666666666666666,71.0,22054,13013,12578,13013,9041,4.170010089874268,3.8648934364318848,0.3051166534423828
SetupB_DensityScaling,30,5000,6,er,linear_sem,18,DF-PC (Pure),0.3934426229508197,0.75,0.26666666666666666,74.0,28467,17915,17480,17915,10552,5.104761123657227,4.701963663101196,0.4027974605560303
SetupB_DensityScaling,30,5000,6,er,linear_sem,19,DF-PC (Pure),0.4375,0.7368421052631579,0.3111111111111111,72.0,24600,15158,14723,15158,9442,4.782766819000244,4.411743640899658,0.37102317810058594
SetupB_DensityScaling,30,5000,6,er,linear_sem,20,DF-PC (Pure),0.3333333333333333,0.6666666666666666,0.2222222222222222,80.0,25294,15445,15010,15445,9849,4.079568386077881,3.7155816555023193,0.3639867305755615
SetupB_DensityScaling,30,5000,6,er,linear_sem,21,DF-PC (Pure),0.40310077519379844,0.6666666666666666,0.28888888888888886,77.0,32181,20751,20316,20751,11430,5.701704978942871,5.260289669036865,0.44141530990600586
SetupB_DensityScaling,30,5000,6,er,linear_sem,22,DF-PC (Pure),0.359375,0.6052631578947368,0.25555555555555554,82.0,24603,15307,14872,15307,9296,3.8869800567626953,3.524827003479004,0.3621530532836914
SetupB_DensityScaling,30,5000,6,er,linear_sem,23,DF-PC (Pure),0.360655737704918,0.6875,0.24444444444444444,78.0,21824,13632,13197,13632,8192,2.7199506759643555,2.4112257957458496,0.30872488021850586
SetupB_DensityScaling,30,5000,6,er,linear_sem,24,DF-PC (Pure),0.448,0.8,0.3111111111111111,69.0,21389,12626,12191,12626,8763,4.026456356048584,3.713205099105835,0.313251256942749
SetupB_DensityScaling,30,5000,6,er,linear_sem,25,DF-PC (Pure),0.46268656716417905,0.7045454545454546,0.34444444444444444,72.0,20880,12697,12262,12697,8183,4.386348009109497,4.056460618972778,0.32988739013671875
SetupB_DensityScaling,30,5000,6,er,linear_sem,26,DF-PC (Pure),0.3770491803278688,0.71875,0.25555555555555554,76.0,25449,15900,15465,15900,9549,3.4213907718658447,3.0784242153167725,0.34296655654907227
SetupB_DensityScaling,30,5000,6,er,linear_sem,27,DF-PC (Pure),0.47244094488188976,0.8108108108108109,0.3333333333333333,67.0,23429,14497,14062,14497,8932,3.8753767013549805,3.517864227294922,0.3575124740600586
SetupB_DensityScaling,30,5000,6,er,linear_sem,28,DF-PC (Pure),0.47826086956521735,0.6875,0.36666666666666664,72.0,21378,13177,12742,13177,8201,3.262601375579834,2.956998348236084,0.30560302734375
SetupB_DensityScaling,30,5000,6,er,linear_sem,29,DF-PC (Pure),0.42276422764227634,0.7878787878787878,0.28888888888888886,71.0,23342,14392,13957,14392,8950,3.6806740760803223,3.3651108741760254,0.3155632019042969
SetupA_NodeScaling,10,5000,3,sf,linear_sem,0,Standard PC,0.8108108108108109,0.9375,0.7142857142857143,7.0,710,505,460,505,205,0.1891648769378662,0.1854851245880127,0.0036797523498535156
SetupA_NodeScaling,10,5000,3,sf,linear_sem,1,Standard PC,0.7368421052631577,0.8235294117647058,0.6666666666666666,10.0,1253,862,817,862,391,0.23980093002319336,0.23500895500183105,0.004791975021362305
SetupA_NodeScaling,10,5000,3,sf,linear_sem,2,Standard PC,0.8,1.0,0.6666666666666666,7.0,874,647,602,647,227,0.33105993270874023,0.3266258239746094,0.004434108734130859
SetupA_NodeScaling,10,5000,3,sf,linear_sem,3,Standard PC,0.7777777777777778,0.9333333333333333,0.6666666666666666,8.0,690,560,515,560,130,0.24764561653137207,0.2438368797302246,0.003808736801147461
SetupA_NodeScaling,10,5000,3,sf,linear_sem,4,Standard PC,0.7647058823529412,1.0,0.6190476190476191,8.0,832,596,551,596,236,0.25264501571655273,0.24800443649291992,0.0046405792236328125
SetupA_NodeScaling,10,5000,3,sf,linear_sem,5,Standard PC,0.7567567567567567,0.875,0.6666666666666666,9.0,1012,735,690,735,277,0.32613301277160645,0.32113027572631836,0.005002737045288086
SetupA_NodeScaling,10,5000,3,sf,linear_sem,6,Standard PC,0.7692307692307692,0.8333333333333334,0.7142857142857143,9.0,1021,745,700,745,276,0.26807498931884766,0.2638871669769287,0.004187822341918945
SetupA_NodeScaling,10,5000,3,sf,linear_sem,7,Standard PC,0.6470588235294118,0.8461538461538461,0.5238095238095238,12.0,928,621,576,621,307,0.2569465637207031,0.25217318534851074,0.004773378372192383
SetupA_NodeScaling,10,5000,3,sf,linear_sem,8,Standard PC,0.7567567567567567,0.875,0.6666666666666666,9.0,1078,749,704,749,329,0.27171945571899414,0.26694416999816895,0.004775285720825195
SetupA_NodeScaling,10,5000,3,sf,linear_sem,9,Standard PC,0.742857142857143,0.9285714285714286,0.6190476190476191,9.0,1174,827,782,827,347,0.3458404541015625,0.3398587703704834,0.0059816837310791016
SetupA_NodeScaling,10,5000,3,sf,linear_sem,10,Standard PC,0.588235294117647,0.7692307692307693,0.47619047619047616,14.0,885,626,581,626,259,0.2342391014099121,0.22966623306274414,0.004572868347167969
SetupA_NodeScaling,10,5000,3,sf,linear_sem,11,Standard PC,0.7222222222222222,0.8666666666666667,0.6190476190476191,10.0,820,518,473,518,302,0.12819170951843262,0.12441658973693848,0.0037751197814941406
SetupA_NodeScaling,10,5000,3,sf,linear_sem,12,Standard PC,0.6060606060606061,0.8333333333333334,0.47619047619047616,13.0,972,692,647,692,280,0.11653542518615723,0.11262750625610352,0.003907918930053711
SetupA_NodeScaling,10,5000,3,sf,linear_sem,13,Standard PC,0.8,1.0,0.6666666666666666,7.0,699,513,468,513,186,0.34629201889038086,0.3420140743255615,0.004277944564819336
SetupA_NodeScaling,10,5000,3,sf,linear_sem,14,Standard PC,0.6666666666666667,0.9166666666666666,0.5238095238095238,11.0,1335,944,899,944,391,0.41139698028564453,0.405137300491333,0.0062596797943115234
SetupA_NodeScaling,10,5000,3,sf,linear_sem,15,Standard PC,0.7272727272727273,1.0,0.5714285714285714,9.0,740,522,477,522,218,0.34145164489746094,0.3370475769042969,0.0044040679931640625
SetupA_NodeScaling,10,5000,3,sf,linear_sem,16,Standard PC,0.7058823529411765,0.9230769230769231,0.5714285714285714,10.0,1023,735,690,735,288,0.4949777126312256,0.4891824722290039,0.00579524040222168
SetupA_NodeScaling,10,5000,3,sf,linear_sem,17,Standard PC,0.7567567567567567,0.875,0.6666666666666666,9.0,1368,923,878,923,445,0.33757853507995605,0.33142876625061035,0.006149768829345703
SetupA_NodeScaling,10,5000,3,sf,linear_sem,18,Standard PC,0.6060606060606061,0.8333333333333334,0.47619047619047616,13.0,726,468,423,468,258,0.12872695922851562,0.12567567825317383,0.003051280975341797
SetupA_NodeScaling,10,5000,3,sf,linear_sem,19,Standard PC,0.588235294117647,0.7692307692307693,0.47619047619047616,14.0,921,656,611,656,265,0.27155280113220215,0.2671041488647461,0.004448652267456055
SetupA_NodeScaling,10,5000,3,sf,linear_sem,20,Standard PC,0.7894736842105262,0.8823529411764706,0.7142857142857143,8.0,1245,816,771,816,429,0.25257110595703125,0.24728798866271973,0.0052831172943115234
SetupA_NodeScaling,10,5000,3,sf,linear_sem,21,Standard PC,0.6666666666666666,0.8,0.5714285714285714,12.0,1063,724,679,724,339,0.20737552642822266,0.2026691436767578,0.004706382751464844
SetupA_NodeScaling,10,5000,3,sf,linear_sem,22,Standard PC,0.611111111111111,0.7333333333333333,0.5238095238095238,14.0,1380,902,857,902,478,0.6031794548034668,0.5957553386688232,0.007424116134643555
SetupA_NodeScaling,10,5000,3,sf,linear_sem,23,Standard PC,0.742857142857143,0.9285714285714286,0.6190476190476191,9.0,630,464,419,464,166,0.22444415092468262,0.220625638961792,0.003818511962890625
SetupA_NodeScaling,10,5000,3,sf,linear_sem,24,Standard PC,0.6249999999999999,0.9090909090909091,0.47619047619047616,12.0,943,607,562,607,336,0.09638810157775879,0.09286332130432129,0.0035247802734375
SetupA_NodeScaling,10,5000,3,sf,linear_sem,25,Standard PC,0.8333333333333333,1.0,0.7142857142857143,6.0,537,407,362,407,130,0.08576202392578125,0.08291816711425781,0.0028438568115234375
SetupA_NodeScaling,10,5000,3,sf,linear_sem,26,Standard PC,0.7027027027027026,0.8125,0.6190476190476191,11.0,1132,888,843,888,244,0.30893945693969727,0.30437731742858887,0.0045621395111083984
SetupA_NodeScaling,10,5000,3,sf,linear_sem,27,Standard PC,0.8333333333333333,1.0,0.7142857142857143,6.0,1116,778,733,778,338,0.3272080421447754,0.3215675354003906,0.005640506744384766
SetupA_NodeScaling,10,5000,3,sf,linear_sem,28,Standard PC,0.588235294117647,0.7692307692307693,0.47619047619047616,14.0,1338,978,933,978,360,0.3741171360015869,0.36847710609436035,0.0056400299072265625
SetupA_NodeScaling,10,5000,3,sf,linear_sem,29,Standard PC,0.8,1.0,0.6666666666666666,7.0,1264,918,873,918,346,0.2577555179595947,0.2522013187408447,0.00555419921875
SetupA_NodeScaling,20,5000,3,sf,linear_sem,0,Standard PC,0.5974025974025975,0.8518518518518519,0.46,31.0,4576,3471,3281,3471,1105,0.8370423316955566,0.815108060836792,0.02193427085876465
SetupA_NodeScaling,20,5000,3,sf,linear_sem,1,Standard PC,0.5135135135135135,0.8260869565217391,0.37254901960784315,36.0,6414,4539,4349,4539,1875,0.6609747409820557,0.6380569934844971,0.022917747497558594
SetupA_NodeScaling,20,5000,3,sf,linear_sem,2,Standard PC,0.5588235294117647,0.9047619047619048,0.40425531914893614,30.0,5152,3547,3357,3547,1605,1.5310437679290771,1.5062072277069092,0.02483654022216797
SetupA_NodeScaling,20,5000,3,sf,linear_sem,3,Standard PC,0.5526315789473684,0.84,0.4117647058823529,34.0,3907,2894,2704,2894,1013,1.578456163406372,1.55631685256958,0.022139310836791992
SetupA_NodeScaling,20,5000,3,sf,linear_sem,4,Standard PC,0.5714285714285714,0.8333333333333334,0.43478260869565216,30.0,4630,3705,3515,3705,925,1.5078165531158447,1.4890952110290527,0.018721342086791992
SetupA_NodeScaling,20,5000,3,sf,linear_sem,5,Standard PC,0.5599999999999999,0.8076923076923077,0.42857142857142855,33.0,5134,3883,3693,3883,1251,2.2399582862854004,2.2117531299591064,0.028205156326293945
SetupA_NodeScaling,20,5000,3,sf,linear_sem,6,Standard PC,0.4736842105263158,0.72,0.35294117647058826,40.0,6171,4229,4039,4229,1942,1.7954156398773193,1.7650175094604492,0.030398130416870117
SetupA_NodeScaling,20,5000,3,sf,linear_sem,7,Standard PC,0.5945945945945946,0.88,0.4489795918367347,30.0,3961,2711,2521,2711,1250,0.6950757503509521,0.678394079208374,0.016681671142578125
SetupA_NodeScaling,20,5000,3,sf,linear_sem,8,Standard PC,0.5599999999999999,0.84,0.42,33.0,6985,5308,5118,5308,1677,0.8890421390533447,0.8634510040283203,0.025591135025024414
SetupA_NodeScaling,20,5000,3,sf,linear_sem,9,Standard PC,0.5384615384615384,0.7777777777777778,0.4117647058823529,36.0,6965,5123,4933,5123,1842,2.0100152492523193,1.9768288135528564,0.03318643569946289
SetupA_NodeScaling,20,5000,3,sf,linear_sem,10,Standard PC,0.5063291139240506,0.7142857142857143,0.39215686274509803,39.0,6817,5124,4934,5124,1693,1.372788429260254,1.3417398929595947,0.03104853630065918
SetupA_NodeScaling,20,5000,3,sf,linear_sem,11,Standard PC,0.5217391304347826,0.9,0.3673469387755102,33.0,4599,3178,2988,3178,1421,1.1692414283752441,1.1464636325836182,0.022777795791625977
SetupA_NodeScaling,20,5000,3,sf,linear_sem,12,Standard PC,0.5333333333333333,0.8333333333333334,0.39215686274509803,35.0,4681,3212,3022,3212,1469,1.3468921184539795,1.3254013061523438,0.021490812301635742
SetupA_NodeScaling,20,5000,3,sf,linear_sem,13,Standard PC,0.7179487179487181,0.9333333333333333,0.5833333333333334,22.0,5062,3729,3539,3729,1333,1.2332525253295898,1.2080795764923096,0.025172948837280273
SetupA_NodeScaling,20,5000,3,sf,linear_sem,14,Standard PC,0.5599999999999999,0.8076923076923077,0.42857142857142855,33.0,7035,5282,5092,5282,1753,1.2995047569274902,1.268538475036621,0.03096628189086914
SetupA_NodeScaling,20,5000,3,sf,linear_sem,15,Standard PC,0.6268656716417911,0.9130434782608695,0.4772727272727273,25.0,4594,3369,3179,3369,1225,1.6815621852874756,1.656158447265625,0.025403738021850586
SetupA_NodeScaling,20,5000,3,sf,linear_sem,16,Standard PC,0.631578947368421,0.8571428571428571,0.5,28.0,7628,5527,5337,5527,2101,2.7707762718200684,2.7303316593170166,0.04044461250305176
SetupA_NodeScaling,20,5000,3,sf,linear_sem,17,Standard PC,0.5454545454545454,0.7777777777777778,0.42,35.0,4424,3343,3153,3343,1081,1.0452384948730469,1.0229101181030273,0.02232837677001953
SetupA_NodeScaling,20,5000,3,sf,linear_sem,18,Standard PC,0.6419753086419753,0.8666666666666667,0.5098039215686274,29.0,4635,3641,3451,3641,994,1.1787004470825195,1.1602294445037842,0.01847100257873535
SetupA_NodeScaling,20,5000,3,sf,linear_sem,19,Standard PC,0.5333333333333333,0.8333333333333334,0.39215686274509803,35.0,5952,4147,3957,4147,1805,1.1753392219543457,1.149996280670166,0.025342941284179688
SetupA_NodeScaling,20,5000,3,sf,linear_sem,20,Standard PC,0.4871794871794872,0.7037037037037037,0.37254901960784315,40.0,6220,4761,4571,4761,1459,2.3650033473968506,2.3303537368774414,0.03464961051940918
SetupA_NodeScaling,20,5000,3,sf,linear_sem,21,Standard PC,0.6153846153846154,0.8275862068965517,0.4897959183673469,30.0,4338,3027,2837,3027,1311,1.2961556911468506,1.2739379405975342,0.022217750549316406
SetupA_NodeScaling,20,5000,3,sf,linear_sem,22,Standard PC,0.5679012345679013,0.7666666666666667,0.45098039215686275,35.0,7420,5376,5186,5376,2044,2.2824785709381104,2.24477481842041,0.037703752517700195
SetupA_NodeScaling,20,5000,3,sf,linear_sem,23,Standard PC,0.5526315789473685,0.8076923076923077,0.42,34.0,3722,2897,2707,2897,825,0.8057169914245605,0.7864711284637451,0.01924586296081543
SetupA_NodeScaling,20,5000,3,sf,linear_sem,24,Standard PC,0.631578947368421,0.8571428571428571,0.5,28.0,5273,4137,3947,4137,1136,2.231735944747925,2.2025370597839355,0.029198884963989258
SetupA_NodeScaling,20,5000,3,sf,linear_sem,25,Standard PC,0.6923076923076923,0.7941176470588235,0.6136363636363636,24.0,5742,4477,4287,4477,1265,1.6308913230895996,1.6019001007080078,0.028991222381591797
SetupA_NodeScaling,20,5000,3,sf,linear_sem,26,Standard PC,0.5599999999999999,0.8076923076923077,0.42857142857142855,33.0,4950,3418,3228,3418,1532,0.955482006072998,0.9366118907928467,0.018870115280151367
SetupA_NodeScaling,20,5000,3,sf,linear_sem,27,Standard PC,0.5945945945945945,0.8461538461538461,0.4583333333333333,30.0,6403,4556,4366,4556,1847,0.7714595794677734,0.7488541603088379,0.022605419158935547
SetupA_NodeScaling,20,5000,3,sf,linear_sem,28,Standard PC,0.6493506493506493,0.8333333333333334,0.5319148936170213,27.0,5042,4039,3849,4039,1003,2.4665448665618896,2.4370133876800537,0.029531478881835938
SetupA_NodeScaling,20,5000,3,sf,linear_sem,29,Standard PC,0.5609756097560976,0.71875,0.46,36.0,6635,5074,4884,5074,1561,2.713426351547241,2.677469491958618,0.03595685958862305
SetupA_NodeScaling,30,5000,3,sf,linear_sem,0,Standard PC,0.6324786324786325,0.8409090909090909,0.5068493150684932,43.0,13311,10124,9689,10124,3187,1.7554442882537842,1.7027533054351807,0.052690982818603516
SetupA_NodeScaling,30,5000,3,sf,linear_sem,1,Standard PC,0.6178861788617886,0.8444444444444444,0.48717948717948717,47.0,11920,9048,8613,9048,2872,1.3902530670166016,1.3421382904052734,0.048114776611328125
SetupA_NodeScaling,30,5000,3,sf,linear_sem,2,Standard PC,0.6017699115044247,0.8095238095238095,0.4788732394366197,45.0,11477,8458,8023,8458,3019,2.08018159866333,2.0308260917663574,0.049355506896972656
SetupA_NodeScaling,30,5000,3,sf,linear_sem,3,Standard PC,0.49523809523809526,0.7647058823529411,0.36619718309859156,53.0,8818,6815,6380,6815,2003,1.74349045753479,1.7022223472595215,0.041268110275268555
SetupA_NodeScaling,30,5000,3,sf,linear_sem,4,Standard PC,0.6153846153846153,0.75,0.5217391304347826,45.0,15678,13524,13089,13524,2154,7.132204055786133,7.053246259689331,0.07895779609680176
SetupA_NodeScaling,30,5000,3,sf,linear_sem,5,Standard PC,0.547008547008547,0.7804878048780488,0.42105263157894735,53.0,13925,10481,10046,10481,3444,2.613447904586792,2.555366277694702,0.058081626892089844
SetupA_NodeScaling,30,5000,3,sf,linear_sem,6,Standard PC,0.5409836065573771,0.7674418604651163,0.4177215189873418,56.0,14592,11425,10990,11425,3167,1.979417324066162,1.9245374202728271,0.05487990379333496
SetupA_NodeScaling,30,5000,3,sf,linear_sem,7,Standard PC,0.485981308411215,0.7027027027027027,0.37142857142857144,55.0,12545,9726,9291,9726,2819,2.162970781326294,2.1146488189697266,0.04832196235656738
SetupA_NodeScaling,30,5000,3,sf,linear_sem,8,Standard PC,0.6719999999999999,0.875,0.5454545454545454,41.0,17992,15358,14923,15358,2634,7.814422845840454,7.727200031280518,0.08722281455993652
SetupA_NodeScaling,30,5000,3,sf,linear_sem,9,Standard PC,0.49572649572649574,0.6904761904761905,0.38666666666666666,59.0,13966,10578,10143,10578,3388,3.2803378105163574,3.2201130390167236,0.06022477149963379
SetupA_NodeScaling,30,5000,3,sf,linear_sem,10,Standard PC,0.4423076923076923,0.8518518518518519,0.2987012987012987,58.0,10853,7300,6865,7300,3553,2.0026886463165283,1.9558870792388916,0.04680156707763672
SetupA_NodeScaling,30,5000,3,sf,linear_sem,11,Standard PC,0.6909090909090908,0.9047619047619048,0.5588235294117647,34.0,11563,8764,8329,8764,2799,2.1790225505828857,2.1290829181671143,0.049939632415771484
SetupA_NodeScaling,30,5000,3,sf,linear_sem,12,Standard PC,0.6017699115044247,0.8947368421052632,0.4533333333333333,45.0,11871,8485,8050,8485,3386,1.675114631652832,1.6270198822021484,0.048094749450683594
SetupA_NodeScaling,30,5000,3,sf,linear_sem,13,Standard PC,0.5405405405405405,0.7894736842105263,0.410958904109589,51.0,15186,11162,10727,11162,4024,2.570385217666626,2.5097694396972656,0.06061577796936035
SetupA_NodeScaling,30,5000,3,sf,linear_sem,14,Standard PC,0.5625,0.6545454545454545,0.4931506849315068,56.0,15011,12342,11907,12342,2669,4.683677434921265,4.6264731884002686,0.057204246520996094
SetupA_NodeScaling,30,5000,3,sf,linear_sem,15,Standard PC,0.5794392523364487,0.8157894736842105,0.4492753623188406,45.0,8178,5594,5159,5594,2584,2.3614718914031982,2.3249247074127197,0.036547183990478516
SetupA_NodeScaling,30,5000,3,sf,linear_sem,16,Standard PC,0.4864864864864865,0.7297297297297297,0.36486486486486486,57.0,14031,10245,9810,10245,3786,2.8673081398010254,2.8090312480926514,0.05827689170837402
SetupA_NodeScaling,30,5000,3,sf,linear_sem,17,Standard PC,0.5203252032520326,0.6956521739130435,0.4155844155844156,59.0,13039,10046,9611,10046,2993,2.0268640518188477,1.972743272781372,0.054120779037475586
SetupA_NodeScaling,30,5000,3,sf,linear_sem,18,Standard PC,0.5862068965517242,0.8095238095238095,0.4594594594594595,48.0,9399,7231,6796,7231,2168,2.009629249572754,1.9641704559326172,0.04545879364013672
SetupA_NodeScaling,30,5000,3,sf,linear_sem,19,Standard PC,0.5245901639344263,0.7441860465116279,0.4050632911392405,58.0,15749,11749,11314,11749,4000,3.2355897426605225,3.163146734237671,0.07244300842285156
SetupA_NodeScaling,30,5000,3,sf,linear_sem,20,Standard PC,0.5423728813559321,0.8,0.41025641025641024,54.0,9710,7293,6858,7293,2417,2.2807254791259766,2.241272449493408,0.03945302963256836
SetupA_NodeScaling,30,5000,3,sf,linear_sem,21,Standard PC,0.6126126126126126,0.918918918918919,0.4594594594594595,43.0,13142,9227,8792,9227,3915,4.601022243499756,4.534120321273804,0.06690192222595215
SetupA_NodeScaling,30,5000,3,sf,linear_sem,22,Standard PC,0.5378151260504201,0.8205128205128205,0.4,55.0,15545,11122,10687,11122,4423,4.700402736663818,4.62772011756897,0.07268261909484863
SetupA_NodeScaling,30,5000,3,sf,linear_sem,23,Standard PC,0.5811965811965812,0.7906976744186046,0.4594594594594595,49.0,10417,8094,7659,8094,2323,2.565016746520996,2.52346134185791,0.04155540466308594
SetupA_NodeScaling,30,5000,3,sf,linear_sem,24,Standard PC,0.6446280991735538,0.8666666666666667,0.5131578947368421,43.0,10367,7904,7469,7904,2463,4.077639102935791,4.014432668685913,0.06320643424987793
SetupA_NodeScaling,30,5000,3,sf,linear_sem,25,Standard PC,0.7419354838709677,0.8679245283018868,0.647887323943662,32.0,14793,12713,12278,12713,2080,7.107966899871826,7.040544509887695,0.06742238998413086
SetupA_NodeScaling,30,5000,3,sf,linear_sem,26,Standard PC,0.5217391304347826,0.8108108108108109,0.38461538461538464,55.0,12569,8854,8419,8854,3715,4.104405879974365,4.038826942443848,0.06557893753051758
SetupA_NodeScaling,30,5000,3,sf,linear_sem,27,Standard PC,0.5499999999999999,0.7021276595744681,0.4520547945205479,54.0,13311,10446,10011,10446,2865,4.630573511123657,4.5607686042785645,0.06980490684509277
SetupA_NodeScaling,30,5000,3,sf,linear_sem,28,Standard PC,0.6071428571428571,0.8717948717948718,0.4657534246575342,44.0,9194,7217,6782,7217,1977,2.8800034523010254,2.8288254737854004,0.051177978515625
SetupA_NodeScaling,30,5000,3,sf,linear_sem,29,Standard PC,0.5225225225225226,0.8529411764705882,0.37662337662337664,53.0,11972,9037,8602,9037,2935,3.4261269569396973,3.3658547401428223,0.060272216796875
SetupA_NodeScaling,40,5000,3,sf,linear_sem,0,Standard PC,0.6040268456375839,0.8490566037735849,0.46875,59.0,19360,14388,13608,14388,4972,5.824544191360474,5.722420692443848,0.10212349891662598
SetupA_NodeScaling,40,5000,3,sf,linear_sem,1,Standard PC,0.5562913907284768,0.84,0.4158415841584158,67.0,18853,13841,13061,13841,5012,5.411458253860474,5.3157196044921875,0.09573864936828613
SetupA_NodeScaling,40,5000,3,sf,linear_sem,2,Standard PC,0.5797101449275361,0.9090909090909091,0.425531914893617,58.0,16948,11977,11197,11977,4971,2.439472198486328,2.3745079040527344,0.06496429443359375
SetupA_NodeScaling,40,5000,3,sf,linear_sem,3,Standard PC,0.5925925925925926,0.9523809523809523,0.43010752688172044,55.0,14802,11046,10266,11046,3756,1.9729759693145752,1.9126944541931152,0.06028151512145996
SetupA_NodeScaling,40,5000,3,sf,linear_sem,4,Standard PC,0.6891891891891891,0.85,0.5795454545454546,46.0,19442,16333,15553,16333,3109,6.817842721939087,6.720100402832031,0.09774231910705566
SetupA_NodeScaling,40,5000,3,sf,linear_sem,5,Standard PC,0.5633802816901408,0.9090909090909091,0.40816326530612246,62.0,14538,10241,9461,10241,4297,3.2329564094543457,3.154237747192383,0.07871866226196289
SetupA_NodeScaling,40,5000,3,sf,linear_sem,6,Standard PC,0.5316455696202531,0.84,0.3888888888888889,74.0,22729,16730,15950,16730,5999,6.679698944091797,6.560619354248047,0.11907958984375
SetupA_NodeScaling,40,5000,3,sf,linear_sem,7,Standard PC,0.5507246376811594,0.7450980392156863,0.4367816091954023,62.0,18425,13885,13105,13885,4540,4.002498149871826,3.9103634357452393,0.09213471412658691
SetupA_NodeScaling,40,5000,3,sf,linear_sem,8,Standard PC,0.5454545454545454,0.9069767441860465,0.39,65.0,19789,13607,12827,13607,6182,4.401036977767944,4.304288864135742,0.09674811363220215
SetupA_NodeScaling,40,5000,3,sf,linear_sem,9,Standard PC,0.5732484076433121,0.7894736842105263,0.45,67.0,24120,17801,17021,17801,6319,6.073043584823608,5.9582483768463135,0.11479520797729492
SetupA_NodeScaling,40,5000,3,sf,linear_sem,10,Standard PC,0.49315068493150677,0.8,0.3564356435643564,74.0,15559,10934,10154,10934,4625,4.49567723274231,4.411118030548096,0.08455920219421387
SetupA_NodeScaling,40,5000,3,sf,linear_sem,11,Standard PC,0.7153284671532847,0.98,0.5632183908045977,39.0,14146,10782,10002,10782,3364,4.2205119132995605,4.137777328491211,0.08273458480834961
SetupA_NodeScaling,40,5000,3,sf,linear_sem,12,Standard PC,0.4489795918367347,0.6875,0.3333333333333333,81.0,20791,15386,14606,15386,5405,4.076385974884033,3.9871606826782227,0.08922529220581055
SetupA_NodeScaling,40,5000,3,sf,linear_sem,13,Standard PC,0.5165562913907285,0.7647058823529411,0.39,73.0,22206,15587,14807,15587,6619,4.213346481323242,4.113418102264404,0.09992837905883789
SetupA_NodeScaling,40,5000,3,sf,linear_sem,14,Standard PC,0.641025641025641,0.847457627118644,0.5154639175257731,56.0,16286,12508,11728,12508,3778,5.066432952880859,4.972636461257935,0.0937964916229248
SetupA_NodeScaling,40,5000,3,sf,linear_sem,15,Standard PC,0.5578231292517007,0.803921568627451,0.4270833333333333,65.0,18636,13252,12472,13252,5384,5.821560621261597,5.723138093948364,0.09842252731323242
SetupA_NodeScaling,40,5000,3,sf,linear_sem,16,Standard PC,0.5032258064516129,0.7090909090909091,0.39,77.0,23577,18138,17358,18138,5439,5.991514205932617,5.874201774597168,0.11731243133544922
SetupA_NodeScaling,40,5000,3,sf,linear_sem,17,Standard PC,0.6064516129032258,0.8392857142857143,0.47474747474747475,61.0,20868,16226,15446,16226,4642,6.4951887130737305,6.387069940567017,0.10811877250671387
SetupA_NodeScaling,40,5000,3,sf,linear_sem,18,Standard PC,0.6233766233766234,0.8571428571428571,0.4897959183673469,58.0,22578,18322,17542,18322,4256,4.606098413467407,4.502795696258545,0.1033027172088623
SetupA_NodeScaling,40,5000,3,sf,linear_sem,19,Standard PC,0.49350649350649356,0.8260869565217391,0.35185185185185186,78.0,22856,16105,15325,16105,6751,5.050404071807861,4.95464563369751,0.09575843811035156
SetupA_NodeScaling,40,5000,3,sf,linear_sem,20,Standard PC,0.6143790849673202,0.8545454545454545,0.47959183673469385,59.0,19359,14002,13222,14002,5357,2.594942331314087,2.518280267715454,0.07666206359863281
SetupA_NodeScaling,40,5000,3,sf,linear_sem,21,Standard PC,0.48000000000000004,0.7346938775510204,0.3564356435643564,78.0,23941,17649,16869,17649,6292,4.735593557357788,4.643740653991699,0.09185290336608887
SetupA_NodeScaling,40,5000,3,sf,linear_sem,22,Standard PC,0.5935483870967742,0.8679245283018868,0.45098039215686275,63.0,22180,16596,15816,16596,5584,4.4028565883636475,4.302245616912842,0.10061097145080566
SetupA_NodeScaling,40,5000,3,sf,linear_sem,23,Standard PC,0.6216216216216216,0.8518518518518519,0.48936170212765956,56.0,16884,13446,12666,13446,3438,2.4860968589782715,2.4085144996643066,0.07758235931396484
SetupA_NodeScaling,40,5000,3,sf,linear_sem,24,Standard PC,0.6794871794871795,0.8688524590163934,0.5578947368421052,50.0,19577,15516,14736,15516,4061,5.772384881973267,5.669438600540161,0.10294628143310547
SetupA_NodeScaling,40,5000,3,sf,linear_sem,25,Standard PC,0.670886075949367,0.8688524590163934,0.5463917525773195,52.0,18912,15327,14547,15327,3585,6.18029522895813,6.083324193954468,0.09697103500366211
SetupA_NodeScaling,40,5000,3,sf,linear_sem,26,Standard PC,0.5290322580645161,0.8367346938775511,0.3867924528301887,73.0,23381,16780,16000,16780,6601,4.364544630050659,4.258110523223877,0.10643410682678223
SetupA_NodeScaling,40,5000,3,sf,linear_sem,27,Standard PC,0.5960264900662252,0.8333333333333334,0.4639175257731959,61.0,21905,16835,16055,16835,5070,5.702222585678101,5.585263729095459,0.1169588565826416
SetupA_NodeScaling,40,5000,3,sf,linear_sem,28,Standard PC,0.6575342465753424,0.9056603773584906,0.5161290322580645,50.0,15694,12017,11237,12017,3677,3.579328775405884,3.5059101581573486,0.07341861724853516
SetupA_NodeScaling,40,5000,3,sf,linear_sem,29,Standard PC,0.6623376623376622,0.8793103448275862,0.53125,52.0,20728,16446,15666,16446,4282,5.233322381973267,5.130048751831055,0.10327363014221191
SetupA_NodeScaling,50,5000,3,sf,linear_sem,0,Standard PC,0.6666666666666665,0.825,0.559322033898305,66.0,33061,25461,24236,25461,7600,6.206289052963257,6.056601524353027,0.1496875286102295
SetupA_NodeScaling,50,5000,3,sf,linear_sem,1,Standard PC,0.5384615384615385,0.8596491228070176,0.392,84.0,28363,19855,18630,19855,8508,4.442822217941284,4.32036828994751,0.12245392799377441
SetupA_NodeScaling,50,5000,3,sf,linear_sem,2,Standard PC,0.6195652173913043,0.8507462686567164,0.48717948717948717,70.0,27411,20512,19287,20512,6899,5.202921628952026,5.06540322303772,0.13751840591430664
SetupA_NodeScaling,50,5000,3,sf,linear_sem,3,Standard PC,0.6344086021505377,0.8309859154929577,0.5130434782608696,68.0,29260,23409,22184,23409,5851,6.24094557762146,6.092975854873657,0.14796972274780273
SetupA_NodeScaling,50,5000,3,sf,linear_sem,4,Standard PC,0.6868686868686869,0.8095238095238095,0.5964912280701754,62.0,33455,28356,27131,28356,5099,10.595103979110718,10.402368783950806,0.1927351951599121
SetupA_NodeScaling,50,5000,3,sf,linear_sem,5,Standard PC,0.6077348066298343,0.9016393442622951,0.4583333333333333,71.0,23747,17890,16665,17890,5857,6.7224507331848145,6.599562406539917,0.12288832664489746
SetupA_NodeScaling,50,5000,3,sf,linear_sem,6,Standard PC,0.5728155339805825,0.8309859154929577,0.43703703703703706,88.0,39650,30586,29361,30586,9064,12.441195487976074,12.252837896347046,0.18835759162902832
SetupA_NodeScaling,50,5000,3,sf,linear_sem,7,Standard PC,0.6071428571428572,0.8947368421052632,0.4594594594594595,66.0,26009,18509,17284,18509,7500,6.581262588500977,6.464413404464722,0.11684918403625488
SetupA_NodeScaling,50,5000,3,sf,linear_sem,8,Standard PC,0.5363128491620113,0.8888888888888888,0.384,83.0,36317,25323,24098,25323,10994,5.87882399559021,5.730499029159546,0.14832496643066406
SetupA_NodeScaling,50,5000,3,sf,linear_sem,9,Standard PC,0.53551912568306,0.8166666666666667,0.3983739837398374,85.0,36793,27713,26488,27713,9080,8.861552000045776,8.70504879951477,0.15650320053100586
SetupA_NodeScaling,50,5000,3,sf,linear_sem,10,Standard PC,0.5921787709497207,0.9137931034482759,0.4380165289256198,73.0,25063,17957,16732,17957,7106,4.479114055633545,4.367876052856445,0.11123800277709961
SetupA_NodeScaling,50,5000,3,sf,linear_sem,11,Standard PC,0.6473988439306358,0.875,0.5137614678899083,61.0,24862,19062,17837,19062,5800,3.6826717853546143,3.573026657104492,0.10964512825012207
SetupA_NodeScaling,50,5000,3,sf,linear_sem,12,Standard PC,0.5698924731182796,0.8153846153846154,0.4380165289256198,80.0,28796,20627,19402,20627,8169,7.265977382659912,7.136409759521484,0.12956762313842773
SetupA_NodeScaling,50,5000,3,sf,linear_sem,13,Standard PC,0.5274725274725275,0.7868852459016393,0.39669421487603307,86.0,26582,18508,17283,18508,8074,5.79143500328064,5.6676740646362305,0.12376093864440918
SetupA_NodeScaling,50,5000,3,sf,linear_sem,14,Standard PC,0.5934065934065934,0.8852459016393442,0.4462809917355372,74.0,27013,19441,18216,19441,7572,5.626573085784912,5.501248121261597,0.12532496452331543
SetupA_NodeScaling,50,5000,3,sf,linear_sem,15,Standard PC,0.5747126436781608,0.8620689655172413,0.43103448275862066,74.0,26633,18833,17608,18833,7800,4.033673048019409,3.9161691665649414,0.11750388145446777
SetupA_NodeScaling,50,5000,3,sf,linear_sem,16,Standard PC,0.4895833333333334,0.7014925373134329,0.376,98.0,29730,22322,21097,22322,7408,9.750751495361328,9.589492559432983,0.16125893592834473
SetupA_NodeScaling,50,5000,3,sf,linear_sem,17,Standard PC,0.572972972972973,0.8548387096774194,0.43089430894308944,79.0,27120,20327,19102,20327,6793,5.210751056671143,5.092153549194336,0.11859750747680664
SetupA_NodeScaling,50,5000,3,sf,linear_sem,18,Standard PC,0.6231155778894473,0.8378378378378378,0.496,75.0,38600,29171,27946,29171,9429,10.946172952651978,10.743540525436401,0.20263242721557617
SetupA_NodeScaling,50,5000,3,sf,linear_sem,19,Standard PC,0.49197860962566853,0.8363636363636363,0.3484848484848485,95.0,33636,24329,23104,24329,9307,8.673840999603271,8.513552188873291,0.16028881072998047
SetupA_NodeScaling,50,5000,3,sf,linear_sem,20,Standard PC,0.6804123711340206,0.9166666666666666,0.5409836065573771,62.0,24727,17538,16313,17538,7189,7.871686220169067,7.7321953773498535,0.13949084281921387
SetupA_NodeScaling,50,5000,3,sf,linear_sem,21,Standard PC,0.5280898876404495,0.8867924528301887,0.376,84.0,35841,24679,23454,24679,11162,8.972383975982666,8.798224449157715,0.17415952682495117
SetupA_NodeScaling,50,5000,3,sf,linear_sem,22,Standard PC,0.5980392156862746,0.8243243243243243,0.46923076923076923,82.0,32731,24236,23011,24236,8495,7.266867399215698,7.122458219528198,0.1444091796875
SetupA_NodeScaling,50,5000,3,sf,linear_sem,23,Standard PC,0.6739130434782609,0.8985507246376812,0.5391304347826087,60.0,26109,20537,19312,20537,5572,6.192986726760864,6.083542585372925,0.10944414138793945
SetupA_NodeScaling,50,5000,3,sf,linear_sem,24,Standard PC,0.6740331491712707,0.8840579710144928,0.5446428571428571,59.0,23257,17887,16662,17887,5370,3.007551431655884,2.9009194374084473,0.10663199424743652
SetupA_NodeScaling,50,5000,3,sf,linear_sem,25,Standard PC,0.7487179487179487,0.8902439024390244,0.6460176991150443,49.0,38972,34307,33082,34307,4665,16.821802616119385,16.61306881904602,0.20873379707336426
SetupA_NodeScaling,50,5000,3,sf,linear_sem,26,Standard PC,0.5595854922279793,0.8181818181818182,0.4251968503937008,85.0,35982,26862,25637,26862,9120,9.236300945281982,9.069576025009155,0.16672492027282715
SetupA_NodeScaling,50,5000,3,sf,linear_sem,27,Standard PC,0.5934065934065934,0.9152542372881356,0.43902439024390244,74.0,25666,18611,17386,18611,7055,4.107545852661133,3.9844553470611572,0.12309050559997559
SetupA_NodeScaling,50,5000,3,sf,linear_sem,28,Standard PC,0.73015873015873,0.9324324324324325,0.6,51.0,24608,19501,18276,19501,5107,7.781109571456909,7.644077777862549,0.13703179359436035
SetupA_NodeScaling,50,5000,3,sf,linear_sem,29,Standard PC,0.6105263157894737,0.8169014084507042,0.48739495798319327,74.0,29787,23946,22721,23946,5841,11.817817687988281,11.65084195137024,0.166975736618042
SetupB_DensityScaling,30,5000,2,sf,linear_sem,0,Standard PC,0.6862745098039216,0.7608695652173914,0.625,32.0,10590,9013,8578,9013,1577,2.5660130977630615,2.5142621994018555,0.051750898361206055
SetupB_DensityScaling,30,5000,2,sf,linear_sem,1,Standard PC,0.651685393258427,0.8285714285714286,0.5370370370370371,31.0,7009,5364,4929,5364,1645,2.1694536209106445,2.129150867462158,0.04030275344848633
SetupB_DensityScaling,30,5000,2,sf,linear_sem,2,Standard PC,0.7000000000000001,0.7777777777777778,0.6363636363636364,30.0,9284,7856,7421,7856,1428,3.137225389480591,3.089630603790283,0.04759478569030762
SetupB_DensityScaling,30,5000,2,sf,linear_sem,3,Standard PC,0.7524752475247525,0.8260869565217391,0.6909090909090909,25.0,33253,31927,31492,31927,1326,18.835310697555542,18.666486978530884,0.1688237190246582
SetupB_DensityScaling,30,5000,2,sf,linear_sem,4,Standard PC,0.8604651162790697,0.9736842105263158,0.7708333333333334,12.0,10380,9305,8870,9305,1075,5.250650882720947,5.184237957000732,0.06641292572021484
SetupB_DensityScaling,30,5000,2,sf,linear_sem,5,Standard PC,0.5,0.5416666666666666,0.4642857142857143,52.0,48237,46060,45625,46060,2177,33.495453119277954,33.2387490272522,0.25670409202575684
SetupB_DensityScaling,30,5000,2,sf,linear_sem,6,Standard PC,0.6590909090909092,0.90625,0.5178571428571429,30.0,8382,6479,6044,6479,1903,1.7347831726074219,1.6982760429382324,0.03650712966918945
SetupB_DensityScaling,30,5000,2,sf,linear_sem,7,Standard PC,0.5894736842105263,0.7,0.509090909090909,39.0,10573,9290,8855,9290,1283,3.710719347000122,3.65708589553833,0.05363345146179199
SetupB_DensityScaling,30,5000,2,sf,linear_sem,8,Standard PC,0.7586206896551724,0.9705882352941176,0.6226415094339622,21.0,8980,7364,6929,7364,1616,1.4887139797210693,1.4477989673614502,0.04091501235961914
SetupB_DensityScaling,30,5000,2,sf,linear_sem,9,Standard PC,0.6585365853658536,0.8181818181818182,0.5510204081632653,28.0,8286,6943,6508,6943,1343,1.7348058223724365,1.6966381072998047,0.038167715072631836
SetupB_DensityScaling,30,5000,2,sf,linear_sem,10,Standard PC,0.6741573033707865,0.8333333333333334,0.5660377358490566,29.0,6629,5312,4877,5312,1317,1.1831426620483398,1.1498963832855225,0.03324627876281738
SetupB_DensityScaling,30,5000,2,sf,linear_sem,11,Standard PC,0.8181818181818181,0.9473684210526315,0.72,16.0,6301,5154,4719,5154,1147,1.250337839126587,1.2172338962554932,0.03310394287109375
SetupB_DensityScaling,30,5000,2,sf,linear_sem,12,Standard PC,0.723404255319149,0.85,0.6296296296296297,26.0,5996,4854,4419,4854,1142,1.359323501586914,1.3285136222839355,0.030809879302978516
SetupB_DensityScaling,30,5000,2,sf,linear_sem,13,Standard PC,0.7526881720430108,0.8974358974358975,0.6481481481481481,23.0,7485,5817,5382,5817,1668,1.3919174671173096,1.3570733070373535,0.034844160079956055
SetupB_DensityScaling,30,5000,2,sf,linear_sem,14,Standard PC,0.888888888888889,0.9523809523809523,0.8333333333333334,10.0,8543,7285,6850,7285,1258,1.9071533679962158,1.8675966262817383,0.03955674171447754
SetupB_DensityScaling,30,5000,2,sf,linear_sem,15,Standard PC,0.8444444444444444,0.9047619047619048,0.7916666666666666,14.0,6251,5443,5008,5443,808,2.4083876609802246,2.3757028579711914,0.0326848030090332
SetupB_DensityScaling,30,5000,2,sf,linear_sem,16,Standard PC,0.7446808510638298,0.9210526315789473,0.625,24.0,9823,7880,7445,7880,1943,2.2847676277160645,2.2360897064208984,0.048677921295166016
SetupB_DensityScaling,30,5000,2,sf,linear_sem,17,Standard PC,0.7692307692307692,0.875,0.6862745098039216,21.0,8497,7188,6753,7188,1309,3.245065689086914,3.19935941696167,0.04570627212524414
SetupB_DensityScaling,30,5000,2,sf,linear_sem,18,Standard PC,0.6363636363636364,0.875,0.5,32.0,6654,4807,4372,4807,1847,0.9413628578186035,0.9117772579193115,0.029585599899291992
SetupB_DensityScaling,30,5000,2,sf,linear_sem,19,Standard PC,0.7912087912087913,0.9230769230769231,0.6923076923076923,19.0,8559,7073,6638,7073,1486,1.9176597595214844,1.8767280578613281,0.04093170166015625
SetupB_DensityScaling,30,5000,2,sf,linear_sem,20,Standard PC,0.7216494845360826,0.8536585365853658,0.625,27.0,9389,7580,7145,7580,1809,2.1600327491760254,2.116882085800171,0.04315066337585449
SetupB_DensityScaling,30,5000,2,sf,linear_sem,21,Standard PC,0.7317073170731707,0.9375,0.6,22.0,8480,6478,6043,6478,2002,1.4024014472961426,1.3657011985778809,0.03670024871826172
SetupB_DensityScaling,30,5000,2,sf,linear_sem,22,Standard PC,0.7234042553191489,0.8095238095238095,0.6538461538461539,26.0,13749,12639,12204,12639,1110,7.960252046585083,7.8960912227630615,0.06416082382202148
SetupB_DensityScaling,30,5000,2,sf,linear_sem,23,Standard PC,0.6966292134831461,0.8378378378378378,0.5961538461538461,27.0,6767,5373,4938,5373,1394,1.1900954246520996,1.157984733581543,0.03211069107055664
SetupB_DensityScaling,30,5000,2,sf,linear_sem,24,Standard PC,0.7499999999999999,0.8918918918918919,0.6470588235294118,22.0,6464,5038,4603,5038,1426,3.0426573753356934,3.00553560256958,0.03712177276611328
SetupB_DensityScaling,30,5000,2,sf,linear_sem,25,Standard PC,0.7272727272727272,0.9142857142857143,0.6037735849056604,24.0,8891,7476,7041,7476,1415,3.0473134517669678,3.00016188621521,0.04715156555175781
SetupB_DensityScaling,30,5000,2,sf,linear_sem,26,Standard PC,0.7659574468085106,0.9,0.6666666666666666,22.0,7080,5601,5166,5601,1479,1.2939245700836182,1.2614362239837646,0.032488346099853516
SetupB_DensityScaling,30,5000,2,sf,linear_sem,27,Standard PC,0.7708333333333333,0.925,0.6607142857142857,22.0,8181,6636,6201,6636,1545,2.3434319496154785,2.2994542121887207,0.04397773742675781
SetupB_DensityScaling,30,5000,2,sf,linear_sem,28,Standard PC,0.7294117647058823,0.8611111111111112,0.6326530612244898,23.0,8522,7175,6740,7175,1347,3.9802801609039307,3.9338042736053467,0.046475887298583984
SetupB_DensityScaling,30,5000,2,sf,linear_sem,29,Standard PC,0.7333333333333333,0.8918918918918919,0.6226415094339622,24.0,6370,5056,4621,5056,1314,1.9447047710418701,1.907236099243164,0.037468671798706055
SetupB_DensityScaling,30,5000,3,sf,linear_sem,0,Standard PC,0.6324786324786325,0.8409090909090909,0.5068493150684932,43.0,13311,10124,9689,10124,3187,3.0907392501831055,3.030039072036743,0.060700178146362305
SetupB_DensityScaling,30,5000,3,sf,linear_sem,1,Standard PC,0.6178861788617886,0.8444444444444444,0.48717948717948717,47.0,11920,9048,8613,9048,2872,2.279636859893799,2.2267088890075684,0.05292797088623047
SetupB_DensityScaling,30,5000,3,sf,linear_sem,2,Standard PC,0.6017699115044247,0.8095238095238095,0.4788732394366197,45.0,11477,8458,8023,8458,3019,2.0844404697418213,2.0335099697113037,0.05093050003051758
SetupB_DensityScaling,30,5000,3,sf,linear_sem,3,Standard PC,0.49523809523809526,0.7647058823529411,0.36619718309859156,53.0,8818,6815,6380,6815,2003,1.9673712253570557,1.9230997562408447,0.04427146911621094
SetupB_DensityScaling,30,5000,3,sf,linear_sem,4,Standard PC,0.6153846153846153,0.75,0.5217391304347826,45.0,15678,13524,13089,13524,2154,6.529842853546143,6.449847936630249,0.07999491691589355
SetupB_DensityScaling,30,5000,3,sf,linear_sem,5,Standard PC,0.547008547008547,0.7804878048780488,0.42105263157894735,53.0,13925,10481,10046,10481,3444,1.6489160060882568,1.5961778163909912,0.052738189697265625
SetupB_DensityScaling,30,5000,3,sf,linear_sem,6,Standard PC,0.5409836065573771,0.7674418604651163,0.4177215189873418,56.0,14592,11425,10990,11425,3167,5.28132438659668,5.212793827056885,0.06853055953979492
SetupB_DensityScaling,30,5000,3,sf,linear_sem,7,Standard PC,0.485981308411215,0.7027027027027027,0.37142857142857144,55.0,12545,9726,9291,9726,2819,2.719931125640869,2.667551040649414,0.05238008499145508
SetupB_DensityScaling,30,5000,3,sf,linear_sem,8,Standard PC,0.6719999999999999,0.875,0.5454545454545454,41.0,17992,15358,14923,15358,2634,8.989876747131348,8.903180837631226,0.08669590950012207
SetupB_DensityScaling,30,5000,3,sf,linear_sem,9,Standard PC,0.49572649572649574,0.6904761904761905,0.38666666666666666,59.0,13966,10578,10143,10578,3388,5.807027578353882,5.743422508239746,0.06360507011413574
SetupB_DensityScaling,30,5000,3,sf,linear_sem,10,Standard PC,0.4423076923076923,0.8518518518518519,0.2987012987012987,58.0,10853,7300,6865,7300,3553,2.324420213699341,2.2759780883789062,0.04844212532043457
SetupB_DensityScaling,30,5000,3,sf,linear_sem,11,Standard PC,0.6909090909090908,0.9047619047619048,0.5588235294117647,34.0,11563,8764,8329,8764,2799,1.8772556781768799,1.8276968002319336,0.04955887794494629
SetupB_DensityScaling,30,5000,3,sf,linear_sem,12,Standard PC,0.6017699115044247,0.8947368421052632,0.4533333333333333,45.0,11871,8485,8050,8485,3386,4.632138252258301,4.586482763290405,0.04565548896789551
SetupB_DensityScaling,30,5000,3,sf,linear_sem,13,Standard PC,0.5405405405405405,0.7894736842105263,0.410958904109589,51.0,15186,11162,10727,11162,4024,4.297128915786743,4.227717638015747,0.0694112777709961
SetupB_DensityScaling,30,5000,3,sf,linear_sem,14,Standard PC,0.5625,0.6545454545454545,0.4931506849315068,56.0,15011,12342,11907,12342,2669,4.6610801219940186,4.586320638656616,0.07475948333740234
SetupB_DensityScaling,30,5000,3,sf,linear_sem,15,Standard PC,0.5794392523364487,0.8157894736842105,0.4492753623188406,45.0,8178,5594,5159,5594,2584,1.915940284729004,1.8781764507293701,0.03776383399963379
SetupB_DensityScaling,30,5000,3,sf,linear_sem,16,Standard PC,0.4864864864864865,0.7297297297297297,0.36486486486486486,57.0,14031,10245,9810,10245,3786,3.561096668243408,3.4940345287323,0.0670621395111084
SetupB_DensityScaling,30,5000,3,sf,linear_sem,17,Standard PC,0.5203252032520326,0.6956521739130435,0.4155844155844156,59.0,13039,10046,9611,10046,2993,5.225075006484985,5.156462907791138,0.06861209869384766
SetupB_DensityScaling,30,5000,3,sf,linear_sem,18,Standard PC,0.5862068965517242,0.8095238095238095,0.4594594594594595,48.0,9399,7231,6796,7231,2168,2.8000969886779785,2.7533931732177734,0.04670381546020508
SetupB_DensityScaling,30,5000,3,sf,linear_sem,19,Standard PC,0.5245901639344263,0.7441860465116279,0.4050632911392405,58.0,15749,11749,11314,11749,4000,4.283998727798462,4.207575082778931,0.07642364501953125
SetupB_DensityScaling,30,5000,3,sf,linear_sem,20,Standard PC,0.5423728813559321,0.8,0.41025641025641024,54.0,9710,7293,6858,7293,2417,1.9810075759887695,1.9440739154815674,0.03693366050720215
SetupB_DensityScaling,30,5000,3,sf,linear_sem,21,Standard PC,0.6126126126126126,0.918918918918919,0.4594594594594595,43.0,13142,9227,8792,9227,3915,2.6685726642608643,2.6160550117492676,0.05251765251159668
SetupB_DensityScaling,30,5000,3,sf,linear_sem,22,Standard PC,0.5378151260504201,0.8205128205128205,0.4,55.0,15545,11122,10687,11122,4423,4.870221853256226,4.802767992019653,0.06745386123657227
SetupB_DensityScaling,30,5000,3,sf,linear_sem,23,Standard PC,0.5811965811965812,0.7906976744186046,0.4594594594594595,49.0,10417,8094,7659,8094,2323,2.903529167175293,2.85343074798584,0.050098419189453125
SetupB_DensityScaling,30,5000,3,sf,linear_sem,24,Standard PC,0.6446280991735538,0.8666666666666667,0.5131578947368421,43.0,10367,7904,7469,7904,2463,2.593820333480835,2.545297622680664,0.0485227108001709
SetupB_DensityScaling,30,5000,3,sf,linear_sem,25,Standard PC,0.7419354838709677,0.8679245283018868,0.647887323943662,32.0,14793,12713,12278,12713,2080,5.729778528213501,5.6587934494018555,0.07098507881164551
SetupB_DensityScaling,30,5000,3,sf,linear_sem,26,Standard PC,0.5217391304347826,0.8108108108108109,0.38461538461538464,55.0,12569,8854,8419,8854,3715,3.377239227294922,3.320486545562744,0.056752681732177734
SetupB_DensityScaling,30,5000,3,sf,linear_sem,27,Standard PC,0.5499999999999999,0.7021276595744681,0.4520547945205479,54.0,13311,10446,10011,10446,2865,3.807451009750366,3.751290798187256,0.05616021156311035
SetupB_DensityScaling,30,5000,3,sf,linear_sem,28,Standard PC,0.6071428571428571,0.8717948717948718,0.4657534246575342,44.0,9194,7217,6782,7217,1977,2.3565962314605713,2.310788631439209,0.045807600021362305
SetupB_DensityScaling,30,5000,3,sf,linear_sem,29,Standard PC,0.5225225225225226,0.8529411764705882,0.37662337662337664,53.0,11972,9037,8602,9037,2935,3.1140389442443848,3.059875726699829,0.054163217544555664
SetupB_DensityScaling,30,5000,4,sf,linear_sem,0,Standard PC,0.452054794520548,0.717391304347826,0.33,80.0,17499,12870,12435,12870,4629,3.8608639240264893,3.788275718688965,0.07258820533752441
SetupB_DensityScaling,30,5000,4,sf,linear_sem,1,Standard PC,0.47407407407407404,0.7619047619047619,0.34408602150537637,71.0,18109,13170,12735,13170,4939,3.9114255905151367,3.847107172012329,0.06431841850280762
SetupB_DensityScaling,30,5000,4,sf,linear_sem,2,Standard PC,0.4393939393939394,0.7631578947368421,0.30851063829787234,74.0,16827,11635,11200,11635,5192,3.190626621246338,3.117936372756958,0.07269024848937988
SetupB_DensityScaling,30,5000,4,sf,linear_sem,3,Standard PC,0.515625,0.825,0.375,62.0,18888,13232,12797,13232,5656,4.5995306968688965,4.524021863937378,0.07550883293151855
SetupB_DensityScaling,30,5000,4,sf,linear_sem,4,Standard PC,0.4740740740740741,0.8,0.3368421052631579,71.0,13316,10291,9856,10291,3025,2.526742935180664,2.476496934890747,0.05024600028991699
SetupB_DensityScaling,30,5000,4,sf,linear_sem,5,Standard PC,0.35384615384615387,0.6571428571428571,0.24210526315789474,84.0,17215,12268,11833,12268,4947,2.6377179622650146,2.568477153778076,0.06924080848693848
SetupB_DensityScaling,30,5000,4,sf,linear_sem,6,Standard PC,0.4516129032258065,0.875,0.30434782608695654,68.0,13728,9728,9293,9728,4000,3.6565864086151123,3.590656280517578,0.06593012809753418
SetupB_DensityScaling,30,5000,4,sf,linear_sem,7,Standard PC,0.4375,0.717948717948718,0.3146067415730337,72.0,14494,10701,10266,10701,3793,3.294647693634033,3.229952812194824,0.06469488143920898
SetupB_DensityScaling,30,5000,4,sf,linear_sem,8,Standard PC,0.4397163120567376,0.6326530612244898,0.33695652173913043,79.0,18576,14158,13723,14158,4418,3.6188509464263916,3.540292263031006,0.07855868339538574
SetupB_DensityScaling,30,5000,4,sf,linear_sem,9,Standard PC,0.5037037037037037,0.7906976744186046,0.3695652173913043,67.0,15757,11267,10832,11267,4490,3.606950283050537,3.53434681892395,0.07260346412658691
SetupB_DensityScaling,30,5000,4,sf,linear_sem,10,Standard PC,0.47328244274809156,0.8857142857142857,0.3229166666666667,69.0,16599,10596,10161,10596,6003,4.116152763366699,4.046202898025513,0.06994986534118652
SetupB_DensityScaling,30,5000,4,sf,linear_sem,11,Standard PC,0.5147058823529412,0.7777777777777778,0.38461538461538464,66.0,17042,12677,12242,12677,4365,4.545595407485962,4.4642579555511475,0.08133745193481445
SetupB_DensityScaling,30,5000,4,sf,linear_sem,12,Standard PC,0.48888888888888893,0.7857142857142857,0.3548387096774194,69.0,17734,12169,11734,12169,5565,4.668290138244629,4.586255788803101,0.08203434944152832
SetupB_DensityScaling,30,5000,4,sf,linear_sem,13,Standard PC,0.4461538461538462,0.8285714285714286,0.30526315789473685,72.0,16721,12168,11733,12168,4553,3.330317258834839,3.265446901321411,0.06487035751342773
SetupB_DensityScaling,30,5000,4,sf,linear_sem,14,Standard PC,0.37209302325581395,0.6486486486486487,0.2608695652173913,81.0,16964,12641,12206,12641,4323,4.252394199371338,4.1745216846466064,0.07787251472473145
SetupB_DensityScaling,30,5000,4,sf,linear_sem,15,Standard PC,0.43200000000000005,0.7105263157894737,0.3103448275862069,71.0,13063,9422,8987,9422,3641,3.4770002365112305,3.4151504039764404,0.06184983253479004
SetupB_DensityScaling,30,5000,4,sf,linear_sem,16,Standard PC,0.41269841269841273,0.8666666666666667,0.2708333333333333,74.0,18368,13010,12575,13010,5358,5.0719895362854,4.987297296524048,0.08469223976135254
SetupB_DensityScaling,30,5000,4,sf,linear_sem,17,Standard PC,0.4806201550387597,0.9117647058823529,0.3263157894736842,67.0,15497,10962,10527,10962,4535,2.2626428604125977,2.2050886154174805,0.05755424499511719
SetupB_DensityScaling,30,5000,4,sf,linear_sem,18,Standard PC,0.4126984126984127,0.7222222222222222,0.28888888888888886,74.0,16077,11571,11136,11571,4506,4.218707799911499,4.147876739501953,0.0708310604095459
SetupB_DensityScaling,30,5000,4,sf,linear_sem,19,Standard PC,0.47692307692307695,0.8157894736842105,0.33695652173913043,68.0,15046,11026,10591,11026,4020,4.847007513046265,4.771038293838501,0.07596921920776367
SetupB_DensityScaling,30,5000,4,sf,linear_sem,20,Standard PC,0.4393939393939394,0.725,0.31521739130434784,74.0,17091,12422,11987,12422,4669,3.178323745727539,3.1036789417266846,0.07464480400085449
SetupB_DensityScaling,30,5000,4,sf,linear_sem,21,Standard PC,0.4411764705882353,0.8333333333333334,0.3,76.0,16533,12080,11645,12080,4453,2.8257341384887695,2.753763437271118,0.07197070121765137
SetupB_DensityScaling,30,5000,4,sf,linear_sem,22,Standard PC,0.4411764705882353,0.8571428571428571,0.297029702970297,76.0,20731,14496,14061,14496,6235,5.06183123588562,4.967756032943726,0.09407520294189453
SetupB_DensityScaling,30,5000,4,sf,linear_sem,23,Standard PC,0.4566929133858268,0.90625,0.30526315789473685,69.0,18115,12214,11779,12214,5901,3.1243033409118652,3.0574119091033936,0.06689143180847168
SetupB_DensityScaling,30,5000,4,sf,linear_sem,24,Standard PC,0.4,0.6944444444444444,0.2808988764044944,75.0,16048,11400,10965,11400,4648,2.235710859298706,2.1783955097198486,0.05731534957885742
SetupB_DensityScaling,30,5000,4,sf,linear_sem,25,Standard PC,0.4409448818897637,0.875,0.29473684210526313,71.0,16295,11221,10786,11221,5074,3.5321733951568604,3.473802089691162,0.05837130546569824
SetupB_DensityScaling,30,5000,4,sf,linear_sem,26,Standard PC,0.496,0.8611111111111112,0.34831460674157305,63.0,15658,11390,10955,11390,4268,4.2227582931518555,4.148679733276367,0.07407855987548828
SetupB_DensityScaling,30,5000,4,sf,linear_sem,27,Standard PC,0.3826086956521739,0.88,0.24444444444444444,71.0,18200,12734,12299,12734,5466,4.984523773193359,4.897380352020264,0.0871434211730957
SetupB_DensityScaling,30,5000,4,sf,linear_sem,28,Standard PC,0.4090909090909091,0.7714285714285715,0.27835051546391754,78.0,19369,13803,13368,13803,5566,3.187972068786621,3.114607810974121,0.0733642578125
SetupB_DensityScaling,30,5000,4,sf,linear_sem,29,Standard PC,0.48175182481751816,0.75,0.3548387096774194,71.0,14579,10699,10264,10699,3880,3.185164451599121,3.122842788696289,0.06232166290283203
SetupB_DensityScaling,30,5000,5,sf,linear_sem,0,Standard PC,0.31506849315068497,0.696969696969697,0.20353982300884957,100.0,21195,14738,14303,14738,6457,5.273864507675171,5.1821677684783936,0.09169673919677734
SetupB_DensityScaling,30,5000,5,sf,linear_sem,1,Standard PC,0.3758389261744966,0.717948717948718,0.2545454545454545,93.0,18654,13127,12692,13127,5527,2.8256261348724365,2.7578177452087402,0.06780838966369629
SetupB_DensityScaling,30,5000,5,sf,linear_sem,2,Standard PC,0.4137931034482759,0.8108108108108109,0.2777777777777778,85.0,24207,15993,15558,15993,8214,4.910430669784546,4.810106039047241,0.10032463073730469
SetupB_DensityScaling,30,5000,5,sf,linear_sem,3,Standard PC,0.42953020134228187,0.7441860465116279,0.3018867924528302,85.0,19315,13570,13135,13570,5745,4.944622278213501,4.861822843551636,0.08279943466186523
SetupB_DensityScaling,30,5000,5,sf,linear_sem,4,Standard PC,0.4129032258064516,0.7441860465116279,0.2857142857142857,91.0,19911,14607,14172,14607,5304,5.424576044082642,5.344354152679443,0.08022189140319824
SetupB_DensityScaling,30,5000,5,sf,linear_sem,5,Standard PC,0.4052287581699347,0.7560975609756098,0.2767857142857143,91.0,18811,13186,12751,13186,5625,4.592706918716431,4.503365993499756,0.0893409252166748
SetupB_DensityScaling,30,5000,5,sf,linear_sem,6,Standard PC,0.358974358974359,0.6829268292682927,0.24347826086956523,100.0,20788,14768,14333,14768,6020,5.089402914047241,4.996963977813721,0.09243893623352051
SetupB_DensityScaling,30,5000,5,sf,linear_sem,7,Standard PC,0.43589743589743585,0.7727272727272727,0.30357142857142855,88.0,18306,12967,12532,12967,5339,3.865830898284912,3.7903332710266113,0.07549762725830078
SetupB_DensityScaling,30,5000,5,sf,linear_sem,8,Standard PC,0.40789473684210525,0.8157894736842105,0.2719298245614035,90.0,21315,15047,14612,15047,6268,3.3135221004486084,3.2398674488067627,0.0736546516418457
SetupB_DensityScaling,30,5000,5,sf,linear_sem,9,Standard PC,0.352112676056338,0.7142857142857143,0.2336448598130841,92.0,20703,14851,14416,14851,5852,5.317711591720581,5.220794200897217,0.09691739082336426
SetupB_DensityScaling,30,5000,5,sf,linear_sem,10,Standard PC,0.3466666666666666,0.7027027027027027,0.23008849557522124,98.0,18639,12679,12244,12679,5960,2.7256579399108887,2.656233072280884,0.06942486763000488
SetupB_DensityScaling,30,5000,5,sf,linear_sem,11,Standard PC,0.4585987261146497,0.8571428571428571,0.3130434782608696,85.0,24629,17745,17310,17745,6884,6.74906849861145,6.635505437850952,0.11356306076049805
SetupB_DensityScaling,30,5000,5,sf,linear_sem,12,Standard PC,0.3661971830985915,0.8666666666666667,0.23214285714285715,90.0,27518,18574,18139,18574,8944,5.022106170654297,4.91105318069458,0.1110529899597168
SetupB_DensityScaling,30,5000,5,sf,linear_sem,13,Standard PC,0.3636363636363637,0.7647058823529411,0.23853211009174313,91.0,18239,12598,12163,12598,5641,2.632436752319336,2.5670149326324463,0.06542181968688965
SetupB_DensityScaling,30,5000,5,sf,linear_sem,14,Standard PC,0.3310344827586207,0.75,0.21238938053097345,97.0,24134,16536,16101,16536,7598,4.481996774673462,4.381584882736206,0.10041189193725586
SetupB_DensityScaling,30,5000,5,sf,linear_sem,15,Standard PC,0.4027777777777778,0.7631578947368421,0.27358490566037735,86.0,15785,11404,10969,11404,4381,2.6032464504241943,2.5454461574554443,0.05780029296875
SetupB_DensityScaling,30,5000,5,sf,linear_sem,16,Standard PC,0.34285714285714286,0.8,0.21818181818181817,92.0,27328,18429,17994,18429,8899,4.430748462677002,4.324394464492798,0.1063539981842041
SetupB_DensityScaling,30,5000,5,sf,linear_sem,17,Standard PC,0.40845070422535207,0.8055555555555556,0.27358490566037735,84.0,19315,13886,13451,13886,5429,3.548891067504883,3.467778205871582,0.08111286163330078
SetupB_DensityScaling,30,5000,5,sf,linear_sem,18,Standard PC,0.38461538461538464,0.6976744186046512,0.26548672566371684,96.0,22188,15494,15059,15494,6694,5.725997447967529,5.625802278518677,0.10019516944885254
SetupB_DensityScaling,30,5000,5,sf,linear_sem,19,Standard PC,0.3724137931034483,0.8181818181818182,0.24107142857142858,91.0,17844,12270,11835,12270,5574,4.373111963272095,4.298628568649292,0.07448339462280273
SetupB_DensityScaling,30,5000,5,sf,linear_sem,20,Standard PC,0.36486486486486486,0.7714285714285715,0.23893805309734514,94.0,30180,20454,20019,20454,9726,7.784930944442749,7.647162199020386,0.13776874542236328
SetupB_DensityScaling,30,5000,5,sf,linear_sem,21,Standard PC,0.40259740259740256,0.7948717948717948,0.26956521739130435,92.0,25815,18286,17851,18286,7529,5.864943027496338,5.756890058517456,0.10805296897888184
SetupB_DensityScaling,30,5000,5,sf,linear_sem,22,Standard PC,0.3496503496503497,0.78125,0.22522522522522523,93.0,23001,15934,15499,15934,7067,5.106019020080566,5.0024192333221436,0.10359978675842285
SetupB_DensityScaling,30,5000,5,sf,linear_sem,23,Standard PC,0.435374149659864,0.7804878048780488,0.3018867924528302,83.0,17680,12893,12458,12893,4787,2.511016607284546,2.44486403465271,0.06615257263183594
SetupB_DensityScaling,30,5000,5,sf,linear_sem,24,Standard PC,0.3356643356643356,0.631578947368421,0.22857142857142856,95.0,21967,15324,14889,15324,6643,6.517049789428711,6.4099109172821045,0.10713887214660645
SetupB_DensityScaling,30,5000,5,sf,linear_sem,25,Standard PC,0.4,0.7837837837837838,0.26851851851851855,87.0,16687,11442,11007,11442,5245,3.4545938968658447,3.3902764320373535,0.06431746482849121
SetupB_DensityScaling,30,5000,5,sf,linear_sem,26,Standard PC,0.3724137931034483,0.8181818181818182,0.24107142857142858,91.0,17348,12610,12175,12610,4738,3.369985580444336,3.3077657222747803,0.062219858169555664
SetupB_DensityScaling,30,5000,5,sf,linear_sem,27,Standard PC,0.3384615384615385,0.7586206896551724,0.21782178217821782,86.0,18717,12654,12219,12654,6063,4.348365068435669,4.2724997997283936,0.07586526870727539
SetupB_DensityScaling,30,5000,5,sf,linear_sem,28,Standard PC,0.3973509933774834,0.7692307692307693,0.26785714285714285,91.0,19570,14202,13767,14202,5368,4.139289379119873,4.059722661972046,0.07956671714782715
SetupB_DensityScaling,30,5000,5,sf,linear_sem,29,Standard PC,0.37593984962406013,0.8064516129032258,0.24509803921568626,83.0,20414,14357,13922,14357,6057,4.082630634307861,4.000485897064209,0.08214473724365234
SetupB_DensityScaling,30,5000,6,sf,linear_sem,0,Standard PC,0.2857142857142857,0.7419354838709677,0.17692307692307693,115.0,26832,18428,17993,18428,8404,6.4123029708862305,6.304502964019775,0.10780000686645508
SetupB_DensityScaling,30,5000,6,sf,linear_sem,1,Standard PC,0.2634730538922156,0.5789473684210527,0.17054263565891473,123.0,24644,17327,16892,17327,7317,4.667601585388184,4.582390069961548,0.08521151542663574
SetupB_DensityScaling,30,5000,6,sf,linear_sem,2,Standard PC,0.2649006622516556,0.7407407407407407,0.16129032258064516,111.0,31073,21187,20752,21187,9886,7.438119888305664,7.298868894577026,0.1392509937286377
SetupB_DensityScaling,30,5000,6,sf,linear_sem,3,Standard PC,0.21935483870967742,0.7391304347826086,0.12878787878787878,121.0,29863,21035,20600,21035,8828,5.895471096038818,5.777804613113403,0.11766648292541504
SetupB_DensityScaling,30,5000,6,sf,linear_sem,4,Standard PC,0.345679012345679,0.8,0.2204724409448819,106.0,27131,18598,18163,18598,8533,4.19990348815918,4.099677801132202,0.10022568702697754
SetupB_DensityScaling,30,5000,6,sf,linear_sem,5,Standard PC,0.2891566265060241,0.6486486486486487,0.18604651162790697,118.0,24229,16929,16494,16929,7300,5.272700548171997,5.165903806686401,0.1067967414855957
SetupB_DensityScaling,30,5000,6,sf,linear_sem,6,Standard PC,0.28571428571428575,0.8076923076923077,0.17355371900826447,105.0,26079,17600,17165,17600,8479,4.1998491287231445,4.0982985496521,0.10155057907104492
SetupB_DensityScaling,30,5000,6,sf,linear_sem,7,Standard PC,0.3333333333333333,0.717948717948718,0.21705426356589147,112.0,22859,16325,15890,16325,6534,3.982482671737671,3.8940269947052,0.0884556770324707
SetupB_DensityScaling,30,5000,6,sf,linear_sem,8,Standard PC,0.2838709677419355,0.7857142857142857,0.1732283464566929,111.0,25427,18054,17619,18054,7373,5.730680465698242,5.622857570648193,0.10782289505004883
SetupB_DensityScaling,30,5000,6,sf,linear_sem,9,Standard PC,0.34177215189873417,0.75,0.22131147540983606,104.0,23451,15784,15349,15784,7667,6.389498710632324,6.285011529922485,0.10448718070983887
SetupB_DensityScaling,30,5000,6,sf,linear_sem,10,Standard PC,0.32142857142857145,0.7297297297297297,0.20610687022900764,114.0,26370,17494,17059,17494,8876,4.605117082595825,4.504270553588867,0.10084652900695801
SetupB_DensityScaling,30,5000,6,sf,linear_sem,11,Standard PC,0.3096774193548387,0.8,0.192,107.0,30438,20744,20309,20744,9694,6.208519220352173,6.085842847824097,0.12267637252807617
SetupB_DensityScaling,30,5000,6,sf,linear_sem,12,Standard PC,0.2564102564102564,0.6060606060606061,0.16260162601626016,116.0,25887,18201,17766,18201,7686,4.121893644332886,4.03357458114624,0.08831906318664551
SetupB_DensityScaling,30,5000,6,sf,linear_sem,13,Standard PC,0.25609756097560976,0.65625,0.1590909090909091,122.0,33319,22696,22261,22696,10623,5.282261848449707,5.168144226074219,0.11411762237548828
SetupB_DensityScaling,30,5000,6,sf,linear_sem,14,Standard PC,0.308641975308642,0.78125,0.19230769230769232,112.0,27810,19093,18658,19093,8717,5.9474287033081055,5.8331298828125,0.11429882049560547
SetupB_DensityScaling,30,5000,6,sf,linear_sem,15,Standard PC,0.38271604938271603,0.8157894736842105,0.25,100.0,25639,17563,17128,17563,8076,6.4683518409729,6.361211776733398,0.10714006423950195
SetupB_DensityScaling,30,5000,6,sf,linear_sem,16,Standard PC,0.3550295857988166,0.6976744186046512,0.23809523809523808,109.0,22429,16124,15689,16124,6305,6.534095287322998,6.428290367126465,0.1058049201965332
SetupB_DensityScaling,30,5000,6,sf,linear_sem,17,Standard PC,0.2911392405063291,0.7931034482758621,0.17829457364341086,112.0,34891,23491,23056,23491,11400,6.161240339279175,6.020260334014893,0.14098000526428223
SetupB_DensityScaling,30,5000,6,sf,linear_sem,18,Standard PC,0.3108108108108108,0.7666666666666667,0.19491525423728814,102.0,19395,13828,13393,13828,5567,4.748607158660889,4.665339946746826,0.0832672119140625
SetupB_DensityScaling,30,5000,6,sf,linear_sem,19,Standard PC,0.3493975903614458,0.7435897435897436,0.2283464566929134,108.0,21171,14802,14367,14802,6369,3.7516167163848877,3.6673521995544434,0.08426451683044434
SetupB_DensityScaling,30,5000,6,sf,linear_sem,20,Standard PC,0.25157232704402516,0.625,0.15748031496062992,119.0,29977,20976,20541,20976,9001,6.895537853240967,6.764188051223755,0.13134980201721191
SetupB_DensityScaling,30,5000,6,sf,linear_sem,21,Standard PC,0.27848101265822783,0.7096774193548387,0.1732283464566929,114.0,23784,16683,16248,16683,7101,5.147420883178711,5.04058051109314,0.10684037208557129
SetupB_DensityScaling,30,5000,6,sf,linear_sem,22,Standard PC,0.22500000000000003,0.72,0.13333333333333333,124.0,26417,18076,17641,18076,8341,3.9236223697662354,3.8375627994537354,0.0860595703125
SetupB_DensityScaling,30,5000,6,sf,linear_sem,23,Standard PC,0.32941176470588235,0.6829268292682927,0.21705426356589147,114.0,25457,18061,17626,18061,7396,4.31539511680603,4.20873498916626,0.10666012763977051
SetupB_DensityScaling,30,5000,6,sf,linear_sem,24,Standard PC,0.2929936305732484,0.6571428571428571,0.1885245901639344,111.0,29760,20128,19693,20128,9632,5.79961371421814,5.683210849761963,0.11640286445617676
SetupB_DensityScaling,30,5000,6,sf,linear_sem,25,Standard PC,0.33136094674556216,0.6829268292682927,0.21875,113.0,21770,15425,14990,15425,6345,5.216340780258179,5.114909410476685,0.10143136978149414
SetupB_DensityScaling,30,5000,6,sf,linear_sem,26,Standard PC,0.28901734104046245,0.6097560975609756,0.1893939393939394,123.0,23280,16486,16051,16486,6794,4.058829069137573,3.971893310546875,0.08693575859069824
SetupB_DensityScaling,30,5000,6,sf,linear_sem,27,Standard PC,0.3151515151515151,0.6842105263157895,0.2047244094488189,113.0,26063,18347,17912,18347,7716,4.688634634017944,4.590239763259888,0.09839487075805664
SetupB_DensityScaling,30,5000,6,sf,linear_sem,28,Standard PC,0.27672955974842767,0.7333333333333333,0.17054263565891473,115.0,33537,23256,22821,23256,10281,3.7392771244049072,3.624715805053711,0.11456131935119629
SetupB_DensityScaling,30,5000,6,sf,linear_sem,29,Standard PC,0.34146341463414637,0.7567567567567568,0.2204724409448819,108.0,32232,21194,20759,21194,11038,3.7597148418426514,3.6468279361724854,0.11288690567016602
SetupA_NodeScaling,10,5000,3,sf,linear_sem,0,DF-PC (Pure),0.8108108108108109,0.9375,0.7142857142857143,7.0,710,377,332,377,333,0.20078253746032715,0.1893763542175293,0.011406183242797852
SetupA_NodeScaling,10,5000,3,sf,linear_sem,1,DF-PC (Pure),0.7368421052631577,0.8235294117647058,0.6666666666666666,10.0,1253,740,695,740,513,0.41532444953918457,0.3924109935760498,0.022913455963134766
SetupA_NodeScaling,10,5000,3,sf,linear_sem,2,DF-PC (Pure),0.8,1.0,0.6666666666666666,7.0,874,419,374,419,455,0.15780162811279297,0.14411640167236328,0.013685226440429688
SetupA_NodeScaling,10,5000,3,sf,linear_sem,3,DF-PC (Pure),0.8108108108108109,0.9375,0.7142857142857143,7.0,728,267,222,267,461,0.0851142406463623,0.0723733901977539,0.012740850448608398
SetupA_NodeScaling,10,5000,3,sf,linear_sem,4,DF-PC (Pure),0.7647058823529412,1.0,0.6190476190476191,8.0,832,395,350,395,437,0.22689008712768555,0.21430420875549316,0.012585878372192383
SetupA_NodeScaling,10,5000,3,sf,linear_sem,5,DF-PC (Pure),0.7567567567567567,0.875,0.6666666666666666,9.0,1012,652,607,652,360,0.2317342758178711,0.21067214012145996,0.021062135696411133
SetupA_NodeScaling,10,5000,3,sf,linear_sem,6,DF-PC (Pure),0.7692307692307692,0.8333333333333334,0.7142857142857143,9.0,1021,528,483,528,493,0.21341967582702637,0.19583821296691895,0.017581462860107422
SetupA_NodeScaling,10,5000,3,sf,linear_sem,7,DF-PC (Pure),0.6470588235294118,0.8461538461538461,0.5238095238095238,12.0,928,537,492,537,391,0.3360874652862549,0.32085156440734863,0.01523590087890625
SetupA_NodeScaling,10,5000,3,sf,linear_sem,8,DF-PC (Pure),0.7567567567567567,0.875,0.6666666666666666,9.0,1078,624,579,624,454,0.2485353946685791,0.23083186149597168,0.017703533172607422
SetupA_NodeScaling,10,5000,3,sf,linear_sem,9,DF-PC (Pure),0.7222222222222222,0.8666666666666667,0.6190476190476191,10.0,1187,684,639,684,503,0.34697914123535156,0.32720184326171875,0.019777297973632812
SetupA_NodeScaling,10,5000,3,sf,linear_sem,10,DF-PC (Pure),0.588235294117647,0.7692307692307693,0.47619047619047616,14.0,885,453,408,453,432,0.18507623672485352,0.17159247398376465,0.013483762741088867
SetupA_NodeScaling,10,5000,3,sf,linear_sem,11,DF-PC (Pure),0.7222222222222222,0.8666666666666667,0.6190476190476191,10.0,820,476,431,476,344,0.3243741989135742,0.3113088607788086,0.013065338134765625
SetupA_NodeScaling,10,5000,3,sf,linear_sem,12,DF-PC (Pure),0.6060606060606061,0.8333333333333334,0.47619047619047616,13.0,972,580,535,580,392,0.4192996025085449,0.40058398246765137,0.018715620040893555
SetupA_NodeScaling,10,5000,3,sf,linear_sem,13,DF-PC (Pure),0.8,1.0,0.6666666666666666,7.0,699,292,247,292,407,0.1355295181274414,0.12521696090698242,0.010312557220458984
SetupA_NodeScaling,10,5000,3,sf,linear_sem,14,DF-PC (Pure),0.6666666666666667,0.9166666666666666,0.5238095238095238,11.0,1337,778,733,778,559,0.145219087600708,0.12594389915466309,0.019275188446044922
SetupA_NodeScaling,10,5000,3,sf,linear_sem,15,DF-PC (Pure),0.7272727272727273,1.0,0.5714285714285714,9.0,740,340,295,340,400,0.0838015079498291,0.07355356216430664,0.010247945785522461
SetupA_NodeScaling,10,5000,3,sf,linear_sem,16,DF-PC (Pure),0.7058823529411765,0.9230769230769231,0.5714285714285714,10.0,1023,578,533,578,445,0.12798666954040527,0.11258077621459961,0.015405893325805664
SetupA_NodeScaling,10,5000,3,sf,linear_sem,17,DF-PC (Pure),0.7567567567567567,0.875,0.6666666666666666,9.0,1368,805,760,805,563,0.47811079025268555,0.4541761875152588,0.023934602737426758
SetupA_NodeScaling,10,5000,3,sf,linear_sem,18,DF-PC (Pure),0.6060606060606061,0.8333333333333334,0.47619047619047616,13.0,726,414,369,414,312,0.16204380989074707,0.15118885040283203,0.010854959487915039
SetupA_NodeScaling,10,5000,3,sf,linear_sem,19,DF-PC (Pure),0.588235294117647,0.7692307692307693,0.47619047619047616,14.0,921,540,495,540,381,0.32675719261169434,0.31027722358703613,0.016479969024658203
SetupA_NodeScaling,10,5000,3,sf,linear_sem,20,DF-PC (Pure),0.7692307692307692,0.8333333333333334,0.7142857142857143,9.0,1287,786,741,786,501,0.14429616928100586,0.12562894821166992,0.018667221069335938
SetupA_NodeScaling,10,5000,3,sf,linear_sem,21,DF-PC (Pure),0.6666666666666666,0.8,0.5714285714285714,12.0,1063,620,575,620,443,0.2663729190826416,0.24973106384277344,0.016641855239868164
SetupA_NodeScaling,10,5000,3,sf,linear_sem,22,DF-PC (Pure),0.611111111111111,0.7333333333333333,0.5238095238095238,14.0,1424,868,823,868,556,0.18176841735839844,0.15928196907043457,0.022486448287963867
SetupA_NodeScaling,10,5000,3,sf,linear_sem,23,DF-PC (Pure),0.742857142857143,0.9285714285714286,0.6190476190476191,9.0,630,304,259,304,326,0.06879186630249023,0.05903148651123047,0.009760379791259766
SetupA_NodeScaling,10,5000,3,sf,linear_sem,24,DF-PC (Pure),0.6249999999999999,0.9090909090909091,0.47619047619047616,12.0,943,541,496,541,402,0.29050159454345703,0.2757542133331299,0.014747381210327148
SetupA_NodeScaling,10,5000,3,sf,linear_sem,25,DF-PC (Pure),0.8333333333333333,1.0,0.7142857142857143,6.0,537,240,195,240,297,0.06363153457641602,0.055123329162597656,0.00850820541381836
SetupA_NodeScaling,10,5000,3,sf,linear_sem,26,DF-PC (Pure),0.7027027027027026,0.8125,0.6190476190476191,11.0,1132,686,641,686,446,0.3491175174713135,0.32296133041381836,0.026156187057495117
SetupA_NodeScaling,10,5000,3,sf,linear_sem,27,DF-PC (Pure),0.8108108108108109,0.9375,0.7142857142857143,7.0,1147,645,600,645,502,0.12160563468933105,0.1055288314819336,0.01607680320739746
SetupA_NodeScaling,10,5000,3,sf,linear_sem,28,DF-PC (Pure),0.588235294117647,0.7692307692307693,0.47619047619047616,14.0,1338,723,678,723,615,0.27990221977233887,0.2552530765533447,0.02464914321899414
SetupA_NodeScaling,10,5000,3,sf,linear_sem,29,DF-PC (Pure),0.8,1.0,0.6666666666666666,7.0,1264,725,680,725,539,0.12561345100402832,0.10675859451293945,0.018854856491088867
SetupA_NodeScaling,20,5000,3,sf,linear_sem,0,DF-PC (Pure),0.5974025974025975,0.8518518518518519,0.46,31.0,4576,2302,2112,2302,2274,0.4390599727630615,0.37201356887817383,0.0670464038848877
SetupA_NodeScaling,20,5000,3,sf,linear_sem,1,DF-PC (Pure),0.49315068493150693,0.8181818181818182,0.35294117647058826,37.0,6435,3701,3511,3701,2734,0.6109504699707031,0.5247571468353271,0.08619332313537598
SetupA_NodeScaling,20,5000,3,sf,linear_sem,2,DF-PC (Pure),0.5507246376811594,0.8636363636363636,0.40425531914893614,31.0,5252,2941,2751,2941,2311,0.728421688079834,0.6523969173431396,0.07602477073669434
SetupA_NodeScaling,20,5000,3,sf,linear_sem,3,DF-PC (Pure),0.5526315789473684,0.84,0.4117647058823529,34.0,3908,1904,1714,1904,2004,0.7315285205841064,0.6626255512237549,0.06890296936035156
SetupA_NodeScaling,20,5000,3,sf,linear_sem,4,DF-PC (Pure),0.5633802816901409,0.8,0.43478260869565216,31.0,4639,2393,2203,2393,2246,0.715449333190918,0.6332335472106934,0.08221578598022461
SetupA_NodeScaling,20,5000,3,sf,linear_sem,5,DF-PC (Pure),0.5599999999999999,0.8076923076923077,0.42857142857142855,33.0,5135,2899,2709,2899,2236,1.7300350666046143,1.6250841617584229,0.1049509048461914
SetupA_NodeScaling,20,5000,3,sf,linear_sem,6,DF-PC (Pure),0.4675324675324675,0.6923076923076923,0.35294117647058826,41.0,6198,3467,3277,3467,2731,1.5608406066894531,1.460646152496338,0.10019445419311523
SetupA_NodeScaling,20,5000,3,sf,linear_sem,7,DF-PC (Pure),0.5866666666666667,0.8461538461538461,0.4489795918367347,31.0,4489,2331,2141,2331,2158,1.246312141418457,1.161299705505371,0.08501243591308594
SetupA_NodeScaling,20,5000,3,sf,linear_sem,8,DF-PC (Pure),0.5599999999999999,0.84,0.42,33.0,6985,3564,3374,3564,3421,1.0849473476409912,0.9135456085205078,0.1714017391204834
SetupA_NodeScaling,20,5000,3,sf,linear_sem,9,DF-PC (Pure),0.5384615384615384,0.7777777777777778,0.4117647058823529,36.0,6965,3990,3800,3990,2975,0.8123180866241455,0.7007408142089844,0.11157727241516113
SetupA_NodeScaling,20,5000,3,sf,linear_sem,10,DF-PC (Pure),0.5063291139240506,0.7142857142857143,0.39215686274509803,39.0,6817,3775,3585,3775,3042,3.172468662261963,3.0434932708740234,0.12897539138793945
SetupA_NodeScaling,20,5000,3,sf,linear_sem,11,DF-PC (Pure),0.5217391304347826,0.9,0.3673469387755102,33.0,4602,2534,2344,2534,2068,0.47213149070739746,0.41251683235168457,0.05961465835571289
SetupA_NodeScaling,20,5000,3,sf,linear_sem,12,DF-PC (Pure),0.5333333333333333,0.8333333333333334,0.39215686274509803,35.0,4717,2590,2400,2590,2127,0.46750450134277344,0.405414342880249,0.062090158462524414
SetupA_NodeScaling,20,5000,3,sf,linear_sem,13,DF-PC (Pure),0.7179487179487181,0.9333333333333333,0.5833333333333334,22.0,5062,2723,2533,2723,2339,0.6715004444122314,0.5920469760894775,0.0794534683227539
SetupA_NodeScaling,20,5000,3,sf,linear_sem,14,DF-PC (Pure),0.5599999999999999,0.8076923076923077,0.42857142857142855,33.0,7042,3877,3687,3877,3165,2.9072630405426025,2.7792556285858154,0.1280074119567871
SetupA_NodeScaling,20,5000,3,sf,linear_sem,15,DF-PC (Pure),0.6268656716417911,0.9130434782608695,0.4772727272727273,25.0,4594,2613,2423,2613,1981,0.8663699626922607,0.7952923774719238,0.07107758522033691
SetupA_NodeScaling,20,5000,3,sf,linear_sem,16,DF-PC (Pure),0.6233766233766235,0.8275862068965517,0.5,29.0,7641,4525,4335,4525,3116,1.424241304397583,1.3022174835205078,0.1220238208770752
SetupA_NodeScaling,20,5000,3,sf,linear_sem,17,DF-PC (Pure),0.5454545454545454,0.7777777777777778,0.42,35.0,4529,2312,2122,2312,2217,1.2276968955993652,1.1545860767364502,0.07311081886291504
SetupA_NodeScaling,20,5000,3,sf,linear_sem,18,DF-PC (Pure),0.6419753086419753,0.8666666666666667,0.5098039215686274,29.0,4635,2321,2131,2321,2314,1.223435640335083,1.134765386581421,0.08867025375366211
SetupA_NodeScaling,20,5000,3,sf,linear_sem,19,DF-PC (Pure),0.5333333333333333,0.8333333333333334,0.39215686274509803,35.0,6132,3312,3122,3312,2820,1.0773940086364746,0.9868497848510742,0.09054422378540039
SetupA_NodeScaling,20,5000,3,sf,linear_sem,20,DF-PC (Pure),0.4871794871794872,0.7037037037037037,0.37254901960784315,40.0,6295,3346,3156,3346,2949,1.964421033859253,1.8505103588104248,0.11391067504882812
SetupA_NodeScaling,20,5000,3,sf,linear_sem,21,DF-PC (Pure),0.6153846153846154,0.8275862068965517,0.4897959183673469,30.0,4338,2416,2226,2416,1922,1.666808843612671,1.597607135772705,0.06920170783996582
SetupA_NodeScaling,20,5000,3,sf,linear_sem,22,DF-PC (Pure),0.5609756097560976,0.7419354838709677,0.45098039215686275,36.0,7668,4353,4163,4353,3315,3.8735671043395996,3.6651158332824707,0.2084512710571289
SetupA_NodeScaling,20,5000,3,sf,linear_sem,23,DF-PC (Pure),0.5454545454545454,0.7777777777777778,0.42,35.0,3790,1876,1686,1876,1914,1.0302050113677979,0.9625720977783203,0.06763291358947754
SetupA_NodeScaling,20,5000,3,sf,linear_sem,24,DF-PC (Pure),0.6493506493506493,0.8620689655172413,0.5208333333333334,27.0,5882,3244,3054,3244,2638,1.4753344058990479,1.3581759929656982,0.11715841293334961
SetupA_NodeScaling,20,5000,3,sf,linear_sem,25,DF-PC (Pure),0.6923076923076923,0.7941176470588235,0.6136363636363636,24.0,5897,2977,2787,2977,2920,1.207446813583374,0.992077112197876,0.21536970138549805
SetupA_NodeScaling,20,5000,3,sf,linear_sem,26,DF-PC (Pure),0.5599999999999999,0.8076923076923077,0.42857142857142855,33.0,4950,2791,2601,2791,2159,1.1482250690460205,1.0701382160186768,0.07808685302734375
SetupA_NodeScaling,20,5000,3,sf,linear_sem,27,DF-PC (Pure),0.5866666666666666,0.8148148148148148,0.4583333333333333,31.0,6423,3667,3477,3667,2756,0.9371414184570312,0.8450696468353271,0.0920717716217041
SetupA_NodeScaling,20,5000,3,sf,linear_sem,28,DF-PC (Pure),0.641025641025641,0.8064516129032258,0.5319148936170213,28.0,5121,2471,2281,2471,2650,1.3453240394592285,1.2495150566101074,0.0958089828491211
SetupA_NodeScaling,20,5000,3,sf,linear_sem,29,DF-PC (Pure),0.5542168674698795,0.696969696969697,0.46,37.0,6711,3745,3555,3745,2966,2.0718727111816406,1.9524118900299072,0.1194608211517334
SetupA_NodeScaling,30,5000,3,sf,linear_sem,0,DF-PC (Pure),0.6271186440677966,0.8222222222222222,0.5068493150684932,44.0,13336,7409,6974,7409,5927,1.883518934249878,1.6619517803192139,0.22156715393066406
SetupA_NodeScaling,30,5000,3,sf,linear_sem,1,DF-PC (Pure),0.6178861788617886,0.8444444444444444,0.48717948717948717,47.0,12141,6687,6252,6687,5454,3.069552421569824,2.845662832260132,0.22388958930969238
SetupA_NodeScaling,30,5000,3,sf,linear_sem,2,DF-PC (Pure),0.6017699115044247,0.8095238095238095,0.4788732394366197,45.0,11477,5995,5560,5995,5482,1.476226568222046,1.3170065879821777,0.15921998023986816
SetupA_NodeScaling,30,5000,3,sf,linear_sem,3,DF-PC (Pure),0.49523809523809526,0.7647058823529411,0.36619718309859156,53.0,8964,4459,4024,4459,4505,1.331085443496704,1.1984047889709473,0.13268065452575684
SetupA_NodeScaling,30,5000,3,sf,linear_sem,4,DF-PC (Pure),0.6153846153846153,0.75,0.5217391304347826,45.0,15681,6082,5647,6082,9599,1.8662972450256348,1.4144904613494873,0.45180678367614746
SetupA_NodeScaling,30,5000,3,sf,linear_sem,5,DF-PC (Pure),0.547008547008547,0.7804878048780488,0.42105263157894735,53.0,13944,7550,7115,7550,6394,1.6112399101257324,1.3934361934661865,0.2178037166595459
SetupA_NodeScaling,30,5000,3,sf,linear_sem,6,DF-PC (Pure),0.5409836065573771,0.7674418604651163,0.4177215189873418,56.0,14608,8238,7803,8238,6370,1.4156253337860107,1.1417245864868164,0.27390074729919434
SetupA_NodeScaling,30,5000,3,sf,linear_sem,7,DF-PC (Pure),0.485981308411215,0.7027027027027027,0.37142857142857144,55.0,12545,7121,6686,7121,5424,1.244260311126709,1.033371925354004,0.21088838577270508
SetupA_NodeScaling,30,5000,3,sf,linear_sem,8,DF-PC (Pure),0.6719999999999999,0.875,0.5454545454545454,41.0,17994,7373,6938,7373,10621,5.302228689193726,4.793515205383301,0.5087134838104248
SetupA_NodeScaling,30,5000,3,sf,linear_sem,9,DF-PC (Pure),0.49572649572649574,0.6904761904761905,0.38666666666666666,59.0,13976,7691,7256,7691,6285,3.162984609603882,2.9010043144226074,0.2619802951812744
SetupA_NodeScaling,30,5000,3,sf,linear_sem,10,DF-PC (Pure),0.4339622641509434,0.7931034482758621,0.2987012987012987,60.0,11209,6068,5633,6068,5141,1.5510272979736328,1.3836166858673096,0.16741061210632324
SetupA_NodeScaling,30,5000,3,sf,linear_sem,11,DF-PC (Pure),0.6909090909090908,0.9047619047619048,0.5588235294117647,34.0,11563,6260,5825,6260,5303,3.855428695678711,3.6195595264434814,0.2358691692352295
SetupA_NodeScaling,30,5000,3,sf,linear_sem,12,DF-PC (Pure),0.591304347826087,0.85,0.4533333333333333,47.0,12036,6578,6143,6578,5458,1.711726188659668,1.5314397811889648,0.18028640747070312
SetupA_NodeScaling,30,5000,3,sf,linear_sem,13,DF-PC (Pure),0.5535714285714286,0.7948717948717948,0.4246575342465753,50.0,15830,8622,8187,8622,7208,2.689873456954956,2.4507765769958496,0.23909687995910645
SetupA_NodeScaling,30,5000,3,sf,linear_sem,14,DF-PC (Pure),0.5625,0.6545454545454545,0.4931506849315068,56.0,15019,7440,7005,7440,7579,2.7692692279815674,2.4780638217926025,0.29120540618896484
SetupA_NodeScaling,30,5000,3,sf,linear_sem,15,DF-PC (Pure),0.574074074074074,0.7948717948717948,0.4492753623188406,46.0,8225,4387,3952,4387,3838,1.5728232860565186,1.4521567821502686,0.12066650390625
SetupA_NodeScaling,30,5000,3,sf,linear_sem,16,DF-PC (Pure),0.5,0.7368421052631579,0.3783783783783784,56.0,14090,7936,7501,7936,6154,2.073223114013672,1.8523082733154297,0.2209148406982422
SetupA_NodeScaling,30,5000,3,sf,linear_sem,17,DF-PC (Pure),0.5203252032520326,0.6956521739130435,0.4155844155844156,59.0,13088,6597,6162,6597,6491,2.689352512359619,2.468966007232666,0.22038650512695312
SetupA_NodeScaling,30,5000,3,sf,linear_sem,18,DF-PC (Pure),0.5739130434782609,0.8048780487804879,0.44594594594594594,49.0,9489,4616,4181,4616,4873,1.670189619064331,1.525364637374878,0.14482498168945312
SetupA_NodeScaling,30,5000,3,sf,linear_sem,19,DF-PC (Pure),0.5245901639344263,0.7441860465116279,0.4050632911392405,58.0,16093,9130,8695,9130,6963,3.1385397911071777,2.8887791633605957,0.24976062774658203
SetupA_NodeScaling,30,5000,3,sf,linear_sem,20,DF-PC (Pure),0.5378151260504201,0.7804878048780488,0.41025641025641024,55.0,9899,5158,4723,5158,4741,1.9520361423492432,1.7883050441741943,0.16373109817504883
SetupA_NodeScaling,30,5000,3,sf,linear_sem,21,DF-PC (Pure),0.6126126126126126,0.918918918918919,0.4594594594594595,43.0,13224,7451,7016,7451,5773,2.9193382263183594,2.7117319107055664,0.20760631561279297
SetupA_NodeScaling,30,5000,3,sf,linear_sem,22,DF-PC (Pure),0.5378151260504201,0.8205128205128205,0.4,55.0,15548,9048,8613,9048,6500,3.7618215084075928,3.5022175312042236,0.25960397720336914
SetupA_NodeScaling,30,5000,3,sf,linear_sem,23,DF-PC (Pure),0.5811965811965812,0.7906976744186046,0.4594594594594595,49.0,10435,5356,4921,5356,5079,2.3068761825561523,2.1354668140411377,0.17140936851501465
SetupA_NodeScaling,30,5000,3,sf,linear_sem,24,DF-PC (Pure),0.639344262295082,0.8478260869565217,0.5131578947368421,44.0,10698,5504,5069,5504,5194,1.792834997177124,1.6222686767578125,0.17056632041931152
SetupA_NodeScaling,30,5000,3,sf,linear_sem,25,DF-PC (Pure),0.7419354838709677,0.8679245283018868,0.647887323943662,32.0,14951,8040,7605,8040,6911,3.05871319770813,2.6339540481567383,0.4247591495513916
SetupA_NodeScaling,30,5000,3,sf,linear_sem,26,DF-PC (Pure),0.5217391304347826,0.8108108108108109,0.38461538461538464,55.0,12699,7095,6660,7095,5604,2.580235481262207,2.390803813934326,0.18943166732788086
SetupA_NodeScaling,30,5000,3,sf,linear_sem,27,DF-PC (Pure),0.5454545454545454,0.6875,0.4520547945205479,55.0,13400,6882,6447,6882,6518,2.782115936279297,2.5535287857055664,0.22858715057373047
SetupA_NodeScaling,30,5000,3,sf,linear_sem,28,DF-PC (Pure),0.631578947368421,0.8780487804878049,0.4931506849315068,42.0,9407,4538,4103,4538,4869,2.3807177543640137,2.2029073238372803,0.1778104305267334
SetupA_NodeScaling,30,5000,3,sf,linear_sem,29,DF-PC (Pure),0.5225225225225226,0.8529411764705882,0.37662337662337664,53.0,12053,6683,6248,6683,5370,2.857598066329956,2.6510441303253174,0.20655393600463867
SetupA_NodeScaling,40,5000,3,sf,linear_sem,0,DF-PC (Pure),0.6040268456375839,0.8490566037735849,0.46875,59.0,19463,9716,8936,9716,9747,5.032330751419067,4.714776277542114,0.3175544738769531
SetupA_NodeScaling,40,5000,3,sf,linear_sem,1,DF-PC (Pure),0.5562913907284768,0.84,0.4158415841584158,67.0,18921,9887,9107,9887,9034,3.44138765335083,3.150970220565796,0.2904174327850342
SetupA_NodeScaling,40,5000,3,sf,linear_sem,2,DF-PC (Pure),0.5797101449275361,0.9090909090909091,0.425531914893617,58.0,17271,9067,8287,9067,8204,2.504634380340576,2.2661821842193604,0.23845219612121582
SetupA_NodeScaling,40,5000,3,sf,linear_sem,3,DF-PC (Pure),0.5985401459854015,0.9318181818181818,0.44086021505376344,55.0,15267,7622,6842,7622,7645,2.7310450077056885,2.505345582962036,0.22569942474365234
SetupA_NodeScaling,40,5000,3,sf,linear_sem,4,DF-PC (Pure),0.6891891891891891,0.85,0.5795454545454546,46.0,19330,7167,6387,7167,12163,5.857858896255493,5.464901685714722,0.3929572105407715
SetupA_NodeScaling,40,5000,3,sf,linear_sem,5,DF-PC (Pure),0.5594405594405595,0.8888888888888888,0.40816326530612246,63.0,14644,7718,6938,7718,6926,2.189500331878662,1.9727869033813477,0.21671342849731445
SetupA_NodeScaling,40,5000,3,sf,linear_sem,6,DF-PC (Pure),0.5316455696202531,0.84,0.3888888888888889,74.0,22785,11992,11212,11992,10793,2.6777191162109375,2.359997272491455,0.3177218437194824
SetupA_NodeScaling,40,5000,3,sf,linear_sem,7,DF-PC (Pure),0.5507246376811594,0.7450980392156863,0.4367816091954023,62.0,18442,9407,8627,9407,9035,1.866638422012329,1.5819623470306396,0.28467607498168945
SetupA_NodeScaling,40,5000,3,sf,linear_sem,8,DF-PC (Pure),0.5454545454545454,0.9069767441860465,0.39,65.0,19970,10573,9793,10573,9397,4.67446756362915,4.377632141113281,0.29683542251586914
SetupA_NodeScaling,40,5000,3,sf,linear_sem,9,DF-PC (Pure),0.5822784810126583,0.7931034482758621,0.46,66.0,24325,13065,12285,13065,11260,6.647722005844116,6.230103254318237,0.4176187515258789
SetupA_NodeScaling,40,5000,3,sf,linear_sem,10,DF-PC (Pure),0.5,0.7872340425531915,0.36633663366336633,74.0,16004,8215,7435,8215,7789,4.181142330169678,3.9379072189331055,0.24323511123657227
SetupA_NodeScaling,40,5000,3,sf,linear_sem,11,DF-PC (Pure),0.7101449275362318,0.9607843137254902,0.5632183908045977,40.0,14185,7172,6392,7172,7013,3.636531114578247,3.3694920539855957,0.26703906059265137
SetupA_NodeScaling,40,5000,3,sf,linear_sem,12,DF-PC (Pure),0.45333333333333337,0.6666666666666666,0.3434343434343434,82.0,22446,9806,9026,9806,12640,2.691418170928955,2.3307440280914307,0.3606741428375244
SetupA_NodeScaling,40,5000,3,sf,linear_sem,13,DF-PC (Pure),0.5263157894736842,0.7692307692307693,0.4,72.0,22416,12475,11695,12475,9941,3.9018681049346924,3.5638058185577393,0.3380622863769531
SetupA_NodeScaling,40,5000,3,sf,linear_sem,14,DF-PC (Pure),0.6369426751592356,0.8333333333333334,0.5154639175257731,57.0,16607,8273,7493,8273,8334,2.5056471824645996,2.267972469329834,0.23767471313476562
SetupA_NodeScaling,40,5000,3,sf,linear_sem,15,DF-PC (Pure),0.5540540540540541,0.7884615384615384,0.4270833333333333,66.0,18942,9717,8937,9717,9225,2.460796594619751,2.2043607234954834,0.2564358711242676
SetupA_NodeScaling,40,5000,3,sf,linear_sem,16,DF-PC (Pure),0.5032258064516129,0.7090909090909091,0.39,77.0,23577,12422,11642,12422,11155,4.7358667850494385,4.337102651596069,0.39876413345336914
SetupA_NodeScaling,40,5000,3,sf,linear_sem,17,DF-PC (Pure),0.6064516129032258,0.8392857142857143,0.47474747474747475,61.0,20899,10100,9320,10100,10799,4.5785017013549805,4.242940664291382,0.33556103706359863
SetupA_NodeScaling,40,5000,3,sf,linear_sem,18,DF-PC (Pure),0.6233766233766234,0.8571428571428571,0.4897959183673469,58.0,22578,10771,9991,10771,11807,3.2632346153259277,2.897036552429199,0.3661980628967285
SetupA_NodeScaling,40,5000,3,sf,linear_sem,19,DF-PC (Pure),0.5,0.8125,0.3611111111111111,78.0,23101,13015,12235,13015,10086,4.581175088882446,4.237888813018799,0.34328627586364746
SetupA_NodeScaling,40,5000,3,sf,linear_sem,20,DF-PC (Pure),0.6143790849673202,0.8545454545454545,0.47959183673469385,59.0,19775,9891,9111,9891,9884,2.874967336654663,2.59133243560791,0.28363490104675293
SetupA_NodeScaling,40,5000,3,sf,linear_sem,21,DF-PC (Pure),0.48000000000000004,0.7346938775510204,0.3564356435643564,78.0,23981,12803,12023,12803,11178,3.202789783477783,2.8466720581054688,0.35611772537231445
SetupA_NodeScaling,40,5000,3,sf,linear_sem,22,DF-PC (Pure),0.5935483870967742,0.8679245283018868,0.45098039215686275,63.0,22358,11949,11169,11949,10409,3.5659353733062744,3.1771273612976074,0.388808012008667
SetupA_NodeScaling,40,5000,3,sf,linear_sem,23,DF-PC (Pure),0.6216216216216216,0.8518518518518519,0.48936170212765956,56.0,17011,7353,6573,7353,9658,2.111584424972534,1.8343963623046875,0.2771880626678467
SetupA_NodeScaling,40,5000,3,sf,linear_sem,24,DF-PC (Pure),0.6794871794871795,0.8688524590163934,0.5578947368421052,50.0,19578,9270,8490,9270,10308,4.328041315078735,3.9750239849090576,0.35301733016967773
SetupA_NodeScaling,40,5000,3,sf,linear_sem,25,DF-PC (Pure),0.670886075949367,0.8688524590163934,0.5463917525773195,52.0,18962,8497,7717,8497,10465,4.0896947383880615,3.7654552459716797,0.32423949241638184
SetupA_NodeScaling,40,5000,3,sf,linear_sem,26,DF-PC (Pure),0.5161290322580646,0.8163265306122449,0.37735849056603776,75.0,23498,12853,12073,12853,10645,4.052239179611206,3.6635615825653076,0.38867759704589844
SetupA_NodeScaling,40,5000,3,sf,linear_sem,27,DF-PC (Pure),0.6143790849673203,0.8392857142857143,0.4845360824742268,59.0,22187,11486,10706,11486,10701,2.6726832389831543,2.3617866039276123,0.310896635055542
SetupA_NodeScaling,40,5000,3,sf,linear_sem,28,DF-PC (Pure),0.6575342465753424,0.9056603773584906,0.5161290322580645,50.0,15729,7954,7174,7954,7775,3.198760986328125,2.930941581726074,0.2678194046020508
SetupA_NodeScaling,40,5000,3,sf,linear_sem,29,DF-PC (Pure),0.6623376623376622,0.8793103448275862,0.53125,52.0,20799,10122,9342,10122,10677,5.430025339126587,5.063286542892456,0.36673879623413086
SetupA_NodeScaling,50,5000,3,sf,linear_sem,0,DF-PC (Pure),0.6633165829145728,0.8148148148148148,0.559322033898305,67.0,33324,16663,15438,16663,16661,6.523765563964844,5.943392515182495,0.5803730487823486
SetupA_NodeScaling,50,5000,3,sf,linear_sem,1,DF-PC (Pure),0.5543478260869564,0.864406779661017,0.408,82.0,28619,14752,13527,14752,13867,4.764380216598511,4.337643623352051,0.42673659324645996
SetupA_NodeScaling,50,5000,3,sf,linear_sem,2,DF-PC (Pure),0.6236559139784946,0.8405797101449275,0.49572649572649574,70.0,28239,13765,12540,13765,14474,4.554710388183594,4.121828556060791,0.43288183212280273
SetupA_NodeScaling,50,5000,3,sf,linear_sem,3,DF-PC (Pure),0.6310160427807487,0.8194444444444444,0.5130434782608696,69.0,30155,14956,13731,14956,15199,5.827978134155273,5.210025310516357,0.617952823638916
SetupA_NodeScaling,50,5000,3,sf,linear_sem,4,DF-PC (Pure),0.6799999999999999,0.7906976744186046,0.5964912280701754,64.0,33806,14036,12811,14036,19770,7.427062511444092,6.645969390869141,0.7810931205749512
SetupA_NodeScaling,50,5000,3,sf,linear_sem,5,DF-PC (Pure),0.6120218579234972,0.8888888888888888,0.4666666666666667,71.0,23954,12311,11086,12311,11643,7.115322113037109,6.709381818771362,0.40594029426574707
SetupA_NodeScaling,50,5000,3,sf,linear_sem,6,DF-PC (Pure),0.5728155339805825,0.8309859154929577,0.43703703703703706,88.0,39944,20233,19008,20233,19711,8.978423833847046,8.22266697883606,0.7557568550109863
SetupA_NodeScaling,50,5000,3,sf,linear_sem,7,DF-PC (Pure),0.6035502958579881,0.8793103448275862,0.4594594594594595,67.0,26328,13180,11955,13180,13148,5.5026397705078125,5.103616952896118,0.39902281761169434
SetupA_NodeScaling,50,5000,3,sf,linear_sem,8,DF-PC (Pure),0.5524861878453039,0.8928571428571429,0.4,81.0,36510,18442,17217,18442,18068,5.872328281402588,5.361301422119141,0.5110268592834473
SetupA_NodeScaling,50,5000,3,sf,linear_sem,9,DF-PC (Pure),0.5434782608695652,0.819672131147541,0.4065040650406504,84.0,36963,20140,18915,20140,16823,7.379470348358154,6.790088415145874,0.5893819332122803
SetupA_NodeScaling,50,5000,3,sf,linear_sem,10,DF-PC (Pure),0.5966850828729282,0.9,0.4462809917355372,73.0,25503,12908,11683,12908,12595,3.4530251026153564,3.0727365016937256,0.38028860092163086
SetupA_NodeScaling,50,5000,3,sf,linear_sem,11,DF-PC (Pure),0.6473988439306358,0.875,0.5137614678899083,61.0,24906,11970,10745,11970,12936,4.159628629684448,3.737607955932617,0.42202067375183105
SetupA_NodeScaling,50,5000,3,sf,linear_sem,12,DF-PC (Pure),0.5698924731182796,0.8153846153846154,0.4380165289256198,80.0,28822,14919,13694,14919,13903,6.430167198181152,5.983424663543701,0.44674253463745117
SetupA_NodeScaling,50,5000,3,sf,linear_sem,13,DF-PC (Pure),0.5434782608695652,0.7936507936507936,0.4132231404958678,84.0,27405,14018,12793,14018,13387,6.177119970321655,5.754613161087036,0.42250680923461914
SetupA_NodeScaling,50,5000,3,sf,linear_sem,14,DF-PC (Pure),0.5934065934065934,0.8852459016393442,0.4462809917355372,74.0,27141,14132,12907,14132,13009,4.057645559310913,3.6593427658081055,0.3983027935028076
SetupA_NodeScaling,50,5000,3,sf,linear_sem,15,DF-PC (Pure),0.5747126436781608,0.8620689655172413,0.43103448275862066,74.0,26713,13613,12388,13613,13100,6.388820648193359,5.97770357131958,0.4111170768737793
SetupA_NodeScaling,50,5000,3,sf,linear_sem,16,DF-PC (Pure),0.48704663212435223,0.6911764705882353,0.376,99.0,30153,15062,13837,15062,15091,3.4346187114715576,2.984372615814209,0.45024609565734863
SetupA_NodeScaling,50,5000,3,sf,linear_sem,17,DF-PC (Pure),0.572972972972973,0.8548387096774194,0.43089430894308944,79.0,27230,13590,12365,13590,13640,3.693265199661255,3.3097004890441895,0.38356471061706543
SetupA_NodeScaling,50,5000,3,sf,linear_sem,18,DF-PC (Pure),0.6231155778894473,0.8378378378378378,0.496,75.0,38742,20022,18797,20022,18720,4.649871349334717,4.096825838088989,0.5530455112457275
SetupA_NodeScaling,50,5000,3,sf,linear_sem,19,DF-PC (Pure),0.5079365079365079,0.8421052631578947,0.36363636363636365,93.0,34120,18394,17169,18394,15726,5.0428307056427,4.563028812408447,0.47980189323425293
SetupA_NodeScaling,50,5000,3,sf,linear_sem,20,DF-PC (Pure),0.6804123711340206,0.9166666666666666,0.5409836065573771,62.0,25149,11689,10464,11689,13460,3.6272799968719482,3.2713093757629395,0.3559706211090088
SetupA_NodeScaling,50,5000,3,sf,linear_sem,21,DF-PC (Pure),0.5251396648044693,0.8703703703703703,0.376,85.0,35997,19808,18583,19808,16189,7.671350955963135,7.164963245391846,0.5063877105712891
SetupA_NodeScaling,50,5000,3,sf,linear_sem,22,DF-PC (Pure),0.5980392156862746,0.8243243243243243,0.46923076923076923,82.0,32748,17312,16087,17312,15436,4.4386279582977295,3.8852109909057617,0.5534169673919678
SetupA_NodeScaling,50,5000,3,sf,linear_sem,23,DF-PC (Pure),0.6666666666666666,0.8732394366197183,0.5391304347826087,62.0,26444,11011,9786,11011,15433,4.635704040527344,4.136613368988037,0.49909067153930664
SetupA_NodeScaling,50,5000,3,sf,linear_sem,24,DF-PC (Pure),0.6666666666666666,0.8591549295774648,0.5446428571428571,61.0,23499,10788,9563,10788,12711,4.05394434928894,3.6818535327911377,0.37209081649780273
SetupA_NodeScaling,50,5000,3,sf,linear_sem,25,DF-PC (Pure),0.7474747474747475,0.8705882352941177,0.6548672566371682,50.0,39270,14291,13066,14291,24979,6.79584264755249,5.6025307178497314,1.1933119297027588
SetupA_NodeScaling,50,5000,3,sf,linear_sem,26,DF-PC (Pure),0.5567010309278351,0.8059701492537313,0.4251968503937008,86.0,36862,19524,18299,19524,17338,8.232048511505127,7.6267006397247314,0.6053478717803955
SetupA_NodeScaling,50,5000,3,sf,linear_sem,27,DF-PC (Pure),0.6054054054054054,0.9032258064516129,0.45528455284552843,73.0,26200,12871,11646,12871,13329,4.428328037261963,4.021927833557129,0.406400203704834
SetupA_NodeScaling,50,5000,3,sf,linear_sem,28,DF-PC (Pure),0.73015873015873,0.9324324324324325,0.6,51.0,24672,11500,10275,11500,13172,3.79895281791687,3.401259183883667,0.3976936340332031
SetupA_NodeScaling,50,5000,3,sf,linear_sem,29,DF-PC (Pure),0.6073298429319371,0.8055555555555556,0.48739495798319327,75.0,30029,13088,11863,13088,16941,7.972014427185059,7.401713848114014,0.5703005790710449
SetupB_DensityScaling,30,5000,2,sf,linear_sem,0,DF-PC (Pure),0.6862745098039216,0.7608695652173914,0.625,32.0,10594,3470,3035,3470,7124,1.0340845584869385,0.817899227142334,0.2161853313446045
SetupB_DensityScaling,30,5000,2,sf,linear_sem,1,DF-PC (Pure),0.6593406593406594,0.8108108108108109,0.5555555555555556,31.0,7684,2961,2526,2961,4723,0.8238508701324463,0.7196385860443115,0.10421228408813477
SetupB_DensityScaling,30,5000,2,sf,linear_sem,2,DF-PC (Pure),0.7000000000000001,0.7777777777777778,0.6363636363636364,30.0,9298,3702,3267,3702,5596,1.0122036933898926,0.8436510562896729,0.16855263710021973
SetupB_DensityScaling,30,5000,2,sf,linear_sem,3,DF-PC (Pure),0.7450980392156863,0.8085106382978723,0.6909090909090909,26.0,34551,5215,4780,5215,29336,3.4294381141662598,1.3222687244415283,2.1071693897247314
SetupB_DensityScaling,30,5000,2,sf,linear_sem,4,DF-PC (Pure),0.8505747126436781,0.9487179487179487,0.7708333333333334,13.0,10558,3394,2959,3394,7164,2.765629529953003,2.3773298263549805,0.38829970359802246
SetupB_DensityScaling,30,5000,2,sf,linear_sem,5,DF-PC (Pure),0.5192307692307692,0.5625,0.48214285714285715,50.0,48593,9080,8645,9080,39513,10.318071126937866,7.71263861656189,2.6054325103759766
SetupB_DensityScaling,30,5000,2,sf,linear_sem,6,DF-PC (Pure),0.6590909090909092,0.90625,0.5178571428571429,30.0,8382,4192,3757,4192,4190,1.462367296218872,1.3262231349945068,0.13614416122436523
SetupB_DensityScaling,30,5000,2,sf,linear_sem,7,DF-PC (Pure),0.6041666666666666,0.7073170731707317,0.5272727272727272,38.0,11396,4089,3654,4089,7307,2.6480023860931396,2.3842434883117676,0.26375889778137207
SetupB_DensityScaling,30,5000,2,sf,linear_sem,8,DF-PC (Pure),0.7586206896551724,0.9705882352941176,0.6226415094339622,21.0,9250,3824,3389,3824,5426,1.9315719604492188,1.7644612789154053,0.16711068153381348
SetupB_DensityScaling,30,5000,2,sf,linear_sem,9,DF-PC (Pure),0.6352941176470588,0.75,0.5510204081632653,31.0,8646,2836,2401,2836,5810,1.4558086395263672,1.309699296951294,0.14610934257507324
SetupB_DensityScaling,30,5000,2,sf,linear_sem,10,DF-PC (Pure),0.6888888888888889,0.8378378378378378,0.5849056603773585,28.0,7033,3044,2609,3044,3989,0.7150936126708984,0.5935807228088379,0.12151288986206055
SetupB_DensityScaling,30,5000,2,sf,linear_sem,11,DF-PC (Pure),0.8181818181818181,0.9473684210526315,0.72,16.0,6309,2634,2199,2634,3675,0.8343632221221924,0.6837329864501953,0.15063023567199707
SetupB_DensityScaling,30,5000,2,sf,linear_sem,12,DF-PC (Pure),0.75,0.8571428571428571,0.6666666666666666,24.0,6186,2496,2061,2496,3690,1.1904699802398682,1.079068660736084,0.11140131950378418
SetupB_DensityScaling,30,5000,2,sf,linear_sem,13,DF-PC (Pure),0.7526881720430108,0.8974358974358975,0.6481481481481481,23.0,7485,3239,2804,3239,4246,1.4844200611114502,1.364274024963379,0.12014603614807129
SetupB_DensityScaling,30,5000,2,sf,linear_sem,14,DF-PC (Pure),0.888888888888889,0.9523809523809523,0.8333333333333334,10.0,8543,4425,3990,4425,4118,1.7633652687072754,1.542344093322754,0.22102117538452148
SetupB_DensityScaling,30,5000,2,sf,linear_sem,15,DF-PC (Pure),0.8444444444444444,0.9047619047619048,0.7916666666666666,14.0,6314,1263,828,1263,5051,0.6292014122009277,0.5113875865936279,0.1178138256072998
SetupB_DensityScaling,30,5000,2,sf,linear_sem,16,DF-PC (Pure),0.736842105263158,0.8974358974358975,0.625,25.0,9827,4633,4198,4633,5194,1.3280408382415771,1.1568324565887451,0.17120838165283203
SetupB_DensityScaling,30,5000,2,sf,linear_sem,17,DF-PC (Pure),0.7608695652173912,0.8536585365853658,0.6862745098039216,22.0,9684,3458,3023,3458,6226,1.8779964447021484,1.6998085975646973,0.17818784713745117
SetupB_DensityScaling,30,5000,2,sf,linear_sem,18,DF-PC (Pure),0.6222222222222222,0.8235294117647058,0.5,34.0,6753,3552,3117,3552,3201,0.9061565399169922,0.8028230667114258,0.1033334732055664
SetupB_DensityScaling,30,5000,2,sf,linear_sem,19,DF-PC (Pure),0.8043478260869567,0.925,0.7115384615384616,18.0,8872,3697,3262,3697,5175,2.14487361907959,1.9990270137786865,0.14584660530090332
SetupB_DensityScaling,30,5000,2,sf,linear_sem,20,DF-PC (Pure),0.7216494845360826,0.8536585365853658,0.625,27.0,9470,3979,3544,3979,5491,2.395787239074707,2.2012689113616943,0.1945183277130127
SetupB_DensityScaling,30,5000,2,sf,linear_sem,21,DF-PC (Pure),0.7317073170731707,0.9375,0.6,22.0,8480,4257,3822,4257,4223,2.078773021697998,1.9356811046600342,0.14309191703796387
SetupB_DensityScaling,30,5000,2,sf,linear_sem,22,DF-PC (Pure),0.7234042553191489,0.8095238095238095,0.6538461538461539,26.0,13791,2437,2002,2437,11354,1.3696627616882324,1.0447332859039307,0.32492947578430176
SetupB_DensityScaling,30,5000,2,sf,linear_sem,23,DF-PC (Pure),0.6888888888888889,0.8157894736842105,0.5961538461538461,28.0,6850,3150,2715,3150,3700,1.1115190982818604,0.9896976947784424,0.12182140350341797
SetupB_DensityScaling,30,5000,2,sf,linear_sem,24,DF-PC (Pure),0.7415730337078651,0.868421052631579,0.6470588235294118,23.0,6500,2520,2085,2520,3980,1.3678655624389648,1.2489049434661865,0.11896061897277832
SetupB_DensityScaling,30,5000,2,sf,linear_sem,25,DF-PC (Pure),0.7415730337078651,0.9166666666666666,0.6226415094339622,23.0,8920,2863,2428,2863,6057,1.6650123596191406,1.457237720489502,0.20777463912963867
SetupB_DensityScaling,30,5000,2,sf,linear_sem,26,DF-PC (Pure),0.75,0.8571428571428571,0.6666666666666666,24.0,7248,2770,2335,2770,4478,0.764564037322998,0.6553769111633301,0.10918712615966797
SetupB_DensityScaling,30,5000,2,sf,linear_sem,27,DF-PC (Pure),0.7708333333333333,0.925,0.6607142857142857,22.0,8181,3057,2622,3057,5124,1.2100324630737305,1.0922272205352783,0.11780524253845215
SetupB_DensityScaling,30,5000,2,sf,linear_sem,28,DF-PC (Pure),0.7045454545454547,0.7948717948717948,0.6326530612244898,26.0,8940,4177,3742,4177,4763,1.6892051696777344,1.4957835674285889,0.1934216022491455
SetupB_DensityScaling,30,5000,2,sf,linear_sem,29,DF-PC (Pure),0.7333333333333333,0.8918918918918919,0.6226415094339622,24.0,6380,2575,2140,2575,3805,0.8461508750915527,0.7531676292419434,0.09298324584960938
SetupB_DensityScaling,30,5000,3,sf,linear_sem,0,DF-PC (Pure),0.6271186440677966,0.8222222222222222,0.5068493150684932,44.0,13336,7409,6974,7409,5927,2.671294689178467,2.438408613204956,0.23288607597351074
SetupB_DensityScaling,30,5000,3,sf,linear_sem,1,DF-PC (Pure),0.6178861788617886,0.8444444444444444,0.48717948717948717,47.0,12141,6687,6252,6687,5454,1.2570109367370605,1.0654397010803223,0.19157123565673828
SetupB_DensityScaling,30,5000,3,sf,linear_sem,2,DF-PC (Pure),0.6017699115044247,0.8095238095238095,0.4788732394366197,45.0,11477,5995,5560,5995,5482,1.254871129989624,1.0838124752044678,0.17105865478515625
SetupB_DensityScaling,30,5000,3,sf,linear_sem,3,DF-PC (Pure),0.49523809523809526,0.7647058823529411,0.36619718309859156,53.0,8964,4459,4024,4459,4505,1.266861915588379,1.1250824928283691,0.14177942276000977
SetupB_DensityScaling,30,5000,3,sf,linear_sem,4,DF-PC (Pure),0.6153846153846153,0.75,0.5217391304347826,45.0,15681,6082,5647,6082,9599,1.7294554710388184,1.2471582889556885,0.4822971820831299
SetupB_DensityScaling,30,5000,3,sf,linear_sem,5,DF-PC (Pure),0.547008547008547,0.7804878048780488,0.42105263157894735,53.0,13944,7550,7115,7550,6394,4.550358057022095,4.307830810546875,0.24252724647521973
SetupB_DensityScaling,30,5000,3,sf,linear_sem,6,DF-PC (Pure),0.5409836065573771,0.7674418604651163,0.4177215189873418,56.0,14608,8238,7803,8238,6370,4.240659475326538,3.9751551151275635,0.2655043601989746
SetupB_DensityScaling,30,5000,3,sf,linear_sem,7,DF-PC (Pure),0.485981308411215,0.7027027027027027,0.37142857142857144,55.0,12545,7121,6686,7121,5424,3.7334952354431152,3.484156847000122,0.24933838844299316
SetupB_DensityScaling,30,5000,3,sf,linear_sem,8,DF-PC (Pure),0.6719999999999999,0.875,0.5454545454545454,41.0,17994,7373,6938,7373,10621,4.575151205062866,4.066827297210693,0.5083239078521729
SetupB_DensityScaling,30,5000,3,sf,linear_sem,9,DF-PC (Pure),0.49572649572649574,0.6904761904761905,0.38666666666666666,59.0,13976,7691,7256,7691,6285,1.9631993770599365,1.7144367694854736,0.2487626075744629
SetupB_DensityScaling,30,5000,3,sf,linear_sem,10,DF-PC (Pure),0.4339622641509434,0.7931034482758621,0.2987012987012987,60.0,11209,6068,5633,6068,5141,1.7624611854553223,1.5490772724151611,0.21338391304016113
SetupB_DensityScaling,30,5000,3,sf,linear_sem,11,DF-PC (Pure),0.6909090909090908,0.9047619047619048,0.5588235294117647,34.0,11563,6260,5825,6260,5303,4.953268766403198,4.7385454177856445,0.2147233486175537
SetupB_DensityScaling,30,5000,3,sf,linear_sem,12,DF-PC (Pure),0.591304347826087,0.85,0.4533333333333333,47.0,12036,6578,6143,6578,5458,2.5532991886138916,2.357023000717163,0.19627618789672852
SetupB_DensityScaling,30,5000,3,sf,linear_sem,13,DF-PC (Pure),0.5535714285714286,0.7948717948717948,0.4246575342465753,50.0,15830,8622,8187,8622,7208,3.5594611167907715,3.240074396133423,0.31938672065734863
SetupB_DensityScaling,30,5000,3,sf,linear_sem,14,DF-PC (Pure),0.5625,0.6545454545454545,0.4931506849315068,56.0,15019,7440,7005,7440,7579,4.402652978897095,4.0880820751190186,0.31457090377807617
SetupB_DensityScaling,30,5000,3,sf,linear_sem,15,DF-PC (Pure),0.574074074074074,0.7948717948717948,0.4492753623188406,46.0,8225,4387,3952,4387,3838,2.333186388015747,2.206329584121704,0.12685680389404297
SetupB_DensityScaling,30,5000,3,sf,linear_sem,16,DF-PC (Pure),0.5,0.7368421052631579,0.3783783783783784,56.0,14090,7936,7501,7936,6154,1.948288917541504,1.7350530624389648,0.21323585510253906
SetupB_DensityScaling,30,5000,3,sf,linear_sem,17,DF-PC (Pure),0.5203252032520326,0.6956521739130435,0.4155844155844156,59.0,13088,6597,6162,6597,6491,1.9293005466461182,1.7235095500946045,0.20579099655151367
SetupB_DensityScaling,30,5000,3,sf,linear_sem,18,DF-PC (Pure),0.5739130434782609,0.8048780487804879,0.44594594594594594,49.0,9489,4616,4181,4616,4873,2.576014995574951,2.4266769886016846,0.1493380069732666
SetupB_DensityScaling,30,5000,3,sf,linear_sem,19,DF-PC (Pure),0.5245901639344263,0.7441860465116279,0.4050632911392405,58.0,16093,9130,8695,9130,6963,3.150195360183716,2.9132080078125,0.23698735237121582
SetupB_DensityScaling,30,5000,3,sf,linear_sem,20,DF-PC (Pure),0.5378151260504201,0.7804878048780488,0.41025641025641024,55.0,9899,5158,4723,5158,4741,2.4304981231689453,2.2620606422424316,0.16843748092651367
SetupB_DensityScaling,30,5000,3,sf,linear_sem,21,DF-PC (Pure),0.6126126126126126,0.918918918918919,0.4594594594594595,43.0,13224,7451,7016,7451,5773,2.9151077270507812,2.668511390686035,0.2465963363647461
SetupB_DensityScaling,30,5000,3,sf,linear_sem,22,DF-PC (Pure),0.5378151260504201,0.8205128205128205,0.4,55.0,15548,9048,8613,9048,6500,2.741309881210327,2.5090231895446777,0.23228669166564941
SetupB_DensityScaling,30,5000,3,sf,linear_sem,23,DF-PC (Pure),0.5811965811965812,0.7906976744186046,0.4594594594594595,49.0,10435,5356,4921,5356,5079,2.473454236984253,2.294092893600464,0.17936134338378906
SetupB_DensityScaling,30,5000,3,sf,linear_sem,24,DF-PC (Pure),0.639344262295082,0.8478260869565217,0.5131578947368421,44.0,10698,5504,5069,5504,5194,1.7408368587493896,1.569162368774414,0.17167448997497559
SetupB_DensityScaling,30,5000,3,sf,linear_sem,25,DF-PC (Pure),0.7419354838709677,0.8679245283018868,0.647887323943662,32.0,14951,8040,7605,8040,6911,2.929260492324829,2.5214381217956543,0.4078223705291748
SetupB_DensityScaling,30,5000,3,sf,linear_sem,26,DF-PC (Pure),0.5217391304347826,0.8108108108108109,0.38461538461538464,55.0,12699,7095,6660,7095,5604,2.062883138656616,1.8917829990386963,0.17110013961791992
SetupB_DensityScaling,30,5000,3,sf,linear_sem,27,DF-PC (Pure),0.5454545454545454,0.6875,0.4520547945205479,55.0,13400,6882,6447,6882,6518,1.6551539897918701,1.4314196109771729,0.22373437881469727
SetupB_DensityScaling,30,5000,3,sf,linear_sem,28,DF-PC (Pure),0.631578947368421,0.8780487804878049,0.4931506849315068,42.0,9407,4538,4103,4538,4869,2.1274547576904297,1.9049921035766602,0.22246265411376953
SetupB_DensityScaling,30,5000,3,sf,linear_sem,29,DF-PC (Pure),0.5225225225225226,0.8529411764705882,0.37662337662337664,53.0,12053,6683,6248,6683,5370,3.182619333267212,2.9846222400665283,0.1979970932006836
SetupB_DensityScaling,30,5000,4,sf,linear_sem,0,DF-PC (Pure),0.452054794520548,0.717391304347826,0.33,80.0,17503,9773,9338,9773,7730,2.8714911937713623,2.6030189990997314,0.26847219467163086
SetupB_DensityScaling,30,5000,4,sf,linear_sem,1,DF-PC (Pure),0.47407407407407404,0.7619047619047619,0.34408602150537637,71.0,18150,10478,10043,10478,7672,5.075327634811401,4.774546384811401,0.30078125
SetupB_DensityScaling,30,5000,4,sf,linear_sem,2,DF-PC (Pure),0.4393939393939394,0.7631578947368421,0.30851063829787234,74.0,16828,9916,9481,9916,6912,4.947741746902466,4.692899465560913,0.25484228134155273
SetupB_DensityScaling,30,5000,4,sf,linear_sem,3,DF-PC (Pure),0.515625,0.825,0.375,62.0,18891,11065,10630,11065,7826,6.052672624588013,5.7481935024261475,0.30447912216186523
SetupB_DensityScaling,30,5000,4,sf,linear_sem,4,DF-PC (Pure),0.48175182481751827,0.7857142857142857,0.3473684210526316,71.0,14159,7442,7007,7442,6717,2.325180768966675,2.0962183475494385,0.22896242141723633
SetupB_DensityScaling,30,5000,4,sf,linear_sem,5,DF-PC (Pure),0.35384615384615387,0.6571428571428571,0.24210526315789474,84.0,17458,10384,9949,10384,7074,4.95600700378418,4.671625137329102,0.2843818664550781
SetupB_DensityScaling,30,5000,4,sf,linear_sem,6,DF-PC (Pure),0.448,0.8484848484848485,0.30434782608695654,69.0,14001,7876,7441,7876,6125,3.1961076259613037,2.977846384048462,0.2182612419128418
SetupB_DensityScaling,30,5000,4,sf,linear_sem,7,DF-PC (Pure),0.4496124031007752,0.725,0.3258426966292135,71.0,14506,7904,7469,7904,6602,4.209394931793213,3.971062421798706,0.23833250999450684
SetupB_DensityScaling,30,5000,4,sf,linear_sem,8,DF-PC (Pure),0.4397163120567376,0.6326530612244898,0.33695652173913043,79.0,18576,10491,10056,10491,8085,2.7326109409332275,2.377540111541748,0.3550708293914795
SetupB_DensityScaling,30,5000,4,sf,linear_sem,9,DF-PC (Pure),0.5037037037037037,0.7906976744186046,0.3695652173913043,67.0,15862,9292,8857,9292,6570,3.0486409664154053,2.800746202468872,0.2478947639465332
SetupB_DensityScaling,30,5000,4,sf,linear_sem,10,DF-PC (Pure),0.47328244274809156,0.8857142857142857,0.3229166666666667,69.0,16599,9296,8861,9296,7303,2.7954888343811035,2.57413911819458,0.22134971618652344
SetupB_DensityScaling,30,5000,4,sf,linear_sem,11,DF-PC (Pure),0.5147058823529412,0.7777777777777778,0.38461538461538464,66.0,17047,10100,9665,10100,6947,3.175645351409912,2.901272773742676,0.27437257766723633
SetupB_DensityScaling,30,5000,4,sf,linear_sem,12,DF-PC (Pure),0.48888888888888893,0.7857142857142857,0.3548387096774194,69.0,17734,10328,9893,10328,7406,4.486506700515747,4.212153196334839,0.2743535041809082
SetupB_DensityScaling,30,5000,4,sf,linear_sem,13,DF-PC (Pure),0.4461538461538462,0.8285714285714286,0.30526315789473685,72.0,16738,9762,9327,9762,6976,4.2253522872924805,3.953857183456421,0.27149510383605957
SetupB_DensityScaling,30,5000,4,sf,linear_sem,14,DF-PC (Pure),0.37209302325581395,0.6486486486486487,0.2608695652173913,81.0,17110,9580,9145,9580,7530,3.9126181602478027,3.6414291858673096,0.27118897438049316
SetupB_DensityScaling,30,5000,4,sf,linear_sem,15,DF-PC (Pure),0.43200000000000005,0.7105263157894737,0.3103448275862069,71.0,13190,7397,6962,7397,5793,2.773836612701416,2.5729875564575195,0.20084905624389648
SetupB_DensityScaling,30,5000,4,sf,linear_sem,16,DF-PC (Pure),0.41269841269841273,0.8666666666666667,0.2708333333333333,74.0,18368,10279,9844,10279,8089,2.7290921211242676,2.4652023315429688,0.26388978958129883
SetupB_DensityScaling,30,5000,4,sf,linear_sem,17,DF-PC (Pure),0.4806201550387597,0.9117647058823529,0.3263157894736842,67.0,15513,9020,8585,9020,6493,3.093029737472534,2.8597235679626465,0.2333061695098877
SetupB_DensityScaling,30,5000,4,sf,linear_sem,18,DF-PC (Pure),0.4126984126984127,0.7222222222222222,0.28888888888888886,74.0,16292,9608,9173,9608,6684,2.601174831390381,2.3387365341186523,0.2624382972717285
SetupB_DensityScaling,30,5000,4,sf,linear_sem,19,DF-PC (Pure),0.48854961832061067,0.8205128205128205,0.34782608695652173,67.0,15334,8203,7768,8203,7131,1.9718365669250488,1.7338957786560059,0.23794078826904297
SetupB_DensityScaling,30,5000,4,sf,linear_sem,20,DF-PC (Pure),0.4393939393939394,0.725,0.31521739130434784,74.0,17189,9550,9115,9550,7639,2.96122670173645,2.6929502487182617,0.2682764530181885
SetupB_DensityScaling,30,5000,4,sf,linear_sem,21,DF-PC (Pure),0.4411764705882353,0.8333333333333334,0.3,76.0,16616,9510,9075,9510,7106,1.8053128719329834,1.57118821144104,0.23412466049194336
SetupB_DensityScaling,30,5000,4,sf,linear_sem,22,DF-PC (Pure),0.4411764705882353,0.8571428571428571,0.297029702970297,76.0,20733,12147,11712,12147,8586,2.991382598876953,2.7033252716064453,0.2880573272705078
SetupB_DensityScaling,30,5000,4,sf,linear_sem,23,DF-PC (Pure),0.4566929133858268,0.90625,0.30526315789473685,69.0,18138,10255,9820,10255,7883,4.044860363006592,3.786625385284424,0.25823497772216797
SetupB_DensityScaling,30,5000,4,sf,linear_sem,24,DF-PC (Pure),0.4,0.6944444444444444,0.2808988764044944,75.0,16051,9150,8715,9150,6901,4.586741924285889,4.321487188339233,0.2652547359466553
SetupB_DensityScaling,30,5000,4,sf,linear_sem,25,DF-PC (Pure),0.4409448818897637,0.875,0.29473684210526313,71.0,16296,9361,8926,9361,6935,5.203757286071777,4.933808326721191,0.26994895935058594
SetupB_DensityScaling,30,5000,4,sf,linear_sem,26,DF-PC (Pure),0.5079365079365079,0.8648648648648649,0.3595505617977528,62.0,15908,8712,8277,8712,7196,1.9843058586120605,1.7376933097839355,0.246612548828125
SetupB_DensityScaling,30,5000,4,sf,linear_sem,27,DF-PC (Pure),0.41025641025641024,0.8888888888888888,0.26666666666666666,69.0,18565,10919,10484,10919,7646,5.36669659614563,5.078158140182495,0.28853845596313477
SetupB_DensityScaling,30,5000,4,sf,linear_sem,28,DF-PC (Pure),0.4090909090909091,0.7714285714285715,0.27835051546391754,78.0,19372,11743,11308,11743,7629,2.9835591316223145,2.6913771629333496,0.29218196868896484
SetupB_DensityScaling,30,5000,4,sf,linear_sem,29,DF-PC (Pure),0.48175182481751816,0.75,0.3548387096774194,71.0,14582,8455,8020,8455,6127,4.587852239608765,4.329284906387329,0.25856733322143555
SetupB_DensityScaling,30,5000,5,sf,linear_sem,0,DF-PC (Pure),0.31506849315068497,0.696969696969697,0.20353982300884957,100.0,21199,12956,12521,12956,8243,3.015434980392456,2.722851276397705,0.292583703994751
SetupB_DensityScaling,30,5000,5,sf,linear_sem,1,DF-PC (Pure),0.3758389261744966,0.717948717948718,0.2545454545454545,93.0,18661,11168,10733,11168,7493,5.271678686141968,4.955801486968994,0.31587719917297363
SetupB_DensityScaling,30,5000,5,sf,linear_sem,2,DF-PC (Pure),0.4137931034482759,0.8108108108108109,0.2777777777777778,85.0,24207,14847,14412,14847,9360,4.346050977706909,3.99204683303833,0.3540041446685791
SetupB_DensityScaling,30,5000,5,sf,linear_sem,3,DF-PC (Pure),0.42953020134228187,0.7441860465116279,0.3018867924528302,85.0,19325,11678,11243,11678,7647,4.188990831375122,3.897078514099121,0.291912317276001
SetupB_DensityScaling,30,5000,5,sf,linear_sem,4,DF-PC (Pure),0.4129032258064516,0.7441860465116279,0.2857142857142857,91.0,20001,12322,11887,12322,7679,7.078474521636963,6.714898347854614,0.36357617378234863
SetupB_DensityScaling,30,5000,5,sf,linear_sem,5,DF-PC (Pure),0.41558441558441556,0.7619047619047619,0.2857142857142857,90.0,18939,11345,10910,11345,7594,2.8438611030578613,2.5660862922668457,0.2777748107910156
SetupB_DensityScaling,30,5000,5,sf,linear_sem,6,DF-PC (Pure),0.358974358974359,0.6829268292682927,0.24347826086956523,100.0,20790,12827,12392,12827,7963,3.3449647426605225,3.032925605773926,0.3120391368865967
SetupB_DensityScaling,30,5000,5,sf,linear_sem,7,DF-PC (Pure),0.43589743589743585,0.7727272727272727,0.30357142857142855,88.0,18307,10789,10354,10789,7518,5.705913066864014,5.396051406860352,0.3098616600036621
SetupB_DensityScaling,30,5000,5,sf,linear_sem,8,DF-PC (Pure),0.40789473684210525,0.8157894736842105,0.2719298245614035,90.0,21344,12422,11987,12422,8922,7.409084320068359,7.049567699432373,0.35951662063598633
SetupB_DensityScaling,30,5000,5,sf,linear_sem,9,DF-PC (Pure),0.3661971830985915,0.7428571428571429,0.24299065420560748,90.0,21095,12262,11827,12262,8833,3.5296199321746826,3.2065517902374268,0.32306814193725586
SetupB_DensityScaling,30,5000,5,sf,linear_sem,10,DF-PC (Pure),0.3466666666666666,0.7027027027027027,0.23008849557522124,98.0,18639,10896,10461,10896,7743,6.045783042907715,5.729419231414795,0.3163638114929199
SetupB_DensityScaling,30,5000,5,sf,linear_sem,11,DF-PC (Pure),0.4585987261146497,0.8571428571428571,0.3130434782608696,85.0,24629,15398,14963,15398,9231,4.642459392547607,4.2621750831604,0.38028430938720703
SetupB_DensityScaling,30,5000,5,sf,linear_sem,12,DF-PC (Pure),0.37762237762237766,0.8709677419354839,0.24107142857142858,89.0,27626,17189,16754,17189,10437,5.066805601119995,4.6510703563690186,0.41573524475097656
SetupB_DensityScaling,30,5000,5,sf,linear_sem,13,DF-PC (Pure),0.3636363636363637,0.7647058823529411,0.23853211009174313,91.0,18351,10746,10311,10746,7605,4.8738744258880615,4.565122604370117,0.30875182151794434
SetupB_DensityScaling,30,5000,5,sf,linear_sem,14,DF-PC (Pure),0.3424657534246575,0.7575757575757576,0.22123893805309736,96.0,24347,14842,14407,14842,9505,4.196730852127075,3.836751699447632,0.35997915267944336
SetupB_DensityScaling,30,5000,5,sf,linear_sem,15,DF-PC (Pure),0.4027777777777778,0.7631578947368421,0.27358490566037735,86.0,16025,9316,8881,9316,6709,2.0388998985290527,1.8022289276123047,0.23667097091674805
SetupB_DensityScaling,30,5000,5,sf,linear_sem,16,DF-PC (Pure),0.34285714285714286,0.8,0.21818181818181817,92.0,27331,16937,16502,16937,10394,4.283162593841553,3.8855316638946533,0.3976309299468994
SetupB_DensityScaling,30,5000,5,sf,linear_sem,17,DF-PC (Pure),0.4195804195804196,0.8108108108108109,0.2830188679245283,83.0,19724,11866,11431,11866,7858,4.305069208145142,4.02141261100769,0.28365659713745117
SetupB_DensityScaling,30,5000,5,sf,linear_sem,18,DF-PC (Pure),0.38461538461538464,0.6976744186046512,0.26548672566371684,96.0,22202,13666,13231,13666,8536,4.195729494094849,3.858074188232422,0.33765530586242676
SetupB_DensityScaling,30,5000,5,sf,linear_sem,19,DF-PC (Pure),0.3724137931034483,0.8181818181818182,0.24107142857142858,91.0,18115,11040,10605,11040,7075,3.67281436920166,3.3634583950042725,0.3093559741973877
SetupB_DensityScaling,30,5000,5,sf,linear_sem,20,DF-PC (Pure),0.36486486486486486,0.7714285714285715,0.23893805309734514,94.0,30189,19224,18789,19224,10965,3.4935333728790283,3.081372022628784,0.41216135025024414
SetupB_DensityScaling,30,5000,5,sf,linear_sem,21,DF-PC (Pure),0.40259740259740256,0.7948717948717948,0.26956521739130435,92.0,25965,16646,16211,16646,9319,4.154318809509277,3.757925510406494,0.3963932991027832
SetupB_DensityScaling,30,5000,5,sf,linear_sem,22,DF-PC (Pure),0.3496503496503497,0.78125,0.22522522522522523,93.0,23037,14416,13981,14416,8621,6.477851867675781,6.099881172180176,0.37797069549560547
SetupB_DensityScaling,30,5000,5,sf,linear_sem,23,DF-PC (Pure),0.435374149659864,0.7804878048780488,0.3018867924528302,83.0,17694,10054,9619,10054,7640,2.761037826538086,2.485492706298828,0.2755451202392578
SetupB_DensityScaling,30,5000,5,sf,linear_sem,24,DF-PC (Pure),0.3356643356643356,0.631578947368421,0.22857142857142856,95.0,21974,13475,13040,13475,8499,4.527091979980469,4.197217702865601,0.32987427711486816
SetupB_DensityScaling,30,5000,5,sf,linear_sem,25,DF-PC (Pure),0.4027777777777778,0.8055555555555556,0.26851851851851855,86.0,16869,9828,9393,9828,7041,4.855706214904785,4.573906183242798,0.2818000316619873
SetupB_DensityScaling,30,5000,5,sf,linear_sem,26,DF-PC (Pure),0.3724137931034483,0.8181818181818182,0.24107142857142858,91.0,17348,10350,9915,10350,6998,3.629906415939331,3.349919557571411,0.2799868583679199
SetupB_DensityScaling,30,5000,5,sf,linear_sem,27,DF-PC (Pure),0.3384615384615385,0.7586206896551724,0.21782178217821782,86.0,18720,11221,10786,11221,7499,4.648265838623047,4.356520414352417,0.2917454242706299
SetupB_DensityScaling,30,5000,5,sf,linear_sem,28,DF-PC (Pure),0.3973509933774834,0.7692307692307693,0.26785714285714285,91.0,19588,11576,11141,11576,8012,4.174339532852173,3.8584301471710205,0.31590938568115234
SetupB_DensityScaling,30,5000,5,sf,linear_sem,29,DF-PC (Pure),0.37593984962406013,0.8064516129032258,0.24509803921568626,83.0,20491,12169,11734,12169,8322,3.9314768314361572,3.62402606010437,0.3074507713317871
SetupB_DensityScaling,30,5000,6,sf,linear_sem,0,DF-PC (Pure),0.2857142857142857,0.7419354838709677,0.17692307692307693,115.0,26832,16757,16322,16757,10075,6.103801012039185,5.697962284088135,0.4058387279510498
SetupB_DensityScaling,30,5000,6,sf,linear_sem,1,DF-PC (Pure),0.2634730538922156,0.5789473684210527,0.17054263565891473,123.0,24644,15626,15191,15626,9018,6.222714424133301,5.795628309249878,0.42708611488342285
SetupB_DensityScaling,30,5000,6,sf,linear_sem,2,DF-PC (Pure),0.2649006622516556,0.7407407407407407,0.16129032258064516,111.0,31256,19860,19425,19860,11396,5.858516216278076,5.37396764755249,0.48454856872558594
SetupB_DensityScaling,30,5000,6,sf,linear_sem,3,DF-PC (Pure),0.21935483870967742,0.7391304347826086,0.12878787878787878,121.0,30068,19594,19159,19594,10474,6.705559968948364,6.223321199417114,0.48223876953125
SetupB_DensityScaling,30,5000,6,sf,linear_sem,4,DF-PC (Pure),0.345679012345679,0.8,0.2204724409448819,106.0,27187,16808,16373,16808,10379,7.466750860214233,7.013886213302612,0.4528646469116211
SetupB_DensityScaling,30,5000,6,sf,linear_sem,5,DF-PC (Pure),0.2787878787878788,0.6388888888888888,0.17829457364341086,119.0,24329,15086,14651,15086,9243,3.8142597675323486,3.4673051834106445,0.3469545841217041
SetupB_DensityScaling,30,5000,6,sf,linear_sem,6,DF-PC (Pure),0.2972972972972973,0.8148148148148148,0.18181818181818182,104.0,26201,16042,15607,16042,10159,6.579091787338257,6.167438745498657,0.4116530418395996
SetupB_DensityScaling,30,5000,6,sf,linear_sem,7,DF-PC (Pure),0.3333333333333333,0.717948717948718,0.21705426356589147,112.0,22864,14036,13601,14036,8828,5.54664945602417,5.181712627410889,0.36493682861328125
SetupB_DensityScaling,30,5000,6,sf,linear_sem,8,DF-PC (Pure),0.2838709677419355,0.7857142857142857,0.1732283464566929,111.0,25462,16018,15583,16018,9444,6.062885522842407,5.6525537967681885,0.41033172607421875
SetupB_DensityScaling,30,5000,6,sf,linear_sem,9,DF-PC (Pure),0.34177215189873417,0.75,0.22131147540983606,104.0,23484,14545,14110,14545,8939,4.410783767700195,4.058560848236084,0.35222291946411133
SetupB_DensityScaling,30,5000,6,sf,linear_sem,10,DF-PC (Pure),0.32142857142857145,0.7297297297297297,0.20610687022900764,114.0,26527,16299,15864,16299,10228,5.593267440795898,5.189868927001953,0.4033985137939453
SetupB_DensityScaling,30,5000,6,sf,linear_sem,11,DF-PC (Pure),0.3096774193548387,0.8,0.192,107.0,30438,19549,19114,19549,10889,5.167942047119141,4.739368438720703,0.4285736083984375
SetupB_DensityScaling,30,5000,6,sf,linear_sem,12,DF-PC (Pure),0.2564102564102564,0.6060606060606061,0.16260162601626016,116.0,25903,16541,16106,16541,9362,5.5659050941467285,5.174379825592041,0.3915252685546875
SetupB_DensityScaling,30,5000,6,sf,linear_sem,13,DF-PC (Pure),0.2530120481927711,0.6176470588235294,0.1590909090909091,124.0,33684,21459,21024,21459,12225,5.904909133911133,5.363562107086182,0.5413470268249512
SetupB_DensityScaling,30,5000,6,sf,linear_sem,14,DF-PC (Pure),0.308641975308642,0.78125,0.19230769230769232,112.0,27813,17255,16820,17255,10558,5.7874109745025635,5.376160144805908,0.4112508296966553
SetupB_DensityScaling,30,5000,6,sf,linear_sem,15,DF-PC (Pure),0.38271604938271603,0.8157894736842105,0.25,100.0,25683,15607,15172,15607,10076,3.2739078998565674,2.8972666263580322,0.37664127349853516
SetupB_DensityScaling,30,5000,6,sf,linear_sem,16,DF-PC (Pure),0.3550295857988166,0.6976744186046512,0.23809523809523808,109.0,22457,13651,13216,13651,8806,4.755050420761108,4.406728744506836,0.34832167625427246
SetupB_DensityScaling,30,5000,6,sf,linear_sem,17,DF-PC (Pure),0.2911392405063291,0.7931034482758621,0.17829457364341086,112.0,34957,21936,21501,21936,13021,6.257580041885376,5.730950593948364,0.5266294479370117
SetupB_DensityScaling,30,5000,6,sf,linear_sem,18,DF-PC (Pure),0.3108108108108108,0.7666666666666667,0.19491525423728814,102.0,19589,11857,11422,11857,7732,4.64329981803894,4.3237621784210205,0.3195376396179199
SetupB_DensityScaling,30,5000,6,sf,linear_sem,19,DF-PC (Pure),0.3493975903614458,0.7435897435897436,0.2283464566929134,108.0,21178,12728,12293,12728,8450,4.71637749671936,4.370708703994751,0.3456687927246094
SetupB_DensityScaling,30,5000,6,sf,linear_sem,20,DF-PC (Pure),0.25157232704402516,0.625,0.15748031496062992,119.0,29983,19548,19113,19548,10435,6.151102781295776,5.6576948165893555,0.4934079647064209
SetupB_DensityScaling,30,5000,6,sf,linear_sem,21,DF-PC (Pure),0.275,0.6666666666666666,0.1732283464566929,116.0,23910,14772,14337,14772,9138,4.944055557250977,4.56516432762146,0.3788912296295166
SetupB_DensityScaling,30,5000,6,sf,linear_sem,22,DF-PC (Pure),0.22500000000000003,0.72,0.13333333333333333,124.0,26429,16597,16162,16597,9832,5.598132848739624,5.199337720870972,0.39879512786865234
SetupB_DensityScaling,30,5000,6,sf,linear_sem,23,DF-PC (Pure),0.32941176470588235,0.6829268292682927,0.21705426356589147,114.0,25457,16061,15626,16061,9396,5.185162782669067,4.792572259902954,0.3925905227661133
SetupB_DensityScaling,30,5000,6,sf,linear_sem,24,DF-PC (Pure),0.2929936305732484,0.6571428571428571,0.1885245901639344,111.0,29760,18991,18556,18991,10769,4.31169056892395,3.8854939937591553,0.4261965751647949
SetupB_DensityScaling,30,5000,6,sf,linear_sem,25,DF-PC (Pure),0.33136094674556216,0.6829268292682927,0.21875,113.0,21788,13493,13058,13493,8295,4.14339017868042,3.802192211151123,0.3411979675292969
SetupB_DensityScaling,30,5000,6,sf,linear_sem,26,DF-PC (Pure),0.28901734104046245,0.6097560975609756,0.1893939393939394,123.0,23284,14625,14190,14625,8659,3.71144700050354,3.348954916000366,0.36249208450317383
SetupB_DensityScaling,30,5000,6,sf,linear_sem,27,DF-PC (Pure),0.3151515151515151,0.6842105263157895,0.2047244094488189,113.0,26094,16640,16205,16640,9454,3.619312047958374,3.2138848304748535,0.4054272174835205
SetupB_DensityScaling,30,5000,6,sf,linear_sem,28,DF-PC (Pure),0.27672955974842767,0.7333333333333333,0.17054263565891473,115.0,33537,21560,21125,21560,11977,4.269212245941162,3.8274199962615967,0.44179224967956543
SetupB_DensityScaling,30,5000,6,sf,linear_sem,29,DF-PC (Pure),0.34146341463414637,0.7567567567567568,0.2204724409448819,108.0,32265,19326,18891,19326,12939,3.0188632011413574,2.588529109954834,0.43033409118652344
