Nodes,Samples,Deg,Graph,Data,Rep,Algo,F1,Prec,Rec,SHD,Actual_CIT,Cond_CIT,Requests,Time_Total,Time_CIT,Time_Overhead
10,1000,2,er,discrete,0,Standard PC,0.4615384615384615,1.0,0.3,7.0,56,11,101,0.009694337844848633,0.009023666381835938,0.0006706714630126953
10,1000,2,er,discrete,0,DF-PC (Pure),0.6666666666666666,1.0,0.5,5.0,45,0,120,0.007738828659057617,0.006661653518676758,0.0010771751403808594
10,1000,2,er,discrete,1,Standard PC,0.5714285714285715,1.0,0.4,6.0,55,10,100,0.010926246643066406,0.01016855239868164,0.0007576942443847656
10,1000,2,er,discrete,1,DF-PC (Pure),0.7499999999999999,1.0,0.6,4.0,45,0,103,0.008072376251220703,0.007096290588378906,0.0009760856628417969
10,1000,2,er,discrete,2,Standard PC,0.33333333333333337,1.0,0.2,8.0,49,4,94,0.008388519287109375,0.007742643356323242,0.0006458759307861328
10,1000,2,er,discrete,2,DF-PC (Pure),0.5714285714285715,1.0,0.4,6.0,45,0,94,0.007475614547729492,0.0066356658935546875,0.0008399486541748047
10,1000,2,er,discrete,3,Standard PC,0.33333333333333337,1.0,0.2,8.0,45,0,90,0.007586240768432617,0.006983280181884766,0.0006029605865478516
10,1000,2,er,discrete,3,DF-PC (Pure),0.33333333333333337,1.0,0.2,8.0,45,0,90,0.00743556022644043,0.006637096405029297,0.0007984638214111328
10,1000,2,er,discrete,4,Standard PC,0.5714285714285715,1.0,0.4,6.0,49,4,94,0.007544279098510742,0.0069811344146728516,0.0005631446838378906
10,1000,2,er,discrete,4,DF-PC (Pure),0.5714285714285715,1.0,0.4,6.0,45,0,94,0.006653308868408203,0.005887031555175781,0.0007662773132324219
10,1000,2,er,discrete,5,Standard PC,0.5714285714285715,1.0,0.4,6.0,47,2,92,0.010109663009643555,0.00932002067565918,0.000789642333984375
10,1000,2,er,discrete,5,DF-PC (Pure),0.5714285714285715,1.0,0.4,6.0,45,0,92,0.010040044784545898,0.00890970230102539,0.0011303424835205078
10,1000,2,er,discrete,6,Standard PC,0.18181818181818182,1.0,0.1,9.0,49,4,94,0.00841832160949707,0.007788419723510742,0.0006299018859863281
10,1000,2,er,discrete,6,DF-PC (Pure),0.5714285714285715,1.0,0.4,6.0,45,0,94,0.007490873336791992,0.006641387939453125,0.0008494853973388672
10,1000,2,er,discrete,7,Standard PC,0.33333333333333337,1.0,0.2,8.0,47,2,92,0.008267641067504883,0.007645845413208008,0.000621795654296875
10,1000,2,er,discrete,7,DF-PC (Pure),0.33333333333333337,1.0,0.2,8.0,45,0,92,0.007521152496337891,0.0066967010498046875,0.0008244514465332031
10,1000,2,er,discrete,8,Standard PC,0.6666666666666666,1.0,0.5,5.0,65,20,112,0.011272192001342773,0.01053762435913086,0.0007345676422119141
10,1000,2,er,discrete,8,DF-PC (Pure),0.6666666666666665,0.75,0.6,6.0,48,3,113,0.00822758674621582,0.007193088531494141,0.0010344982147216797
10,1000,2,er,discrete,9,Standard PC,0.4285714285714285,0.75,0.3,8.0,93,48,138,0.016595125198364258,0.015707015991210938,0.0008881092071533203
10,1000,2,er,discrete,9,DF-PC (Pure),0.7777777777777777,0.875,0.7,4.0,45,0,282,0.01017141342163086,0.007088184356689453,0.0030832290649414062
10,1000,2,er,discrete,10,Standard PC,0.4615384615384615,1.0,0.3,7.0,50,5,95,0.008639335632324219,0.008002042770385742,0.0006372928619384766
10,1000,2,er,discrete,10,DF-PC (Pure),0.4285714285714285,0.75,0.3,8.0,45,0,99,0.007532358169555664,0.0066568851470947266,0.0008754730224609375
10,1000,2,er,discrete,11,Standard PC,0.4615384615384615,1.0,0.3,7.0,45,0,90,0.007965087890625,0.007279872894287109,0.0006852149963378906
10,1000,2,er,discrete,11,DF-PC (Pure),0.4615384615384615,1.0,0.3,7.0,45,0,90,0.007540464401245117,0.0067179203033447266,0.0008225440979003906
10,1000,2,er,discrete,12,Standard PC,0.6666666666666666,1.0,0.5,5.0,62,17,109,0.010767698287963867,0.010014533996582031,0.0007531642913818359
10,1000,2,er,discrete,12,DF-PC (Pure),0.8421052631578948,0.8888888888888888,0.8,3.0,48,3,118,0.008236408233642578,0.007164955139160156,0.0010714530944824219
10,1000,2,er,discrete,13,Standard PC,0.6666666666666666,1.0,0.5,5.0,53,8,98,0.009157180786132812,0.008485078811645508,0.0006721019744873047
10,1000,2,er,discrete,13,DF-PC (Pure),0.7499999999999999,1.0,0.6,4.0,45,0,98,0.007574558258056641,0.006661415100097656,0.0009131431579589844
10,1000,2,er,discrete,14,Standard PC,0.33333333333333337,1.0,0.2,8.0,47,2,92,0.008310794830322266,0.0076677799224853516,0.0006430149078369141
10,1000,2,er,discrete,14,DF-PC (Pure),0.4615384615384615,1.0,0.3,7.0,45,0,92,0.007724761962890625,0.006864070892333984,0.0008606910705566406
10,1000,2,er,discrete,15,Standard PC,0.4285714285714285,0.75,0.3,8.0,47,2,92,0.008257150650024414,0.00761103630065918,0.0006461143493652344
10,1000,2,er,discrete,15,DF-PC (Pure),0.4285714285714285,0.75,0.3,8.0,45,0,92,0.007679462432861328,0.006799459457397461,0.0008800029754638672
10,1000,2,er,discrete,16,Standard PC,0.30769230769230765,0.6666666666666666,0.2,9.0,45,0,90,0.007554054260253906,0.006959676742553711,0.0005943775177001953
10,1000,2,er,discrete,16,DF-PC (Pure),0.30769230769230765,0.6666666666666666,0.2,9.0,45,0,90,0.007350921630859375,0.006552696228027344,0.0007982254028320312
10,1000,2,er,discrete,17,Standard PC,0.18181818181818182,1.0,0.1,9.0,51,6,96,0.00890803337097168,0.00826263427734375,0.0006453990936279297
10,1000,2,er,discrete,17,DF-PC (Pure),0.4,0.6,0.3,9.0,45,0,96,0.007916688919067383,0.006988048553466797,0.0009286403656005859
10,1000,2,er,discrete,18,Standard PC,0.6666666666666666,1.0,0.5,5.0,49,4,94,0.007570505142211914,0.00696873664855957,0.0006017684936523438
10,1000,2,er,discrete,18,DF-PC (Pure),0.6666666666666666,1.0,0.5,5.0,45,0,94,0.006590604782104492,0.005826473236083984,0.0007641315460205078
10,1000,2,er,discrete,19,Standard PC,0.6666666666666666,1.0,0.5,5.0,59,14,104,0.01508951187133789,0.014088153839111328,0.0010013580322265625
10,1000,2,er,discrete,19,DF-PC (Pure),0.8235294117647058,1.0,0.7,3.0,45,0,124,0.011635303497314453,0.009796857833862305,0.0018384456634521484
10,1000,2,er,discrete,20,Standard PC,0.0,0.0,0.0,11.0,47,2,92,0.007982730865478516,0.007373809814453125,0.0006089210510253906
10,1000,2,er,discrete,20,DF-PC (Pure),0.30769230769230765,0.6666666666666666,0.2,9.0,45,0,92,0.00814509391784668,0.007237434387207031,0.0009076595306396484
10,1000,2,er,discrete,21,Standard PC,0.5714285714285715,1.0,0.4,6.0,51,6,96,0.00909280776977539,0.008399009704589844,0.0006937980651855469
10,1000,2,er,discrete,21,DF-PC (Pure),0.5714285714285715,1.0,0.4,6.0,45,0,96,0.008369922637939453,0.007409095764160156,0.0009608268737792969
10,1000,2,er,discrete,22,Standard PC,0.30769230769230765,0.6666666666666666,0.2,9.0,57,12,102,0.00975942611694336,0.009069442749023438,0.0006899833679199219
10,1000,2,er,discrete,22,DF-PC (Pure),0.37499999999999994,0.5,0.3,10.0,45,0,105,0.007539272308349609,0.006589651107788086,0.0009496212005615234
10,1000,2,er,discrete,23,Standard PC,0.5714285714285715,1.0,0.4,6.0,54,9,99,0.009388446807861328,0.008710384368896484,0.0006780624389648438
10,1000,2,er,discrete,23,DF-PC (Pure),0.7499999999999999,1.0,0.6,4.0,45,0,103,0.007627964019775391,0.006680965423583984,0.0009469985961914062
10,1000,2,er,discrete,24,Standard PC,0.4615384615384615,1.0,0.3,7.0,49,4,94,0.012335062026977539,0.011417150497436523,0.0009179115295410156
10,1000,2,er,discrete,24,DF-PC (Pure),0.5714285714285715,1.0,0.4,6.0,45,0,94,0.011164426803588867,0.009852409362792969,0.0013120174407958984
10,1000,2,er,discrete,25,Standard PC,0.6666666666666666,1.0,0.5,5.0,66,21,114,0.010056495666503906,0.009396791458129883,0.0006597042083740234
10,1000,2,er,discrete,25,DF-PC (Pure),0.888888888888889,1.0,0.8,2.0,48,3,121,0.007369279861450195,0.0063974857330322266,0.0009717941284179688
10,1000,2,er,discrete,26,Standard PC,0.5714285714285715,1.0,0.4,6.0,47,2,92,0.008070945739746094,0.007458686828613281,0.0006122589111328125
10,1000,2,er,discrete,26,DF-PC (Pure),0.5714285714285715,1.0,0.4,6.0,45,0,92,0.007790088653564453,0.006798267364501953,0.0009918212890625
10,1000,2,er,discrete,27,Standard PC,0.6666666666666666,1.0,0.5,5.0,53,8,98,0.008896827697753906,0.008263349533081055,0.0006334781646728516
10,1000,2,er,discrete,27,DF-PC (Pure),0.625,0.8333333333333334,0.5,6.0,45,0,101,0.007519721984863281,0.006603240966796875,0.0009164810180664062
10,1000,2,er,discrete,28,Standard PC,0.6666666666666666,1.0,0.5,5.0,55,10,100,0.009275436401367188,0.008631706237792969,0.0006437301635742188
10,1000,2,er,discrete,28,DF-PC (Pure),0.7499999999999999,1.0,0.6,4.0,45,0,100,0.007570505142211914,0.006678104400634766,0.0008924007415771484
10,1000,2,er,discrete,29,Standard PC,0.4615384615384615,1.0,0.3,7.0,47,2,92,0.011759757995605469,0.010868310928344727,0.0008914470672607422
10,1000,2,er,discrete,29,DF-PC (Pure),0.5714285714285715,1.0,0.4,6.0,45,0,92,0.01117253303527832,0.00989079475402832,0.00128173828125
10,1000,2,er,linear_sem,0,Standard PC,0.8235294117647058,1.0,0.7,3.0,137,92,236,0.022591829299926758,0.02098679542541504,0.0016050338745117188
10,1000,2,er,linear_sem,0,DF-PC (Pure),0.8235294117647058,1.0,0.7,3.0,114,69,236,0.020294904708862305,0.016814708709716797,0.003480195999145508
10,1000,2,er,linear_sem,1,Standard PC,0.9,0.9,0.9,2.0,170,125,295,0.027736425399780273,0.025852203369140625,0.0018842220306396484
10,1000,2,er,linear_sem,1,DF-PC (Pure),0.9,0.9,0.9,2.0,133,88,295,0.023873090744018555,0.019706010818481445,0.004167079925537109
10,1000,2,er,linear_sem,2,Standard PC,0.9473684210526316,1.0,0.9,1.0,266,221,417,0.030317068099975586,0.028549671173095703,0.0017673969268798828
10,1000,2,er,linear_sem,2,DF-PC (Pure),0.9473684210526316,1.0,0.9,1.0,228,183,417,0.028649568557739258,0.02409076690673828,0.0045588016510009766
10,1000,2,er,linear_sem,3,Standard PC,0.8421052631578948,0.8888888888888888,0.8,3.0,149,104,233,0.01544499397277832,0.014430046081542969,0.0010149478912353516
10,1000,2,er,linear_sem,3,DF-PC (Pure),0.8421052631578948,0.8888888888888888,0.8,3.0,103,58,233,0.01176905632019043,0.009740591049194336,0.0020284652709960938
10,1000,2,er,linear_sem,4,Standard PC,0.9473684210526316,1.0,0.9,1.0,139,94,225,0.016800880432128906,0.015668630599975586,0.0011322498321533203
10,1000,2,er,linear_sem,4,DF-PC (Pure),0.9473684210526316,1.0,0.9,1.0,105,60,230,0.013961553573608398,0.011772394180297852,0.002189159393310547
10,1000,2,er,linear_sem,5,Standard PC,0.9473684210526316,1.0,0.9,1.0,93,48,155,0.015645742416381836,0.014363288879394531,0.0012824535369873047
10,1000,2,er,linear_sem,5,DF-PC (Pure),0.9473684210526316,1.0,0.9,1.0,65,20,155,0.011870384216308594,0.009611129760742188,0.0022592544555664062
10,1000,2,er,linear_sem,6,Standard PC,0.8421052631578948,0.8888888888888888,0.8,3.0,194,149,329,0.01968979835510254,0.01844191551208496,0.0012478828430175781
10,1000,2,er,linear_sem,6,DF-PC (Pure),0.8421052631578948,0.8888888888888888,0.8,3.0,160,115,329,0.017995595932006836,0.015176057815551758,0.002819538116455078
10,1000,2,er,linear_sem,7,Standard PC,0.9473684210526316,1.0,0.9,1.0,175,130,275,0.028009891510009766,0.026185274124145508,0.0018246173858642578
10,1000,2,er,linear_sem,7,DF-PC (Pure),0.9473684210526316,1.0,0.9,1.0,132,87,275,0.023732662200927734,0.019520998001098633,0.0042116641998291016
10,1000,2,er,linear_sem,8,Standard PC,0.888888888888889,1.0,0.8,2.0,165,120,285,0.020214557647705078,0.01882481575012207,0.0013897418975830078
10,1000,2,er,linear_sem,8,DF-PC (Pure),0.888888888888889,1.0,0.8,2.0,136,91,285,0.01730179786682129,0.014642000198364258,0.0026597976684570312
10,1000,2,er,linear_sem,9,Standard PC,1.0,1.0,1.0,0.0,384,339,587,0.06172466278076172,0.058477163314819336,0.003247499465942383
10,1000,2,er,linear_sem,9,DF-PC (Pure),1.0,1.0,1.0,0.0,362,317,587,0.06704854965209961,0.05362582206726074,0.013422727584838867
10,1000,2,er,linear_sem,10,Standard PC,0.9473684210526316,1.0,0.9,1.0,183,138,282,0.03076767921447754,0.02891063690185547,0.0018570423126220703
10,1000,2,er,linear_sem,10,DF-PC (Pure),0.9473684210526316,1.0,0.9,1.0,109,64,282,0.021223783493041992,0.01663970947265625,0.004584074020385742
10,1000,2,er,linear_sem,11,Standard PC,0.9473684210526316,1.0,0.9,1.0,144,99,241,0.0234529972076416,0.021788835525512695,0.0016641616821289062
10,1000,2,er,linear_sem,11,DF-PC (Pure),0.9473684210526316,1.0,0.9,1.0,123,78,241,0.02191948890686035,0.01815319061279297,0.003766298294067383
10,1000,2,er,linear_sem,12,Standard PC,1.0,1.0,1.0,0.0,177,132,293,0.020711421966552734,0.0193026065826416,0.0014088153839111328
10,1000,2,er,linear_sem,12,DF-PC (Pure),0.9523809523809523,0.9090909090909091,1.0,1.0,147,102,293,0.02294158935546875,0.01904439926147461,0.0038971900939941406
10,1000,2,er,linear_sem,13,Standard PC,0.9473684210526316,1.0,0.9,1.0,136,91,209,0.019667625427246094,0.018299579620361328,0.0013680458068847656
10,1000,2,er,linear_sem,13,DF-PC (Pure),0.9473684210526316,1.0,0.9,1.0,85,40,209,0.013848066329956055,0.011112213134765625,0.0027358531951904297
10,1000,2,er,linear_sem,14,Standard PC,1.0,1.0,1.0,0.0,137,92,210,0.014188528060913086,0.013222217559814453,0.0009663105010986328
10,1000,2,er,linear_sem,14,DF-PC (Pure),1.0,1.0,1.0,0.0,88,43,210,0.010094642639160156,0.008384466171264648,0.0017101764678955078
10,1000,2,er,linear_sem,15,Standard PC,0.9473684210526316,1.0,0.9,1.0,137,92,214,0.02035236358642578,0.018944501876831055,0.0014078617095947266
10,1000,2,er,linear_sem,15,DF-PC (Pure),0.9473684210526316,1.0,0.9,1.0,89,44,214,0.01458597183227539,0.011879205703735352,0.002706766128540039
10,1000,2,er,linear_sem,16,Standard PC,0.7777777777777777,0.875,0.7,4.0,246,201,372,0.03943514823913574,0.03720211982727051,0.0022330284118652344
10,1000,2,er,linear_sem,16,DF-PC (Pure),0.7368421052631577,0.7777777777777778,0.7,5.0,174,129,382,0.03176569938659668,0.025660037994384766,0.006105661392211914
10,1000,2,er,linear_sem,17,Standard PC,0.9523809523809523,0.9090909090909091,1.0,1.0,127,82,196,0.016594648361206055,0.015358209609985352,0.0012364387512207031
10,1000,2,er,linear_sem,17,DF-PC (Pure),0.9523809523809523,0.9090909090909091,1.0,1.0,78,33,196,0.015980243682861328,0.012762069702148438,0.0032181739807128906
10,1000,2,er,linear_sem,18,Standard PC,0.888888888888889,1.0,0.8,2.0,155,110,262,0.01820969581604004,0.016967058181762695,0.0012426376342773438
10,1000,2,er,linear_sem,18,DF-PC (Pure),0.888888888888889,1.0,0.8,2.0,126,81,262,0.015469789505004883,0.013073444366455078,0.0023963451385498047
10,1000,2,er,linear_sem,19,Standard PC,0.8235294117647058,1.0,0.7,3.0,196,151,311,0.03168082237243652,0.029689311981201172,0.0019915103912353516
10,1000,2,er,linear_sem,19,DF-PC (Pure),0.888888888888889,1.0,0.8,2.0,156,111,330,0.0280914306640625,0.023055315017700195,0.005036115646362305
10,1000,2,er,linear_sem,20,Standard PC,0.8421052631578948,0.8888888888888888,0.8,3.0,102,57,166,0.016495227813720703,0.015177726745605469,0.0013175010681152344
10,1000,2,er,linear_sem,20,DF-PC (Pure),0.8421052631578948,0.8888888888888888,0.8,3.0,71,26,166,0.012717247009277344,0.0103302001953125,0.0023870468139648438
10,1000,2,er,linear_sem,21,Standard PC,0.9473684210526316,1.0,0.9,1.0,137,92,230,0.022841453552246094,0.02124476432800293,0.001596689224243164
10,1000,2,er,linear_sem,21,DF-PC (Pure),0.9473684210526316,1.0,0.9,1.0,106,61,230,0.018922090530395508,0.01564931869506836,0.0032727718353271484
10,1000,2,er,linear_sem,22,Standard PC,0.9473684210526316,1.0,0.9,1.0,162,117,261,0.01635122299194336,0.015282630920410156,0.0010685920715332031
10,1000,2,er,linear_sem,22,DF-PC (Pure),0.9473684210526316,1.0,0.9,1.0,116,71,261,0.013087749481201172,0.010947704315185547,0.002140045166015625
10,1000,2,er,linear_sem,23,Standard PC,0.888888888888889,1.0,0.8,2.0,199,154,325,0.03147578239440918,0.029476165771484375,0.0019996166229248047
10,1000,2,er,linear_sem,23,DF-PC (Pure),0.9473684210526316,1.0,0.9,1.0,162,117,335,0.02930426597595215,0.02412700653076172,0.00517725944519043
10,1000,2,er,linear_sem,24,Standard PC,0.9473684210526316,1.0,0.9,1.0,118,73,186,0.019412755966186523,0.01797771453857422,0.0014350414276123047
10,1000,2,er,linear_sem,24,DF-PC (Pure),0.9,0.9,0.9,2.0,77,32,188,0.01426243782043457,0.011346101760864258,0.0029163360595703125
10,1000,2,er,linear_sem,25,Standard PC,0.888888888888889,1.0,0.8,2.0,248,203,435,0.04091358184814453,0.038487911224365234,0.002425670623779297
10,1000,2,er,linear_sem,25,DF-PC (Pure),0.888888888888889,1.0,0.8,2.0,238,193,435,0.04250907897949219,0.035986900329589844,0.006522178649902344
10,1000,2,er,linear_sem,26,Standard PC,1.0,1.0,1.0,0.0,132,87,215,0.01919245719909668,0.01781773567199707,0.0013747215270996094
10,1000,2,er,linear_sem,26,DF-PC (Pure),0.9523809523809523,0.9090909090909091,1.0,1.0,95,50,215,0.015054464340209961,0.012342453002929688,0.0027120113372802734
10,1000,2,er,linear_sem,27,Standard PC,0.9473684210526316,1.0,0.9,1.0,181,136,318,0.02590775489807129,0.024125337600708008,0.0017824172973632812
10,1000,2,er,linear_sem,27,DF-PC (Pure),0.9473684210526316,1.0,0.9,1.0,154,109,318,0.023766040802001953,0.019756078720092773,0.00400996208190918
10,1000,2,er,linear_sem,28,Standard PC,0.9473684210526316,1.0,0.9,1.0,115,70,195,0.016606807708740234,0.015343904495239258,0.0012629032135009766
10,1000,2,er,linear_sem,28,DF-PC (Pure),0.9,0.9,0.9,2.0,81,36,204,0.012986421585083008,0.010536909103393555,0.002449512481689453
10,1000,2,er,linear_sem,29,Standard PC,1.0,1.0,1.0,0.0,122,77,199,0.020313024520874023,0.0188295841217041,0.0014834403991699219
10,1000,2,er,linear_sem,29,DF-PC (Pure),1.0,1.0,1.0,0.0,83,38,199,0.015228748321533203,0.012305736541748047,0.0029230117797851562
10,1000,2,sf,discrete,0,Standard PC,0.19999999999999998,1.0,0.1111111111111111,8.0,45,0,90,0.006658077239990234,0.006160259246826172,0.0004978179931640625
10,1000,2,sf,discrete,0,DF-PC (Pure),0.19999999999999998,1.0,0.1111111111111111,8.0,45,0,90,0.006591081619262695,0.005889177322387695,0.000701904296875
10,1000,2,sf,discrete,1,Standard PC,0.3636363636363636,1.0,0.2222222222222222,7.0,45,0,90,0.007709026336669922,0.007060527801513672,0.00064849853515625
10,1000,2,sf,discrete,1,DF-PC (Pure),0.3636363636363636,1.0,0.2222222222222222,7.0,45,0,90,0.007418155670166016,0.006632328033447266,0.00078582763671875
10,1000,2,sf,discrete,2,Standard PC,0.3636363636363636,1.0,0.2222222222222222,7.0,47,2,92,0.0070421695709228516,0.006527900695800781,0.0005142688751220703
10,1000,2,sf,discrete,2,DF-PC (Pure),0.46153846153846156,0.75,0.3333333333333333,7.0,45,0,92,0.006643772125244141,0.005941152572631836,0.0007026195526123047
10,1000,2,sf,discrete,3,Standard PC,0.3333333333333333,0.6666666666666666,0.2222222222222222,8.0,45,0,90,0.008082151412963867,0.007442951202392578,0.0006392002105712891
10,1000,2,sf,discrete,3,DF-PC (Pure),0.3333333333333333,0.6666666666666666,0.2222222222222222,8.0,45,0,90,0.0075588226318359375,0.006661653518676758,0.0008971691131591797
10,1000,2,sf,discrete,4,Standard PC,0.46153846153846156,0.75,0.3333333333333333,7.0,45,0,90,0.007326841354370117,0.006736040115356445,0.0005908012390136719
10,1000,2,sf,discrete,4,DF-PC (Pure),0.46153846153846156,0.75,0.3333333333333333,7.0,45,0,90,0.0072727203369140625,0.006494283676147461,0.0007784366607666016
10,1000,2,sf,discrete,5,Standard PC,0.3636363636363636,1.0,0.2222222222222222,7.0,45,0,90,0.007864952087402344,0.007147550582885742,0.0007174015045166016
10,1000,2,sf,discrete,5,DF-PC (Pure),0.3636363636363636,1.0,0.2222222222222222,7.0,45,0,90,0.011040687561035156,0.00981283187866211,0.0012278556823730469
10,1000,2,sf,discrete,6,Standard PC,0.5,1.0,0.3333333333333333,6.0,53,8,98,0.008855581283569336,0.00821995735168457,0.0006356239318847656
10,1000,2,sf,discrete,6,DF-PC (Pure),0.5714285714285714,0.8,0.4444444444444444,6.0,45,0,98,0.007380962371826172,0.0065348148345947266,0.0008461475372314453
10,1000,2,sf,discrete,7,Standard PC,0.3636363636363636,1.0,0.2222222222222222,7.0,47,2,92,0.0070078372955322266,0.006475687026977539,0.0005321502685546875
10,1000,2,sf,discrete,7,DF-PC (Pure),0.46153846153846156,0.75,0.3333333333333333,7.0,45,0,92,0.00732874870300293,0.006556272506713867,0.0007724761962890625
10,1000,2,sf,discrete,8,Standard PC,0.5,1.0,0.3333333333333333,6.0,45,0,90,0.007369518280029297,0.006799459457397461,0.0005700588226318359
10,1000,2,sf,discrete,8,DF-PC (Pure),0.5,1.0,0.3333333333333333,6.0,45,0,90,0.007325410842895508,0.006536722183227539,0.0007886886596679688
10,1000,2,sf,discrete,9,Standard PC,0.6153846153846153,1.0,0.4444444444444444,5.0,49,4,94,0.008776664733886719,0.008136987686157227,0.0006396770477294922
10,1000,2,sf,discrete,9,DF-PC (Pure),0.6153846153846153,1.0,0.4444444444444444,5.0,45,0,94,0.00897836685180664,0.008041620254516602,0.0009367465972900391
10,1000,2,sf,discrete,10,Standard PC,0.5,1.0,0.3333333333333333,6.0,47,2,92,0.0069408416748046875,0.006406307220458984,0.0005345344543457031
10,1000,2,sf,discrete,10,DF-PC (Pure),0.5,1.0,0.3333333333333333,6.0,45,0,92,0.006495952606201172,0.005776405334472656,0.0007195472717285156
10,1000,2,sf,discrete,11,Standard PC,0.6153846153846153,1.0,0.4444444444444444,5.0,65,20,110,0.01147913932800293,0.010750532150268555,0.000728607177734375
10,1000,2,sf,discrete,11,DF-PC (Pure),0.8,1.0,0.6666666666666666,3.0,45,0,110,0.009977579116821289,0.008645057678222656,0.0013325214385986328
10,1000,2,sf,discrete,12,Standard PC,0.19999999999999998,1.0,0.1111111111111111,8.0,51,6,96,0.008459329605102539,0.00785970687866211,0.0005996227264404297
10,1000,2,sf,discrete,12,DF-PC (Pure),0.5714285714285714,0.8,0.4444444444444444,6.0,45,0,96,0.00825953483581543,0.007300615310668945,0.0009589195251464844
10,1000,2,sf,discrete,13,Standard PC,0.3636363636363636,1.0,0.2222222222222222,7.0,45,0,90,0.006602287292480469,0.006079435348510742,0.0005228519439697266
10,1000,2,sf,discrete,13,DF-PC (Pure),0.3636363636363636,1.0,0.2222222222222222,7.0,45,0,90,0.006608724594116211,0.005913734436035156,0.0006949901580810547
10,1000,2,sf,discrete,14,Standard PC,0.7142857142857143,1.0,0.5555555555555556,4.0,47,2,92,0.00784611701965332,0.007250547409057617,0.0005955696105957031
10,1000,2,sf,discrete,14,DF-PC (Pure),0.7142857142857143,1.0,0.5555555555555556,4.0,45,0,92,0.007421731948852539,0.006615877151489258,0.0008058547973632812
10,1000,2,sf,discrete,15,Standard PC,0.3333333333333333,0.6666666666666666,0.2222222222222222,8.0,47,2,92,0.011709451675415039,0.010831117630004883,0.0008783340454101562
10,1000,2,sf,discrete,15,DF-PC (Pure),0.3333333333333333,0.6666666666666666,0.2222222222222222,8.0,45,0,92,0.01113748550415039,0.009896993637084961,0.0012404918670654297
10,1000,2,sf,discrete,16,Standard PC,0.5,1.0,0.3333333333333333,6.0,49,4,94,0.008194923400878906,0.007575511932373047,0.0006194114685058594
10,1000,2,sf,discrete,16,DF-PC (Pure),0.5,1.0,0.3333333333333333,6.0,45,0,94,0.007346391677856445,0.006537914276123047,0.0008084774017333984
10,1000,2,sf,discrete,17,Standard PC,0.3636363636363636,1.0,0.2222222222222222,7.0,49,4,94,0.007195234298706055,0.0066547393798828125,0.0005404949188232422
10,1000,2,sf,discrete,17,DF-PC (Pure),0.46153846153846156,0.75,0.3333333333333333,7.0,45,0,94,0.006531238555908203,0.005808830261230469,0.0007224082946777344
10,1000,2,sf,discrete,18,Standard PC,0.5,1.0,0.3333333333333333,6.0,49,4,94,0.007304191589355469,0.0067596435546875,0.0005445480346679688
10,1000,2,sf,discrete,18,DF-PC (Pure),0.6153846153846153,1.0,0.4444444444444444,5.0,45,0,94,0.006493091583251953,0.00577092170715332,0.0007221698760986328
10,1000,2,sf,discrete,19,Standard PC,0.19999999999999998,1.0,0.1111111111111111,8.0,45,0,90,0.007438182830810547,0.006847858428955078,0.0005903244018554688
10,1000,2,sf,discrete,19,DF-PC (Pure),0.19999999999999998,1.0,0.1111111111111111,8.0,45,0,90,0.007344245910644531,0.0065670013427734375,0.0007772445678710938
10,1000,2,sf,discrete,20,Standard PC,0.3636363636363636,1.0,0.2222222222222222,7.0,47,2,92,0.007847309112548828,0.007249355316162109,0.0005979537963867188
10,1000,2,sf,discrete,20,DF-PC (Pure),0.3636363636363636,1.0,0.2222222222222222,7.0,45,0,92,0.007320880889892578,0.0065228939056396484,0.0007979869842529297
10,1000,2,sf,discrete,21,Standard PC,0.6153846153846153,1.0,0.4444444444444444,5.0,47,2,92,0.008059978485107422,0.007468700408935547,0.000591278076171875
10,1000,2,sf,discrete,21,DF-PC (Pure),0.6153846153846153,1.0,0.4444444444444444,5.0,45,0,92,0.007585048675537109,0.00677800178527832,0.0008070468902587891
10,1000,2,sf,discrete,22,Standard PC,0.3636363636363636,1.0,0.2222222222222222,7.0,47,2,92,0.011727094650268555,0.0108642578125,0.0008628368377685547
10,1000,2,sf,discrete,22,DF-PC (Pure),0.3636363636363636,1.0,0.2222222222222222,7.0,45,0,92,0.01112675666809082,0.00986027717590332,0.0012664794921875
10,1000,2,sf,discrete,23,Standard PC,0.19999999999999998,1.0,0.1111111111111111,8.0,45,0,90,0.011099100112915039,0.010254621505737305,0.0008444786071777344
10,1000,2,sf,discrete,23,DF-PC (Pure),0.19999999999999998,1.0,0.1111111111111111,8.0,45,0,90,0.011024713516235352,0.009826421737670898,0.0011982917785644531
10,1000,2,sf,discrete,24,Standard PC,0.0,0.0,0.0,9.0,45,0,90,0.008764028549194336,0.008176803588867188,0.0005872249603271484
10,1000,2,sf,discrete,24,DF-PC (Pure),0.0,0.0,0.0,9.0,45,0,90,0.006459474563598633,0.005782127380371094,0.0006773471832275391
10,1000,2,sf,discrete,25,Standard PC,0.6153846153846153,1.0,0.4444444444444444,5.0,47,2,92,0.007871389389038086,0.007274150848388672,0.0005972385406494141
10,1000,2,sf,discrete,25,DF-PC (Pure),0.6153846153846153,1.0,0.4444444444444444,5.0,45,0,92,0.0074388980865478516,0.0066034793853759766,0.000835418701171875
10,1000,2,sf,discrete,26,Standard PC,0.3636363636363636,1.0,0.2222222222222222,7.0,45,0,90,0.006976604461669922,0.006414890289306641,0.0005617141723632812
10,1000,2,sf,discrete,26,DF-PC (Pure),0.3636363636363636,1.0,0.2222222222222222,7.0,45,0,90,0.006517887115478516,0.005818605422973633,0.0006992816925048828
10,1000,2,sf,discrete,27,Standard PC,0.3333333333333333,0.6666666666666666,0.2222222222222222,8.0,47,2,92,0.006897926330566406,0.006377458572387695,0.0005204677581787109
10,1000,2,sf,discrete,27,DF-PC (Pure),0.3333333333333333,0.6666666666666666,0.2222222222222222,8.0,45,0,92,0.0064716339111328125,0.005760669708251953,0.0007109642028808594
10,1000,2,sf,discrete,28,Standard PC,0.5,1.0,0.3333333333333333,6.0,45,0,90,0.007334470748901367,0.0067555904388427734,0.0005788803100585938
10,1000,2,sf,discrete,28,DF-PC (Pure),0.5,1.0,0.3333333333333333,6.0,45,0,90,0.007318973541259766,0.006543636322021484,0.0007753372192382812
10,1000,2,sf,discrete,29,Standard PC,0.3333333333333333,0.6666666666666666,0.2222222222222222,8.0,47,2,92,0.008024215698242188,0.0074121952056884766,0.0006120204925537109
10,1000,2,sf,discrete,29,DF-PC (Pure),0.46153846153846156,0.75,0.3333333333333333,7.0,45,0,92,0.007523059844970703,0.006695747375488281,0.0008273124694824219
10,1000,2,sf,linear_sem,0,Standard PC,1.0,1.0,1.0,0.0,175,130,232,0.0184628963470459,0.017296791076660156,0.0011661052703857422
10,1000,2,sf,linear_sem,0,DF-PC (Pure),1.0,1.0,1.0,0.0,70,25,232,0.008824348449707031,0.006791591644287109,0.002032756805419922
10,1000,2,sf,linear_sem,1,Standard PC,1.0,1.0,1.0,0.0,141,96,212,0.018386125564575195,0.0170285701751709,0.0013575553894042969
10,1000,2,sf,linear_sem,1,DF-PC (Pure),0.9473684210526316,0.9,1.0,1.0,91,46,231,0.013761758804321289,0.011163949966430664,0.002597808837890625
10,1000,2,sf,linear_sem,2,Standard PC,1.0,1.0,1.0,0.0,138,93,206,0.013904809951782227,0.01298975944519043,0.0009150505065917969
10,1000,2,sf,linear_sem,2,DF-PC (Pure),1.0,1.0,1.0,0.0,81,36,206,0.00921177864074707,0.007497072219848633,0.0017147064208984375
10,1000,2,sf,linear_sem,3,Standard PC,1.0,1.0,1.0,0.0,179,134,268,0.02506089210510254,0.023494482040405273,0.0015664100646972656
10,1000,2,sf,linear_sem,3,DF-PC (Pure),1.0,1.0,1.0,0.0,132,87,268,0.021384477615356445,0.017071008682250977,0.004313468933105469
10,1000,2,sf,linear_sem,4,Standard PC,1.0,1.0,1.0,0.0,137,92,201,0.0223543643951416,0.02082681655883789,0.001527547836303711
10,1000,2,sf,linear_sem,4,DF-PC (Pure),1.0,1.0,1.0,0.0,78,33,201,0.014705896377563477,0.011553049087524414,0.0031528472900390625
10,1000,2,sf,linear_sem,5,Standard PC,1.0,1.0,1.0,0.0,121,76,212,0.017408132553100586,0.016086816787719727,0.0013213157653808594
10,1000,2,sf,linear_sem,5,DF-PC (Pure),1.0,1.0,1.0,0.0,94,49,212,0.014668703079223633,0.012139081954956055,0.002529621124267578
10,1000,2,sf,linear_sem,6,Standard PC,1.0,1.0,1.0,0.0,279,234,364,0.043428897857666016,0.04113650321960449,0.0022923946380615234
10,1000,2,sf,linear_sem,6,DF-PC (Pure),1.0,1.0,1.0,0.0,188,143,364,0.03610706329345703,0.027319908142089844,0.008787155151367188
10,1000,2,sf,linear_sem,7,Standard PC,0.9411764705882353,1.0,0.8888888888888888,1.0,146,101,209,0.015224933624267578,0.014254570007324219,0.0009703636169433594
10,1000,2,sf,linear_sem,7,DF-PC (Pure),0.9411764705882353,1.0,0.8888888888888888,1.0,102,57,209,0.012222528457641602,0.009906768798828125,0.0023157596588134766
10,1000,2,sf,linear_sem,8,Standard PC,0.8,1.0,0.6666666666666666,3.0,88,43,167,0.009076356887817383,0.008317708969116211,0.0007586479187011719
10,1000,2,sf,linear_sem,8,DF-PC (Pure),0.8,1.0,0.6666666666666666,3.0,79,34,167,0.0084991455078125,0.007240772247314453,0.0012583732604980469
10,1000,2,sf,linear_sem,9,Standard PC,0.9411764705882353,1.0,0.8888888888888888,1.0,116,71,186,0.016387462615966797,0.015149116516113281,0.0012383460998535156
10,1000,2,sf,linear_sem,9,DF-PC (Pure),0.9411764705882353,1.0,0.8888888888888888,1.0,87,42,186,0.013674259185791016,0.011133432388305664,0.0025408267974853516
10,1000,2,sf,linear_sem,10,Standard PC,0.9411764705882353,1.0,0.8888888888888888,1.0,123,78,187,0.01729893684387207,0.016065120697021484,0.001233816146850586
10,1000,2,sf,linear_sem,10,DF-PC (Pure),0.9411764705882353,1.0,0.8888888888888888,1.0,67,22,187,0.010884284973144531,0.008598089218139648,0.002286195755004883
10,1000,2,sf,linear_sem,11,Standard PC,1.0,1.0,1.0,0.0,138,93,232,0.02205038070678711,0.02047109603881836,0.00157928466796875
10,1000,2,sf,linear_sem,11,DF-PC (Pure),1.0,1.0,1.0,0.0,105,60,232,0.018459796905517578,0.015232086181640625,0.003227710723876953
10,1000,2,sf,linear_sem,12,Standard PC,0.9473684210526316,0.9,1.0,1.0,199,154,280,0.028720855712890625,0.026988506317138672,0.0017323493957519531
10,1000,2,sf,linear_sem,12,DF-PC (Pure),0.9473684210526316,0.9,1.0,1.0,134,89,280,0.02211594581604004,0.017678022384643555,0.004437923431396484
10,1000,2,sf,linear_sem,13,Standard PC,1.0,1.0,1.0,0.0,187,142,270,0.02953171730041504,0.02771282196044922,0.0018188953399658203
10,1000,2,sf,linear_sem,13,DF-PC (Pure),1.0,1.0,1.0,0.0,125,80,270,0.023026466369628906,0.018252849578857422,0.004773616790771484
10,1000,2,sf,linear_sem,14,Standard PC,1.0,1.0,1.0,0.0,142,97,228,0.014202356338500977,0.013236761093139648,0.0009655952453613281
10,1000,2,sf,linear_sem,14,DF-PC (Pure),1.0,1.0,1.0,0.0,106,61,228,0.011677026748657227,0.009765148162841797,0.0019118785858154297
10,1000,2,sf,linear_sem,15,Standard PC,1.0,1.0,1.0,0.0,266,221,323,0.036527395248413086,0.03466939926147461,0.0018579959869384766
10,1000,2,sf,linear_sem,15,DF-PC (Pure),1.0,1.0,1.0,0.0,60,15,323,0.012710809707641602,0.007725715637207031,0.00498509407043457
10,1000,2,sf,linear_sem,16,Standard PC,1.0,1.0,1.0,0.0,125,80,202,0.013319015502929688,0.012344837188720703,0.0009741783142089844
10,1000,2,sf,linear_sem,16,DF-PC (Pure),1.0,1.0,1.0,0.0,92,47,202,0.010448694229125977,0.00868535041809082,0.0017633438110351562
10,1000,2,sf,linear_sem,17,Standard PC,0.823529411764706,0.875,0.7777777777777778,3.0,102,57,170,0.011789083480834961,0.010867118835449219,0.0009219646453857422
10,1000,2,sf,linear_sem,17,DF-PC (Pure),0.8888888888888888,0.8888888888888888,0.8888888888888888,2.0,74,29,188,0.010208845138549805,0.008156776428222656,0.0020520687103271484
10,1000,2,sf,linear_sem,18,Standard PC,0.8750000000000001,1.0,0.7777777777777778,2.0,129,84,212,0.020522117614746094,0.019029617309570312,0.0014925003051757812
10,1000,2,sf,linear_sem,18,DF-PC (Pure),0.8750000000000001,1.0,0.7777777777777778,2.0,105,60,212,0.018288850784301758,0.01506185531616211,0.0032269954681396484
10,1000,2,sf,linear_sem,19,Standard PC,1.0,1.0,1.0,0.0,175,130,256,0.028162717819213867,0.026395320892333984,0.0017673969268798828
10,1000,2,sf,linear_sem,19,DF-PC (Pure),0.9473684210526316,0.9,1.0,1.0,124,79,256,0.023054838180541992,0.018335342407226562,0.00471949577331543
10,1000,2,sf,linear_sem,20,Standard PC,1.0,1.0,1.0,0.0,163,118,226,0.0227200984954834,0.021229028701782227,0.0014910697937011719
10,1000,2,sf,linear_sem,20,DF-PC (Pure),1.0,1.0,1.0,0.0,66,21,226,0.011399984359741211,0.008426666259765625,0.002973318099975586
10,1000,2,sf,linear_sem,21,Standard PC,0.9411764705882353,1.0,0.8888888888888888,1.0,133,88,221,0.018711328506469727,0.017364501953125,0.0013468265533447266
10,1000,2,sf,linear_sem,21,DF-PC (Pure),0.9411764705882353,1.0,0.8888888888888888,1.0,107,62,221,0.016669034957885742,0.013710260391235352,0.0029587745666503906
10,1000,2,sf,linear_sem,22,Standard PC,1.0,1.0,1.0,0.0,270,225,333,0.0371699333190918,0.03530120849609375,0.0018687248229980469
10,1000,2,sf,linear_sem,22,DF-PC (Pure),1.0,1.0,1.0,0.0,164,119,333,0.029023170471191406,0.02160787582397461,0.007415294647216797
10,1000,2,sf,linear_sem,23,Standard PC,0.8750000000000001,1.0,0.7777777777777778,2.0,115,70,199,0.011796712875366211,0.010909557342529297,0.0008871555328369141
10,1000,2,sf,linear_sem,23,DF-PC (Pure),0.8750000000000001,1.0,0.7777777777777778,2.0,98,53,199,0.010721683502197266,0.009036064147949219,0.0016856193542480469
10,1000,2,sf,linear_sem,24,Standard PC,1.0,1.0,1.0,0.0,181,136,242,0.020481348037719727,0.01927638053894043,0.0012049674987792969
10,1000,2,sf,linear_sem,24,DF-PC (Pure),1.0,1.0,1.0,0.0,74,29,242,0.010149478912353516,0.007851600646972656,0.0022978782653808594
10,1000,2,sf,linear_sem,25,Standard PC,1.0,1.0,1.0,0.0,136,91,210,0.021599531173706055,0.020104169845581055,0.001495361328125
10,1000,2,sf,linear_sem,25,DF-PC (Pure),1.0,1.0,1.0,0.0,79,34,210,0.014292240142822266,0.011424779891967773,0.002867460250854492
10,1000,2,sf,linear_sem,26,Standard PC,1.0,1.0,1.0,0.0,273,228,337,0.03612852096557617,0.03426933288574219,0.0018591880798339844
10,1000,2,sf,linear_sem,26,DF-PC (Pure),1.0,1.0,1.0,0.0,64,19,337,0.013953924179077148,0.00823068618774414,0.005723237991333008
10,1000,2,sf,linear_sem,27,Standard PC,1.0,1.0,1.0,0.0,113,68,184,0.01831197738647461,0.01691460609436035,0.0013973712921142578
10,1000,2,sf,linear_sem,27,DF-PC (Pure),1.0,1.0,1.0,0.0,78,33,184,0.013863086700439453,0.011296987533569336,0.002566099166870117
10,1000,2,sf,linear_sem,28,Standard PC,1.0,1.0,1.0,0.0,139,94,211,0.022407054901123047,0.020893096923828125,0.0015139579772949219
10,1000,2,sf,linear_sem,28,DF-PC (Pure),0.9473684210526316,0.9,1.0,1.0,79,34,211,0.014548063278198242,0.011584997177124023,0.0029630661010742188
10,1000,2,sf,linear_sem,29,Standard PC,0.9411764705882353,1.0,0.8888888888888888,1.0,255,210,322,0.04013228416442871,0.038010597229003906,0.0021216869354248047
10,1000,2,sf,linear_sem,29,DF-PC (Pure),0.9411764705882353,1.0,0.8888888888888888,1.0,168,123,322,0.03353285789489746,0.0251920223236084,0.008340835571289062
10,1000,4,er,discrete,0,Standard PC,0.4,1.0,0.25,15.0,57,12,102,0.010513782501220703,0.009783744812011719,0.0007300376892089844
10,1000,4,er,discrete,0,DF-PC (Pure),0.3846153846153846,0.8333333333333334,0.25,16.0,45,0,105,0.0077364444732666016,0.006794452667236328,0.0009419918060302734
10,1000,4,er,discrete,1,Standard PC,0.33333333333333337,1.0,0.2,16.0,51,6,96,0.007722139358520508,0.007137298583984375,0.0005848407745361328
10,1000,4,er,discrete,1,DF-PC (Pure),0.4,1.0,0.25,15.0,45,0,96,0.006558418273925781,0.005801200866699219,0.0007572174072265625
10,1000,4,er,discrete,2,Standard PC,0.2608695652173913,1.0,0.15,17.0,47,2,92,0.007976055145263672,0.007349967956542969,0.0006260871887207031
10,1000,4,er,discrete,2,DF-PC (Pure),0.2608695652173913,1.0,0.15,17.0,45,0,92,0.007371425628662109,0.006561756134033203,0.0008096694946289062
10,1000,4,er,discrete,3,Standard PC,0.2608695652173913,1.0,0.15,17.0,47,2,92,0.007529497146606445,0.0069577693939208984,0.0005717277526855469
10,1000,4,er,discrete,3,DF-PC (Pure),0.2608695652173913,1.0,0.15,17.0,45,0,92,0.0066680908203125,0.005960226058959961,0.0007078647613525391
10,1000,4,er,discrete,4,Standard PC,0.4615384615384615,1.0,0.3,14.0,78,33,126,0.013871431350708008,0.013016700744628906,0.0008547306060791016
10,1000,4,er,discrete,4,DF-PC (Pure),0.5517241379310346,0.8888888888888888,0.4,13.0,48,3,140,0.008402585983276367,0.007143735885620117,0.00125885009765625
10,1000,4,er,discrete,5,Standard PC,0.33333333333333337,1.0,0.2,16.0,49,4,94,0.0072062015533447266,0.0066661834716796875,0.0005400180816650391
10,1000,4,er,discrete,5,DF-PC (Pure),0.33333333333333337,1.0,0.2,16.0,45,0,94,0.0064389705657958984,0.0057201385498046875,0.0007188320159912109
10,1000,4,er,discrete,6,Standard PC,0.18181818181818182,1.0,0.1,18.0,49,4,94,0.008343935012817383,0.007720470428466797,0.0006234645843505859
10,1000,4,er,discrete,6,DF-PC (Pure),0.24999999999999997,0.75,0.15,18.0,45,0,94,0.007360696792602539,0.006533622741699219,0.0008270740509033203
10,1000,4,er,discrete,7,Standard PC,0.4615384615384615,1.0,0.3,14.0,69,24,121,0.012033939361572266,0.011272430419921875,0.0007615089416503906
10,1000,4,er,discrete,7,DF-PC (Pure),0.5714285714285715,1.0,0.4,12.0,56,11,140,0.009923696517944336,0.008569955825805664,0.0013537406921386719
10,1000,4,er,discrete,8,Standard PC,0.5185185185185185,1.0,0.35,13.0,60,15,105,0.009235858917236328,0.008574485778808594,0.0006613731384277344
10,1000,4,er,discrete,8,DF-PC (Pure),0.5714285714285715,1.0,0.4,12.0,45,0,109,0.0066890716552734375,0.005838155746459961,0.0008509159088134766
10,1000,4,er,discrete,9,Standard PC,0.18181818181818182,1.0,0.1,18.0,50,5,95,0.009137630462646484,0.008470773696899414,0.0006668567657470703
10,1000,4,er,discrete,9,DF-PC (Pure),0.2608695652173913,1.0,0.15,17.0,45,0,99,0.0076751708984375,0.0067958831787109375,0.0008792877197265625
10,1000,4,er,discrete,10,Standard PC,0.18181818181818182,1.0,0.1,18.0,49,4,94,0.008673667907714844,0.007998228073120117,0.0006754398345947266
10,1000,4,er,discrete,10,DF-PC (Pure),0.33333333333333337,1.0,0.2,16.0,45,0,94,0.0073087215423583984,0.0064792633056640625,0.0008294582366943359
10,1000,4,er,discrete,11,Standard PC,0.2608695652173913,1.0,0.15,17.0,45,0,90,0.008919954299926758,0.008196115493774414,0.0007238388061523438
10,1000,4,er,discrete,11,DF-PC (Pure),0.2608695652173913,1.0,0.15,17.0,45,0,90,0.0074045658111572266,0.006566524505615234,0.0008380413055419922
10,1000,4,er,discrete,12,Standard PC,0.33333333333333337,1.0,0.2,16.0,47,2,92,0.007643461227416992,0.007049083709716797,0.0005943775177001953
10,1000,4,er,discrete,12,DF-PC (Pure),0.33333333333333337,1.0,0.2,16.0,45,0,92,0.008508920669555664,0.007448911666870117,0.0010600090026855469
10,1000,4,er,discrete,13,Standard PC,0.2608695652173913,1.0,0.15,17.0,63,18,112,0.009629249572753906,0.00898599624633789,0.0006432533264160156
10,1000,4,er,discrete,13,DF-PC (Pure),0.4615384615384615,1.0,0.3,14.0,51,6,115,0.011225700378417969,0.009850263595581055,0.001375436782836914
10,1000,4,er,discrete,14,Standard PC,0.18181818181818182,1.0,0.1,18.0,51,6,96,0.010435819625854492,0.009633541107177734,0.0008022785186767578
10,1000,4,er,discrete,14,DF-PC (Pure),0.33333333333333337,1.0,0.2,16.0,45,0,96,0.009778022766113281,0.008615732192993164,0.0011622905731201172
10,1000,4,er,discrete,15,Standard PC,0.18181818181818182,1.0,0.1,18.0,58,13,103,0.015401363372802734,0.01437830924987793,0.0010230541229248047
10,1000,4,er,discrete,15,DF-PC (Pure),0.4,1.0,0.25,15.0,45,0,103,0.011263370513916016,0.009818315505981445,0.0014450550079345703
10,1000,4,er,discrete,16,Standard PC,0.18181818181818182,1.0,0.1,18.0,55,10,100,0.00836038589477539,0.007762432098388672,0.0005979537963867188
10,1000,4,er,discrete,16,DF-PC (Pure),0.4,1.0,0.25,15.0,45,0,103,0.0066225528717041016,0.005816221237182617,0.0008063316345214844
10,1000,4,er,discrete,17,Standard PC,0.09523809523809523,1.0,0.05,19.0,47,2,92,0.00697636604309082,0.0064661502838134766,0.0005102157592773438
10,1000,4,er,discrete,17,DF-PC (Pure),0.2608695652173913,1.0,0.15,17.0,45,0,92,0.006610393524169922,0.005873203277587891,0.0007371902465820312
10,1000,4,er,discrete,18,Standard PC,0.1739130434782609,0.6666666666666666,0.1,19.0,47,2,92,0.007325887680053711,0.006762027740478516,0.0005638599395751953
10,1000,4,er,discrete,18,DF-PC (Pure),0.1739130434782609,0.6666666666666666,0.1,19.0,45,0,92,0.006473541259765625,0.005749702453613281,0.0007238388061523438
10,1000,4,er,discrete,19,Standard PC,0.24999999999999997,0.75,0.15,18.0,47,2,92,0.008135557174682617,0.007497310638427734,0.0006382465362548828
10,1000,4,er,discrete,19,DF-PC (Pure),0.24999999999999997,0.75,0.15,18.0,45,0,92,0.007511138916015625,0.006683349609375,0.000827789306640625
10,1000,4,er,discrete,20,Standard PC,0.2608695652173913,1.0,0.15,17.0,53,8,98,0.009124279022216797,0.008454084396362305,0.0006701946258544922
10,1000,4,er,discrete,20,DF-PC (Pure),0.4,1.0,0.25,15.0,45,0,98,0.00840139389038086,0.007436990737915039,0.0009644031524658203
10,1000,4,er,discrete,21,Standard PC,0.18181818181818182,1.0,0.1,18.0,45,0,90,0.007813453674316406,0.007186174392700195,0.0006272792816162109
10,1000,4,er,discrete,21,DF-PC (Pure),0.18181818181818182,1.0,0.1,18.0,45,0,90,0.007337331771850586,0.006558656692504883,0.0007786750793457031
10,1000,4,er,discrete,22,Standard PC,0.2608695652173913,1.0,0.15,17.0,47,2,92,0.011800050735473633,0.010904073715209961,0.0008959770202636719
10,1000,4,er,discrete,22,DF-PC (Pure),0.24999999999999997,0.75,0.15,18.0,45,0,92,0.011078596115112305,0.009813547134399414,0.0012650489807128906
10,1000,4,er,discrete,23,Standard PC,0.2608695652173913,1.0,0.15,17.0,47,2,92,0.010314464569091797,0.009527206420898438,0.0007872581481933594
10,1000,4,er,discrete,23,DF-PC (Pure),0.2608695652173913,1.0,0.15,17.0,45,0,92,0.009779214859008789,0.008684396743774414,0.001094818115234375
10,1000,4,er,discrete,24,Standard PC,0.2608695652173913,1.0,0.15,17.0,51,6,96,0.01141977310180664,0.010598182678222656,0.0008215904235839844
10,1000,4,er,discrete,24,DF-PC (Pure),0.4,1.0,0.25,15.0,45,0,96,0.010088920593261719,0.00892782211303711,0.0011610984802246094
10,1000,4,er,discrete,25,Standard PC,0.33333333333333337,1.0,0.2,16.0,55,10,100,0.012246847152709961,0.011394262313842773,0.0008525848388671875
10,1000,4,er,discrete,25,DF-PC (Pure),0.4,1.0,0.25,15.0,45,0,103,0.009877681732177734,0.008647918701171875,0.0012297630310058594
10,1000,4,er,discrete,26,Standard PC,0.18181818181818182,1.0,0.1,18.0,49,4,94,0.007777214050292969,0.007186174392700195,0.0005910396575927734
10,1000,4,er,discrete,26,DF-PC (Pure),0.4,1.0,0.25,15.0,45,0,94,0.006581783294677734,0.0058405399322509766,0.0007412433624267578
10,1000,4,er,discrete,27,Standard PC,0.18181818181818182,1.0,0.1,18.0,49,4,94,0.0072481632232666016,0.006701946258544922,0.0005462169647216797
10,1000,4,er,discrete,27,DF-PC (Pure),0.33333333333333337,1.0,0.2,16.0,45,0,99,0.006520271301269531,0.005756378173828125,0.0007638931274414062
10,1000,4,er,discrete,28,Standard PC,0.4,1.0,0.25,15.0,60,15,105,0.013460874557495117,0.012583255767822266,0.0008776187896728516
10,1000,4,er,discrete,28,DF-PC (Pure),0.5185185185185185,1.0,0.35,13.0,45,0,109,0.010029077529907227,0.008708477020263672,0.0013206005096435547
10,1000,4,er,discrete,29,Standard PC,0.1739130434782609,0.6666666666666666,0.1,19.0,45,0,90,0.010448694229125977,0.009622335433959961,0.0008263587951660156
10,1000,4,er,discrete,29,DF-PC (Pure),0.1739130434782609,0.6666666666666666,0.1,19.0,45,0,90,0.00984644889831543,0.008749008178710938,0.0010974407196044922
10,1000,4,er,linear_sem,0,Standard PC,0.625,0.8333333333333334,0.5,12.0,440,395,670,0.04293632507324219,0.040515899658203125,0.0024204254150390625
10,1000,4,er,linear_sem,0,DF-PC (Pure),0.625,0.8333333333333334,0.5,12.0,342,297,670,0.038948774337768555,0.032439470291137695,0.006509304046630859
10,1000,4,er,linear_sem,1,Standard PC,0.7499999999999999,1.0,0.6,8.0,348,303,507,0.04060840606689453,0.03835177421569824,0.002256631851196289
10,1000,4,er,linear_sem,1,DF-PC (Pure),0.7499999999999999,1.0,0.6,8.0,287,242,507,0.03964877128601074,0.032666683197021484,0.006982088088989258
10,1000,4,er,linear_sem,2,Standard PC,0.6451612903225806,0.9090909090909091,0.5,11.0,459,414,720,0.06984567642211914,0.06614351272583008,0.0037021636962890625
10,1000,4,er,linear_sem,2,DF-PC (Pure),0.6451612903225806,0.9090909090909091,0.5,11.0,384,339,721,0.05968332290649414,0.04891610145568848,0.010767221450805664
10,1000,4,er,linear_sem,3,Standard PC,0.5333333333333333,0.8,0.4,14.0,297,252,462,0.04179120063781738,0.03940463066101074,0.0023865699768066406
10,1000,4,er,linear_sem,3,DF-PC (Pure),0.5333333333333333,0.8,0.4,14.0,223,178,462,0.03485107421875,0.028664350509643555,0.006186723709106445
10,1000,4,er,linear_sem,4,Standard PC,0.7499999999999999,1.0,0.6,8.0,564,519,915,0.08788633346557617,0.08321380615234375,0.004672527313232422
10,1000,4,er,linear_sem,4,DF-PC (Pure),0.7499999999999999,1.0,0.6,8.0,509,464,915,0.08803009986877441,0.0736079216003418,0.014422178268432617
10,1000,4,er,linear_sem,5,Standard PC,0.6666666666666667,0.8461538461538461,0.55,11.0,392,347,591,0.05754256248474121,0.05448436737060547,0.003058195114135742
10,1000,4,er,linear_sem,5,DF-PC (Pure),0.6666666666666667,0.8461538461538461,0.55,11.0,300,255,591,0.04645895957946777,0.03803515434265137,0.008423805236816406
10,1000,4,er,linear_sem,6,Standard PC,0.8235294117647058,1.0,0.7,6.0,588,543,819,0.08158183097839355,0.07759332656860352,0.003988504409790039
10,1000,4,er,linear_sem,6,DF-PC (Pure),0.8235294117647058,1.0,0.7,6.0,450,405,820,0.07230639457702637,0.05848813056945801,0.01381826400756836
10,1000,4,er,linear_sem,7,Standard PC,0.6874999999999999,0.9166666666666666,0.55,10.0,482,437,780,0.07725667953491211,0.07311224937438965,0.004144430160522461
10,1000,4,er,linear_sem,7,DF-PC (Pure),0.6874999999999999,0.9166666666666666,0.55,10.0,450,405,781,0.08010077476501465,0.06732368469238281,0.012777090072631836
10,1000,4,er,linear_sem,8,Standard PC,0.8235294117647058,1.0,0.7,6.0,590,545,924,0.09194707870483398,0.08712911605834961,0.004817962646484375
10,1000,4,er,linear_sem,8,DF-PC (Pure),0.8235294117647058,1.0,0.7,6.0,522,477,924,0.0908956527709961,0.07543063163757324,0.015465021133422852
10,1000,4,er,linear_sem,9,Standard PC,0.5333333333333333,0.8,0.4,14.0,512,467,796,0.06366801261901855,0.06024956703186035,0.003418445587158203
10,1000,4,er,linear_sem,9,DF-PC (Pure),0.5333333333333333,0.8,0.4,14.0,436,391,796,0.07609724998474121,0.06326651573181152,0.012830734252929688
10,1000,4,er,linear_sem,10,Standard PC,0.6666666666666666,1.0,0.5,10.0,357,312,529,0.04961037635803223,0.04693889617919922,0.002671480178833008
10,1000,4,er,linear_sem,10,DF-PC (Pure),0.7272727272727274,0.9230769230769231,0.6,9.0,285,240,604,0.04609394073486328,0.037036895751953125,0.009057044982910156
10,1000,4,er,linear_sem,11,Standard PC,0.625,0.8333333333333334,0.5,12.0,516,471,815,0.08080053329467773,0.07651519775390625,0.004285335540771484
10,1000,4,er,linear_sem,11,DF-PC (Pure),0.625,0.8333333333333334,0.5,12.0,464,419,815,0.07853889465332031,0.06551122665405273,0.013027667999267578
10,1000,4,er,linear_sem,12,Standard PC,0.8235294117647058,1.0,0.7,6.0,562,517,842,0.06850242614746094,0.06485342979431152,0.003648996353149414
10,1000,4,er,linear_sem,12,DF-PC (Pure),0.787878787878788,1.0,0.65,7.0,518,473,906,0.06505179405212402,0.05479311943054199,0.010258674621582031
10,1000,4,er,linear_sem,13,Standard PC,0.6666666666666666,1.0,0.5,10.0,490,445,768,0.056777000427246094,0.05369257926940918,0.003084421157836914
10,1000,4,er,linear_sem,13,DF-PC (Pure),0.6666666666666666,1.0,0.5,10.0,435,390,768,0.05548882484436035,0.0467381477355957,0.008750677108764648
10,1000,4,er,linear_sem,14,Standard PC,0.7272727272727274,0.9230769230769231,0.6,9.0,487,442,720,0.07760334014892578,0.07359457015991211,0.004008769989013672
10,1000,4,er,linear_sem,14,DF-PC (Pure),0.7272727272727274,0.9230769230769231,0.6,9.0,388,343,720,0.06925153732299805,0.05704379081726074,0.012207746505737305
10,1000,4,er,linear_sem,15,Standard PC,0.6666666666666667,0.8461538461538461,0.55,11.0,467,422,759,0.07379508018493652,0.06969928741455078,0.004095792770385742
10,1000,4,er,linear_sem,15,DF-PC (Pure),0.6666666666666667,0.8461538461538461,0.55,11.0,428,383,760,0.07500290870666504,0.061986684799194336,0.013016223907470703
10,1000,4,er,linear_sem,16,Standard PC,0.787878787878788,1.0,0.65,7.0,574,529,861,0.05874490737915039,0.055672645568847656,0.0030722618103027344
10,1000,4,er,linear_sem,16,DF-PC (Pure),0.8235294117647058,1.0,0.7,6.0,493,448,872,0.05421948432922363,0.04557919502258301,0.008640289306640625
10,1000,4,er,linear_sem,17,Standard PC,0.625,0.8333333333333334,0.5,12.0,484,439,715,0.056028127670288086,0.053189992904663086,0.002838134765625
10,1000,4,er,linear_sem,17,DF-PC (Pure),0.625,0.8333333333333334,0.5,12.0,369,324,715,0.04774117469787598,0.03991580009460449,0.007825374603271484
10,1000,4,er,linear_sem,18,Standard PC,0.6666666666666666,1.0,0.5,10.0,370,325,556,0.05077958106994629,0.04806828498840332,0.0027112960815429688
10,1000,4,er,linear_sem,18,DF-PC (Pure),0.6666666666666666,1.0,0.5,10.0,295,250,556,0.045595407485961914,0.03751635551452637,0.008079051971435547
10,1000,4,er,linear_sem,19,Standard PC,0.7272727272727274,0.9230769230769231,0.6,9.0,395,350,616,0.053897857666015625,0.05096125602722168,0.0029366016387939453
10,1000,4,er,linear_sem,19,DF-PC (Pure),0.7272727272727274,0.9230769230769231,0.6,9.0,319,274,616,0.049002885818481445,0.04034018516540527,0.008662700653076172
10,1000,4,er,linear_sem,20,Standard PC,0.6,0.9,0.45,12.0,617,572,931,0.08373045921325684,0.07963371276855469,0.0040967464447021484
10,1000,4,er,linear_sem,20,DF-PC (Pure),0.6451612903225806,0.9090909090909091,0.5,11.0,524,479,937,0.08072710037231445,0.06694960594177246,0.013777494430541992
10,1000,4,er,linear_sem,21,Standard PC,0.6451612903225806,0.9090909090909091,0.5,11.0,453,408,685,0.06126213073730469,0.05810546875,0.0031566619873046875
10,1000,4,er,linear_sem,21,DF-PC (Pure),0.6451612903225806,0.9090909090909091,0.5,11.0,351,306,685,0.054468393325805664,0.04473447799682617,0.009733915328979492
10,1000,4,er,linear_sem,22,Standard PC,0.7096774193548387,1.0,0.55,9.0,449,404,668,0.062033653259277344,0.05889296531677246,0.003140687942504883
10,1000,4,er,linear_sem,22,DF-PC (Pure),0.7096774193548387,1.0,0.55,9.0,341,296,668,0.05415081977844238,0.044165849685668945,0.009984970092773438
10,1000,4,er,linear_sem,23,Standard PC,0.6060606060606061,0.7692307692307693,0.5,13.0,532,487,771,0.06484818458557129,0.06160163879394531,0.0032465457916259766
10,1000,4,er,linear_sem,23,DF-PC (Pure),0.6060606060606061,0.7692307692307693,0.5,13.0,408,363,771,0.044428110122680664,0.03702044486999512,0.007407665252685547
10,1000,4,er,linear_sem,24,Standard PC,0.7647058823529412,0.9285714285714286,0.65,8.0,374,329,529,0.0598297119140625,0.05663418769836426,0.003195524215698242
10,1000,4,er,linear_sem,24,DF-PC (Pure),0.7647058823529412,0.9285714285714286,0.65,8.0,251,206,531,0.04594588279724121,0.03686928749084473,0.009076595306396484
10,1000,4,er,linear_sem,25,Standard PC,0.6,0.9,0.45,12.0,612,567,902,0.08134984970092773,0.07717609405517578,0.004173755645751953
10,1000,4,er,linear_sem,25,DF-PC (Pure),0.6,0.9,0.45,12.0,521,476,902,0.06371855735778809,0.053430795669555664,0.010287761688232422
10,1000,4,er,linear_sem,26,Standard PC,0.7499999999999999,1.0,0.6,8.0,444,399,665,0.06030893325805664,0.05717635154724121,0.0031325817108154297
10,1000,4,er,linear_sem,26,DF-PC (Pure),0.7499999999999999,1.0,0.6,8.0,357,312,665,0.055558204650878906,0.04540586471557617,0.010152339935302734
10,1000,4,er,linear_sem,27,Standard PC,0.6666666666666667,0.8461538461538461,0.55,11.0,521,476,798,0.07076549530029297,0.0671544075012207,0.0036110877990722656
10,1000,4,er,linear_sem,27,DF-PC (Pure),0.6666666666666667,0.8461538461538461,0.55,11.0,443,398,798,0.06772351264953613,0.05616879463195801,0.011554718017578125
10,1000,4,er,linear_sem,28,Standard PC,0.5333333333333333,0.8,0.4,14.0,682,637,1031,0.09539175033569336,0.09074068069458008,0.004651069641113281
10,1000,4,er,linear_sem,28,DF-PC (Pure),0.5333333333333333,0.8,0.4,14.0,612,567,1031,0.06902122497558594,0.0580747127532959,0.010946512222290039
10,1000,4,er,linear_sem,29,Standard PC,0.6666666666666666,1.0,0.5,10.0,337,292,532,0.03306007385253906,0.03125810623168945,0.0018019676208496094
10,1000,4,er,linear_sem,29,DF-PC (Pure),0.6451612903225806,0.9090909090909091,0.5,11.0,284,239,532,0.03082895278930664,0.0260007381439209,0.004828214645385742
10,1000,4,sf,discrete,0,Standard PC,0.2222222222222222,1.0,0.125,14.0,45,0,90,0.006484270095825195,0.005964517593383789,0.0005197525024414062
10,1000,4,sf,discrete,0,DF-PC (Pure),0.2222222222222222,1.0,0.125,14.0,45,0,90,0.006428241729736328,0.005735635757446289,0.0006926059722900391
10,1000,4,sf,discrete,1,Standard PC,0.4,1.0,0.25,12.0,51,6,96,0.00751185417175293,0.006933689117431641,0.0005781650543212891
10,1000,4,sf,discrete,1,DF-PC (Pure),0.47619047619047616,1.0,0.3125,11.0,45,0,96,0.006540775299072266,0.005780220031738281,0.0007605552673339844
10,1000,4,sf,discrete,2,Standard PC,0.2222222222222222,1.0,0.125,14.0,47,2,92,0.011549949645996094,0.01066279411315918,0.0008871555328369141
10,1000,4,sf,discrete,2,DF-PC (Pure),0.3157894736842105,1.0,0.1875,13.0,45,0,92,0.011019468307495117,0.00976872444152832,0.0012507438659667969
10,1000,4,sf,discrete,3,Standard PC,0.3157894736842105,1.0,0.1875,13.0,51,6,96,0.0074541568756103516,0.006906032562255859,0.0005481243133544922
10,1000,4,sf,discrete,3,DF-PC (Pure),0.4,1.0,0.25,12.0,45,0,99,0.006525278091430664,0.005756378173828125,0.0007688999176025391
10,1000,4,sf,discrete,4,Standard PC,0.11764705882352941,1.0,0.0625,15.0,45,0,90,0.006484508514404297,0.005961894989013672,0.000522613525390625
10,1000,4,sf,discrete,4,DF-PC (Pure),0.11764705882352941,1.0,0.0625,15.0,45,0,90,0.00641179084777832,0.005731821060180664,0.0006799697875976562
10,1000,4,sf,discrete,5,Standard PC,0.2222222222222222,1.0,0.125,14.0,45,0,90,0.0072100162506103516,0.006657123565673828,0.0005528926849365234
10,1000,4,sf,discrete,5,DF-PC (Pure),0.2222222222222222,1.0,0.125,14.0,45,0,90,0.006406307220458984,0.005716562271118164,0.0006897449493408203
10,1000,4,sf,discrete,6,Standard PC,0.3157894736842105,1.0,0.1875,13.0,47,2,92,0.006843090057373047,0.006328105926513672,0.000514984130859375
10,1000,4,sf,discrete,6,DF-PC (Pure),0.4,1.0,0.25,12.0,45,0,92,0.006456136703491211,0.005738496780395508,0.0007176399230957031
10,1000,4,sf,discrete,7,Standard PC,0.5454545454545454,1.0,0.375,10.0,63,18,108,0.009378433227539062,0.00875091552734375,0.0006275177001953125
10,1000,4,sf,discrete,7,DF-PC (Pure),0.6666666666666666,1.0,0.5,8.0,45,0,116,0.0066928863525390625,0.005810976028442383,0.0008819103240966797
10,1000,4,sf,discrete,8,Standard PC,0.4,1.0,0.25,12.0,54,9,101,0.013516426086425781,0.012568950653076172,0.0009474754333496094
10,1000,4,sf,discrete,8,DF-PC (Pure),0.47619047619047616,1.0,0.3125,11.0,48,3,103,0.012075185775756836,0.0106658935546875,0.001409292221069336
10,1000,4,sf,discrete,9,Standard PC,0.47619047619047616,1.0,0.3125,11.0,57,12,102,0.00850987434387207,0.007922172546386719,0.0005877017974853516
10,1000,4,sf,discrete,9,DF-PC (Pure),0.6086956521739131,1.0,0.4375,9.0,45,0,110,0.006801128387451172,0.005934000015258789,0.0008671283721923828
10,1000,4,sf,discrete,10,Standard PC,0.3157894736842105,1.0,0.1875,13.0,49,4,94,0.007204771041870117,0.006665229797363281,0.0005395412445068359
10,1000,4,sf,discrete,10,DF-PC (Pure),0.3157894736842105,1.0,0.1875,13.0,45,0,94,0.006501913070678711,0.005766868591308594,0.0007350444793701172
10,1000,4,sf,discrete,11,Standard PC,0.2222222222222222,1.0,0.125,14.0,52,7,97,0.007728099822998047,0.007171630859375,0.0005564689636230469
10,1000,4,sf,discrete,11,DF-PC (Pure),0.4,1.0,0.25,12.0,45,0,101,0.006583452224731445,0.00579380989074707,0.000789642333984375
10,1000,4,sf,discrete,12,Standard PC,0.3157894736842105,1.0,0.1875,13.0,59,14,104,0.00993490219116211,0.009270668029785156,0.0006642341613769531
10,1000,4,sf,discrete,12,DF-PC (Pure),0.5454545454545454,1.0,0.375,10.0,45,0,112,0.0075604915618896484,0.006601572036743164,0.0009589195251464844
10,1000,4,sf,discrete,13,Standard PC,0.4,1.0,0.25,12.0,50,5,98,0.008475065231323242,0.007828474044799805,0.0006465911865234375
10,1000,4,sf,discrete,13,DF-PC (Pure),0.4,1.0,0.25,12.0,48,3,98,0.007990360260009766,0.0071065425872802734,0.0008838176727294922
10,1000,4,sf,discrete,14,Standard PC,0.11764705882352941,1.0,0.0625,15.0,50,5,95,0.012655496597290039,0.01178121566772461,0.0008742809295654297
10,1000,4,sf,discrete,14,DF-PC (Pure),0.3,0.75,0.1875,14.0,45,0,101,0.011382818222045898,0.010019063949584961,0.0013637542724609375
10,1000,4,sf,discrete,15,Standard PC,0.11764705882352941,1.0,0.0625,15.0,47,2,92,0.008037805557250977,0.00744175910949707,0.0005960464477539062
10,1000,4,sf,discrete,15,DF-PC (Pure),0.3157894736842105,1.0,0.1875,13.0,45,0,92,0.007580280303955078,0.006774425506591797,0.0008058547973632812
10,1000,4,sf,discrete,16,Standard PC,0.11764705882352941,1.0,0.0625,15.0,45,0,90,0.0066263675689697266,0.0061032772064208984,0.0005230903625488281
10,1000,4,sf,discrete,16,DF-PC (Pure),0.11764705882352941,1.0,0.0625,15.0,45,0,90,0.006490230560302734,0.005803823471069336,0.0006864070892333984
10,1000,4,sf,discrete,17,Standard PC,0.3,0.75,0.1875,14.0,47,2,92,0.01278543472290039,0.01185297966003418,0.0009324550628662109
10,1000,4,sf,discrete,17,DF-PC (Pure),0.3,0.75,0.1875,14.0,45,0,92,0.011328935623168945,0.010310888290405273,0.0010180473327636719
10,1000,4,sf,discrete,18,Standard PC,0.1111111111111111,0.5,0.0625,16.0,45,0,90,0.0066835880279541016,0.006162881851196289,0.0005207061767578125
10,1000,4,sf,discrete,18,DF-PC (Pure),0.1111111111111111,0.5,0.0625,16.0,45,0,90,0.007482051849365234,0.00655674934387207,0.0009253025054931641
10,1000,4,sf,discrete,19,Standard PC,0.2222222222222222,1.0,0.125,14.0,45,0,90,0.010207653045654297,0.009415388107299805,0.0007922649383544922
10,1000,4,sf,discrete,19,DF-PC (Pure),0.2222222222222222,1.0,0.125,14.0,45,0,90,0.010127067565917969,0.009011983871459961,0.0011150836944580078
10,1000,4,sf,discrete,20,Standard PC,0.2222222222222222,1.0,0.125,14.0,47,2,92,0.007704734802246094,0.007115364074707031,0.0005893707275390625
10,1000,4,sf,discrete,20,DF-PC (Pure),0.2222222222222222,1.0,0.125,14.0,45,0,92,0.007348060607910156,0.006542205810546875,0.0008058547973632812
10,1000,4,sf,discrete,21,Standard PC,0.3157894736842105,1.0,0.1875,13.0,45,0,90,0.0073244571685791016,0.00674128532409668,0.0005831718444824219
10,1000,4,sf,discrete,21,DF-PC (Pure),0.3157894736842105,1.0,0.1875,13.0,45,0,90,0.007337093353271484,0.006541013717651367,0.0007960796356201172
10,1000,4,sf,discrete,22,Standard PC,0.3157894736842105,1.0,0.1875,13.0,47,2,92,0.0075986385345458984,0.0070209503173828125,0.0005776882171630859
10,1000,4,sf,discrete,22,DF-PC (Pure),0.3157894736842105,1.0,0.1875,13.0,45,0,92,0.006455659866333008,0.0057506561279296875,0.0007050037384033203
10,1000,4,sf,discrete,23,Standard PC,0.2222222222222222,1.0,0.125,14.0,49,4,94,0.0071752071380615234,0.006652355194091797,0.0005228519439697266
10,1000,4,sf,discrete,23,DF-PC (Pure),0.3157894736842105,1.0,0.1875,13.0,45,0,94,0.00724029541015625,0.006468057632446289,0.0007722377777099609
10,1000,4,sf,discrete,24,Standard PC,0.2222222222222222,1.0,0.125,14.0,52,7,97,0.011330604553222656,0.010536432266235352,0.0007941722869873047
10,1000,4,sf,discrete,24,DF-PC (Pure),0.4,1.0,0.25,12.0,45,0,101,0.009761571884155273,0.008558988571166992,0.0012025833129882812
10,1000,4,sf,discrete,25,Standard PC,0.1111111111111111,0.5,0.0625,16.0,45,0,90,0.006914377212524414,0.006395101547241211,0.0005192756652832031
10,1000,4,sf,discrete,25,DF-PC (Pure),0.1111111111111111,0.5,0.0625,16.0,45,0,90,0.00644373893737793,0.005750179290771484,0.0006935596466064453
10,1000,4,sf,discrete,26,Standard PC,0.2222222222222222,1.0,0.125,14.0,47,2,92,0.010246753692626953,0.009483098983764648,0.0007636547088623047
10,1000,4,sf,discrete,26,DF-PC (Pure),0.2222222222222222,1.0,0.125,14.0,45,0,92,0.009740352630615234,0.008661508560180664,0.0010788440704345703
10,1000,4,sf,discrete,27,Standard PC,0.11764705882352941,1.0,0.0625,15.0,45,0,90,0.006533384323120117,0.006021976470947266,0.0005114078521728516
10,1000,4,sf,discrete,27,DF-PC (Pure),0.11764705882352941,1.0,0.0625,15.0,45,0,90,0.006471157073974609,0.005794048309326172,0.0006771087646484375
10,1000,4,sf,discrete,28,Standard PC,0.11764705882352941,1.0,0.0625,15.0,45,0,90,0.0065195560455322266,0.006018638610839844,0.0005009174346923828
10,1000,4,sf,discrete,28,DF-PC (Pure),0.11764705882352941,1.0,0.0625,15.0,45,0,90,0.006463527679443359,0.005782604217529297,0.0006809234619140625
10,1000,4,sf,discrete,29,Standard PC,0.2222222222222222,1.0,0.125,14.0,45,0,90,0.0067234039306640625,0.0062105655670166016,0.0005128383636474609
10,1000,4,sf,discrete,29,DF-PC (Pure),0.2222222222222222,1.0,0.125,14.0,45,0,90,0.006584882736206055,0.005892753601074219,0.0006921291351318359
10,1000,4,sf,linear_sem,0,Standard PC,0.7142857142857143,0.8333333333333334,0.625,8.0,232,187,331,0.03346896171569824,0.03148841857910156,0.0019805431365966797
10,1000,4,sf,linear_sem,0,DF-PC (Pure),0.7142857142857143,0.8333333333333334,0.625,8.0,131,86,331,0.01550436019897461,0.01246023178100586,0.00304412841796875
10,1000,4,sf,linear_sem,1,Standard PC,0.8571428571428571,1.0,0.75,4.0,405,360,625,0.03938698768615723,0.03724503517150879,0.0021419525146484375
10,1000,4,sf,linear_sem,1,DF-PC (Pure),0.8571428571428571,1.0,0.75,4.0,353,308,625,0.03841567039489746,0.032175302505493164,0.006240367889404297
10,1000,4,sf,linear_sem,2,Standard PC,0.7692307692307693,1.0,0.625,6.0,579,534,666,0.07950377464294434,0.07603907585144043,0.0034646987915039062
10,1000,4,sf,linear_sem,2,DF-PC (Pure),0.7692307692307693,1.0,0.625,6.0,272,227,666,0.05421781539916992,0.03606295585632324,0.01815485954284668
10,1000,4,sf,linear_sem,3,Standard PC,0.7586206896551724,0.8461538461538461,0.6875,7.0,247,202,370,0.034322261810302734,0.03232216835021973,0.002000093460083008
10,1000,4,sf,linear_sem,3,DF-PC (Pure),0.7586206896551724,0.8461538461538461,0.6875,7.0,152,107,370,0.02440500259399414,0.019595861434936523,0.004809141159057617
10,1000,4,sf,linear_sem,4,Standard PC,0.8571428571428571,1.0,0.75,4.0,392,347,473,0.042520761489868164,0.04038572311401367,0.002135038375854492
10,1000,4,sf,linear_sem,4,DF-PC (Pure),0.896551724137931,1.0,0.8125,3.0,132,87,680,0.020964622497558594,0.012241363525390625,0.008723258972167969
10,1000,4,sf,linear_sem,5,Standard PC,0.9333333333333333,1.0,0.875,2.0,353,308,422,0.034117937088012695,0.03242039680480957,0.001697540283203125
10,1000,4,sf,linear_sem,5,DF-PC (Pure),0.9333333333333333,1.0,0.875,2.0,75,30,422,0.010930538177490234,0.006876707077026367,0.004053831100463867
10,1000,4,sf,linear_sem,6,Standard PC,0.7857142857142857,0.9166666666666666,0.6875,6.0,391,346,578,0.053015708923339844,0.05024886131286621,0.002766847610473633
10,1000,4,sf,linear_sem,6,DF-PC (Pure),0.7857142857142857,0.9166666666666666,0.6875,6.0,295,250,578,0.0458979606628418,0.037380218505859375,0.008517742156982422
10,1000,4,sf,linear_sem,7,Standard PC,0.7692307692307693,1.0,0.625,6.0,268,223,382,0.03627419471740723,0.0342259407043457,0.0020482540130615234
10,1000,4,sf,linear_sem,7,DF-PC (Pure),0.7692307692307693,1.0,0.625,6.0,173,128,382,0.027434349060058594,0.022000551223754883,0.005433797836303711
10,1000,4,sf,linear_sem,8,Standard PC,0.6896551724137931,0.7692307692307693,0.625,9.0,402,357,569,0.03876161575317383,0.03673553466796875,0.002026081085205078
10,1000,4,sf,linear_sem,8,DF-PC (Pure),0.6896551724137931,0.7692307692307693,0.625,9.0,269,224,573,0.03042769432067871,0.024332523345947266,0.006095170974731445
10,1000,4,sf,linear_sem,9,Standard PC,0.8148148148148148,1.0,0.6875,5.0,325,280,507,0.03171491622924805,0.02994513511657715,0.0017697811126708984
10,1000,4,sf,linear_sem,9,DF-PC (Pure),0.8148148148148148,1.0,0.6875,5.0,265,220,507,0.029139995574951172,0.024303913116455078,0.004836082458496094
10,1000,4,sf,linear_sem,10,Standard PC,0.7857142857142857,0.9166666666666666,0.6875,6.0,205,160,269,0.019855499267578125,0.018680095672607422,0.0011754035949707031
10,1000,4,sf,linear_sem,10,DF-PC (Pure),0.8275862068965517,0.9230769230769231,0.75,5.0,70,25,377,0.010324478149414062,0.00656890869140625,0.0037555694580078125
10,1000,4,sf,linear_sem,11,Standard PC,0.8666666666666666,0.9285714285714286,0.8125,4.0,414,369,531,0.040532827377319336,0.03847098350524902,0.0020618438720703125
10,1000,4,sf,linear_sem,11,DF-PC (Pure),0.9375,0.9375,0.9375,2.0,299,254,765,0.03750038146972656,0.027711153030395508,0.009789228439331055
10,1000,4,sf,linear_sem,12,Standard PC,0.7692307692307693,1.0,0.625,6.0,321,276,553,0.03174591064453125,0.029916048049926758,0.0018298625946044922
10,1000,4,sf,linear_sem,12,DF-PC (Pure),0.7407407407407406,0.9090909090909091,0.625,7.0,266,221,553,0.028862476348876953,0.02426910400390625,0.004593372344970703
10,1000,4,sf,linear_sem,13,Standard PC,0.8148148148148148,1.0,0.6875,5.0,227,182,319,0.022127628326416016,0.020839214324951172,0.0012884140014648438
10,1000,4,sf,linear_sem,13,DF-PC (Pure),0.7857142857142857,0.9166666666666666,0.6875,6.0,142,97,333,0.016193866729736328,0.01311349868774414,0.0030803680419921875
10,1000,4,sf,linear_sem,14,Standard PC,0.7857142857142857,0.9166666666666666,0.6875,6.0,397,352,577,0.03885936737060547,0.03679800033569336,0.0020613670349121094
10,1000,4,sf,linear_sem,14,DF-PC (Pure),0.7857142857142857,0.9166666666666666,0.6875,6.0,304,259,577,0.0337824821472168,0.028089284896850586,0.005693197250366211
10,1000,4,sf,linear_sem,15,Standard PC,0.7407407407407406,0.9090909090909091,0.625,7.0,275,230,381,0.02693033218383789,0.025458574295043945,0.0014717578887939453
10,1000,4,sf,linear_sem,15,DF-PC (Pure),0.7407407407407406,0.9090909090909091,0.625,7.0,165,120,383,0.0187222957611084,0.015236139297485352,0.003486156463623047
10,1000,4,sf,linear_sem,16,Standard PC,0.6428571428571429,0.75,0.5625,10.0,533,488,722,0.05724525451660156,0.05443120002746582,0.002814054489135742
10,1000,4,sf,linear_sem,16,DF-PC (Pure),0.6428571428571429,0.75,0.5625,10.0,338,293,722,0.03841543197631836,0.03112506866455078,0.007290363311767578
10,1000,4,sf,linear_sem,17,Standard PC,0.7407407407407406,0.9090909090909091,0.625,7.0,210,165,317,0.020455121994018555,0.019178390502929688,0.0012767314910888672
10,1000,4,sf,linear_sem,17,DF-PC (Pure),0.6896551724137931,0.7692307692307693,0.625,9.0,164,119,395,0.019065141677856445,0.01491546630859375,0.004149675369262695
10,1000,4,sf,linear_sem,18,Standard PC,0.7407407407407406,0.9090909090909091,0.625,7.0,233,188,315,0.03157973289489746,0.02978968620300293,0.0017900466918945312
10,1000,4,sf,linear_sem,18,DF-PC (Pure),0.7142857142857143,0.8333333333333334,0.625,8.0,151,106,315,0.02449798583984375,0.019255876541137695,0.005242109298706055
10,1000,4,sf,linear_sem,19,Standard PC,0.72,1.0,0.5625,7.0,303,258,429,0.04128432273864746,0.03906726837158203,0.0022170543670654297
10,1000,4,sf,linear_sem,19,DF-PC (Pure),0.72,1.0,0.5625,7.0,197,152,429,0.03151059150695801,0.025064945220947266,0.006445646286010742
10,1000,4,sf,linear_sem,20,Standard PC,0.8571428571428571,1.0,0.75,4.0,335,290,408,0.0452876091003418,0.0430293083190918,0.00225830078125
10,1000,4,sf,linear_sem,20,DF-PC (Pure),0.8571428571428571,1.0,0.75,4.0,151,106,408,0.027909278869628906,0.019489765167236328,0.008419513702392578
10,1000,4,sf,linear_sem,21,Standard PC,0.7857142857142857,0.9166666666666666,0.6875,6.0,270,225,409,0.03674173355102539,0.034618377685546875,0.0021233558654785156
10,1000,4,sf,linear_sem,21,DF-PC (Pure),0.7857142857142857,0.9166666666666666,0.6875,6.0,198,153,409,0.03114914894104004,0.025287389755249023,0.005861759185791016
10,1000,4,sf,linear_sem,22,Standard PC,0.6666666666666666,0.8181818181818182,0.5625,9.0,223,178,323,0.031013965606689453,0.029183149337768555,0.0018308162689208984
10,1000,4,sf,linear_sem,22,DF-PC (Pure),0.7407407407407406,0.9090909090909091,0.625,7.0,144,99,338,0.02381134033203125,0.018713712692260742,0.005097627639770508
10,1000,4,sf,linear_sem,23,Standard PC,0.6666666666666666,1.0,0.5,8.0,281,236,473,0.03948497772216797,0.03717660903930664,0.002308368682861328
10,1000,4,sf,linear_sem,23,DF-PC (Pure),0.6666666666666666,1.0,0.5,8.0,237,192,476,0.03661847114562988,0.03049945831298828,0.0061190128326416016
10,1000,4,sf,linear_sem,24,Standard PC,0.896551724137931,1.0,0.8125,3.0,421,376,618,0.05728030204772949,0.05429697036743164,0.0029833316802978516
10,1000,4,sf,linear_sem,24,DF-PC (Pure),0.896551724137931,1.0,0.8125,3.0,322,277,618,0.050191640853881836,0.040909528732299805,0.009282112121582031
10,1000,4,sf,linear_sem,25,Standard PC,0.9032258064516129,0.9333333333333333,0.875,3.0,544,499,654,0.07288336753845215,0.06955480575561523,0.003328561782836914
10,1000,4,sf,linear_sem,25,DF-PC (Pure),0.8387096774193549,0.8666666666666667,0.8125,5.0,223,178,688,0.04112696647644043,0.028753280639648438,0.012373685836791992
10,1000,4,sf,linear_sem,26,Standard PC,0.5333333333333333,0.5714285714285714,0.5,14.0,442,397,620,0.04311084747314453,0.04084062576293945,0.002270221710205078
10,1000,4,sf,linear_sem,26,DF-PC (Pure),0.5333333333333333,0.5714285714285714,0.5,14.0,327,282,620,0.03656005859375,0.029936552047729492,0.006623506546020508
10,1000,4,sf,linear_sem,27,Standard PC,0.6923076923076923,0.9,0.5625,8.0,352,307,484,0.034139156341552734,0.032373905181884766,0.0017652511596679688
10,1000,4,sf,linear_sem,27,DF-PC (Pure),0.6923076923076923,0.9,0.5625,8.0,194,149,484,0.022609233856201172,0.018191099166870117,0.004418134689331055
10,1000,4,sf,linear_sem,28,Standard PC,0.7857142857142857,0.9166666666666666,0.6875,6.0,497,452,607,0.047751426696777344,0.04552292823791504,0.0022284984588623047
10,1000,4,sf,linear_sem,28,DF-PC (Pure),0.7857142857142857,0.9166666666666666,0.6875,6.0,212,167,607,0.026352882385253906,0.019775867462158203,0.006577014923095703
10,1000,4,sf,linear_sem,29,Standard PC,0.7857142857142857,0.9166666666666666,0.6875,6.0,304,259,392,0.029445409774780273,0.027903318405151367,0.0015420913696289062
10,1000,4,sf,linear_sem,29,DF-PC (Pure),0.7857142857142857,0.9166666666666666,0.6875,6.0,135,90,396,0.016609668731689453,0.012542963027954102,0.0040667057037353516
10,2000,2,er,discrete,0,Standard PC,0.6666666666666666,1.0,0.5,5.0,62,17,110,0.009652376174926758,0.009023189544677734,0.0006291866302490234
10,2000,2,er,discrete,0,DF-PC (Pure),0.8235294117647058,1.0,0.7,3.0,48,3,131,0.0076923370361328125,0.006628751754760742,0.0010635852813720703
10,2000,2,er,discrete,1,Standard PC,0.5714285714285715,1.0,0.4,6.0,67,22,112,0.01046609878540039,0.00982356071472168,0.0006425380706787109
10,2000,2,er,discrete,1,DF-PC (Pure),0.8235294117647058,1.0,0.7,3.0,45,0,112,0.0068624019622802734,0.005979299545288086,0.0008831024169921875
10,2000,2,er,discrete,2,Standard PC,0.7499999999999999,1.0,0.6,4.0,53,8,98,0.012538433074951172,0.01163792610168457,0.0009005069732666016
10,2000,2,er,discrete,2,DF-PC (Pure),0.7499999999999999,1.0,0.6,4.0,45,0,98,0.01038503646850586,0.009142875671386719,0.0012421607971191406
10,2000,2,er,discrete,3,Standard PC,0.4615384615384615,1.0,0.3,7.0,47,2,92,0.007119178771972656,0.0065805912017822266,0.0005385875701904297
10,2000,2,er,discrete,3,DF-PC (Pure),0.4615384615384615,1.0,0.3,7.0,45,0,92,0.006690025329589844,0.005966901779174805,0.0007231235504150391
10,2000,2,er,discrete,4,Standard PC,0.6666666666666666,1.0,0.5,5.0,69,24,114,0.010643243789672852,0.009971380233764648,0.0006718635559082031
10,2000,2,er,discrete,4,DF-PC (Pure),0.7777777777777777,0.875,0.7,4.0,45,0,131,0.007082939147949219,0.006060123443603516,0.0010228157043457031
10,2000,2,er,discrete,5,Standard PC,0.6666666666666666,1.0,0.5,5.0,58,13,103,0.008855819702148438,0.008229970932006836,0.0006258487701416016
10,2000,2,er,discrete,5,DF-PC (Pure),0.7058823529411764,0.8571428571428571,0.6,5.0,45,0,107,0.006692171096801758,0.005866527557373047,0.0008256435394287109
10,2000,2,er,discrete,6,Standard PC,0.6666666666666666,1.0,0.5,5.0,49,4,94,0.007834434509277344,0.007253408432006836,0.0005810260772705078
10,2000,2,er,discrete,6,DF-PC (Pure),0.6666666666666666,1.0,0.5,5.0,45,0,94,0.006924152374267578,0.006145954132080078,0.0007781982421875
10,2000,2,er,discrete,7,Standard PC,0.6666666666666666,1.0,0.5,5.0,54,9,99,0.008515596389770508,0.007911920547485352,0.0006036758422851562
10,2000,2,er,discrete,7,DF-PC (Pure),0.7499999999999999,1.0,0.6,4.0,45,0,103,0.006871461868286133,0.006053447723388672,0.0008180141448974609
10,2000,2,er,discrete,8,Standard PC,0.7499999999999999,1.0,0.6,4.0,63,18,110,0.014632940292358398,0.013707637786865234,0.0009253025054931641
10,2000,2,er,discrete,8,DF-PC (Pure),0.7777777777777777,0.875,0.7,4.0,48,3,119,0.011148452758789062,0.009673595428466797,0.0014748573303222656
10,2000,2,er,discrete,9,Standard PC,0.4285714285714285,0.75,0.3,8.0,171,126,222,0.027776479721069336,0.026752233505249023,0.0010242462158203125
10,2000,2,er,discrete,9,DF-PC (Pure),0.7777777777777777,0.875,0.7,4.0,54,9,289,0.010639429092407227,0.0077745914459228516,0.002864837646484375
10,2000,2,er,discrete,10,Standard PC,0.4615384615384615,1.0,0.3,7.0,51,6,96,0.008040428161621094,0.00745701789855957,0.0005834102630615234
10,2000,2,er,discrete,10,DF-PC (Pure),0.5714285714285715,1.0,0.4,6.0,45,0,96,0.006984710693359375,0.006192684173583984,0.0007920265197753906
10,2000,2,er,discrete,11,Standard PC,0.6666666666666666,1.0,0.5,5.0,51,6,96,0.007802248001098633,0.007229328155517578,0.0005729198455810547
10,2000,2,er,discrete,11,DF-PC (Pure),0.6666666666666666,1.0,0.5,5.0,45,0,96,0.006792545318603516,0.0060122013092041016,0.0007803440093994141
10,2000,2,er,discrete,12,Standard PC,0.8235294117647058,1.0,0.7,3.0,71,26,119,0.011400222778320312,0.010698795318603516,0.0007014274597167969
10,2000,2,er,discrete,12,DF-PC (Pure),0.9473684210526316,1.0,0.9,1.0,48,3,123,0.0076677799224853516,0.006696939468383789,0.0009708404541015625
10,2000,2,er,discrete,13,Standard PC,0.6666666666666666,1.0,0.5,5.0,51,6,96,0.007875919342041016,0.007307291030883789,0.0005686283111572266
10,2000,2,er,discrete,13,DF-PC (Pure),0.6666666666666666,1.0,0.5,5.0,45,0,96,0.010181665420532227,0.009008169174194336,0.0011734962463378906
10,2000,2,er,discrete,14,Standard PC,0.6666666666666666,1.0,0.5,5.0,51,6,96,0.0078084468841552734,0.007231950759887695,0.0005764961242675781
10,2000,2,er,discrete,14,DF-PC (Pure),0.6666666666666666,1.0,0.5,5.0,45,0,96,0.007054328918457031,0.0062487125396728516,0.0008056163787841797
10,2000,2,er,discrete,15,Standard PC,0.6666666666666666,1.0,0.5,5.0,58,13,103,0.009031534194946289,0.008420944213867188,0.0006105899810791016
10,2000,2,er,discrete,15,DF-PC (Pure),0.625,0.8333333333333334,0.5,6.0,45,0,103,0.006732463836669922,0.00592350959777832,0.0008089542388916016
10,2000,2,er,discrete,16,Standard PC,0.33333333333333337,1.0,0.2,8.0,53,8,98,0.008236408233642578,0.0076487064361572266,0.0005877017974853516
10,2000,2,er,discrete,16,DF-PC (Pure),0.6666666666666666,1.0,0.5,5.0,45,0,98,0.006852149963378906,0.006066799163818359,0.0007853507995605469
10,2000,2,er,discrete,17,Standard PC,0.5714285714285715,1.0,0.4,6.0,54,9,99,0.008311033248901367,0.0077130794525146484,0.0005979537963867188
10,2000,2,er,discrete,17,DF-PC (Pure),0.625,0.8333333333333334,0.5,6.0,45,0,103,0.00685882568359375,0.00603032112121582,0.0008285045623779297
10,2000,2,er,discrete,18,Standard PC,0.7499999999999999,1.0,0.6,4.0,53,8,98,0.008359432220458984,0.007752418518066406,0.0006070137023925781
10,2000,2,er,discrete,18,DF-PC (Pure),0.7499999999999999,1.0,0.6,4.0,45,0,98,0.006773948669433594,0.005989789962768555,0.0007841587066650391
10,2000,2,er,discrete,19,Standard PC,0.6666666666666666,1.0,0.5,5.0,84,39,131,0.013366460800170898,0.012626171112060547,0.0007402896881103516
10,2000,2,er,discrete,19,DF-PC (Pure),1.0,1.0,1.0,0.0,48,3,184,0.008056402206420898,0.006509542465209961,0.0015468597412109375
10,2000,2,er,discrete,20,Standard PC,0.33333333333333337,1.0,0.2,8.0,55,10,100,0.008560419082641602,0.007982015609741211,0.0005784034729003906
10,2000,2,er,discrete,20,DF-PC (Pure),0.625,0.8333333333333334,0.5,6.0,45,0,103,0.0069179534912109375,0.0060825347900390625,0.000835418701171875
10,2000,2,er,discrete,21,Standard PC,0.5714285714285715,1.0,0.4,6.0,58,13,106,0.008956670761108398,0.00835561752319336,0.0006010532379150391
10,2000,2,er,discrete,21,DF-PC (Pure),0.5,0.6666666666666666,0.4,8.0,48,3,115,0.007428646087646484,0.0065152645111083984,0.0009133815765380859
10,2000,2,er,discrete,22,Standard PC,0.6666666666666666,1.0,0.5,5.0,53,8,98,0.008233308792114258,0.007636547088623047,0.0005967617034912109
10,2000,2,er,discrete,22,DF-PC (Pure),0.625,0.8333333333333334,0.5,6.0,45,0,98,0.0069773197174072266,0.00616145133972168,0.0008158683776855469
10,2000,2,er,discrete,23,Standard PC,0.888888888888889,1.0,0.8,2.0,62,17,107,0.009507894515991211,0.008871078491210938,0.0006368160247802734
10,2000,2,er,discrete,23,DF-PC (Pure),0.888888888888889,1.0,0.8,2.0,45,0,107,0.006785154342651367,0.005939006805419922,0.0008461475372314453
10,2000,2,er,discrete,24,Standard PC,0.5714285714285715,1.0,0.4,6.0,64,19,111,0.009804487228393555,0.009187459945678711,0.0006170272827148438
10,2000,2,er,discrete,24,DF-PC (Pure),0.7058823529411764,0.8571428571428571,0.6,5.0,48,3,129,0.007452487945556641,0.0063991546630859375,0.0010533332824707031
10,2000,2,er,discrete,25,Standard PC,0.7499999999999999,1.0,0.6,4.0,87,42,135,0.013457059860229492,0.01272726058959961,0.0007297992706298828
10,2000,2,er,discrete,25,DF-PC (Pure),0.9473684210526316,1.0,0.9,1.0,48,3,142,0.0074307918548583984,0.00633692741394043,0.0010938644409179688
10,2000,2,er,discrete,26,Standard PC,0.8235294117647058,1.0,0.7,3.0,60,15,105,0.009249210357666016,0.008628606796264648,0.0006206035614013672
10,2000,2,er,discrete,26,DF-PC (Pure),0.8235294117647058,1.0,0.7,3.0,45,0,105,0.006718158721923828,0.005897998809814453,0.000820159912109375
10,2000,2,er,discrete,27,Standard PC,0.7499999999999999,1.0,0.6,4.0,55,10,100,0.00850224494934082,0.007898807525634766,0.0006034374237060547
10,2000,2,er,discrete,27,DF-PC (Pure),0.8235294117647058,1.0,0.7,3.0,45,0,100,0.0067369937896728516,0.005955219268798828,0.0007817745208740234
10,2000,2,er,discrete,28,Standard PC,0.8235294117647058,1.0,0.7,3.0,57,12,102,0.009052276611328125,0.008408784866333008,0.0006434917449951172
10,2000,2,er,discrete,28,DF-PC (Pure),0.8235294117647058,1.0,0.7,3.0,45,0,102,0.006753683090209961,0.00594329833984375,0.0008103847503662109
10,2000,2,er,discrete,29,Standard PC,0.5714285714285715,1.0,0.4,6.0,47,2,92,0.008099794387817383,0.00751042366027832,0.0005893707275390625
10,2000,2,er,discrete,29,DF-PC (Pure),0.5714285714285715,1.0,0.4,6.0,45,0,92,0.006752490997314453,0.006007194519042969,0.0007452964782714844
10,2000,2,er,linear_sem,0,Standard PC,0.888888888888889,1.0,0.8,2.0,159,114,262,0.02260112762451172,0.021090030670166016,0.0015110969543457031
10,2000,2,er,linear_sem,0,DF-PC (Pure),0.888888888888889,1.0,0.8,2.0,129,84,262,0.020292043685913086,0.016754865646362305,0.0035371780395507812
10,2000,2,er,linear_sem,1,Standard PC,0.9,0.9,0.9,2.0,197,152,330,0.027803659439086914,0.026015281677246094,0.0017883777618408203
10,2000,2,er,linear_sem,1,DF-PC (Pure),0.9,0.9,0.9,2.0,156,111,330,0.024352312088012695,0.020134687423706055,0.004217624664306641
10,2000,2,er,linear_sem,2,Standard PC,0.9473684210526316,1.0,0.9,1.0,290,245,463,0.040448904037475586,0.03811192512512207,0.0023369789123535156
10,2000,2,er,linear_sem,2,DF-PC (Pure),0.9,0.9,0.9,2.0,259,214,476,0.040155887603759766,0.033206939697265625,0.006948947906494141
10,2000,2,er,linear_sem,3,Standard PC,0.9,0.9,0.9,2.0,165,120,250,0.022807836532592773,0.021300554275512695,0.0015072822570800781
10,2000,2,er,linear_sem,3,DF-PC (Pure),0.9,0.9,0.9,2.0,109,64,250,0.01739668846130371,0.013921976089477539,0.003474712371826172
10,2000,2,er,linear_sem,4,Standard PC,0.9523809523809523,0.9090909090909091,1.0,1.0,129,84,219,0.012742042541503906,0.011800765991210938,0.0009412765502929688
10,2000,2,er,linear_sem,4,DF-PC (Pure),0.9523809523809523,0.9090909090909091,1.0,1.0,102,57,219,0.010822534561157227,0.009061098098754883,0.0017614364624023438
10,2000,2,er,linear_sem,5,Standard PC,0.9473684210526316,1.0,0.9,1.0,118,73,191,0.012160778045654297,0.011244058609008789,0.0009167194366455078
10,2000,2,er,linear_sem,5,DF-PC (Pure),0.8571428571428572,0.8181818181818182,0.9,3.0,88,43,212,0.00966191291809082,0.007901906967163086,0.0017600059509277344
10,2000,2,er,linear_sem,6,Standard PC,0.888888888888889,1.0,0.8,2.0,206,161,345,0.020247220993041992,0.018970012664794922,0.0012772083282470703
10,2000,2,er,linear_sem,6,DF-PC (Pure),0.888888888888889,1.0,0.8,2.0,170,125,345,0.018268108367919922,0.015340566635131836,0.002927541732788086
10,2000,2,er,linear_sem,7,Standard PC,0.9473684210526316,1.0,0.9,1.0,175,130,275,0.017089366912841797,0.015978336334228516,0.0011110305786132812
10,2000,2,er,linear_sem,7,DF-PC (Pure),0.9473684210526316,1.0,0.9,1.0,132,87,275,0.014226675033569336,0.011873722076416016,0.0023529529571533203
10,2000,2,er,linear_sem,8,Standard PC,0.888888888888889,1.0,0.8,2.0,188,143,317,0.018492937088012695,0.017277956008911133,0.0012149810791015625
10,2000,2,er,linear_sem,8,DF-PC (Pure),0.9473684210526316,1.0,0.9,1.0,156,111,323,0.0166778564453125,0.014006376266479492,0.002671480178833008
10,2000,2,er,linear_sem,9,Standard PC,1.0,1.0,1.0,0.0,384,339,587,0.03737163543701172,0.03535819053649902,0.0020134449005126953
10,2000,2,er,linear_sem,9,DF-PC (Pure),1.0,1.0,1.0,0.0,362,317,587,0.041057586669921875,0.033588409423828125,0.00746917724609375
10,2000,2,er,linear_sem,10,Standard PC,1.0,1.0,1.0,0.0,189,144,288,0.01833629608154297,0.017187833786010742,0.0011484622955322266
10,2000,2,er,linear_sem,10,DF-PC (Pure),1.0,1.0,1.0,0.0,115,70,288,0.012849092483520508,0.010303020477294922,0.002546072006225586
10,2000,2,er,linear_sem,11,Standard PC,0.888888888888889,1.0,0.8,2.0,144,99,244,0.01404118537902832,0.013051271438598633,0.0009899139404296875
10,2000,2,er,linear_sem,11,DF-PC (Pure),0.888888888888889,1.0,0.8,2.0,122,77,244,0.01323390007019043,0.011101245880126953,0.0021326541900634766
10,2000,2,er,linear_sem,12,Standard PC,1.0,1.0,1.0,0.0,213,168,358,0.021396875381469727,0.02002096176147461,0.0013759136199951172
10,2000,2,er,linear_sem,12,DF-PC (Pure),1.0,1.0,1.0,0.0,172,127,359,0.019082307815551758,0.016080379486083984,0.0030019283294677734
10,2000,2,er,linear_sem,13,Standard PC,0.9473684210526316,1.0,0.9,1.0,129,84,199,0.012888669967651367,0.01197195053100586,0.0009167194366455078
10,2000,2,er,linear_sem,13,DF-PC (Pure),0.9473684210526316,1.0,0.9,1.0,83,38,199,0.009432077407836914,0.007756233215332031,0.0016758441925048828
10,2000,2,er,linear_sem,14,Standard PC,1.0,1.0,1.0,0.0,137,92,210,0.01974034309387207,0.01834583282470703,0.001394510269165039
10,2000,2,er,linear_sem,14,DF-PC (Pure),1.0,1.0,1.0,0.0,88,43,210,0.014463186264038086,0.011686563491821289,0.002776622772216797
10,2000,2,er,linear_sem,15,Standard PC,0.9473684210526316,1.0,0.9,1.0,138,93,216,0.01984691619873047,0.01845550537109375,0.0013914108276367188
10,2000,2,er,linear_sem,15,DF-PC (Pure),0.9473684210526316,1.0,0.9,1.0,90,45,216,0.014450550079345703,0.011752128601074219,0.0026984214782714844
10,2000,2,er,linear_sem,16,Standard PC,0.8421052631578948,0.8888888888888888,0.8,3.0,250,205,384,0.028430938720703125,0.026816129684448242,0.0016148090362548828
10,2000,2,er,linear_sem,16,DF-PC (Pure),0.8421052631578948,0.8888888888888888,0.8,3.0,186,141,384,0.02390432357788086,0.019916534423828125,0.003987789154052734
10,2000,2,er,linear_sem,17,Standard PC,1.0,1.0,1.0,0.0,122,77,187,0.014127492904663086,0.013143539428710938,0.0009839534759521484
10,2000,2,er,linear_sem,17,DF-PC (Pure),1.0,1.0,1.0,0.0,71,26,187,0.009294509887695312,0.007572650909423828,0.0017218589782714844
10,2000,2,er,linear_sem,18,Standard PC,0.888888888888889,1.0,0.8,2.0,179,134,309,0.01840496063232422,0.017184019088745117,0.0012209415435791016
10,2000,2,er,linear_sem,18,DF-PC (Pure),0.8421052631578948,0.8888888888888888,0.8,3.0,154,109,310,0.01730060577392578,0.014581680297851562,0.0027189254760742188
10,2000,2,er,linear_sem,19,Standard PC,0.888888888888889,1.0,0.8,2.0,205,160,328,0.021188974380493164,0.019851207733154297,0.0013377666473388672
10,2000,2,er,linear_sem,19,DF-PC (Pure),0.888888888888889,1.0,0.8,2.0,159,114,329,0.018028974533081055,0.015136003494262695,0.0028929710388183594
10,2000,2,er,linear_sem,20,Standard PC,0.888888888888889,1.0,0.8,2.0,98,53,162,0.014177083969116211,0.013036966323852539,0.0011401176452636719
10,2000,2,er,linear_sem,20,DF-PC (Pure),0.888888888888889,1.0,0.8,2.0,71,26,162,0.011268138885498047,0.009197473526000977,0.0020706653594970703
10,2000,2,er,linear_sem,21,Standard PC,0.9473684210526316,1.0,0.9,1.0,151,106,249,0.02113652229309082,0.019679546356201172,0.0014569759368896484
10,2000,2,er,linear_sem,21,DF-PC (Pure),0.9473684210526316,1.0,0.9,1.0,112,67,249,0.017505407333374023,0.014339685440063477,0.003165721893310547
10,2000,2,er,linear_sem,22,Standard PC,1.0,1.0,1.0,0.0,188,143,290,0.019121885299682617,0.017904043197631836,0.0012178421020507812
10,2000,2,er,linear_sem,22,DF-PC (Pure),1.0,1.0,1.0,0.0,129,84,290,0.01405477523803711,0.011593103408813477,0.002461671829223633
10,2000,2,er,linear_sem,23,Standard PC,0.888888888888889,1.0,0.8,2.0,226,181,361,0.02203226089477539,0.020680904388427734,0.0013513565063476562
10,2000,2,er,linear_sem,23,DF-PC (Pure),0.888888888888889,1.0,0.8,2.0,173,128,370,0.019417285919189453,0.01618170738220215,0.0032355785369873047
10,2000,2,er,linear_sem,24,Standard PC,0.9,0.9,0.9,2.0,150,105,251,0.0237729549407959,0.022114038467407227,0.0016589164733886719
10,2000,2,er,linear_sem,24,DF-PC (Pure),0.9,0.9,0.9,2.0,101,56,251,0.0181732177734375,0.014502525329589844,0.0036706924438476562
10,2000,2,er,linear_sem,25,Standard PC,0.888888888888889,1.0,0.8,2.0,249,204,437,0.039301395416259766,0.036878108978271484,0.0024232864379882812
10,2000,2,er,linear_sem,25,DF-PC (Pure),0.888888888888889,1.0,0.8,2.0,238,193,437,0.04065847396850586,0.03418111801147461,0.00647735595703125
10,2000,2,er,linear_sem,26,Standard PC,1.0,1.0,1.0,0.0,137,92,223,0.019949674606323242,0.018474578857421875,0.0014750957489013672
10,2000,2,er,linear_sem,26,DF-PC (Pure),0.9523809523809523,0.9090909090909091,1.0,1.0,101,56,224,0.01604485511779785,0.013157129287719727,0.002887725830078125
10,2000,2,er,linear_sem,27,Standard PC,0.9473684210526316,1.0,0.9,1.0,229,184,373,0.03253531455993652,0.03051614761352539,0.002019166946411133
10,2000,2,er,linear_sem,27,DF-PC (Pure),0.9523809523809523,0.9090909090909091,1.0,1.0,195,150,381,0.03204059600830078,0.026047706604003906,0.005992889404296875
10,2000,2,er,linear_sem,28,Standard PC,0.9473684210526316,1.0,0.9,1.0,111,66,180,0.011182308197021484,0.010313034057617188,0.0008692741394042969
10,2000,2,er,linear_sem,28,DF-PC (Pure),0.9473684210526316,1.0,0.9,1.0,75,30,180,0.008256912231445312,0.0068204402923583984,0.001436471939086914
10,2000,2,er,linear_sem,29,Standard PC,1.0,1.0,1.0,0.0,130,85,211,0.012897014617919922,0.011955022811889648,0.0009419918060302734
10,2000,2,er,linear_sem,29,DF-PC (Pure),1.0,1.0,1.0,0.0,89,44,211,0.009806156158447266,0.008113622665405273,0.0016925334930419922
10,2000,2,sf,discrete,0,Standard PC,0.1818181818181818,0.5,0.1111111111111111,9.0,45,0,90,0.006622791290283203,0.0061075687408447266,0.0005152225494384766
10,2000,2,sf,discrete,0,DF-PC (Pure),0.1818181818181818,0.5,0.1111111111111111,9.0,45,0,90,0.006982564926147461,0.00624537467956543,0.0007371902465820312
10,2000,2,sf,discrete,1,Standard PC,0.6153846153846153,1.0,0.4444444444444444,5.0,51,6,96,0.0076901912689208984,0.007122039794921875,0.0005681514739990234
10,2000,2,sf,discrete,1,DF-PC (Pure),0.5714285714285714,0.8,0.4444444444444444,6.0,45,0,96,0.006638050079345703,0.005864381790161133,0.0007736682891845703
10,2000,2,sf,discrete,2,Standard PC,0.5,1.0,0.3333333333333333,6.0,45,0,90,0.006720542907714844,0.0062024593353271484,0.0005180835723876953
10,2000,2,sf,discrete,2,DF-PC (Pure),0.5,1.0,0.3333333333333333,6.0,45,0,90,0.006670236587524414,0.005953073501586914,0.0007171630859375
10,2000,2,sf,discrete,3,Standard PC,0.7142857142857143,1.0,0.5555555555555556,4.0,49,4,94,0.007512092590332031,0.00694584846496582,0.0005662441253662109
10,2000,2,sf,discrete,3,DF-PC (Pure),0.7142857142857143,1.0,0.5555555555555556,4.0,45,0,94,0.006864786148071289,0.006102800369262695,0.0007619857788085938
10,2000,2,sf,discrete,4,Standard PC,0.46153846153846156,0.75,0.3333333333333333,7.0,45,0,90,0.0071218013763427734,0.0065898895263671875,0.0005319118499755859
10,2000,2,sf,discrete,4,DF-PC (Pure),0.46153846153846156,0.75,0.3333333333333333,7.0,45,0,90,0.007040262222290039,0.006313800811767578,0.0007264614105224609
10,2000,2,sf,discrete,5,Standard PC,0.7142857142857143,1.0,0.5555555555555556,4.0,61,16,106,0.010073184967041016,0.00944972038269043,0.0006234645843505859
10,2000,2,sf,discrete,5,DF-PC (Pure),0.9411764705882353,1.0,0.8888888888888888,1.0,45,0,112,0.007271766662597656,0.006375551223754883,0.0008962154388427734
10,2000,2,sf,discrete,6,Standard PC,0.6153846153846153,1.0,0.4444444444444444,5.0,51,6,96,0.008535623550415039,0.007924079895019531,0.0006115436553955078
10,2000,2,sf,discrete,6,DF-PC (Pure),0.7142857142857143,1.0,0.5555555555555556,4.0,45,0,96,0.0067446231842041016,0.0059659481048583984,0.0007786750793457031
10,2000,2,sf,discrete,7,Standard PC,0.46153846153846156,0.75,0.3333333333333333,7.0,47,2,92,0.007144927978515625,0.006596803665161133,0.0005481243133544922
10,2000,2,sf,discrete,7,DF-PC (Pure),0.46153846153846156,0.75,0.3333333333333333,7.0,45,0,92,0.006691932678222656,0.005945444107055664,0.0007464885711669922
10,2000,2,sf,discrete,8,Standard PC,0.7142857142857143,1.0,0.5555555555555556,4.0,51,6,96,0.007731437683105469,0.007170438766479492,0.0005609989166259766
10,2000,2,sf,discrete,8,DF-PC (Pure),0.6666666666666667,0.8333333333333334,0.5555555555555556,5.0,45,0,96,0.006680727005004883,0.005926609039306641,0.0007541179656982422
10,2000,2,sf,discrete,9,Standard PC,0.6153846153846153,1.0,0.4444444444444444,5.0,49,4,94,0.007524013519287109,0.0069768428802490234,0.0005471706390380859
10,2000,2,sf,discrete,9,DF-PC (Pure),0.6153846153846153,1.0,0.4444444444444444,5.0,45,0,94,0.006613969802856445,0.005889415740966797,0.0007245540618896484
10,2000,2,sf,discrete,10,Standard PC,0.5,1.0,0.3333333333333333,6.0,49,4,94,0.007521390914916992,0.006966829299926758,0.0005545616149902344
10,2000,2,sf,discrete,10,DF-PC (Pure),0.6153846153846153,1.0,0.4444444444444444,5.0,45,0,94,0.0068187713623046875,0.006059885025024414,0.0007588863372802734
10,2000,2,sf,discrete,11,Standard PC,0.8,1.0,0.6666666666666666,3.0,65,20,110,0.010030746459960938,0.009396791458129883,0.0006339550018310547
10,2000,2,sf,discrete,11,DF-PC (Pure),0.8,1.0,0.6666666666666666,3.0,45,0,110,0.0068933963775634766,0.006026506423950195,0.0008668899536132812
10,2000,2,sf,discrete,12,Standard PC,0.5,1.0,0.3333333333333333,6.0,59,14,104,0.009177446365356445,0.008565902709960938,0.0006115436553955078
10,2000,2,sf,discrete,12,DF-PC (Pure),0.6666666666666667,0.8333333333333334,0.5555555555555556,5.0,45,0,107,0.006771564483642578,0.0059392452239990234,0.0008323192596435547
10,2000,2,sf,discrete,13,Standard PC,0.3636363636363636,1.0,0.2222222222222222,7.0,47,2,92,0.01285552978515625,0.011930704116821289,0.0009248256683349609
10,2000,2,sf,discrete,13,DF-PC (Pure),0.46153846153846156,0.75,0.3333333333333333,7.0,45,0,92,0.012036561965942383,0.010790586471557617,0.0012459754943847656
10,2000,2,sf,discrete,14,Standard PC,0.8750000000000001,1.0,0.7777777777777778,2.0,53,8,98,0.00843667984008789,0.007826566696166992,0.0006101131439208984
10,2000,2,sf,discrete,14,DF-PC (Pure),0.8750000000000001,1.0,0.7777777777777778,2.0,45,0,98,0.0069811344146728516,0.006172657012939453,0.0008084774017333984
10,2000,2,sf,discrete,15,Standard PC,0.30769230769230765,0.5,0.2222222222222222,9.0,48,3,96,0.013567686080932617,0.01254892349243164,0.0010187625885009766
10,2000,2,sf,discrete,15,DF-PC (Pure),0.30769230769230765,0.5,0.2222222222222222,9.0,48,3,96,0.013715744018554688,0.012288808822631836,0.0014269351959228516
10,2000,2,sf,discrete,16,Standard PC,0.6153846153846153,1.0,0.4444444444444444,5.0,51,6,96,0.008623600006103516,0.007983922958374023,0.0006396770477294922
10,2000,2,sf,discrete,16,DF-PC (Pure),0.5714285714285714,0.8,0.4444444444444444,6.0,45,0,96,0.007520198822021484,0.0066606998443603516,0.0008594989776611328
10,2000,2,sf,discrete,17,Standard PC,0.5,1.0,0.3333333333333333,6.0,47,2,92,0.007876157760620117,0.007280588150024414,0.0005955696105957031
10,2000,2,sf,discrete,17,DF-PC (Pure),0.5,1.0,0.3333333333333333,6.0,45,0,92,0.007518768310546875,0.006707906723022461,0.0008108615875244141
10,2000,2,sf,discrete,18,Standard PC,0.6153846153846153,1.0,0.4444444444444444,5.0,49,4,94,0.007487058639526367,0.006928682327270508,0.0005583763122558594
10,2000,2,sf,discrete,18,DF-PC (Pure),0.6153846153846153,1.0,0.4444444444444444,5.0,45,0,94,0.006619930267333984,0.005877971649169922,0.0007419586181640625
10,2000,2,sf,discrete,19,Standard PC,0.6153846153846153,1.0,0.4444444444444444,5.0,47,2,92,0.007167339324951172,0.0066072940826416016,0.0005600452423095703
10,2000,2,sf,discrete,19,DF-PC (Pure),0.6153846153846153,1.0,0.4444444444444444,5.0,45,0,92,0.006588935852050781,0.005862236022949219,0.0007266998291015625
10,2000,2,sf,discrete,20,Standard PC,0.5,1.0,0.3333333333333333,6.0,47,2,92,0.007241725921630859,0.006697177886962891,0.0005445480346679688
10,2000,2,sf,discrete,20,DF-PC (Pure),0.5,1.0,0.3333333333333333,6.0,45,0,92,0.006854534149169922,0.006110191345214844,0.0007443428039550781
10,2000,2,sf,discrete,21,Standard PC,0.5,1.0,0.3333333333333333,6.0,47,2,92,0.007568836212158203,0.006978750228881836,0.0005900859832763672
10,2000,2,sf,discrete,21,DF-PC (Pure),0.5,1.0,0.3333333333333333,6.0,45,0,92,0.00689387321472168,0.0061321258544921875,0.0007617473602294922
10,2000,2,sf,discrete,22,Standard PC,0.5,1.0,0.3333333333333333,6.0,49,4,94,0.007525444030761719,0.006955385208129883,0.0005700588226318359
10,2000,2,sf,discrete,22,DF-PC (Pure),0.5,1.0,0.3333333333333333,6.0,45,0,94,0.006852388381958008,0.006080150604248047,0.0007722377777099609
10,2000,2,sf,discrete,23,Standard PC,0.3636363636363636,1.0,0.2222222222222222,7.0,59,14,104,0.00932621955871582,0.008713006973266602,0.0006132125854492188
10,2000,2,sf,discrete,23,DF-PC (Pure),0.6250000000000001,0.7142857142857143,0.5555555555555556,6.0,45,0,124,0.007104635238647461,0.006090879440307617,0.0010137557983398438
10,2000,2,sf,discrete,24,Standard PC,0.0,0.0,0.0,9.0,47,2,92,0.007220029830932617,0.006678342819213867,0.00054168701171875
10,2000,2,sf,discrete,24,DF-PC (Pure),0.3636363636363636,1.0,0.2222222222222222,7.0,45,0,92,0.006764650344848633,0.0060236454010009766,0.0007410049438476562
10,2000,2,sf,discrete,25,Standard PC,0.7142857142857143,1.0,0.5555555555555556,4.0,51,6,96,0.007948637008666992,0.007372379302978516,0.0005762577056884766
10,2000,2,sf,discrete,25,DF-PC (Pure),0.7142857142857143,1.0,0.5555555555555556,4.0,45,0,96,0.007059574127197266,0.006261348724365234,0.0007982254028320312
10,2000,2,sf,discrete,26,Standard PC,0.3636363636363636,1.0,0.2222222222222222,7.0,45,0,90,0.0067293643951416016,0.0062100887298583984,0.0005192756652832031
10,2000,2,sf,discrete,26,DF-PC (Pure),0.3636363636363636,1.0,0.2222222222222222,7.0,45,0,90,0.006584644317626953,0.0058879852294921875,0.0006966590881347656
10,2000,2,sf,discrete,27,Standard PC,0.6153846153846153,1.0,0.4444444444444444,5.0,51,6,96,0.007881879806518555,0.007295131683349609,0.0005867481231689453
10,2000,2,sf,discrete,27,DF-PC (Pure),0.6666666666666667,0.8333333333333334,0.5555555555555556,5.0,45,0,96,0.00687408447265625,0.0060651302337646484,0.0008089542388916016
10,2000,2,sf,discrete,28,Standard PC,0.3636363636363636,1.0,0.2222222222222222,7.0,47,2,92,0.007096529006958008,0.006556034088134766,0.0005404949188232422
10,2000,2,sf,discrete,28,DF-PC (Pure),0.5,1.0,0.3333333333333333,6.0,45,0,92,0.00672459602355957,0.005991697311401367,0.0007328987121582031
10,2000,2,sf,discrete,29,Standard PC,0.5,1.0,0.3333333333333333,6.0,55,10,100,0.008688926696777344,0.008081674575805664,0.0006072521209716797
10,2000,2,sf,discrete,29,DF-PC (Pure),0.5714285714285714,0.8,0.4444444444444444,6.0,45,0,103,0.007172822952270508,0.006310462951660156,0.0008623600006103516
10,2000,2,sf,linear_sem,0,Standard PC,1.0,1.0,1.0,0.0,175,130,232,0.017571449279785156,0.016536951065063477,0.0010344982147216797
10,2000,2,sf,linear_sem,0,DF-PC (Pure),1.0,1.0,1.0,0.0,70,25,232,0.008673906326293945,0.006655454635620117,0.002018451690673828
10,2000,2,sf,linear_sem,1,Standard PC,1.0,1.0,1.0,0.0,134,89,202,0.01376795768737793,0.012832164764404297,0.0009357929229736328
10,2000,2,sf,linear_sem,1,DF-PC (Pure),1.0,1.0,1.0,0.0,75,30,202,0.008754730224609375,0.0071408748626708984,0.0016138553619384766
10,2000,2,sf,linear_sem,2,Standard PC,1.0,1.0,1.0,0.0,138,93,206,0.0194852352142334,0.01814436912536621,0.0013408660888671875
10,2000,2,sf,linear_sem,2,DF-PC (Pure),1.0,1.0,1.0,0.0,81,36,206,0.013535737991333008,0.010715007781982422,0.002820730209350586
10,2000,2,sf,linear_sem,3,Standard PC,1.0,1.0,1.0,0.0,181,136,271,0.026291370391845703,0.024657011032104492,0.001634359359741211
10,2000,2,sf,linear_sem,3,DF-PC (Pure),1.0,1.0,1.0,0.0,134,89,271,0.0218813419342041,0.017594575881958008,0.004286766052246094
10,2000,2,sf,linear_sem,4,Standard PC,1.0,1.0,1.0,0.0,146,101,211,0.014791011810302734,0.013780593872070312,0.0010104179382324219
10,2000,2,sf,linear_sem,4,DF-PC (Pure),0.9473684210526316,0.9,1.0,1.0,81,36,211,0.009365558624267578,0.007552623748779297,0.0018129348754882812
10,2000,2,sf,linear_sem,5,Standard PC,1.0,1.0,1.0,0.0,121,76,212,0.012200593948364258,0.011261224746704102,0.0009393692016601562
10,2000,2,sf,linear_sem,5,DF-PC (Pure),1.0,1.0,1.0,0.0,94,49,212,0.010215044021606445,0.008585453033447266,0.0016295909881591797
10,2000,2,sf,linear_sem,6,Standard PC,1.0,1.0,1.0,0.0,289,244,379,0.0290067195892334,0.027439355850219727,0.0015673637390136719
10,2000,2,sf,linear_sem,6,DF-PC (Pure),0.9473684210526316,0.9,1.0,1.0,197,152,382,0.023228168487548828,0.018239498138427734,0.004988670349121094
10,2000,2,sf,linear_sem,7,Standard PC,1.0,1.0,1.0,0.0,154,109,217,0.01862335205078125,0.017404556274414062,0.0012187957763671875
10,2000,2,sf,linear_sem,7,DF-PC (Pure),1.0,1.0,1.0,0.0,102,57,217,0.016879558563232422,0.013215780258178711,0.003663778305053711
10,2000,2,sf,linear_sem,8,Standard PC,0.9411764705882353,1.0,0.8888888888888888,1.0,121,76,202,0.012494087219238281,0.011583328247070312,0.0009107589721679688
10,2000,2,sf,linear_sem,8,DF-PC (Pure),0.9411764705882353,1.0,0.8888888888888888,1.0,97,52,202,0.010918140411376953,0.009154319763183594,0.0017638206481933594
10,2000,2,sf,linear_sem,9,Standard PC,1.0,1.0,1.0,0.0,159,114,229,0.0161592960357666,0.015127182006835938,0.001032114028930664
10,2000,2,sf,linear_sem,9,DF-PC (Pure),1.0,1.0,1.0,0.0,113,68,229,0.013173580169677734,0.010723114013671875,0.0024504661560058594
10,2000,2,sf,linear_sem,10,Standard PC,1.0,1.0,1.0,0.0,139,94,203,0.013979911804199219,0.013028621673583984,0.0009512901306152344
10,2000,2,sf,linear_sem,10,DF-PC (Pure),1.0,1.0,1.0,0.0,77,32,203,0.008833646774291992,0.007114887237548828,0.001718759536743164
10,2000,2,sf,linear_sem,11,Standard PC,1.0,1.0,1.0,0.0,136,91,229,0.014861106872558594,0.01379847526550293,0.001062631607055664
10,2000,2,sf,linear_sem,11,DF-PC (Pure),1.0,1.0,1.0,0.0,104,59,229,0.011458158493041992,0.009595632553100586,0.0018625259399414062
10,2000,2,sf,linear_sem,12,Standard PC,1.0,1.0,1.0,0.0,204,159,292,0.028458356857299805,0.026762008666992188,0.0016963481903076172
10,2000,2,sf,linear_sem,12,DF-PC (Pure),1.0,1.0,1.0,0.0,140,95,292,0.022744178771972656,0.017901182174682617,0.004842996597290039
10,2000,2,sf,linear_sem,13,Standard PC,1.0,1.0,1.0,0.0,178,133,252,0.02432990074157715,0.022830486297607422,0.0014994144439697266
10,2000,2,sf,linear_sem,13,DF-PC (Pure),0.9473684210526316,0.9,1.0,1.0,175,130,358,0.029954195022583008,0.022419214248657227,0.007534980773925781
10,2000,2,sf,linear_sem,14,Standard PC,1.0,1.0,1.0,0.0,146,101,233,0.021008729934692383,0.019558191299438477,0.0014505386352539062
10,2000,2,sf,linear_sem,14,DF-PC (Pure),1.0,1.0,1.0,0.0,107,62,233,0.017076492309570312,0.013988494873046875,0.0030879974365234375
10,2000,2,sf,linear_sem,15,Standard PC,1.0,1.0,1.0,0.0,270,225,329,0.03740644454956055,0.03551602363586426,0.001890420913696289
10,2000,2,sf,linear_sem,15,DF-PC (Pure),0.9473684210526316,0.9,1.0,1.0,63,18,330,0.01334524154663086,0.00816965103149414,0.005175590515136719
10,2000,2,sf,linear_sem,16,Standard PC,1.0,1.0,1.0,0.0,144,99,223,0.01461029052734375,0.013623476028442383,0.0009868144989013672
10,2000,2,sf,linear_sem,16,DF-PC (Pure),1.0,1.0,1.0,0.0,97,52,233,0.011137247085571289,0.009145498275756836,0.001991748809814453
10,2000,2,sf,linear_sem,17,Standard PC,0.9411764705882353,1.0,0.8888888888888888,1.0,136,91,207,0.01388692855834961,0.012970447540283203,0.0009164810180664062
10,2000,2,sf,linear_sem,17,DF-PC (Pure),0.9411764705882353,1.0,0.8888888888888888,1.0,73,28,207,0.008367061614990234,0.0068492889404296875,0.0015177726745605469
10,2000,2,sf,linear_sem,18,Standard PC,0.8888888888888888,0.8888888888888888,0.8888888888888888,2.0,176,131,264,0.017495155334472656,0.016378164291381836,0.0011169910430908203
10,2000,2,sf,linear_sem,18,DF-PC (Pure),0.8888888888888888,0.8888888888888888,0.8888888888888888,2.0,134,89,264,0.015139579772949219,0.01233053207397461,0.0028090476989746094
10,2000,2,sf,linear_sem,19,Standard PC,1.0,1.0,1.0,0.0,177,132,259,0.01736903190612793,0.016277790069580078,0.0010912418365478516
10,2000,2,sf,linear_sem,19,DF-PC (Pure),0.9473684210526316,0.9,1.0,1.0,125,80,259,0.014127016067504883,0.011460304260253906,0.0026667118072509766
10,2000,2,sf,linear_sem,20,Standard PC,1.0,1.0,1.0,0.0,161,116,222,0.015994787216186523,0.014956235885620117,0.0010385513305664062
10,2000,2,sf,linear_sem,20,DF-PC (Pure),1.0,1.0,1.0,0.0,64,19,222,0.007708072662353516,0.005858421325683594,0.0018496513366699219
10,2000,2,sf,linear_sem,21,Standard PC,1.0,1.0,1.0,0.0,172,127,260,0.017785072326660156,0.016622304916381836,0.0011627674102783203
10,2000,2,sf,linear_sem,21,DF-PC (Pure),1.0,1.0,1.0,0.0,126,81,260,0.013778924942016602,0.01136016845703125,0.0024187564849853516
10,2000,2,sf,linear_sem,22,Standard PC,1.0,1.0,1.0,0.0,273,228,338,0.026912927627563477,0.025477170944213867,0.0014357566833496094
10,2000,2,sf,linear_sem,22,DF-PC (Pure),1.0,1.0,1.0,0.0,167,122,338,0.02161693572998047,0.01672959327697754,0.00488734245300293
10,2000,2,sf,linear_sem,23,Standard PC,0.8750000000000001,1.0,0.7777777777777778,2.0,111,66,196,0.011352062225341797,0.010447502136230469,0.0009045600891113281
10,2000,2,sf,linear_sem,23,DF-PC (Pure),0.823529411764706,0.875,0.7777777777777778,3.0,89,44,196,0.009864568710327148,0.008284330368041992,0.0015802383422851562
10,2000,2,sf,linear_sem,24,Standard PC,0.9473684210526316,0.9,1.0,1.0,182,137,246,0.025122404098510742,0.023590087890625,0.0015323162078857422
10,2000,2,sf,linear_sem,24,DF-PC (Pure),0.9473684210526316,0.9,1.0,1.0,77,32,246,0.013416051864624023,0.009912252426147461,0.0035037994384765625
10,2000,2,sf,linear_sem,25,Standard PC,1.0,1.0,1.0,0.0,136,91,210,0.019002199172973633,0.017661571502685547,0.001340627670288086
10,2000,2,sf,linear_sem,25,DF-PC (Pure),1.0,1.0,1.0,0.0,79,34,210,0.012671709060668945,0.010105133056640625,0.0025665760040283203
10,2000,2,sf,linear_sem,26,Standard PC,1.0,1.0,1.0,0.0,262,217,320,0.026013851165771484,0.02469348907470703,0.0013203620910644531
10,2000,2,sf,linear_sem,26,DF-PC (Pure),1.0,1.0,1.0,0.0,58,13,320,0.008750677108764648,0.005488872528076172,0.0032618045806884766
10,2000,2,sf,linear_sem,27,Standard PC,1.0,1.0,1.0,0.0,113,68,184,0.011827707290649414,0.010955333709716797,0.0008723735809326172
10,2000,2,sf,linear_sem,27,DF-PC (Pure),1.0,1.0,1.0,0.0,78,33,184,0.009154081344604492,0.007601022720336914,0.0015530586242675781
10,2000,2,sf,linear_sem,28,Standard PC,1.0,1.0,1.0,0.0,134,89,202,0.01308751106262207,0.012178659439086914,0.0009088516235351562
10,2000,2,sf,linear_sem,28,DF-PC (Pure),1.0,1.0,1.0,0.0,74,29,202,0.008944988250732422,0.007134437561035156,0.0018105506896972656
10,2000,2,sf,linear_sem,29,Standard PC,1.0,1.0,1.0,0.0,268,223,335,0.02690911293029785,0.025513172149658203,0.0013959407806396484
10,2000,2,sf,linear_sem,29,DF-PC (Pure),1.0,1.0,1.0,0.0,168,123,335,0.021131277084350586,0.016330242156982422,0.004801034927368164
10,2000,4,er,discrete,0,Standard PC,0.4,1.0,0.25,15.0,54,9,102,0.008780241012573242,0.008154153823852539,0.0006260871887207031
10,2000,4,er,discrete,0,DF-PC (Pure),0.4615384615384615,1.0,0.3,14.0,48,3,105,0.007674217224121094,0.006768703460693359,0.0009055137634277344
10,2000,4,er,discrete,1,Standard PC,0.4,1.0,0.25,15.0,51,6,96,0.008261680603027344,0.007643699645996094,0.00061798095703125
10,2000,4,er,discrete,1,DF-PC (Pure),0.4,1.0,0.25,15.0,45,0,96,0.006901979446411133,0.0061130523681640625,0.0007889270782470703
10,2000,4,er,discrete,2,Standard PC,0.2608695652173913,1.0,0.15,17.0,57,12,102,0.009167194366455078,0.008541584014892578,0.0006256103515625
10,2000,4,er,discrete,2,DF-PC (Pure),0.4615384615384615,1.0,0.3,14.0,45,0,122,0.00701594352722168,0.006062746047973633,0.0009531974792480469
10,2000,4,er,discrete,3,Standard PC,0.33333333333333337,1.0,0.2,16.0,49,4,94,0.011694669723510742,0.010857582092285156,0.0008370876312255859
10,2000,4,er,discrete,3,DF-PC (Pure),0.33333333333333337,1.0,0.2,16.0,45,0,94,0.010461568832397461,0.009289026260375977,0.0011725425720214844
10,2000,4,er,discrete,4,Standard PC,0.5714285714285715,1.0,0.4,12.0,100,55,148,0.016431331634521484,0.015588045120239258,0.0008432865142822266
10,2000,4,er,discrete,4,DF-PC (Pure),0.6451612903225806,0.9090909090909091,0.5,11.0,48,3,158,0.007910966873168945,0.006649494171142578,0.0012614727020263672
10,2000,4,er,discrete,5,Standard PC,0.33333333333333337,1.0,0.2,16.0,51,6,96,0.008074760437011719,0.007440328598022461,0.0006344318389892578
10,2000,4,er,discrete,5,DF-PC (Pure),0.32000000000000006,0.8,0.2,17.0,45,0,96,0.007519245147705078,0.006490230560302734,0.0010290145874023438
10,2000,4,er,discrete,6,Standard PC,0.4,1.0,0.25,15.0,59,14,104,0.009238719940185547,0.008609771728515625,0.0006289482116699219
10,2000,4,er,discrete,6,DF-PC (Pure),0.4615384615384615,1.0,0.3,14.0,45,0,107,0.0067369937896728516,0.005916595458984375,0.0008203983306884766
10,2000,4,er,discrete,7,Standard PC,0.4615384615384615,1.0,0.3,14.0,93,48,148,0.014754056930541992,0.013944864273071289,0.0008091926574707031
10,2000,4,er,discrete,7,DF-PC (Pure),0.7096774193548387,1.0,0.55,9.0,59,14,198,0.010521650314331055,0.00856637954711914,0.001955270767211914
10,2000,4,er,discrete,8,Standard PC,0.4615384615384615,1.0,0.3,14.0,87,42,137,0.02092289924621582,0.019796371459960938,0.0011265277862548828
10,2000,4,er,discrete,8,DF-PC (Pure),0.6451612903225806,0.9090909090909091,0.5,11.0,51,6,177,0.012860298156738281,0.010486841201782227,0.0023734569549560547
10,2000,4,er,discrete,9,Standard PC,0.4,1.0,0.25,15.0,73,28,123,0.019969463348388672,0.018850326538085938,0.0011191368103027344
10,2000,4,er,discrete,9,DF-PC (Pure),0.5517241379310346,0.8888888888888888,0.4,13.0,51,6,187,0.015427589416503906,0.01260066032409668,0.0028269290924072266
10,2000,4,er,discrete,10,Standard PC,0.33333333333333337,1.0,0.2,16.0,55,10,100,0.0088348388671875,0.008215904235839844,0.0006189346313476562
10,2000,4,er,discrete,10,DF-PC (Pure),0.4615384615384615,1.0,0.3,14.0,45,0,100,0.007016181945800781,0.0062062740325927734,0.0008099079132080078
10,2000,4,er,discrete,11,Standard PC,0.4,1.0,0.25,15.0,47,2,92,0.00718235969543457,0.0066297054290771484,0.0005526542663574219
10,2000,4,er,discrete,11,DF-PC (Pure),0.4,1.0,0.25,15.0,45,0,92,0.006814002990722656,0.0060634613037109375,0.0007505416870117188
10,2000,4,er,discrete,12,Standard PC,0.4,1.0,0.25,15.0,53,8,98,0.008260726928710938,0.0076711177825927734,0.0005896091461181641
10,2000,4,er,discrete,12,DF-PC (Pure),0.4615384615384615,1.0,0.3,14.0,45,0,98,0.006752967834472656,0.005967140197753906,0.00078582763671875
10,2000,4,er,discrete,13,Standard PC,0.33333333333333337,1.0,0.2,16.0,61,16,108,0.00999307632446289,0.009295225143432617,0.0006978511810302734
10,2000,4,er,discrete,13,DF-PC (Pure),0.5714285714285715,1.0,0.4,12.0,48,3,128,0.007801055908203125,0.006708860397338867,0.0010921955108642578
10,2000,4,er,discrete,14,Standard PC,0.33333333333333337,1.0,0.2,16.0,49,4,94,0.007483959197998047,0.0069332122802734375,0.0005507469177246094
10,2000,4,er,discrete,14,DF-PC (Pure),0.33333333333333337,1.0,0.2,16.0,45,0,94,0.006572246551513672,0.005835056304931641,0.0007371902465820312
10,2000,4,er,discrete,15,Standard PC,0.4,1.0,0.25,15.0,72,27,117,0.011222362518310547,0.010523319244384766,0.0006990432739257812
10,2000,4,er,discrete,15,DF-PC (Pure),0.4999999999999999,0.875,0.35,14.0,45,0,136,0.006994009017944336,0.005943775177001953,0.0010502338409423828
10,2000,4,er,discrete,16,Standard PC,0.2608695652173913,1.0,0.15,17.0,73,28,120,0.011273384094238281,0.010613203048706055,0.0006601810455322266
10,2000,4,er,discrete,16,DF-PC (Pure),0.6206896551724138,1.0,0.45,11.0,48,3,142,0.007505893707275391,0.006386280059814453,0.0011196136474609375
10,2000,4,er,discrete,17,Standard PC,0.32000000000000006,0.8,0.2,17.0,51,6,96,0.011857032775878906,0.010984420776367188,0.0008726119995117188
10,2000,4,er,discrete,17,DF-PC (Pure),0.3846153846153846,0.8333333333333334,0.25,16.0,45,0,96,0.010095357894897461,0.008883237838745117,0.0012121200561523438
10,2000,4,er,discrete,18,Standard PC,0.2608695652173913,1.0,0.15,17.0,54,9,99,0.008513927459716797,0.007923603057861328,0.0005903244018554688
10,2000,4,er,discrete,18,DF-PC (Pure),0.2608695652173913,1.0,0.15,17.0,45,0,99,0.006945133209228516,0.006154537200927734,0.0007905960083007812
10,2000,4,er,discrete,19,Standard PC,0.33333333333333337,1.0,0.2,16.0,53,8,98,0.012181997299194336,0.011332035064697266,0.0008499622344970703
10,2000,4,er,discrete,19,DF-PC (Pure),0.3846153846153846,0.8333333333333334,0.25,16.0,45,0,103,0.010139942169189453,0.008850336074829102,0.0012896060943603516
10,2000,4,er,discrete,20,Standard PC,0.4,1.0,0.25,15.0,77,32,122,0.012982368469238281,0.01219940185546875,0.0007829666137695312
10,2000,4,er,discrete,20,DF-PC (Pure),0.5517241379310346,0.8888888888888888,0.4,13.0,45,0,135,0.0072782039642333984,0.0061647891998291016,0.0011134147644042969
10,2000,4,er,discrete,21,Standard PC,0.2608695652173913,1.0,0.15,17.0,52,7,97,0.008024454116821289,0.007458925247192383,0.0005655288696289062
10,2000,4,er,discrete,21,DF-PC (Pure),0.33333333333333337,1.0,0.2,16.0,45,0,101,0.0067784786224365234,0.0059893131256103516,0.0007891654968261719
10,2000,4,er,discrete,22,Standard PC,0.4,1.0,0.25,15.0,56,11,101,0.008848190307617188,0.008231401443481445,0.0006167888641357422
10,2000,4,er,discrete,22,DF-PC (Pure),0.4444444444444444,0.8571428571428571,0.3,15.0,45,0,105,0.007220268249511719,0.006310701370239258,0.0009095668792724609
10,2000,4,er,discrete,23,Standard PC,0.33333333333333337,1.0,0.2,16.0,51,6,96,0.007998228073120117,0.007422924041748047,0.0005753040313720703
10,2000,4,er,discrete,23,DF-PC (Pure),0.4,1.0,0.25,15.0,45,0,96,0.006767988204956055,0.006005287170410156,0.0007627010345458984
10,2000,4,er,discrete,24,Standard PC,0.4,1.0,0.25,15.0,51,6,96,0.007885217666625977,0.007300376892089844,0.0005848407745361328
10,2000,4,er,discrete,24,DF-PC (Pure),0.4,1.0,0.25,15.0,45,0,96,0.006800174713134766,0.0060138702392578125,0.0007863044738769531
10,2000,4,er,discrete,25,Standard PC,0.4615384615384615,1.0,0.3,14.0,66,21,111,0.010278701782226562,0.009618282318115234,0.0006604194641113281
10,2000,4,er,discrete,25,DF-PC (Pure),0.4999999999999999,0.875,0.35,14.0,45,0,126,0.006943225860595703,0.005927324295043945,0.0010159015655517578
10,2000,4,er,discrete,26,Standard PC,0.4,1.0,0.25,15.0,60,15,105,0.009603261947631836,0.008958101272583008,0.0006451606750488281
10,2000,4,er,discrete,26,DF-PC (Pure),0.5185185185185185,1.0,0.35,13.0,45,0,112,0.006783008575439453,0.005928993225097656,0.0008540153503417969
10,2000,4,er,discrete,27,Standard PC,0.4,1.0,0.25,15.0,61,16,108,0.01682138442993164,0.01580643653869629,0.0010149478912353516
10,2000,4,er,discrete,27,DF-PC (Pure),0.5517241379310346,0.8888888888888888,0.4,13.0,48,3,116,0.013038396835327148,0.01149296760559082,0.0015454292297363281
10,2000,4,er,discrete,28,Standard PC,0.4615384615384615,1.0,0.3,14.0,73,28,118,0.012584447860717773,0.011836767196655273,0.0007476806640625
10,2000,4,er,discrete,28,DF-PC (Pure),0.5714285714285715,1.0,0.4,12.0,45,0,118,0.007360696792602539,0.006418704986572266,0.0009419918060302734
10,2000,4,er,discrete,29,Standard PC,0.33333333333333337,1.0,0.2,16.0,49,4,94,0.011389493942260742,0.010535478591918945,0.0008540153503417969
10,2000,4,er,discrete,29,DF-PC (Pure),0.33333333333333337,1.0,0.2,16.0,45,0,94,0.010471820831298828,0.009294748306274414,0.001177072525024414
10,2000,4,er,linear_sem,0,Standard PC,0.7058823529411764,0.8571428571428571,0.6,10.0,595,550,877,0.09131908416748047,0.08681869506835938,0.004500389099121094
10,2000,4,er,linear_sem,0,DF-PC (Pure),0.7058823529411764,0.8571428571428571,0.6,10.0,473,428,882,0.08340191841125488,0.06834721565246582,0.015054702758789062
10,2000,4,er,linear_sem,1,Standard PC,0.7647058823529412,0.9285714285714286,0.65,8.0,521,476,726,0.07230973243713379,0.0687398910522461,0.0035698413848876953
10,2000,4,er,linear_sem,1,DF-PC (Pure),0.7647058823529412,0.9285714285714286,0.65,8.0,418,373,726,0.06727814674377441,0.05380749702453613,0.013470649719238281
10,2000,4,er,linear_sem,2,Standard PC,0.7096774193548387,1.0,0.55,9.0,475,430,749,0.0651862621307373,0.0616452693939209,0.0035409927368164062
10,2000,4,er,linear_sem,2,DF-PC (Pure),0.7096774193548387,1.0,0.55,9.0,405,360,749,0.050699472427368164,0.042752981185913086,0.007946491241455078
10,2000,4,er,linear_sem,3,Standard PC,0.625,0.8333333333333334,0.5,12.0,342,297,536,0.03343701362609863,0.03153061866760254,0.0019063949584960938
10,2000,4,er,linear_sem,3,DF-PC (Pure),0.625,0.8333333333333334,0.5,12.0,271,226,536,0.029206514358520508,0.024447202682495117,0.004759311676025391
10,2000,4,er,linear_sem,4,Standard PC,0.8235294117647058,1.0,0.7,6.0,626,581,991,0.10359358787536621,0.0983729362487793,0.005220651626586914
10,2000,4,er,linear_sem,4,DF-PC (Pure),0.8235294117647058,1.0,0.7,6.0,567,522,991,0.10622262954711914,0.08981847763061523,0.016404151916503906
10,2000,4,er,linear_sem,5,Standard PC,0.6060606060606061,0.7692307692307693,0.5,13.0,509,464,767,0.0849008560180664,0.08063340187072754,0.004267454147338867
10,2000,4,er,linear_sem,5,DF-PC (Pure),0.6060606060606061,0.7692307692307693,0.5,13.0,423,378,767,0.08170175552368164,0.06868815422058105,0.013013601303100586
10,2000,4,er,linear_sem,6,Standard PC,0.7272727272727274,0.9230769230769231,0.6,9.0,600,555,838,0.0842130184173584,0.08006691932678223,0.004146099090576172
10,2000,4,er,linear_sem,6,DF-PC (Pure),0.7272727272727274,0.9230769230769231,0.6,9.0,449,404,838,0.07232332229614258,0.05818796157836914,0.014135360717773438
10,2000,4,er,linear_sem,7,Standard PC,0.6666666666666666,1.0,0.5,10.0,543,498,931,0.07663631439208984,0.07260942459106445,0.004026889801025391
10,2000,4,er,linear_sem,7,DF-PC (Pure),0.6666666666666666,1.0,0.5,10.0,514,469,931,0.07993865013122559,0.06640148162841797,0.013537168502807617
10,2000,4,er,linear_sem,8,Standard PC,0.8235294117647058,1.0,0.7,6.0,647,602,1042,0.09272050857543945,0.08795666694641113,0.00476384162902832
10,2000,4,er,linear_sem,8,DF-PC (Pure),0.8235294117647058,1.0,0.7,6.0,597,552,1042,0.09305286407470703,0.07748723030090332,0.015565633773803711
10,2000,4,er,linear_sem,9,Standard PC,0.6857142857142857,0.8,0.6,11.0,830,785,1283,0.11452341079711914,0.10895586013793945,0.0055675506591796875
10,2000,4,er,linear_sem,9,DF-PC (Pure),0.6857142857142857,0.8,0.6,11.0,750,705,1283,0.1172633171081543,0.09733247756958008,0.01993083953857422
10,2000,4,er,linear_sem,10,Standard PC,0.5806451612903226,0.8181818181818182,0.45,13.0,466,421,724,0.04754757881164551,0.044994354248046875,0.002553224563598633
10,2000,4,er,linear_sem,10,DF-PC (Pure),0.5806451612903226,0.8181818181818182,0.45,13.0,386,341,724,0.04325246810913086,0.036223649978637695,0.007028818130493164
10,2000,4,er,linear_sem,11,Standard PC,0.6060606060606061,0.7692307692307693,0.5,13.0,577,532,900,0.059418678283691406,0.056391239166259766,0.0030274391174316406
10,2000,4,er,linear_sem,11,DF-PC (Pure),0.6060606060606061,0.7692307692307693,0.5,13.0,526,481,900,0.058968544006347656,0.049947500228881836,0.00902104377746582
10,2000,4,er,linear_sem,12,Standard PC,0.6666666666666666,1.0,0.5,10.0,677,632,1056,0.09482240676879883,0.09003853797912598,0.0047838687896728516
10,2000,4,er,linear_sem,12,DF-PC (Pure),0.7096774193548387,1.0,0.55,9.0,617,572,1072,0.09701681137084961,0.08081746101379395,0.016199350357055664
10,2000,4,er,linear_sem,13,Standard PC,0.6451612903225806,0.9090909090909091,0.5,11.0,694,649,1096,0.09607076644897461,0.09126996994018555,0.0048007965087890625
10,2000,4,er,linear_sem,13,DF-PC (Pure),0.6451612903225806,0.9090909090909091,0.5,11.0,638,593,1097,0.10136985778808594,0.08332490921020508,0.01804494857788086
10,2000,4,er,linear_sem,14,Standard PC,0.7272727272727274,0.9230769230769231,0.6,9.0,477,432,698,0.046195268630981445,0.0436854362487793,0.0025098323822021484
10,2000,4,er,linear_sem,14,DF-PC (Pure),0.7272727272727274,0.9230769230769231,0.6,9.0,360,315,698,0.03942751884460449,0.0326991081237793,0.006728410720825195
10,2000,4,er,linear_sem,15,Standard PC,0.625,0.8333333333333334,0.5,12.0,624,579,957,0.060193538665771484,0.0570375919342041,0.003155946731567383
10,2000,4,er,linear_sem,15,DF-PC (Pure),0.6874999999999999,0.9166666666666666,0.55,10.0,601,556,978,0.0658416748046875,0.05482196807861328,0.011019706726074219
10,2000,4,er,linear_sem,16,Standard PC,0.787878787878788,1.0,0.65,7.0,567,522,872,0.0949711799621582,0.09001994132995605,0.0049512386322021484
10,2000,4,er,linear_sem,16,DF-PC (Pure),0.787878787878788,1.0,0.65,7.0,481,436,872,0.08944463729858398,0.07517170906066895,0.014272928237915039
10,2000,4,er,linear_sem,17,Standard PC,0.7058823529411764,0.8571428571428571,0.6,10.0,501,456,723,0.0822148323059082,0.07814168930053711,0.004073143005371094
10,2000,4,er,linear_sem,17,DF-PC (Pure),0.7058823529411764,0.8571428571428571,0.6,10.0,381,336,723,0.07058167457580566,0.05842900276184082,0.012152671813964844
10,2000,4,er,linear_sem,18,Standard PC,0.7499999999999999,1.0,0.6,8.0,473,428,711,0.046567440032958984,0.044152259826660156,0.002415180206298828
10,2000,4,er,linear_sem,18,DF-PC (Pure),0.7499999999999999,1.0,0.6,8.0,360,315,704,0.04060530662536621,0.03378152847290039,0.00682377815246582
10,2000,4,er,linear_sem,19,Standard PC,0.787878787878788,1.0,0.65,7.0,575,530,826,0.0559077262878418,0.05317568778991699,0.0027320384979248047
10,2000,4,er,linear_sem,19,DF-PC (Pure),0.787878787878788,1.0,0.65,7.0,447,402,826,0.0492551326751709,0.04112505912780762,0.008130073547363281
10,2000,4,er,linear_sem,20,Standard PC,0.6874999999999999,0.9166666666666666,0.55,10.0,680,635,1006,0.09289884567260742,0.08843684196472168,0.004462003707885742
10,2000,4,er,linear_sem,20,DF-PC (Pure),0.6874999999999999,0.9166666666666666,0.55,10.0,581,536,1006,0.0904390811920166,0.07432675361633301,0.016112327575683594
10,2000,4,er,linear_sem,21,Standard PC,0.7499999999999999,1.0,0.6,8.0,520,475,804,0.07212305068969727,0.0684049129486084,0.003718137741088867
10,2000,4,er,linear_sem,21,DF-PC (Pure),0.7499999999999999,1.0,0.6,8.0,425,380,804,0.06625199317932129,0.05438733100891113,0.011864662170410156
10,2000,4,er,linear_sem,22,Standard PC,0.6060606060606061,0.7692307692307693,0.5,13.0,577,532,850,0.06449580192565918,0.061264991760253906,0.0032308101654052734
10,2000,4,er,linear_sem,22,DF-PC (Pure),0.6060606060606061,0.7692307692307693,0.5,13.0,478,433,850,0.07850074768066406,0.06410074234008789,0.014400005340576172
10,2000,4,er,linear_sem,23,Standard PC,0.6060606060606061,0.7692307692307693,0.5,13.0,557,512,821,0.07725644111633301,0.07350325584411621,0.003753185272216797
10,2000,4,er,linear_sem,23,DF-PC (Pure),0.6060606060606061,0.7692307692307693,0.5,13.0,457,412,845,0.07287335395812988,0.05990767478942871,0.012965679168701172
10,2000,4,er,linear_sem,24,Standard PC,0.7058823529411764,0.8571428571428571,0.6,10.0,508,463,740,0.05013728141784668,0.047380685806274414,0.0027565956115722656
10,2000,4,er,linear_sem,24,DF-PC (Pure),0.6470588235294117,0.7857142857142857,0.55,12.0,409,364,770,0.04617571830749512,0.03824281692504883,0.007932901382446289
10,2000,4,er,linear_sem,25,Standard PC,0.6,0.9,0.45,12.0,717,672,1077,0.07073545455932617,0.06715703010559082,0.0035784244537353516
10,2000,4,er,linear_sem,25,DF-PC (Pure),0.6,0.9,0.45,12.0,633,588,1077,0.06927132606506348,0.058057546615600586,0.01121377944946289
10,2000,4,er,linear_sem,26,Standard PC,0.7647058823529412,0.9285714285714286,0.65,8.0,534,489,799,0.05170083045959473,0.04898190498352051,0.0027189254760742188
10,2000,4,er,linear_sem,26,DF-PC (Pure),0.7647058823529412,0.9285714285714286,0.65,8.0,428,383,799,0.04749298095703125,0.03970146179199219,0.0077915191650390625
10,2000,4,er,linear_sem,27,Standard PC,0.7428571428571429,0.8666666666666667,0.65,9.0,636,591,938,0.06438899040222168,0.06108832359313965,0.0033006668090820312
10,2000,4,er,linear_sem,27,DF-PC (Pure),0.7428571428571429,0.8666666666666667,0.65,9.0,556,511,938,0.05997586250305176,0.0503687858581543,0.009607076644897461
10,2000,4,er,linear_sem,28,Standard PC,0.6666666666666667,0.8461538461538461,0.55,11.0,730,685,1092,0.07242703437805176,0.06867647171020508,0.0037505626678466797
10,2000,4,er,linear_sem,28,DF-PC (Pure),0.7058823529411764,0.8571428571428571,0.6,10.0,674,629,1118,0.07501769065856934,0.06252622604370117,0.012491464614868164
10,2000,4,er,linear_sem,29,Standard PC,0.7499999999999999,1.0,0.6,8.0,450,405,662,0.04320955276489258,0.0409550666809082,0.002254486083984375
10,2000,4,er,linear_sem,29,DF-PC (Pure),0.7499999999999999,1.0,0.6,8.0,329,284,662,0.03659248352050781,0.03028416633605957,0.006308317184448242
10,2000,4,sf,discrete,0,Standard PC,0.3157894736842105,1.0,0.1875,13.0,45,0,90,0.00665283203125,0.006121158599853516,0.0005316734313964844
10,2000,4,sf,discrete,0,DF-PC (Pure),0.3157894736842105,1.0,0.1875,13.0,45,0,90,0.006703376770019531,0.005976200103759766,0.0007271766662597656
10,2000,4,sf,discrete,1,Standard PC,0.4,1.0,0.25,12.0,62,17,107,0.00943899154663086,0.00882101058959961,0.00061798095703125
10,2000,4,sf,discrete,1,DF-PC (Pure),0.6086956521739131,1.0,0.4375,9.0,45,0,114,0.006870269775390625,0.005967140197753906,0.0009031295776367188
10,2000,4,sf,discrete,2,Standard PC,0.3157894736842105,1.0,0.1875,13.0,47,2,92,0.00735926628112793,0.006803274154663086,0.0005559921264648438
10,2000,4,sf,discrete,2,DF-PC (Pure),0.3157894736842105,1.0,0.1875,13.0,45,0,92,0.007053375244140625,0.006281375885009766,0.0007719993591308594
10,2000,4,sf,discrete,3,Standard PC,0.4,1.0,0.25,12.0,56,11,101,0.008875131607055664,0.008253335952758789,0.000621795654296875
10,2000,4,sf,discrete,3,DF-PC (Pure),0.38095238095238093,0.8,0.25,13.0,45,0,101,0.006860017776489258,0.0060384273529052734,0.0008215904235839844
10,2000,4,sf,discrete,4,Standard PC,0.4,1.0,0.25,12.0,47,2,92,0.010591268539428711,0.009770631790161133,0.0008206367492675781
10,2000,4,sf,discrete,4,DF-PC (Pure),0.4,1.0,0.25,12.0,45,0,92,0.00995016098022461,0.00880289077758789,0.0011472702026367188
10,2000,4,sf,discrete,5,Standard PC,0.3157894736842105,1.0,0.1875,13.0,49,4,94,0.0075855255126953125,0.0070116519927978516,0.0005738735198974609
10,2000,4,sf,discrete,5,DF-PC (Pure),0.3,0.75,0.1875,14.0,45,0,94,0.006830930709838867,0.0060617923736572266,0.0007691383361816406
10,2000,4,sf,discrete,6,Standard PC,0.47619047619047616,1.0,0.3125,11.0,49,4,94,0.0073015689849853516,0.006751060485839844,0.0005505084991455078
10,2000,4,sf,discrete,6,DF-PC (Pure),0.47619047619047616,1.0,0.3125,11.0,45,0,94,0.006562709808349609,0.005814552307128906,0.0007481575012207031
10,2000,4,sf,discrete,7,Standard PC,0.5454545454545454,1.0,0.375,10.0,64,19,109,0.009836196899414062,0.009189367294311523,0.0006468296051025391
10,2000,4,sf,discrete,7,DF-PC (Pure),0.6666666666666666,1.0,0.5,8.0,45,0,116,0.006754159927368164,0.0058519840240478516,0.0009021759033203125
10,2000,4,sf,discrete,8,Standard PC,0.47619047619047616,1.0,0.3125,11.0,51,6,96,0.00816655158996582,0.007568359375,0.0005981922149658203
10,2000,4,sf,discrete,8,DF-PC (Pure),0.47619047619047616,1.0,0.3125,11.0,45,0,96,0.006953716278076172,0.006175518035888672,0.0007781982421875
10,2000,4,sf,discrete,9,Standard PC,0.5454545454545454,1.0,0.375,10.0,60,15,105,0.009340047836303711,0.008709192276000977,0.0006308555603027344
10,2000,4,sf,discrete,9,DF-PC (Pure),0.6086956521739131,1.0,0.4375,9.0,45,0,105,0.006934165954589844,0.0060999393463134766,0.0008342266082763672
10,2000,4,sf,discrete,10,Standard PC,0.3157894736842105,1.0,0.1875,13.0,53,8,98,0.008086442947387695,0.00751948356628418,0.0005669593811035156
10,2000,4,sf,discrete,10,DF-PC (Pure),0.4,1.0,0.25,12.0,45,0,98,0.00690460205078125,0.006120920181274414,0.0007836818695068359
10,2000,4,sf,discrete,11,Standard PC,0.47619047619047616,1.0,0.3125,11.0,57,12,105,0.008888721466064453,0.008275270462036133,0.0006134510040283203
10,2000,4,sf,discrete,11,DF-PC (Pure),0.47619047619047616,1.0,0.3125,11.0,48,3,105,0.007337331771850586,0.006491899490356445,0.0008454322814941406
10,2000,4,sf,discrete,12,Standard PC,0.4,1.0,0.25,12.0,64,19,111,0.010123252868652344,0.009474992752075195,0.0006482601165771484
10,2000,4,sf,discrete,12,DF-PC (Pure),0.47619047619047616,1.0,0.3125,11.0,48,3,112,0.0073816776275634766,0.006496906280517578,0.0008847713470458984
10,2000,4,sf,discrete,13,Standard PC,0.47619047619047616,1.0,0.3125,11.0,50,5,98,0.007642030715942383,0.007058382034301758,0.000583648681640625
10,2000,4,sf,discrete,13,DF-PC (Pure),0.47619047619047616,1.0,0.3125,11.0,48,3,98,0.007246494293212891,0.006457090377807617,0.0007894039154052734
10,2000,4,sf,discrete,14,Standard PC,0.4,1.0,0.25,12.0,49,4,94,0.00762176513671875,0.007063865661621094,0.0005578994750976562
10,2000,4,sf,discrete,14,DF-PC (Pure),0.4,1.0,0.25,12.0,45,0,94,0.006841897964477539,0.006103038787841797,0.0007388591766357422
10,2000,4,sf,discrete,15,Standard PC,0.4,1.0,0.25,12.0,47,2,92,0.007260799407958984,0.006712913513183594,0.0005478858947753906
10,2000,4,sf,discrete,15,DF-PC (Pure),0.4,1.0,0.25,12.0,45,0,92,0.0068852901458740234,0.006147623062133789,0.0007376670837402344
10,2000,4,sf,discrete,16,Standard PC,0.21052631578947367,0.6666666666666666,0.125,15.0,47,2,92,0.007190227508544922,0.00663447380065918,0.0005557537078857422
10,2000,4,sf,discrete,16,DF-PC (Pure),0.21052631578947367,0.6666666666666666,0.125,15.0,45,0,92,0.006618022918701172,0.005883455276489258,0.0007345676422119141
10,2000,4,sf,discrete,17,Standard PC,0.4,1.0,0.25,12.0,49,4,94,0.007321596145629883,0.006743669509887695,0.0005779266357421875
10,2000,4,sf,discrete,17,DF-PC (Pure),0.4,1.0,0.25,12.0,45,0,94,0.006830692291259766,0.00606226921081543,0.0007684230804443359
10,2000,4,sf,discrete,18,Standard PC,0.2222222222222222,1.0,0.125,14.0,45,0,90,0.006961822509765625,0.006407022476196289,0.0005548000335693359
10,2000,4,sf,discrete,18,DF-PC (Pure),0.2222222222222222,1.0,0.125,14.0,45,0,90,0.006902933120727539,0.006154060363769531,0.0007488727569580078
10,2000,4,sf,discrete,19,Standard PC,0.3157894736842105,1.0,0.1875,13.0,47,2,92,0.0072727203369140625,0.006709575653076172,0.0005631446838378906
10,2000,4,sf,discrete,19,DF-PC (Pure),0.3157894736842105,1.0,0.1875,13.0,45,0,92,0.006710052490234375,0.005967378616333008,0.0007426738739013672
10,2000,4,sf,discrete,20,Standard PC,0.2222222222222222,1.0,0.125,14.0,47,2,92,0.007218599319458008,0.00667262077331543,0.0005459785461425781
10,2000,4,sf,discrete,20,DF-PC (Pure),0.2222222222222222,1.0,0.125,14.0,45,0,92,0.00671076774597168,0.005975008010864258,0.0007357597351074219
10,2000,4,sf,discrete,21,Standard PC,0.3157894736842105,1.0,0.1875,13.0,49,4,94,0.007601261138916016,0.0070455074310302734,0.0005557537078857422
10,2000,4,sf,discrete,21,DF-PC (Pure),0.47619047619047616,1.0,0.3125,11.0,45,0,94,0.0068051815032958984,0.006039619445800781,0.0007655620574951172
10,2000,4,sf,discrete,22,Standard PC,0.4,1.0,0.25,12.0,47,2,92,0.00728297233581543,0.0067293643951416016,0.0005536079406738281
10,2000,4,sf,discrete,22,DF-PC (Pure),0.4,1.0,0.25,12.0,45,0,92,0.006942272186279297,0.006175994873046875,0.0007662773132324219
10,2000,4,sf,discrete,23,Standard PC,0.5454545454545454,1.0,0.375,10.0,66,21,111,0.010510683059692383,0.009850263595581055,0.0006604194641113281
10,2000,4,sf,discrete,23,DF-PC (Pure),0.6666666666666666,1.0,0.5,8.0,45,0,114,0.006990909576416016,0.0060787200927734375,0.0009121894836425781
10,2000,4,sf,discrete,24,Standard PC,0.3157894736842105,1.0,0.1875,13.0,62,17,107,0.009641885757446289,0.00902557373046875,0.0006163120269775391
10,2000,4,sf,discrete,24,DF-PC (Pure),0.5454545454545454,1.0,0.375,10.0,45,0,127,0.00697779655456543,0.005980253219604492,0.0009975433349609375
10,2000,4,sf,discrete,25,Standard PC,0.1111111111111111,0.5,0.0625,16.0,45,0,90,0.006669282913208008,0.006139516830444336,0.0005297660827636719
10,2000,4,sf,discrete,25,DF-PC (Pure),0.1111111111111111,0.5,0.0625,16.0,45,0,90,0.006630659103393555,0.005901813507080078,0.0007288455963134766
10,2000,4,sf,discrete,26,Standard PC,0.3157894736842105,1.0,0.1875,13.0,49,4,94,0.011272907257080078,0.010449409484863281,0.0008234977722167969
10,2000,4,sf,discrete,26,DF-PC (Pure),0.4,1.0,0.25,12.0,45,0,94,0.010027885437011719,0.008884429931640625,0.0011434555053710938
10,2000,4,sf,discrete,27,Standard PC,0.11764705882352941,1.0,0.0625,15.0,47,2,92,0.007492542266845703,0.006910800933837891,0.0005817413330078125
10,2000,4,sf,discrete,27,DF-PC (Pure),0.2222222222222222,1.0,0.125,14.0,45,0,92,0.0066950321197509766,0.005946636199951172,0.0007483959197998047
10,2000,4,sf,discrete,28,Standard PC,0.11764705882352941,1.0,0.0625,15.0,45,0,90,0.0067484378814697266,0.006236076354980469,0.0005123615264892578
10,2000,4,sf,discrete,28,DF-PC (Pure),0.11764705882352941,1.0,0.0625,15.0,45,0,90,0.006643772125244141,0.005948066711425781,0.0006957054138183594
10,2000,4,sf,discrete,29,Standard PC,0.4,1.0,0.25,12.0,48,3,96,0.0073244571685791016,0.006763935089111328,0.0005605220794677734
10,2000,4,sf,discrete,29,DF-PC (Pure),0.4,1.0,0.25,12.0,48,3,96,0.00719761848449707,0.006429195404052734,0.0007684230804443359
10,2000,4,sf,linear_sem,0,Standard PC,0.7999999999999999,0.8571428571428571,0.75,6.0,369,324,476,0.03594493865966797,0.034093618392944336,0.0018513202667236328
10,2000,4,sf,linear_sem,0,DF-PC (Pure),0.7999999999999999,0.8571428571428571,0.75,6.0,174,129,476,0.021944284439086914,0.016383886337280273,0.005560398101806641
10,2000,4,sf,linear_sem,1,Standard PC,0.8571428571428571,1.0,0.75,4.0,442,397,664,0.043192386627197266,0.0409243106842041,0.002268075942993164
10,2000,4,sf,linear_sem,1,DF-PC (Pure),0.8571428571428571,1.0,0.75,4.0,386,341,664,0.042742252349853516,0.03549528121948242,0.007246971130371094
10,2000,4,sf,linear_sem,2,Standard PC,0.7692307692307693,1.0,0.625,6.0,587,542,684,0.08064985275268555,0.07714319229125977,0.0035066604614257812
10,2000,4,sf,linear_sem,2,DF-PC (Pure),0.7692307692307693,1.0,0.625,6.0,290,245,684,0.05692791938781738,0.03818655014038086,0.018741369247436523
10,2000,4,sf,linear_sem,3,Standard PC,0.7741935483870969,0.8,0.75,7.0,397,352,534,0.05663871765136719,0.05374908447265625,0.0028896331787109375
10,2000,4,sf,linear_sem,3,DF-PC (Pure),0.7999999999999999,0.8571428571428571,0.75,6.0,250,205,566,0.04241824150085449,0.03256869316101074,0.00984954833984375
10,2000,4,sf,linear_sem,4,Standard PC,0.8571428571428571,1.0,0.75,4.0,675,630,764,0.0658564567565918,0.06311225891113281,0.0027441978454589844
10,2000,4,sf,linear_sem,4,DF-PC (Pure),0.896551724137931,1.0,0.8125,3.0,219,174,1268,0.04414105415344238,0.02123713493347168,0.022903919219970703
10,2000,4,sf,linear_sem,5,Standard PC,0.8571428571428571,1.0,0.75,4.0,582,537,687,0.0548853874206543,0.05242753028869629,0.002457857131958008
10,2000,4,sf,linear_sem,5,DF-PC (Pure),0.8666666666666666,0.9285714285714286,0.8125,4.0,295,250,950,0.03889727592468262,0.0278778076171875,0.011019468307495117
10,2000,4,sf,linear_sem,6,Standard PC,0.7586206896551724,0.8461538461538461,0.6875,7.0,430,385,606,0.042253732681274414,0.040069580078125,0.002184152603149414
10,2000,4,sf,linear_sem,6,DF-PC (Pure),0.7586206896551724,0.8461538461538461,0.6875,7.0,306,261,606,0.03977227210998535,0.03220081329345703,0.00757145881652832
10,2000,4,sf,linear_sem,7,Standard PC,0.9333333333333333,1.0,0.875,2.0,624,579,777,0.08604598045349121,0.08219265937805176,0.003853321075439453
10,2000,4,sf,linear_sem,7,DF-PC (Pure),0.9333333333333333,1.0,0.875,2.0,298,253,777,0.05431628227233887,0.03932380676269531,0.014992475509643555
10,2000,4,sf,linear_sem,8,Standard PC,0.6896551724137931,0.7692307692307693,0.625,9.0,512,467,709,0.07095146179199219,0.06756877899169922,0.0033826828002929688
10,2000,4,sf,linear_sem,8,DF-PC (Pure),0.6896551724137931,0.7692307692307693,0.625,9.0,362,317,709,0.04655027389526367,0.037650346755981445,0.008899927139282227
10,2000,4,sf,linear_sem,9,Standard PC,0.8571428571428571,1.0,0.75,4.0,432,387,638,0.0434422492980957,0.041166067123413086,0.002276182174682617
10,2000,4,sf,linear_sem,9,DF-PC (Pure),0.8571428571428571,1.0,0.75,4.0,330,285,638,0.03702592849731445,0.030516862869262695,0.006509065628051758
10,2000,4,sf,linear_sem,10,Standard PC,0.8148148148148148,1.0,0.6875,5.0,334,289,430,0.03280448913574219,0.031128883361816406,0.0016756057739257812
10,2000,4,sf,linear_sem,10,DF-PC (Pure),0.7857142857142857,0.9166666666666666,0.6875,6.0,155,110,436,0.018407821655273438,0.01434469223022461,0.004063129425048828
10,2000,4,sf,linear_sem,11,Standard PC,0.7999999999999999,0.8571428571428571,0.75,6.0,428,383,553,0.041966915130615234,0.03990912437438965,0.002057790756225586
10,2000,4,sf,linear_sem,11,DF-PC (Pure),0.7999999999999999,0.8571428571428571,0.75,6.0,220,175,553,0.027680635452270508,0.02080678939819336,0.0068738460540771484
10,2000,4,sf,linear_sem,12,Standard PC,0.6896551724137931,0.7692307692307693,0.625,9.0,543,498,829,0.054955244064331055,0.052111148834228516,0.002844095230102539
10,2000,4,sf,linear_sem,12,DF-PC (Pure),0.6896551724137931,0.7692307692307693,0.625,9.0,442,397,829,0.04917144775390625,0.04103589057922363,0.008135557174682617
10,2000,4,sf,linear_sem,13,Standard PC,0.8148148148148148,1.0,0.6875,5.0,323,278,423,0.03139495849609375,0.029762744903564453,0.0016322135925292969
10,2000,4,sf,linear_sem,13,DF-PC (Pure),0.8148148148148148,1.0,0.6875,5.0,162,117,423,0.018818378448486328,0.014931917190551758,0.0038864612579345703
10,2000,4,sf,linear_sem,14,Standard PC,0.7857142857142857,0.9166666666666666,0.6875,6.0,439,394,636,0.07048702239990234,0.06678438186645508,0.0037026405334472656
10,2000,4,sf,linear_sem,14,DF-PC (Pure),0.7857142857142857,0.9166666666666666,0.6875,6.0,344,299,636,0.061878204345703125,0.05114245414733887,0.010735750198364258
10,2000,4,sf,linear_sem,15,Standard PC,0.7407407407407406,0.9090909090909091,0.625,7.0,258,213,358,0.041703224182128906,0.03936886787414551,0.0023343563079833984
10,2000,4,sf,linear_sem,15,DF-PC (Pure),0.7407407407407406,0.9090909090909091,0.625,7.0,150,105,358,0.028284549713134766,0.02264237403869629,0.0056421756744384766
10,2000,4,sf,linear_sem,16,Standard PC,0.7586206896551724,0.8461538461538461,0.6875,7.0,795,750,1035,0.0782771110534668,0.07467198371887207,0.0036051273345947266
10,2000,4,sf,linear_sem,16,DF-PC (Pure),0.7586206896551724,0.8461538461538461,0.6875,7.0,550,505,1035,0.06405091285705566,0.05145144462585449,0.012599468231201172
10,2000,4,sf,linear_sem,17,Standard PC,0.7407407407407406,0.9090909090909091,0.625,7.0,294,249,417,0.029529333114624023,0.027926206588745117,0.0016031265258789062
10,2000,4,sf,linear_sem,17,DF-PC (Pure),0.7407407407407406,0.9090909090909091,0.625,7.0,247,202,417,0.028110027313232422,0.02309870719909668,0.005011320114135742
10,2000,4,sf,linear_sem,18,Standard PC,0.8148148148148148,1.0,0.6875,5.0,377,332,464,0.03647327423095703,0.03468918800354004,0.0017840862274169922
10,2000,4,sf,linear_sem,18,DF-PC (Pure),0.8148148148148148,1.0,0.6875,5.0,163,118,464,0.01999974250793457,0.01504373550415039,0.00495600700378418
10,2000,4,sf,linear_sem,19,Standard PC,0.7142857142857143,0.8333333333333334,0.625,8.0,447,402,609,0.04297804832458496,0.04079151153564453,0.0021865367889404297
10,2000,4,sf,linear_sem,19,DF-PC (Pure),0.7142857142857143,0.8333333333333334,0.625,8.0,303,258,611,0.03392958641052246,0.02773737907409668,0.006192207336425781
10,2000,4,sf,linear_sem,20,Standard PC,0.8571428571428571,1.0,0.75,4.0,330,285,399,0.04488635063171387,0.04265260696411133,0.002233743667602539
10,2000,4,sf,linear_sem,20,DF-PC (Pure),0.8571428571428571,1.0,0.75,4.0,110,65,399,0.02253556251525879,0.01430201530456543,0.00823354721069336
10,2000,4,sf,linear_sem,21,Standard PC,0.7586206896551724,0.8461538461538461,0.6875,7.0,429,384,596,0.05991864204406738,0.05692028999328613,0.00299835205078125
10,2000,4,sf,linear_sem,21,DF-PC (Pure),0.7586206896551724,0.8461538461538461,0.6875,7.0,298,253,603,0.047812461853027344,0.038341522216796875,0.009470939636230469
10,2000,4,sf,linear_sem,22,Standard PC,0.6428571428571429,0.75,0.5625,10.0,258,213,357,0.03552389144897461,0.03349637985229492,0.0020275115966796875
10,2000,4,sf,linear_sem,22,DF-PC (Pure),0.6428571428571429,0.75,0.5625,10.0,150,105,357,0.024588346481323242,0.01930832862854004,0.005280017852783203
10,2000,4,sf,linear_sem,23,Standard PC,0.7692307692307693,1.0,0.625,6.0,391,346,609,0.055910587310791016,0.05292773246765137,0.0029828548431396484
10,2000,4,sf,linear_sem,23,DF-PC (Pure),0.7586206896551724,0.8461538461538461,0.6875,7.0,353,308,669,0.05669808387756348,0.04603767395019531,0.010660409927368164
10,2000,4,sf,linear_sem,24,Standard PC,0.8275862068965517,0.9230769230769231,0.75,5.0,541,496,775,0.052468061447143555,0.04987215995788574,0.0025959014892578125
10,2000,4,sf,linear_sem,24,DF-PC (Pure),0.8275862068965517,0.9230769230769231,0.75,5.0,413,368,775,0.047107696533203125,0.038947105407714844,0.008160591125488281
10,2000,4,sf,linear_sem,25,Standard PC,0.875,0.875,0.875,4.0,803,758,912,0.07892084121704102,0.07554030418395996,0.0033805370330810547
10,2000,4,sf,linear_sem,25,DF-PC (Pure),0.875,0.875,0.875,4.0,192,147,912,0.028581857681274414,0.017841815948486328,0.010740041732788086
10,2000,4,sf,linear_sem,26,Standard PC,0.625,0.625,0.625,12.0,558,513,764,0.055907249450683594,0.05315423011779785,0.002753019332885742
10,2000,4,sf,linear_sem,26,DF-PC (Pure),0.625,0.625,0.625,12.0,369,324,764,0.04226803779602051,0.03440046310424805,0.007867574691772461
10,2000,4,sf,linear_sem,27,Standard PC,0.7586206896551724,0.8461538461538461,0.6875,7.0,416,371,553,0.04033994674682617,0.038289546966552734,0.0020503997802734375
10,2000,4,sf,linear_sem,27,DF-PC (Pure),0.7586206896551724,0.8461538461538461,0.6875,7.0,217,172,553,0.025073766708374023,0.019904613494873047,0.0051691532135009766
10,2000,4,sf,linear_sem,28,Standard PC,0.8571428571428571,1.0,0.75,4.0,789,744,910,0.12703704833984375,0.1218411922454834,0.0051958560943603516
10,2000,4,sf,linear_sem,28,DF-PC (Pure),0.8571428571428571,1.0,0.75,4.0,387,342,916,0.08398866653442383,0.06123208999633789,0.022756576538085938
10,2000,4,sf,linear_sem,29,Standard PC,0.7857142857142857,0.9166666666666666,0.6875,6.0,339,294,435,0.053746700286865234,0.051117897033691406,0.002628803253173828
10,2000,4,sf,linear_sem,29,DF-PC (Pure),0.7857142857142857,0.9166666666666666,0.6875,6.0,143,98,436,0.029128551483154297,0.021488189697265625,0.007640361785888672
10,5000,2,er,discrete,0,Standard PC,0.8235294117647058,1.0,0.7,3.0,88,43,136,0.01675724983215332,0.015922069549560547,0.0008351802825927734
10,5000,2,er,discrete,0,DF-PC (Pure),0.8421052631578948,0.8888888888888888,0.8,3.0,48,3,140,0.008676290512084961,0.0074732303619384766,0.0012030601501464844
10,5000,2,er,discrete,1,Standard PC,0.888888888888889,1.0,0.8,2.0,74,29,122,0.013850927352905273,0.013025283813476562,0.0008256435394287109
10,5000,2,er,discrete,1,DF-PC (Pure),0.888888888888889,1.0,0.8,2.0,48,3,122,0.008739233016967773,0.007668495178222656,0.0010707378387451172
10,5000,2,er,discrete,2,Standard PC,0.9473684210526316,1.0,0.9,1.0,94,49,142,0.01746535301208496,0.01655745506286621,0.00090789794921875
10,5000,2,er,discrete,2,DF-PC (Pure),1.0,1.0,1.0,0.0,48,3,146,0.00824880599975586,0.007028102874755859,0.001220703125
10,5000,2,er,discrete,3,Standard PC,0.6666666666666666,1.0,0.5,5.0,54,9,99,0.00890660285949707,0.00830078125,0.0006058216094970703
10,5000,2,er,discrete,3,DF-PC (Pure),0.7499999999999999,1.0,0.6,4.0,45,0,103,0.007301807403564453,0.00643610954284668,0.0008656978607177734
10,5000,2,er,discrete,4,Standard PC,0.888888888888889,1.0,0.8,2.0,80,35,131,0.014310121536254883,0.013508081436157227,0.0008020401000976562
10,5000,2,er,discrete,4,DF-PC (Pure),0.8421052631578948,0.8888888888888888,0.8,3.0,56,11,134,0.010023117065429688,0.008844614028930664,0.0011785030364990234
10,5000,2,er,discrete,5,Standard PC,0.7499999999999999,1.0,0.6,4.0,57,12,102,0.00973653793334961,0.009063005447387695,0.0006735324859619141
10,5000,2,er,discrete,5,DF-PC (Pure),0.8235294117647058,1.0,0.7,3.0,45,0,102,0.007293701171875,0.006444215774536133,0.0008494853973388672
10,5000,2,er,discrete,6,Standard PC,0.8235294117647058,1.0,0.7,3.0,59,14,107,0.010462522506713867,0.009771108627319336,0.0006914138793945312
10,5000,2,er,discrete,6,DF-PC (Pure),0.888888888888889,1.0,0.8,2.0,48,3,114,0.008148431777954102,0.0071833133697509766,0.000965118408203125
10,5000,2,er,discrete,7,Standard PC,0.8235294117647058,1.0,0.7,3.0,62,17,107,0.011118650436401367,0.010394811630249023,0.0007238388061523438
10,5000,2,er,discrete,7,DF-PC (Pure),0.888888888888889,1.0,0.8,2.0,45,0,107,0.00742340087890625,0.0065212249755859375,0.0009021759033203125
10,5000,2,er,discrete,8,Standard PC,0.888888888888889,1.0,0.8,2.0,86,41,134,0.015306949615478516,0.014501571655273438,0.0008053779602050781
10,5000,2,er,discrete,8,DF-PC (Pure),1.0,1.0,1.0,0.0,48,3,182,0.008812427520751953,0.007126808166503906,0.0016856193542480469
10,5000,2,er,discrete,9,Standard PC,0.8235294117647058,1.0,0.7,3.0,248,203,305,0.049556732177734375,0.04791545867919922,0.0016412734985351562
10,5000,2,er,discrete,9,DF-PC (Pure),0.9090909090909091,0.8333333333333334,1.0,2.0,86,41,337,0.018980741500854492,0.015095710754394531,0.003885030746459961
10,5000,2,er,discrete,10,Standard PC,0.6666666666666666,1.0,0.5,5.0,63,18,111,0.01096796989440918,0.010275125503540039,0.0006928443908691406
10,5000,2,er,discrete,10,DF-PC (Pure),0.7058823529411764,0.8571428571428571,0.6,5.0,48,3,126,0.008189916610717773,0.007109165191650391,0.0010807514190673828
10,5000,2,er,discrete,11,Standard PC,0.7499999999999999,1.0,0.6,4.0,79,34,127,0.01423954963684082,0.013452291488647461,0.0007872581481933594
10,5000,2,er,discrete,11,DF-PC (Pure),0.888888888888889,1.0,0.8,2.0,48,3,133,0.010016679763793945,0.008702516555786133,0.0013141632080078125
10,5000,2,er,discrete,12,Standard PC,0.888888888888889,1.0,0.8,2.0,79,34,127,0.014423370361328125,0.013607978820800781,0.0008153915405273438
10,5000,2,er,discrete,12,DF-PC (Pure),1.0,1.0,1.0,0.0,48,3,142,0.008634567260742188,0.00740361213684082,0.0012309551239013672
10,5000,2,er,discrete,13,Standard PC,0.888888888888889,1.0,0.8,2.0,69,24,116,0.012105703353881836,0.011371374130249023,0.0007343292236328125
10,5000,2,er,discrete,13,DF-PC (Pure),1.0,1.0,1.0,0.0,48,3,127,0.008112430572509766,0.007075786590576172,0.0010366439819335938
10,5000,2,er,discrete,14,Standard PC,0.6666666666666666,1.0,0.5,5.0,72,27,117,0.012511491775512695,0.011807918548583984,0.0007035732269287109
10,5000,2,er,discrete,14,DF-PC (Pure),0.9,0.9,0.9,2.0,45,0,132,0.007549285888671875,0.006500244140625,0.001049041748046875
10,5000,2,er,discrete,15,Standard PC,0.7499999999999999,1.0,0.6,4.0,64,19,109,0.011083364486694336,0.010385274887084961,0.000698089599609375
10,5000,2,er,discrete,15,DF-PC (Pure),0.9473684210526316,1.0,0.9,1.0,45,0,118,0.007427215576171875,0.0064661502838134766,0.0009610652923583984
10,5000,2,er,discrete,16,Standard PC,0.8235294117647058,1.0,0.7,3.0,62,17,107,0.010908842086791992,0.010220766067504883,0.0006880760192871094
10,5000,2,er,discrete,16,DF-PC (Pure),0.8235294117647058,1.0,0.7,3.0,45,0,107,0.0074880123138427734,0.006597280502319336,0.0008907318115234375
10,5000,2,er,discrete,17,Standard PC,0.8235294117647058,1.0,0.7,3.0,55,10,100,0.009964704513549805,0.009242057800292969,0.0007226467132568359
10,5000,2,er,discrete,17,DF-PC (Pure),0.8235294117647058,1.0,0.7,3.0,45,0,100,0.0075531005859375,0.0066835880279541016,0.0008695125579833984
10,5000,2,er,discrete,18,Standard PC,0.7499999999999999,1.0,0.6,4.0,57,12,102,0.009872913360595703,0.009201288223266602,0.0006716251373291016
10,5000,2,er,discrete,18,DF-PC (Pure),0.8235294117647058,1.0,0.7,3.0,45,0,102,0.007493495941162109,0.006640434265136719,0.0008530616760253906
10,5000,2,er,discrete,19,Standard PC,0.888888888888889,1.0,0.8,2.0,114,69,162,0.020737171173095703,0.019772052764892578,0.000965118408203125
10,5000,2,er,discrete,19,DF-PC (Pure),0.9523809523809523,0.9090909090909091,1.0,1.0,48,3,210,0.009289264678955078,0.0073926448822021484,0.0018966197967529297
10,5000,2,er,discrete,20,Standard PC,0.6666666666666666,1.0,0.5,5.0,66,21,111,0.011128664016723633,0.010457277297973633,0.00067138671875
10,5000,2,er,discrete,20,DF-PC (Pure),0.7368421052631577,0.7777777777777778,0.7,5.0,45,0,118,0.008816242218017578,0.007763862609863281,0.0010523796081542969
10,5000,2,er,discrete,21,Standard PC,0.6666666666666666,1.0,0.5,5.0,63,18,114,0.010951757431030273,0.010255098342895508,0.0006966590881347656
10,5000,2,er,discrete,21,DF-PC (Pure),0.625,0.8333333333333334,0.5,6.0,51,6,119,0.008722305297851562,0.007734537124633789,0.0009877681732177734
10,5000,2,er,discrete,22,Standard PC,0.7499999999999999,1.0,0.6,4.0,65,20,110,0.01190328598022461,0.01116943359375,0.0007338523864746094
10,5000,2,er,discrete,22,DF-PC (Pure),0.7777777777777777,0.875,0.7,4.0,45,0,114,0.007699012756347656,0.006735086441040039,0.0009639263153076172
10,5000,2,er,discrete,23,Standard PC,0.888888888888889,1.0,0.8,2.0,68,23,113,0.011855602264404297,0.011130809783935547,0.00072479248046875
10,5000,2,er,discrete,23,DF-PC (Pure),0.9473684210526316,1.0,0.9,1.0,45,0,116,0.0074405670166015625,0.0064907073974609375,0.000949859619140625
10,5000,2,er,discrete,24,Standard PC,0.7499999999999999,1.0,0.6,4.0,79,34,133,0.013987064361572266,0.013159036636352539,0.0008280277252197266
10,5000,2,er,discrete,24,DF-PC (Pure),0.9,0.9,0.9,2.0,71,26,175,0.01327061653137207,0.011560440063476562,0.0017101764678955078
10,5000,2,er,discrete,25,Standard PC,0.9473684210526316,1.0,0.9,1.0,115,70,172,0.02088785171508789,0.01988840103149414,0.00099945068359375
10,5000,2,er,discrete,25,DF-PC (Pure),0.9523809523809523,0.9090909090909091,1.0,1.0,60,15,198,0.011401653289794922,0.009598970413208008,0.001802682876586914
10,5000,2,er,discrete,26,Standard PC,0.9473684210526316,1.0,0.9,1.0,73,28,121,0.012746810913085938,0.012003421783447266,0.0007433891296386719
10,5000,2,er,discrete,26,DF-PC (Pure),0.9473684210526316,1.0,0.9,1.0,48,3,121,0.008290529251098633,0.007238149642944336,0.0010523796081542969
10,5000,2,er,discrete,27,Standard PC,0.888888888888889,1.0,0.8,2.0,70,25,117,0.012483358383178711,0.011721611022949219,0.0007617473602294922
10,5000,2,er,discrete,27,DF-PC (Pure),0.9473684210526316,1.0,0.9,1.0,48,3,135,0.008314847946166992,0.0071675777435302734,0.0011472702026367188
10,5000,2,er,discrete,28,Standard PC,0.888888888888889,1.0,0.8,2.0,64,19,109,0.010850667953491211,0.010147333145141602,0.0007033348083496094
10,5000,2,er,discrete,28,DF-PC (Pure),0.9473684210526316,1.0,0.9,1.0,45,0,113,0.0071637630462646484,0.006256580352783203,0.0009071826934814453
10,5000,2,er,discrete,29,Standard PC,0.7499999999999999,1.0,0.6,4.0,62,17,107,0.016247272491455078,0.015243768692016602,0.0010035037994384766
10,5000,2,er,discrete,29,DF-PC (Pure),0.6666666666666665,0.75,0.6,6.0,45,0,107,0.010845422744750977,0.009466409683227539,0.0013790130615234375
10,5000,2,er,linear_sem,0,Standard PC,0.9473684210526316,1.0,0.9,1.0,180,135,284,0.018573284149169922,0.01737189292907715,0.0012013912200927734
10,5000,2,er,linear_sem,0,DF-PC (Pure),0.9473684210526316,1.0,0.9,1.0,142,97,284,0.01589655876159668,0.013260126113891602,0.002636432647705078
10,5000,2,er,linear_sem,1,Standard PC,1.0,1.0,1.0,0.0,211,166,348,0.020945072174072266,0.019626617431640625,0.0013184547424316406
10,5000,2,er,linear_sem,1,DF-PC (Pure),1.0,1.0,1.0,0.0,169,124,348,0.018384695053100586,0.015494346618652344,0.002890348434448242
10,5000,2,er,linear_sem,2,Standard PC,1.0,1.0,1.0,0.0,307,262,489,0.030240297317504883,0.028477907180786133,0.00176239013671875
10,5000,2,er,linear_sem,2,DF-PC (Pure),0.9523809523809523,0.9090909090909091,1.0,1.0,275,230,514,0.029881000518798828,0.02504873275756836,0.004832267761230469
10,5000,2,er,linear_sem,3,Standard PC,0.8421052631578948,0.8888888888888888,0.8,3.0,166,121,252,0.01625680923461914,0.015196561813354492,0.0010602474212646484
10,5000,2,er,linear_sem,3,DF-PC (Pure),0.8000000000000002,0.8,0.8,4.0,111,66,294,0.012971162796020508,0.010322809219360352,0.0026483535766601562
10,5000,2,er,linear_sem,4,Standard PC,1.0,1.0,1.0,0.0,127,82,215,0.017902374267578125,0.016545772552490234,0.0013566017150878906
10,5000,2,er,linear_sem,4,DF-PC (Pure),1.0,1.0,1.0,0.0,100,55,215,0.015397071838378906,0.012707233428955078,0.002689838409423828
10,5000,2,er,linear_sem,5,Standard PC,1.0,1.0,1.0,0.0,136,91,212,0.019513368606567383,0.018115997314453125,0.0013973712921142578
10,5000,2,er,linear_sem,5,DF-PC (Pure),1.0,1.0,1.0,0.0,93,48,212,0.015474319458007812,0.01244974136352539,0.003024578094482422
10,5000,2,er,linear_sem,6,Standard PC,0.888888888888889,1.0,0.8,2.0,218,173,368,0.021758317947387695,0.02042222023010254,0.0013360977172851562
10,5000,2,er,linear_sem,6,DF-PC (Pure),0.888888888888889,1.0,0.8,2.0,186,141,368,0.0200498104095459,0.01701188087463379,0.0030379295349121094
10,5000,2,er,linear_sem,7,Standard PC,1.0,1.0,1.0,0.0,198,153,300,0.019529104232788086,0.018317699432373047,0.001211404800415039
10,5000,2,er,linear_sem,7,DF-PC (Pure),0.9523809523809523,0.9090909090909091,1.0,1.0,137,92,328,0.015984296798706055,0.013048648834228516,0.002935647964477539
10,5000,2,er,linear_sem,8,Standard PC,0.9473684210526316,1.0,0.9,1.0,199,154,324,0.019352197647094727,0.018123865127563477,0.00122833251953125
10,5000,2,er,linear_sem,8,DF-PC (Pure),0.9473684210526316,1.0,0.9,1.0,159,114,324,0.024720191955566406,0.02066206932067871,0.004058122634887695
10,5000,2,er,linear_sem,9,Standard PC,1.0,1.0,1.0,0.0,384,339,587,0.03841280937194824,0.036362648010253906,0.002050161361694336
10,5000,2,er,linear_sem,9,DF-PC (Pure),1.0,1.0,1.0,0.0,362,317,587,0.040894269943237305,0.03346967697143555,0.007424592971801758
10,5000,2,er,linear_sem,10,Standard PC,0.9473684210526316,1.0,0.9,1.0,216,171,319,0.021743297576904297,0.020450830459594727,0.0012924671173095703
10,5000,2,er,linear_sem,10,DF-PC (Pure),0.9473684210526316,1.0,0.9,1.0,121,76,319,0.014370918273925781,0.011448383331298828,0.002922534942626953
10,5000,2,er,linear_sem,11,Standard PC,0.9473684210526316,1.0,0.9,1.0,148,103,248,0.015014410018920898,0.013963699340820312,0.001050710678100586
10,5000,2,er,linear_sem,11,DF-PC (Pure),0.9473684210526316,1.0,0.9,1.0,126,81,248,0.013828277587890625,0.011662483215332031,0.0021657943725585938
10,5000,2,er,linear_sem,12,Standard PC,1.0,1.0,1.0,0.0,173,128,288,0.024888277053833008,0.0232088565826416,0.0016794204711914062
10,5000,2,er,linear_sem,12,DF-PC (Pure),1.0,1.0,1.0,0.0,146,101,288,0.022723674774169922,0.01889491081237793,0.003828763961791992
10,5000,2,er,linear_sem,13,Standard PC,1.0,1.0,1.0,0.0,129,84,199,0.018157243728637695,0.016840696334838867,0.0013165473937988281
10,5000,2,er,linear_sem,13,DF-PC (Pure),1.0,1.0,1.0,0.0,83,38,199,0.013175725936889648,0.01060938835144043,0.0025663375854492188
10,5000,2,er,linear_sem,14,Standard PC,1.0,1.0,1.0,0.0,137,92,210,0.01401519775390625,0.013051271438598633,0.0009639263153076172
10,5000,2,er,linear_sem,14,DF-PC (Pure),1.0,1.0,1.0,0.0,88,43,210,0.009866952896118164,0.008170604705810547,0.0016963481903076172
10,5000,2,er,linear_sem,15,Standard PC,0.9473684210526316,1.0,0.9,1.0,138,93,216,0.013831138610839844,0.012868165969848633,0.0009629726409912109
10,5000,2,er,linear_sem,15,DF-PC (Pure),0.9473684210526316,1.0,0.9,1.0,90,45,216,0.010040521621704102,0.008341789245605469,0.0016987323760986328
10,5000,2,er,linear_sem,16,Standard PC,0.8421052631578948,0.8888888888888888,0.8,3.0,255,210,397,0.03486943244934082,0.03281521797180176,0.0020542144775390625
10,5000,2,er,linear_sem,16,DF-PC (Pure),0.888888888888889,1.0,0.8,2.0,209,164,406,0.0324549674987793,0.026619911193847656,0.005835056304931641
10,5000,2,er,linear_sem,17,Standard PC,1.0,1.0,1.0,0.0,122,77,187,0.016936779022216797,0.01567983627319336,0.0012569427490234375
10,5000,2,er,linear_sem,17,DF-PC (Pure),1.0,1.0,1.0,0.0,71,26,187,0.011354207992553711,0.008981466293334961,0.00237274169921875
10,5000,2,er,linear_sem,18,Standard PC,0.888888888888889,1.0,0.8,2.0,176,131,304,0.017626523971557617,0.016469478607177734,0.0011570453643798828
10,5000,2,er,linear_sem,18,DF-PC (Pure),0.888888888888889,1.0,0.8,2.0,152,107,304,0.016398906707763672,0.013840436935424805,0.002558469772338867
10,5000,2,er,linear_sem,19,Standard PC,0.9473684210526316,1.0,0.9,1.0,213,168,331,0.020961999893188477,0.01967763900756836,0.0012843608856201172
10,5000,2,er,linear_sem,19,DF-PC (Pure),0.9473684210526316,1.0,0.9,1.0,178,133,331,0.02004098892211914,0.016571044921875,0.0034699440002441406
10,5000,2,er,linear_sem,20,Standard PC,0.888888888888889,1.0,0.8,2.0,110,65,177,0.01106715202331543,0.010226249694824219,0.0008409023284912109
10,5000,2,er,linear_sem,20,DF-PC (Pure),0.888888888888889,1.0,0.8,2.0,74,29,177,0.008176326751708984,0.006750583648681641,0.0014257431030273438
10,5000,2,er,linear_sem,21,Standard PC,0.9473684210526316,1.0,0.9,1.0,151,106,249,0.015008211135864258,0.01396942138671875,0.0010387897491455078
10,5000,2,er,linear_sem,21,DF-PC (Pure),0.9473684210526316,1.0,0.9,1.0,112,67,249,0.012107372283935547,0.010071039199829102,0.0020363330841064453
10,5000,2,er,linear_sem,22,Standard PC,1.0,1.0,1.0,0.0,209,164,312,0.021071195602416992,0.019792795181274414,0.0012784004211425781
10,5000,2,er,linear_sem,22,DF-PC (Pure),1.0,1.0,1.0,0.0,140,95,312,0.015573978424072266,0.012871503829956055,0.002702474594116211
10,5000,2,er,linear_sem,23,Standard PC,0.888888888888889,1.0,0.8,2.0,233,188,368,0.02301788330078125,0.02163839340209961,0.0013794898986816406
10,5000,2,er,linear_sem,23,DF-PC (Pure),0.888888888888889,1.0,0.8,2.0,186,141,368,0.02053213119506836,0.01723456382751465,0.003297567367553711
10,5000,2,er,linear_sem,24,Standard PC,1.0,1.0,1.0,0.0,167,122,273,0.01657247543334961,0.015460014343261719,0.0011124610900878906
10,5000,2,er,linear_sem,24,DF-PC (Pure),0.9523809523809523,0.9090909090909091,1.0,1.0,108,63,273,0.012029647827148438,0.009692907333374023,0.002336740493774414
10,5000,2,er,linear_sem,25,Standard PC,0.888888888888889,1.0,0.8,2.0,273,228,466,0.026922941207885742,0.02531909942626953,0.001603841781616211
10,5000,2,er,linear_sem,25,DF-PC (Pure),0.888888888888889,1.0,0.8,2.0,263,218,471,0.028435945510864258,0.024217605590820312,0.004218339920043945
10,5000,2,er,linear_sem,26,Standard PC,1.0,1.0,1.0,0.0,134,89,218,0.01917099952697754,0.01776862144470215,0.0014023780822753906
10,5000,2,er,linear_sem,26,DF-PC (Pure),1.0,1.0,1.0,0.0,99,54,218,0.015700340270996094,0.012905597686767578,0.0027947425842285156
10,5000,2,er,linear_sem,27,Standard PC,1.0,1.0,1.0,0.0,230,185,372,0.03261137008666992,0.030565500259399414,0.002045869827270508
10,5000,2,er,linear_sem,27,DF-PC (Pure),1.0,1.0,1.0,0.0,193,148,372,0.030519962310791016,0.024852275848388672,0.005667686462402344
10,5000,2,er,linear_sem,28,Standard PC,0.9473684210526316,1.0,0.9,1.0,114,69,187,0.011300325393676758,0.010421514511108398,0.0008788108825683594
10,5000,2,er,linear_sem,28,DF-PC (Pure),0.9,0.9,0.9,2.0,81,36,204,0.008896350860595703,0.007276773452758789,0.001619577407836914
10,5000,2,er,linear_sem,29,Standard PC,1.0,1.0,1.0,0.0,130,85,211,0.012820959091186523,0.011870384216308594,0.0009505748748779297
10,5000,2,er,linear_sem,29,DF-PC (Pure),1.0,1.0,1.0,0.0,89,44,211,0.009680032730102539,0.008008956909179688,0.0016710758209228516
10,5000,2,sf,discrete,0,Standard PC,0.3636363636363636,1.0,0.2222222222222222,7.0,45,0,90,0.007512569427490234,0.006949424743652344,0.0005631446838378906
10,5000,2,sf,discrete,0,DF-PC (Pure),0.3636363636363636,1.0,0.2222222222222222,7.0,45,0,90,0.007335186004638672,0.006590366363525391,0.0007448196411132812
10,5000,2,sf,discrete,1,Standard PC,0.8,1.0,0.6666666666666666,3.0,62,17,107,0.01054072380065918,0.009850263595581055,0.000690460205078125
10,5000,2,sf,discrete,1,DF-PC (Pure),0.823529411764706,0.875,0.7777777777777778,3.0,45,0,107,0.0072803497314453125,0.006412982940673828,0.0008673667907714844
10,5000,2,sf,discrete,2,Standard PC,0.5,1.0,0.3333333333333333,6.0,49,4,94,0.008236169815063477,0.007639169692993164,0.0005970001220703125
10,5000,2,sf,discrete,2,DF-PC (Pure),0.6153846153846153,1.0,0.4444444444444444,5.0,45,0,94,0.007148027420043945,0.006360530853271484,0.0007874965667724609
10,5000,2,sf,discrete,3,Standard PC,0.75,0.8571428571428571,0.6666666666666666,4.0,60,15,105,0.010120868682861328,0.009459257125854492,0.0006616115570068359
10,5000,2,sf,discrete,3,DF-PC (Pure),0.75,0.8571428571428571,0.6666666666666666,4.0,45,0,105,0.00728607177734375,0.006415605545043945,0.0008704662322998047
10,5000,2,sf,discrete,4,Standard PC,0.6666666666666667,0.8333333333333334,0.5555555555555556,5.0,51,6,96,0.008978605270385742,0.008337974548339844,0.0006406307220458984
10,5000,2,sf,discrete,4,DF-PC (Pure),0.6666666666666667,0.8333333333333334,0.5555555555555556,5.0,45,0,96,0.007406473159790039,0.006585359573364258,0.0008211135864257812
10,5000,2,sf,discrete,5,Standard PC,0.9411764705882353,1.0,0.8888888888888888,1.0,61,16,106,0.010367631912231445,0.009690284729003906,0.0006773471832275391
10,5000,2,sf,discrete,5,DF-PC (Pure),0.8888888888888888,0.8888888888888888,0.8888888888888888,2.0,45,0,106,0.00745391845703125,0.006568193435668945,0.0008857250213623047
10,5000,2,sf,discrete,6,Standard PC,0.6153846153846153,1.0,0.4444444444444444,5.0,51,6,96,0.008626699447631836,0.008031606674194336,0.0005950927734375
10,5000,2,sf,discrete,6,DF-PC (Pure),0.5714285714285714,0.8,0.4444444444444444,6.0,45,0,96,0.00739741325378418,0.006604194641113281,0.0007932186126708984
10,5000,2,sf,discrete,7,Standard PC,0.3636363636363636,1.0,0.2222222222222222,7.0,51,6,96,0.008756637573242188,0.008140802383422852,0.0006158351898193359
10,5000,2,sf,discrete,7,DF-PC (Pure),0.7142857142857143,1.0,0.5555555555555556,4.0,45,0,96,0.0072612762451171875,0.006474018096923828,0.0007872581481933594
10,5000,2,sf,discrete,8,Standard PC,0.7142857142857143,1.0,0.5555555555555556,4.0,47,2,92,0.007745027542114258,0.007169961929321289,0.0005750656127929688
10,5000,2,sf,discrete,8,DF-PC (Pure),0.7142857142857143,1.0,0.5555555555555556,4.0,45,0,92,0.007193803787231445,0.0064165592193603516,0.0007772445678710938
10,5000,2,sf,discrete,9,Standard PC,0.7142857142857143,1.0,0.5555555555555556,4.0,56,11,101,0.009518861770629883,0.0088958740234375,0.0006229877471923828
10,5000,2,sf,discrete,9,DF-PC (Pure),0.7142857142857143,1.0,0.5555555555555556,4.0,45,0,101,0.007333278656005859,0.0065004825592041016,0.0008327960968017578
10,5000,2,sf,discrete,10,Standard PC,0.6153846153846153,1.0,0.4444444444444444,5.0,57,12,102,0.009895086288452148,0.009219646453857422,0.0006754398345947266
10,5000,2,sf,discrete,10,DF-PC (Pure),0.8750000000000001,1.0,0.7777777777777778,2.0,45,0,124,0.0075647830963134766,0.006526470184326172,0.0010383129119873047
10,5000,2,sf,discrete,11,Standard PC,0.9411764705882353,1.0,0.8888888888888888,1.0,69,24,114,0.01210474967956543,0.011358261108398438,0.0007464885711669922
10,5000,2,sf,discrete,11,DF-PC (Pure),0.9411764705882353,1.0,0.8888888888888888,1.0,45,0,114,0.007505655288696289,0.006571769714355469,0.0009338855743408203
10,5000,2,sf,discrete,12,Standard PC,0.46153846153846156,0.75,0.3333333333333333,7.0,66,21,112,0.011482000350952148,0.010801076889038086,0.0006809234619140625
10,5000,2,sf,discrete,12,DF-PC (Pure),0.8888888888888888,0.8888888888888888,0.8888888888888888,2.0,48,3,152,0.008393049240112305,0.007137775421142578,0.0012552738189697266
10,5000,2,sf,discrete,13,Standard PC,0.5,1.0,0.3333333333333333,6.0,49,4,94,0.008551597595214844,0.007926464080810547,0.0006251335144042969
10,5000,2,sf,discrete,13,DF-PC (Pure),0.7142857142857143,1.0,0.5555555555555556,4.0,45,0,94,0.0072252750396728516,0.006429910659790039,0.0007953643798828125
10,5000,2,sf,discrete,14,Standard PC,0.8750000000000001,1.0,0.7777777777777778,2.0,58,13,103,0.010016441345214844,0.009354829788208008,0.0006616115570068359
10,5000,2,sf,discrete,14,DF-PC (Pure),0.823529411764706,0.875,0.7777777777777778,3.0,45,0,107,0.0073947906494140625,0.006509065628051758,0.0008857250213623047
10,5000,2,sf,discrete,15,Standard PC,0.46153846153846156,0.75,0.3333333333333333,7.0,48,3,96,0.008463621139526367,0.00781702995300293,0.0006465911865234375
10,5000,2,sf,discrete,15,DF-PC (Pure),0.46153846153846156,0.75,0.3333333333333333,7.0,48,3,96,0.008187294006347656,0.007346153259277344,0.0008411407470703125
10,5000,2,sf,discrete,16,Standard PC,0.8,1.0,0.6666666666666666,3.0,61,16,106,0.010810136795043945,0.01008915901184082,0.000720977783203125
10,5000,2,sf,discrete,16,DF-PC (Pure),0.823529411764706,0.875,0.7777777777777778,3.0,45,0,114,0.0074427127838134766,0.0065059661865234375,0.0009367465972900391
10,5000,2,sf,discrete,17,Standard PC,0.5,1.0,0.3333333333333333,6.0,49,4,94,0.007969379425048828,0.00740361213684082,0.0005657672882080078
10,5000,2,sf,discrete,17,DF-PC (Pure),0.6153846153846153,1.0,0.4444444444444444,5.0,45,0,94,0.007130146026611328,0.006369829177856445,0.0007603168487548828
10,5000,2,sf,discrete,18,Standard PC,0.6153846153846153,1.0,0.4444444444444444,5.0,49,4,94,0.008054733276367188,0.0074634552001953125,0.000591278076171875
10,5000,2,sf,discrete,18,DF-PC (Pure),0.6153846153846153,1.0,0.4444444444444444,5.0,45,0,94,0.0071010589599609375,0.006329536437988281,0.0007715225219726562
10,5000,2,sf,discrete,19,Standard PC,0.8,1.0,0.6666666666666666,3.0,53,8,98,0.013560295104980469,0.012596607208251953,0.0009636878967285156
10,5000,2,sf,discrete,19,DF-PC (Pure),0.8,1.0,0.6666666666666666,3.0,45,0,98,0.007363557815551758,0.00648951530456543,0.0008740425109863281
10,5000,2,sf,discrete,20,Standard PC,0.6153846153846153,1.0,0.4444444444444444,5.0,49,4,94,0.008495807647705078,0.00786590576171875,0.0006299018859863281
10,5000,2,sf,discrete,20,DF-PC (Pure),0.6153846153846153,1.0,0.4444444444444444,5.0,45,0,94,0.007229804992675781,0.006444215774536133,0.0007855892181396484
10,5000,2,sf,discrete,21,Standard PC,0.8,1.0,0.6666666666666666,3.0,60,15,105,0.010408163070678711,0.009739398956298828,0.0006687641143798828
10,5000,2,sf,discrete,21,DF-PC (Pure),0.9411764705882353,1.0,0.8888888888888888,1.0,45,0,129,0.00931549072265625,0.00806427001953125,0.001251220703125
10,5000,2,sf,discrete,22,Standard PC,0.5,1.0,0.3333333333333333,6.0,55,10,100,0.00963449478149414,0.009013652801513672,0.0006208419799804688
10,5000,2,sf,discrete,22,DF-PC (Pure),0.7142857142857143,1.0,0.5555555555555556,4.0,45,0,103,0.008942365646362305,0.007967948913574219,0.0009744167327880859
10,5000,2,sf,discrete,23,Standard PC,0.7142857142857143,1.0,0.5555555555555556,4.0,79,34,124,0.014352798461914062,0.013550043106079102,0.0008027553558349609
10,5000,2,sf,discrete,23,DF-PC (Pure),0.8888888888888888,0.8888888888888888,0.8888888888888888,2.0,45,0,155,0.008241415023803711,0.006894350051879883,0.0013470649719238281
10,5000,2,sf,discrete,24,Standard PC,0.3636363636363636,1.0,0.2222222222222222,7.0,45,0,90,0.007436275482177734,0.006885528564453125,0.0005507469177246094
10,5000,2,sf,discrete,24,DF-PC (Pure),0.3636363636363636,1.0,0.2222222222222222,7.0,45,0,90,0.007265329360961914,0.006506919860839844,0.0007584095001220703
10,5000,2,sf,discrete,25,Standard PC,0.8,1.0,0.6666666666666666,3.0,55,10,100,0.009296894073486328,0.008646488189697266,0.0006504058837890625
10,5000,2,sf,discrete,25,DF-PC (Pure),0.8750000000000001,1.0,0.7777777777777778,2.0,45,0,100,0.007363080978393555,0.006499528884887695,0.0008635520935058594
10,5000,2,sf,discrete,26,Standard PC,0.5,1.0,0.3333333333333333,6.0,50,5,95,0.008574485778808594,0.0079345703125,0.0006399154663085938
10,5000,2,sf,discrete,26,DF-PC (Pure),0.46153846153846156,0.75,0.3333333333333333,7.0,45,0,99,0.007323026657104492,0.0065042972564697266,0.0008187294006347656
10,5000,2,sf,discrete,27,Standard PC,0.8,1.0,0.6666666666666666,3.0,60,15,105,0.015756607055664062,0.01474761962890625,0.0010089874267578125
10,5000,2,sf,discrete,27,DF-PC (Pure),0.823529411764706,0.875,0.7777777777777778,3.0,45,0,109,0.011179447174072266,0.009748697280883789,0.0014307498931884766
10,5000,2,sf,discrete,28,Standard PC,0.6153846153846153,1.0,0.4444444444444444,5.0,49,4,94,0.008037805557250977,0.007451772689819336,0.0005860328674316406
10,5000,2,sf,discrete,28,DF-PC (Pure),0.6153846153846153,1.0,0.4444444444444444,5.0,45,0,94,0.007297515869140625,0.006509065628051758,0.0007884502410888672
10,5000,2,sf,discrete,29,Standard PC,0.46153846153846156,0.75,0.3333333333333333,7.0,49,4,94,0.00799870491027832,0.007413625717163086,0.0005850791931152344
10,5000,2,sf,discrete,29,DF-PC (Pure),0.5714285714285714,0.8,0.4444444444444444,6.0,45,0,94,0.007338762283325195,0.006545305252075195,0.00079345703125
10,5000,2,sf,linear_sem,0,Standard PC,1.0,1.0,1.0,0.0,175,130,232,0.024899721145629883,0.02341008186340332,0.0014896392822265625
10,5000,2,sf,linear_sem,0,DF-PC (Pure),1.0,1.0,1.0,0.0,70,25,232,0.01230311393737793,0.008993148803710938,0.003309965133666992
10,5000,2,sf,linear_sem,1,Standard PC,1.0,1.0,1.0,0.0,163,118,233,0.022418975830078125,0.02098536491394043,0.0014336109161376953
10,5000,2,sf,linear_sem,1,DF-PC (Pure),0.9473684210526316,0.9,1.0,1.0,82,37,260,0.014090538024902344,0.010503768920898438,0.0035867691040039062
10,5000,2,sf,linear_sem,2,Standard PC,1.0,1.0,1.0,0.0,141,96,211,0.014011859893798828,0.013045072555541992,0.0009667873382568359
10,5000,2,sf,linear_sem,2,DF-PC (Pure),0.9473684210526316,0.9,1.0,1.0,83,38,212,0.00940847396850586,0.007607936859130859,0.001800537109375
10,5000,2,sf,linear_sem,3,Standard PC,1.0,1.0,1.0,0.0,182,137,273,0.018329620361328125,0.01718425750732422,0.0011453628540039062
10,5000,2,sf,linear_sem,3,DF-PC (Pure),1.0,1.0,1.0,0.0,135,90,273,0.015015125274658203,0.012288808822631836,0.002726316452026367
10,5000,2,sf,linear_sem,4,Standard PC,1.0,1.0,1.0,0.0,148,103,219,0.015334367752075195,0.014354705810546875,0.0009796619415283203
10,5000,2,sf,linear_sem,4,DF-PC (Pure),1.0,1.0,1.0,0.0,85,40,219,0.00994420051574707,0.008097410202026367,0.0018467903137207031
10,5000,2,sf,linear_sem,5,Standard PC,1.0,1.0,1.0,0.0,121,76,212,0.012549161911010742,0.011635065078735352,0.0009140968322753906
10,5000,2,sf,linear_sem,5,DF-PC (Pure),1.0,1.0,1.0,0.0,94,49,212,0.010746955871582031,0.009080171585083008,0.0016667842864990234
10,5000,2,sf,linear_sem,6,Standard PC,1.0,1.0,1.0,0.0,280,235,366,0.027222156524658203,0.025765180587768555,0.0014569759368896484
10,5000,2,sf,linear_sem,6,DF-PC (Pure),1.0,1.0,1.0,0.0,189,144,366,0.022802114486694336,0.01789116859436035,0.004910945892333984
10,5000,2,sf,linear_sem,7,Standard PC,1.0,1.0,1.0,0.0,154,109,217,0.015298843383789062,0.014314413070678711,0.0009844303131103516
10,5000,2,sf,linear_sem,7,DF-PC (Pure),1.0,1.0,1.0,0.0,102,57,217,0.012265920639038086,0.009845972061157227,0.0024199485778808594
10,5000,2,sf,linear_sem,8,Standard PC,1.0,1.0,1.0,0.0,171,126,255,0.02367258071899414,0.02214503288269043,0.001527547836303711
10,5000,2,sf,linear_sem,8,DF-PC (Pure),1.0,1.0,1.0,0.0,126,81,255,0.02063584327697754,0.01643848419189453,0.004197359085083008
10,5000,2,sf,linear_sem,9,Standard PC,1.0,1.0,1.0,0.0,159,114,229,0.022032976150512695,0.020599842071533203,0.0014331340789794922
10,5000,2,sf,linear_sem,9,DF-PC (Pure),1.0,1.0,1.0,0.0,113,68,229,0.01833510398864746,0.014475584030151367,0.0038595199584960938
10,5000,2,sf,linear_sem,10,Standard PC,1.0,1.0,1.0,0.0,139,94,203,0.014510869979858398,0.01355886459350586,0.0009520053863525391
10,5000,2,sf,linear_sem,10,DF-PC (Pure),1.0,1.0,1.0,0.0,77,32,203,0.009163379669189453,0.007432222366333008,0.0017311573028564453
10,5000,2,sf,linear_sem,11,Standard PC,1.0,1.0,1.0,0.0,141,96,236,0.014443397521972656,0.013417959213256836,0.0010254383087158203
10,5000,2,sf,linear_sem,11,DF-PC (Pure),1.0,1.0,1.0,0.0,107,62,236,0.012170791625976562,0.010262012481689453,0.0019087791442871094
10,5000,2,sf,linear_sem,12,Standard PC,1.0,1.0,1.0,0.0,196,151,274,0.01970362663269043,0.018503427505493164,0.0012001991271972656
10,5000,2,sf,linear_sem,12,DF-PC (Pure),1.0,1.0,1.0,0.0,131,86,274,0.015027046203613281,0.012101173400878906,0.002925872802734375
10,5000,2,sf,linear_sem,13,Standard PC,1.0,1.0,1.0,0.0,170,125,241,0.017090320587158203,0.016002893447875977,0.0010874271392822266
10,5000,2,sf,linear_sem,13,DF-PC (Pure),1.0,1.0,1.0,0.0,110,65,241,0.012687921524047852,0.010219335556030273,0.002468585968017578
10,5000,2,sf,linear_sem,14,Standard PC,1.0,1.0,1.0,0.0,146,101,233,0.015397787094116211,0.01438593864440918,0.0010118484497070312
10,5000,2,sf,linear_sem,14,DF-PC (Pure),1.0,1.0,1.0,0.0,107,62,233,0.012385845184326172,0.010365962982177734,0.0020198822021484375
10,5000,2,sf,linear_sem,15,Standard PC,1.0,1.0,1.0,0.0,266,221,324,0.027277708053588867,0.025915861129760742,0.001361846923828125
10,5000,2,sf,linear_sem,15,DF-PC (Pure),1.0,1.0,1.0,0.0,60,15,324,0.008755683898925781,0.005796670913696289,0.002959012985229492
10,5000,2,sf,linear_sem,16,Standard PC,1.0,1.0,1.0,0.0,125,80,202,0.012672662734985352,0.01175236701965332,0.0009202957153320312
10,5000,2,sf,linear_sem,16,DF-PC (Pure),1.0,1.0,1.0,0.0,92,47,202,0.010211706161499023,0.008466958999633789,0.0017447471618652344
10,5000,2,sf,linear_sem,17,Standard PC,1.0,1.0,1.0,0.0,176,131,247,0.0175325870513916,0.016448497772216797,0.0010840892791748047
10,5000,2,sf,linear_sem,17,DF-PC (Pure),1.0,1.0,1.0,0.0,73,28,247,0.008679866790771484,0.006717681884765625,0.0019621849060058594
10,5000,2,sf,linear_sem,18,Standard PC,1.0,1.0,1.0,0.0,284,239,368,0.028035402297973633,0.026556730270385742,0.0014786720275878906
10,5000,2,sf,linear_sem,18,DF-PC (Pure),1.0,1.0,1.0,0.0,194,149,368,0.02291107177734375,0.018035411834716797,0.004875659942626953
10,5000,2,sf,linear_sem,19,Standard PC,1.0,1.0,1.0,0.0,171,126,249,0.01676654815673828,0.01569509506225586,0.0010714530944824219
10,5000,2,sf,linear_sem,19,DF-PC (Pure),1.0,1.0,1.0,0.0,121,76,249,0.01383066177368164,0.011233806610107422,0.0025968551635742188
10,5000,2,sf,linear_sem,20,Standard PC,1.0,1.0,1.0,0.0,161,116,222,0.02280712127685547,0.021358728408813477,0.0014483928680419922
10,5000,2,sf,linear_sem,20,DF-PC (Pure),1.0,1.0,1.0,0.0,64,19,222,0.011266469955444336,0.008287191390991211,0.002979278564453125
10,5000,2,sf,linear_sem,21,Standard PC,1.0,1.0,1.0,0.0,154,109,243,0.021868228912353516,0.020377635955810547,0.0014905929565429688
10,5000,2,sf,linear_sem,21,DF-PC (Pure),1.0,1.0,1.0,0.0,118,73,243,0.018820762634277344,0.015289545059204102,0.003531217575073242
10,5000,2,sf,linear_sem,22,Standard PC,1.0,1.0,1.0,0.0,270,225,333,0.038190364837646484,0.03627133369445801,0.0019190311431884766
10,5000,2,sf,linear_sem,22,DF-PC (Pure),1.0,1.0,1.0,0.0,164,119,333,0.02961897850036621,0.02219986915588379,0.007419109344482422
10,5000,2,sf,linear_sem,23,Standard PC,0.9411764705882353,1.0,0.8888888888888888,1.0,131,86,218,0.01926445960998535,0.017866849899291992,0.0013976097106933594
10,5000,2,sf,linear_sem,23,DF-PC (Pure),0.9411764705882353,1.0,0.8888888888888888,1.0,107,62,218,0.017251968383789062,0.014245748519897461,0.0030062198638916016
10,5000,2,sf,linear_sem,24,Standard PC,1.0,1.0,1.0,0.0,186,141,251,0.02560710906982422,0.02407240867614746,0.0015347003936767578
10,5000,2,sf,linear_sem,24,DF-PC (Pure),0.9473684210526316,0.9,1.0,1.0,79,34,251,0.013642072677612305,0.010116338729858398,0.0035257339477539062
10,5000,2,sf,linear_sem,25,Standard PC,1.0,1.0,1.0,0.0,136,91,210,0.019127845764160156,0.017777442932128906,0.00135040283203125
10,5000,2,sf,linear_sem,25,DF-PC (Pure),1.0,1.0,1.0,0.0,79,34,210,0.012893199920654297,0.010277748107910156,0.0026154518127441406
10,5000,2,sf,linear_sem,26,Standard PC,1.0,1.0,1.0,0.0,262,217,320,0.02534794807434082,0.024004220962524414,0.0013437271118164062
10,5000,2,sf,linear_sem,26,DF-PC (Pure),1.0,1.0,1.0,0.0,58,13,320,0.00852060317993164,0.0053441524505615234,0.003176450729370117
10,5000,2,sf,linear_sem,27,Standard PC,1.0,1.0,1.0,0.0,117,72,189,0.01165008544921875,0.010769844055175781,0.0008802413940429688
10,5000,2,sf,linear_sem,27,DF-PC (Pure),1.0,1.0,1.0,0.0,79,34,189,0.008647918701171875,0.007154226303100586,0.001493692398071289
10,5000,2,sf,linear_sem,28,Standard PC,1.0,1.0,1.0,0.0,134,89,202,0.01333165168762207,0.012395143508911133,0.0009365081787109375
10,5000,2,sf,linear_sem,28,DF-PC (Pure),1.0,1.0,1.0,0.0,74,29,202,0.008399724960327148,0.006810665130615234,0.001589059829711914
10,5000,2,sf,linear_sem,29,Standard PC,1.0,1.0,1.0,0.0,268,223,335,0.025912046432495117,0.024535179138183594,0.0013768672943115234
10,5000,2,sf,linear_sem,29,DF-PC (Pure),1.0,1.0,1.0,0.0,168,123,335,0.02066779136657715,0.015964508056640625,0.0047032833099365234
10,5000,4,er,discrete,0,Standard PC,0.5714285714285715,1.0,0.4,12.0,66,21,114,0.012056827545166016,0.01131749153137207,0.0007393360137939453
10,5000,4,er,discrete,0,DF-PC (Pure),0.6206896551724138,1.0,0.45,11.0,48,3,118,0.008382558822631836,0.0073468685150146484,0.0010356903076171875
10,5000,4,er,discrete,1,Standard PC,0.5185185185185185,1.0,0.35,13.0,75,30,123,0.013701438903808594,0.012934446334838867,0.0007669925689697266
10,5000,4,er,discrete,1,DF-PC (Pure),0.5714285714285715,1.0,0.4,12.0,48,3,123,0.008402109146118164,0.007356405258178711,0.0010457038879394531
10,5000,4,er,discrete,2,Standard PC,0.4615384615384615,1.0,0.3,14.0,75,30,120,0.013292312622070312,0.012525320053100586,0.0007669925689697266
10,5000,4,er,discrete,2,DF-PC (Pure),0.5185185185185185,1.0,0.35,13.0,45,0,124,0.007525444030761719,0.0065042972564697266,0.0010211467742919922
10,5000,4,er,discrete,3,Standard PC,0.5185185185185185,1.0,0.35,13.0,64,19,115,0.01132059097290039,0.010578632354736328,0.0007419586181640625
10,5000,4,er,discrete,3,DF-PC (Pure),0.5714285714285715,1.0,0.4,12.0,51,6,118,0.008666038513183594,0.007663249969482422,0.0010027885437011719
10,5000,4,er,discrete,4,Standard PC,0.7096774193548387,1.0,0.55,9.0,140,95,199,0.025555849075317383,0.02443528175354004,0.0011205673217773438
10,5000,4,er,discrete,4,DF-PC (Pure),0.6874999999999999,0.9166666666666666,0.55,10.0,78,33,202,0.014981985092163086,0.012899637222290039,0.002082347869873047
10,5000,4,er,discrete,5,Standard PC,0.4615384615384615,1.0,0.3,14.0,97,52,147,0.01825547218322754,0.017274141311645508,0.0009813308715820312
10,5000,4,er,discrete,5,DF-PC (Pure),0.6206896551724138,1.0,0.45,11.0,51,6,298,0.010873079299926758,0.007693767547607422,0.003179311752319336
10,5000,4,er,discrete,6,Standard PC,0.4615384615384615,1.0,0.3,14.0,68,23,113,0.011873483657836914,0.011157512664794922,0.0007159709930419922
10,5000,4,er,discrete,6,DF-PC (Pure),0.5517241379310346,0.8888888888888888,0.4,13.0,45,0,125,0.00756072998046875,0.00655055046081543,0.0010101795196533203
10,5000,4,er,discrete,7,Standard PC,0.7096774193548387,1.0,0.55,9.0,194,149,262,0.03853917121887207,0.03698372840881348,0.0015554428100585938
10,5000,4,er,discrete,7,DF-PC (Pure),0.8,0.9333333333333333,0.7,7.0,123,78,332,0.02735424041748047,0.023430347442626953,0.003923892974853516
10,5000,4,er,discrete,8,Standard PC,0.6206896551724138,1.0,0.45,11.0,136,91,188,0.02528691291809082,0.024192094802856445,0.001094818115234375
10,5000,4,er,discrete,8,DF-PC (Pure),0.8235294117647058,1.0,0.7,6.0,59,14,259,0.01178431510925293,0.009325742721557617,0.0024585723876953125
10,5000,4,er,discrete,9,Standard PC,0.5714285714285715,1.0,0.4,12.0,134,89,194,0.024459123611450195,0.02337169647216797,0.0010874271392822266
10,5000,4,er,discrete,9,DF-PC (Pure),0.7647058823529412,0.9285714285714286,0.65,8.0,82,37,337,0.017347335815429688,0.014096736907958984,0.003250598907470703
10,5000,4,er,discrete,10,Standard PC,0.5714285714285715,1.0,0.4,12.0,103,58,153,0.018819093704223633,0.017864704132080078,0.0009543895721435547
10,5000,4,er,discrete,10,DF-PC (Pure),0.6666666666666666,1.0,0.5,10.0,54,9,162,0.00965118408203125,0.00821685791015625,0.001434326171875
10,5000,4,er,discrete,11,Standard PC,0.4615384615384615,1.0,0.3,14.0,60,15,105,0.010169267654418945,0.009503602981567383,0.0006656646728515625
10,5000,4,er,discrete,11,DF-PC (Pure),0.5714285714285715,1.0,0.4,12.0,45,0,109,0.007325172424316406,0.006425619125366211,0.0008995532989501953
10,5000,4,er,discrete,12,Standard PC,0.5185185185185185,1.0,0.35,13.0,63,18,111,0.011216878890991211,0.010494709014892578,0.0007221698760986328
10,5000,4,er,discrete,12,DF-PC (Pure),0.6206896551724138,1.0,0.45,11.0,48,3,118,0.008431434631347656,0.007381439208984375,0.0010499954223632812
10,5000,4,er,discrete,13,Standard PC,0.5185185185185185,1.0,0.35,13.0,74,29,122,0.01382899284362793,0.013010025024414062,0.0008189678192138672
10,5000,4,er,discrete,13,DF-PC (Pure),0.5714285714285715,1.0,0.4,12.0,48,3,128,0.008463144302368164,0.007343292236328125,0.001119852066040039
10,5000,4,er,discrete,14,Standard PC,0.5185185185185185,1.0,0.35,13.0,73,28,118,0.012816429138183594,0.012069463729858398,0.0007469654083251953
10,5000,4,er,discrete,14,DF-PC (Pure),0.6206896551724138,1.0,0.45,11.0,45,0,123,0.007471799850463867,0.006486415863037109,0.0009853839874267578
10,5000,4,er,discrete,15,Standard PC,0.5714285714285715,1.0,0.4,12.0,108,63,153,0.01990675926208496,0.018970489501953125,0.0009362697601318359
10,5000,4,er,discrete,15,DF-PC (Pure),0.6666666666666666,1.0,0.5,10.0,45,0,201,0.008358240127563477,0.006627559661865234,0.0017306804656982422
10,5000,4,er,discrete,16,Standard PC,0.6666666666666666,1.0,0.5,10.0,157,112,221,0.029187917709350586,0.02794647216796875,0.001241445541381836
10,5000,4,er,discrete,16,DF-PC (Pure),0.8235294117647058,1.0,0.7,6.0,103,58,269,0.02112579345703125,0.0182340145111084,0.0028917789459228516
10,5000,4,er,discrete,17,Standard PC,0.5185185185185185,1.0,0.35,13.0,61,16,106,0.010402202606201172,0.00972127914428711,0.0006809234619140625
10,5000,4,er,discrete,17,DF-PC (Pure),0.6206896551724138,1.0,0.45,11.0,45,0,111,0.007155895233154297,0.006281137466430664,0.0008747577667236328
10,5000,4,er,discrete,18,Standard PC,0.5185185185185185,1.0,0.35,13.0,80,35,136,0.013925790786743164,0.013125896453857422,0.0007998943328857422
10,5000,4,er,discrete,18,DF-PC (Pure),0.5517241379310346,0.8888888888888888,0.4,13.0,63,18,173,0.01120138168334961,0.00966334342956543,0.0015380382537841797
10,5000,4,er,discrete,19,Standard PC,0.5185185185185185,1.0,0.35,13.0,82,37,127,0.014674901962280273,0.013848304748535156,0.0008265972137451172
10,5000,4,er,discrete,19,DF-PC (Pure),0.5714285714285715,1.0,0.4,12.0,45,0,133,0.007397174835205078,0.0063381195068359375,0.0010590553283691406
10,5000,4,er,discrete,20,Standard PC,0.6206896551724138,1.0,0.45,11.0,93,48,145,0.025562047958374023,0.02436089515686035,0.0012011528015136719
10,5000,4,er,discrete,20,DF-PC (Pure),0.6666666666666666,1.0,0.5,10.0,56,11,151,0.015056848526000977,0.012983322143554688,0.002073526382446289
10,5000,4,er,discrete,21,Standard PC,0.4615384615384615,1.0,0.3,14.0,70,25,115,0.012290477752685547,0.01155543327331543,0.0007350444793701172
10,5000,4,er,discrete,21,DF-PC (Pure),0.5185185185185185,1.0,0.35,13.0,45,0,129,0.007559776306152344,0.006504535675048828,0.0010552406311035156
10,5000,4,er,discrete,22,Standard PC,0.5185185185185185,1.0,0.35,13.0,62,17,110,0.01072239875793457,0.010036706924438477,0.0006856918334960938
10,5000,4,er,discrete,22,DF-PC (Pure),0.5714285714285715,1.0,0.4,12.0,48,3,114,0.00807046890258789,0.007112741470336914,0.0009577274322509766
10,5000,4,er,discrete,23,Standard PC,0.6206896551724138,1.0,0.45,11.0,77,32,122,0.013045072555541992,0.012310028076171875,0.0007350444793701172
10,5000,4,er,discrete,23,DF-PC (Pure),0.6666666666666666,1.0,0.5,10.0,45,0,137,0.00756382942199707,0.006448268890380859,0.001115560531616211
10,5000,4,er,discrete,24,Standard PC,0.5714285714285715,1.0,0.4,12.0,84,39,132,0.015178680419921875,0.01433706283569336,0.0008416175842285156
10,5000,4,er,discrete,24,DF-PC (Pure),0.6666666666666666,1.0,0.5,10.0,48,3,132,0.008275032043457031,0.0071942806243896484,0.0010807514190673828
10,5000,4,er,discrete,25,Standard PC,0.4615384615384615,1.0,0.3,14.0,90,45,140,0.016138553619384766,0.015275239944458008,0.0008633136749267578
10,5000,4,er,discrete,25,DF-PC (Pure),0.6206896551724138,1.0,0.45,11.0,51,6,292,0.010588645935058594,0.007565736770629883,0.003022909164428711
10,5000,4,er,discrete,26,Standard PC,0.5714285714285715,1.0,0.4,12.0,99,54,144,0.02757096290588379,0.026293039321899414,0.001277923583984375
10,5000,4,er,discrete,26,DF-PC (Pure),0.6874999999999999,0.9166666666666666,0.55,10.0,45,0,217,0.012598514556884766,0.00958395004272461,0.0030145645141601562
10,5000,4,er,discrete,27,Standard PC,0.6666666666666666,1.0,0.5,10.0,112,67,164,0.019821882247924805,0.018877029418945312,0.0009448528289794922
10,5000,4,er,discrete,27,DF-PC (Pure),0.8235294117647058,1.0,0.7,6.0,54,9,238,0.010296344757080078,0.0081939697265625,0.002102375030517578
10,5000,4,er,discrete,28,Standard PC,0.6206896551724138,1.0,0.45,11.0,91,46,136,0.016613006591796875,0.015727996826171875,0.000885009765625
10,5000,4,er,discrete,28,DF-PC (Pure),0.7096774193548387,1.0,0.55,9.0,45,0,151,0.007572650909423828,0.006356239318847656,0.0012164115905761719
10,5000,4,er,discrete,29,Standard PC,0.4,1.0,0.25,15.0,53,8,98,0.008933067321777344,0.008304595947265625,0.0006284713745117188
10,5000,4,er,discrete,29,DF-PC (Pure),0.4,1.0,0.25,15.0,45,0,98,0.007198810577392578,0.0063915252685546875,0.0008072853088378906
10,5000,4,er,linear_sem,0,Standard PC,0.6857142857142857,0.8,0.6,11.0,849,804,1278,0.08324885368347168,0.07925128936767578,0.0039975643157958984
10,5000,4,er,linear_sem,0,DF-PC (Pure),0.6857142857142857,0.8,0.6,11.0,690,645,1278,0.07632827758789062,0.0636601448059082,0.012668132781982422
10,5000,4,er,linear_sem,1,Standard PC,0.8,0.9333333333333333,0.7,7.0,625,580,870,0.06115579605102539,0.05821108818054199,0.0029447078704833984
10,5000,4,er,linear_sem,1,DF-PC (Pure),0.8,0.9333333333333333,0.7,7.0,519,474,870,0.059206485748291016,0.04858064651489258,0.010625839233398438
10,5000,4,er,linear_sem,2,Standard PC,0.7058823529411764,0.8571428571428571,0.6,10.0,765,720,1093,0.07523202896118164,0.07166123390197754,0.0035707950592041016
10,5000,4,er,linear_sem,2,DF-PC (Pure),0.7058823529411764,0.8571428571428571,0.6,10.0,662,617,1094,0.0738222599029541,0.06117367744445801,0.012648582458496094
10,5000,4,er,linear_sem,3,Standard PC,0.625,0.8333333333333334,0.5,12.0,467,422,680,0.04579877853393555,0.04346489906311035,0.0023338794708251953
10,5000,4,er,linear_sem,3,DF-PC (Pure),0.625,0.8333333333333334,0.5,12.0,363,318,680,0.040247201919555664,0.03353619575500488,0.006711006164550781
10,5000,4,er,linear_sem,4,Standard PC,0.7647058823529412,0.9285714285714286,0.65,8.0,778,733,1242,0.07727670669555664,0.07334065437316895,0.003936052322387695
10,5000,4,er,linear_sem,4,DF-PC (Pure),0.7647058823529412,0.9285714285714286,0.65,8.0,729,684,1242,0.07889032363891602,0.06641364097595215,0.012476682662963867
10,5000,4,er,linear_sem,5,Standard PC,0.6470588235294117,0.7857142857142857,0.55,12.0,712,667,1029,0.06817340850830078,0.06480073928833008,0.003372669219970703
10,5000,4,er,linear_sem,5,DF-PC (Pure),0.6470588235294117,0.7857142857142857,0.55,12.0,597,552,1029,0.0653691291809082,0.054621219635009766,0.010747909545898438
10,5000,4,er,linear_sem,6,Standard PC,0.8421052631578948,0.8888888888888888,0.8,6.0,986,941,1296,0.0959920883178711,0.09168386459350586,0.004308223724365234
10,5000,4,er,linear_sem,6,DF-PC (Pure),0.8421052631578948,0.8888888888888888,0.8,6.0,761,716,1296,0.0870964527130127,0.07079839706420898,0.01629805564880371
10,5000,4,er,linear_sem,7,Standard PC,0.7096774193548387,1.0,0.55,9.0,598,553,989,0.0597834587097168,0.056696414947509766,0.0030870437622070312
10,5000,4,er,linear_sem,7,DF-PC (Pure),0.7096774193548387,1.0,0.55,9.0,566,521,989,0.061559200286865234,0.05192732810974121,0.009631872177124023
10,5000,4,er,linear_sem,8,Standard PC,0.787878787878788,1.0,0.65,7.0,777,732,1281,0.07598185539245605,0.07225370407104492,0.003728151321411133
10,5000,4,er,linear_sem,8,DF-PC (Pure),0.787878787878788,1.0,0.65,7.0,752,707,1281,0.08179926872253418,0.06973028182983398,0.012068986892700195
10,5000,4,er,linear_sem,9,Standard PC,0.7058823529411764,0.8571428571428571,0.6,10.0,844,799,1282,0.08259749412536621,0.07859659194946289,0.00400090217590332
10,5000,4,er,linear_sem,9,DF-PC (Pure),0.7058823529411764,0.8571428571428571,0.6,10.0,765,720,1282,0.08352994918823242,0.07077217102050781,0.01275777816772461
10,5000,4,er,linear_sem,10,Standard PC,0.6857142857142857,0.8,0.6,11.0,719,674,1055,0.06931066513061523,0.06584000587463379,0.0034706592559814453
10,5000,4,er,linear_sem,10,DF-PC (Pure),0.6857142857142857,0.8,0.6,11.0,556,511,1055,0.06230354309082031,0.05114483833312988,0.01115870475769043
10,5000,4,er,linear_sem,11,Standard PC,0.7428571428571429,0.8666666666666667,0.65,9.0,670,625,1012,0.0644826889038086,0.06118464469909668,0.003298044204711914
10,5000,4,er,linear_sem,11,DF-PC (Pure),0.7428571428571429,0.8666666666666667,0.65,9.0,604,559,1012,0.06613707542419434,0.05534648895263672,0.010790586471557617
10,5000,4,er,linear_sem,12,Standard PC,0.7647058823529412,0.9285714285714286,0.65,8.0,716,671,1062,0.07059502601623535,0.06712102890014648,0.003473997116088867
10,5000,4,er,linear_sem,12,DF-PC (Pure),0.7647058823529412,0.9285714285714286,0.65,8.0,601,556,1062,0.06900835037231445,0.05787372589111328,0.011134624481201172
10,5000,4,er,linear_sem,13,Standard PC,0.7058823529411764,0.8571428571428571,0.6,10.0,743,698,1136,0.0739128589630127,0.07030582427978516,0.003607034683227539
10,5000,4,er,linear_sem,13,DF-PC (Pure),0.7058823529411764,0.8571428571428571,0.6,10.0,664,619,1136,0.07396078109741211,0.06185483932495117,0.012105941772460938
10,5000,4,er,linear_sem,14,Standard PC,0.7647058823529412,0.9285714285714286,0.65,8.0,555,510,808,0.05386018753051758,0.05113816261291504,0.002722024917602539
10,5000,4,er,linear_sem,14,DF-PC (Pure),0.7647058823529412,0.9285714285714286,0.65,8.0,442,397,808,0.04879474639892578,0.04085254669189453,0.00794219970703125
10,5000,4,er,linear_sem,15,Standard PC,0.7222222222222223,0.8125,0.65,10.0,587,542,909,0.058351755142211914,0.05534052848815918,0.0030112266540527344
10,5000,4,er,linear_sem,15,DF-PC (Pure),0.7222222222222223,0.8125,0.65,10.0,557,512,909,0.06111788749694824,0.051373958587646484,0.009743928909301758
10,5000,4,er,linear_sem,16,Standard PC,0.8235294117647058,1.0,0.7,6.0,726,681,1081,0.06957077980041504,0.06605720520019531,0.0035135746002197266
10,5000,4,er,linear_sem,16,DF-PC (Pure),0.8235294117647058,1.0,0.7,6.0,640,595,1106,0.06966900825500488,0.05816221237182617,0.011506795883178711
10,5000,4,er,linear_sem,17,Standard PC,0.7567567567567567,0.8235294117647058,0.7,9.0,647,602,909,0.06264972686767578,0.05954098701477051,0.0031087398529052734
10,5000,4,er,linear_sem,17,DF-PC (Pure),0.7567567567567567,0.8235294117647058,0.7,9.0,505,460,936,0.05661749839782715,0.04641294479370117,0.010204553604125977
10,5000,4,er,linear_sem,18,Standard PC,0.8235294117647058,1.0,0.7,6.0,593,548,864,0.05765032768249512,0.05478262901306152,0.0028676986694335938
10,5000,4,er,linear_sem,18,DF-PC (Pure),0.8235294117647058,1.0,0.7,6.0,464,419,864,0.052136898040771484,0.04296469688415527,0.009172201156616211
10,5000,4,er,linear_sem,19,Standard PC,0.8571428571428571,1.0,0.75,5.0,651,606,900,0.06464576721191406,0.0615084171295166,0.003137350082397461
10,5000,4,er,linear_sem,19,DF-PC (Pure),0.8571428571428571,1.0,0.75,5.0,487,442,900,0.05559825897216797,0.0461268424987793,0.009471416473388672
10,5000,4,er,linear_sem,20,Standard PC,0.7647058823529412,0.9285714285714286,0.65,8.0,874,829,1314,0.08500456809997559,0.08093571662902832,0.004068851470947266
10,5000,4,er,linear_sem,20,DF-PC (Pure),0.7647058823529412,0.9285714285714286,0.65,8.0,771,726,1314,0.08555006980895996,0.07123994827270508,0.014310121536254883
10,5000,4,er,linear_sem,21,Standard PC,0.7428571428571429,0.8666666666666667,0.65,9.0,823,778,1206,0.08080053329467773,0.0769813060760498,0.0038192272186279297
10,5000,4,er,linear_sem,21,DF-PC (Pure),0.7428571428571429,0.8666666666666667,0.65,9.0,650,605,1206,0.0733942985534668,0.061074018478393555,0.012320280075073242
10,5000,4,er,linear_sem,22,Standard PC,0.6,0.9,0.45,12.0,746,701,1090,0.0730752944946289,0.06944441795349121,0.0036308765411376953
10,5000,4,er,linear_sem,22,DF-PC (Pure),0.6,0.9,0.45,12.0,580,535,1090,0.06567072868347168,0.05441164970397949,0.011259078979492188
10,5000,4,er,linear_sem,23,Standard PC,0.7567567567567567,0.8235294117647058,0.7,9.0,673,628,943,0.07067131996154785,0.0671091079711914,0.0035622119903564453
10,5000,4,er,linear_sem,23,DF-PC (Pure),0.7567567567567567,0.8235294117647058,0.7,9.0,528,483,943,0.08527874946594238,0.06927728652954102,0.016001462936401367
10,5000,4,er,linear_sem,24,Standard PC,0.7272727272727274,0.9230769230769231,0.6,9.0,707,662,974,0.06805419921875,0.06475114822387695,0.003303050994873047
10,5000,4,er,linear_sem,24,DF-PC (Pure),0.7272727272727274,0.9230769230769231,0.6,9.0,518,473,974,0.05825972557067871,0.04739117622375488,0.010868549346923828
10,5000,4,er,linear_sem,25,Standard PC,0.7428571428571429,0.8666666666666667,0.65,9.0,748,703,1074,0.07475113868713379,0.07107973098754883,0.003671407699584961
10,5000,4,er,linear_sem,25,DF-PC (Pure),0.7428571428571429,0.8666666666666667,0.65,9.0,653,608,1074,0.07474279403686523,0.06191849708557129,0.012824296951293945
10,5000,4,er,linear_sem,26,Standard PC,0.8333333333333334,0.9375,0.75,6.0,652,607,952,0.06401371955871582,0.06076455116271973,0.0032491683959960938
10,5000,4,er,linear_sem,26,DF-PC (Pure),0.8333333333333334,0.9375,0.75,6.0,533,488,952,0.05940961837768555,0.04915308952331543,0.010256528854370117
10,5000,4,er,linear_sem,27,Standard PC,0.7567567567567567,0.8235294117647058,0.7,9.0,781,736,1153,0.07646036148071289,0.07276415824890137,0.0036962032318115234
10,5000,4,er,linear_sem,27,DF-PC (Pure),0.7567567567567567,0.8235294117647058,0.7,9.0,696,651,1153,0.07650923728942871,0.06451034545898438,0.011998891830444336
10,5000,4,er,linear_sem,28,Standard PC,0.7428571428571429,0.8666666666666667,0.65,9.0,1025,980,1527,0.142136812210083,0.135880708694458,0.006256103515625
10,5000,4,er,linear_sem,28,DF-PC (Pure),0.7428571428571429,0.8666666666666667,0.65,9.0,948,903,1527,0.10651683807373047,0.08875393867492676,0.01776289939880371
10,5000,4,er,linear_sem,29,Standard PC,0.8235294117647058,1.0,0.7,6.0,515,470,757,0.05190277099609375,0.04926037788391113,0.002642393112182617
10,5000,4,er,linear_sem,29,DF-PC (Pure),0.8235294117647058,1.0,0.7,6.0,392,347,757,0.043888092041015625,0.0365140438079834,0.0073740482330322266
10,5000,4,sf,discrete,0,Standard PC,0.4,1.0,0.25,12.0,49,4,94,0.008474111557006836,0.007848262786865234,0.0006258487701416016
10,5000,4,sf,discrete,0,DF-PC (Pure),0.4,1.0,0.25,12.0,45,0,94,0.0072824954986572266,0.006500959396362305,0.0007815361022949219
10,5000,4,sf,discrete,1,Standard PC,0.72,1.0,0.5625,7.0,117,72,169,0.02142477035522461,0.020437240600585938,0.0009875297546386719
10,5000,4,sf,discrete,1,DF-PC (Pure),0.9333333333333333,1.0,0.875,2.0,59,14,207,0.010962963104248047,0.00917363166809082,0.0017893314361572266
10,5000,4,sf,discrete,2,Standard PC,0.4,1.0,0.25,12.0,51,6,96,0.008532047271728516,0.007931947708129883,0.0006000995635986328
10,5000,4,sf,discrete,2,DF-PC (Pure),0.47619047619047616,1.0,0.3125,11.0,45,0,96,0.007338285446166992,0.006517887115478516,0.0008203983306884766
10,5000,4,sf,discrete,3,Standard PC,0.47619047619047616,1.0,0.3125,11.0,56,11,101,0.009668588638305664,0.00900888442993164,0.0006597042083740234
10,5000,4,sf,discrete,3,DF-PC (Pure),0.47619047619047616,1.0,0.3125,11.0,45,0,101,0.007272481918334961,0.0064275264739990234,0.0008449554443359375
10,5000,4,sf,discrete,4,Standard PC,0.47619047619047616,1.0,0.3125,11.0,49,4,94,0.008264303207397461,0.007665157318115234,0.0005991458892822266
10,5000,4,sf,discrete,4,DF-PC (Pure),0.47619047619047616,1.0,0.3125,11.0,45,0,94,0.007436990737915039,0.006639719009399414,0.000797271728515625
10,5000,4,sf,discrete,5,Standard PC,0.3157894736842105,1.0,0.1875,13.0,45,0,90,0.007462978363037109,0.0069043636322021484,0.0005586147308349609
10,5000,4,sf,discrete,5,DF-PC (Pure),0.3157894736842105,1.0,0.1875,13.0,45,0,90,0.007318258285522461,0.006560802459716797,0.0007574558258056641
10,5000,4,sf,discrete,6,Standard PC,0.47619047619047616,1.0,0.3125,11.0,58,13,103,0.009746074676513672,0.009134054183959961,0.0006120204925537109
10,5000,4,sf,discrete,6,DF-PC (Pure),0.45454545454545453,0.8333333333333334,0.3125,12.0,45,0,103,0.007451057434082031,0.006598472595214844,0.0008525848388671875
10,5000,4,sf,discrete,7,Standard PC,0.6666666666666666,1.0,0.5,8.0,71,26,116,0.016951560974121094,0.015954017639160156,0.0009975433349609375
10,5000,4,sf,discrete,7,DF-PC (Pure),0.6666666666666666,1.0,0.5,8.0,45,0,116,0.01096034049987793,0.009486675262451172,0.0014736652374267578
10,5000,4,sf,discrete,8,Standard PC,0.5454545454545454,1.0,0.375,10.0,67,22,115,0.011783123016357422,0.011072397232055664,0.0007107257843017578
10,5000,4,sf,discrete,8,DF-PC (Pure),0.6666666666666666,1.0,0.5,8.0,48,3,126,0.008219718933105469,0.007149457931518555,0.001070261001586914
10,5000,4,sf,discrete,9,Standard PC,0.6086956521739131,1.0,0.4375,9.0,77,32,124,0.01348876953125,0.012723207473754883,0.0007655620574951172
10,5000,4,sf,discrete,9,DF-PC (Pure),0.6923076923076923,0.9,0.5625,8.0,48,3,144,0.008323431015014648,0.00713801383972168,0.0011854171752929688
10,5000,4,sf,discrete,10,Standard PC,0.47619047619047616,1.0,0.3125,11.0,68,23,113,0.011896371841430664,0.011190652847290039,0.000705718994140625
10,5000,4,sf,discrete,10,DF-PC (Pure),0.5217391304347825,0.8571428571428571,0.375,11.0,45,0,119,0.008105278015136719,0.007052421569824219,0.0010528564453125
10,5000,4,sf,discrete,11,Standard PC,0.47619047619047616,1.0,0.3125,11.0,57,12,105,0.009552478790283203,0.008896589279174805,0.0006558895111083984
10,5000,4,sf,discrete,11,DF-PC (Pure),0.47619047619047616,1.0,0.3125,11.0,48,3,105,0.00780940055847168,0.0069386959075927734,0.0008707046508789062
10,5000,4,sf,discrete,12,Standard PC,0.5454545454545454,1.0,0.375,10.0,76,31,126,0.013645172119140625,0.012859344482421875,0.00078582763671875
10,5000,4,sf,discrete,12,DF-PC (Pure),0.6666666666666666,1.0,0.5,8.0,57,12,140,0.010339736938476562,0.009092330932617188,0.001247406005859375
10,5000,4,sf,discrete,13,Standard PC,0.4,1.0,0.25,12.0,50,5,98,0.009650468826293945,0.008909225463867188,0.0007412433624267578
10,5000,4,sf,discrete,13,DF-PC (Pure),0.4,1.0,0.25,12.0,48,3,98,0.010894060134887695,0.009770870208740234,0.001123189926147461
10,5000,4,sf,discrete,14,Standard PC,0.5454545454545454,1.0,0.375,10.0,68,23,113,0.01241445541381836,0.011639118194580078,0.0007753372192382812
10,5000,4,sf,discrete,14,DF-PC (Pure),0.6666666666666666,1.0,0.5,8.0,45,0,128,0.007733583450317383,0.0066602230072021484,0.0010733604431152344
10,5000,4,sf,discrete,15,Standard PC,0.3157894736842105,1.0,0.1875,13.0,45,0,90,0.007316112518310547,0.0067522525787353516,0.0005638599395751953
10,5000,4,sf,discrete,15,DF-PC (Pure),0.3157894736842105,1.0,0.1875,13.0,45,0,90,0.007298946380615234,0.0065441131591796875,0.0007548332214355469
10,5000,4,sf,discrete,16,Standard PC,0.4,1.0,0.25,12.0,47,2,92,0.011447668075561523,0.010605573654174805,0.0008420944213867188
10,5000,4,sf,discrete,16,DF-PC (Pure),0.4,1.0,0.25,12.0,45,0,92,0.011044025421142578,0.009845972061157227,0.0011980533599853516
10,5000,4,sf,discrete,17,Standard PC,0.47619047619047616,1.0,0.3125,11.0,56,11,101,0.009392738342285156,0.008742570877075195,0.0006501674652099609
10,5000,4,sf,discrete,17,DF-PC (Pure),0.45454545454545453,0.8333333333333334,0.3125,12.0,45,0,105,0.007727146148681641,0.006819009780883789,0.0009081363677978516
10,5000,4,sf,discrete,18,Standard PC,0.3157894736842105,1.0,0.1875,13.0,49,4,94,0.012670040130615234,0.011749267578125,0.0009207725524902344
10,5000,4,sf,discrete,18,DF-PC (Pure),0.3,0.75,0.1875,14.0,45,0,94,0.011030197143554688,0.009786605834960938,0.00124359130859375
10,5000,4,sf,discrete,19,Standard PC,0.47619047619047616,1.0,0.3125,11.0,47,2,92,0.011814117431640625,0.010924816131591797,0.0008893013000488281
10,5000,4,sf,discrete,19,DF-PC (Pure),0.47619047619047616,1.0,0.3125,11.0,45,0,92,0.010796785354614258,0.009586811065673828,0.0012099742889404297
10,5000,4,sf,discrete,20,Standard PC,0.2222222222222222,1.0,0.125,14.0,47,2,92,0.008742809295654297,0.008063793182373047,0.00067901611328125
10,5000,4,sf,discrete,20,DF-PC (Pure),0.2222222222222222,1.0,0.125,14.0,45,0,92,0.007380962371826172,0.006582498550415039,0.0007984638214111328
10,5000,4,sf,discrete,21,Standard PC,0.4,1.0,0.25,12.0,53,8,98,0.00901031494140625,0.008381128311157227,0.0006291866302490234
10,5000,4,sf,discrete,21,DF-PC (Pure),0.45454545454545453,0.8333333333333334,0.3125,12.0,45,0,98,0.007468223571777344,0.0066165924072265625,0.0008516311645507812
10,5000,4,sf,discrete,22,Standard PC,0.5454545454545454,1.0,0.375,10.0,68,23,113,0.01305699348449707,0.012265682220458984,0.0007913112640380859
10,5000,4,sf,discrete,22,DF-PC (Pure),0.6666666666666666,1.0,0.5,8.0,45,0,121,0.007653474807739258,0.006654024124145508,0.00099945068359375
10,5000,4,sf,discrete,23,Standard PC,0.6086956521739131,1.0,0.4375,9.0,78,33,123,0.013823986053466797,0.013048171997070312,0.0007758140563964844
10,5000,4,sf,discrete,23,DF-PC (Pure),0.7692307692307693,1.0,0.625,6.0,45,0,142,0.007768154144287109,0.0065860748291015625,0.0011820793151855469
10,5000,4,sf,discrete,24,Standard PC,0.5454545454545454,1.0,0.375,10.0,65,20,110,0.011250734329223633,0.010564327239990234,0.0006864070892333984
10,5000,4,sf,discrete,24,DF-PC (Pure),0.5454545454545454,1.0,0.375,10.0,45,0,110,0.0072803497314453125,0.006394863128662109,0.0008854866027832031
10,5000,4,sf,discrete,25,Standard PC,0.11764705882352941,1.0,0.0625,15.0,47,2,92,0.007513761520385742,0.006955146789550781,0.0005586147308349609
10,5000,4,sf,discrete,25,DF-PC (Pure),0.2222222222222222,1.0,0.125,14.0,45,0,92,0.007241249084472656,0.006478071212768555,0.0007631778717041016
10,5000,4,sf,discrete,26,Standard PC,0.4,1.0,0.25,12.0,67,22,112,0.011793136596679688,0.011080503463745117,0.0007126331329345703
10,5000,4,sf,discrete,26,DF-PC (Pure),0.5833333333333334,0.875,0.4375,10.0,45,0,173,0.008121728897094727,0.006581544876098633,0.0015401840209960938
10,5000,4,sf,discrete,27,Standard PC,0.21052631578947367,0.6666666666666666,0.125,15.0,47,2,92,0.007929563522338867,0.007342815399169922,0.0005867481231689453
10,5000,4,sf,discrete,27,DF-PC (Pure),0.21052631578947367,0.6666666666666666,0.125,15.0,45,0,92,0.007400989532470703,0.00661468505859375,0.0007863044738769531
10,5000,4,sf,discrete,28,Standard PC,0.21052631578947367,0.6666666666666666,0.125,15.0,47,2,92,0.008161306381225586,0.007551431655883789,0.0006098747253417969
10,5000,4,sf,discrete,28,DF-PC (Pure),0.21052631578947367,0.6666666666666666,0.125,15.0,45,0,92,0.007484912872314453,0.00667119026184082,0.0008137226104736328
10,5000,4,sf,discrete,29,Standard PC,0.4,1.0,0.25,12.0,48,3,96,0.008444547653198242,0.007809638977050781,0.0006349086761474609
10,5000,4,sf,discrete,29,DF-PC (Pure),0.4,1.0,0.25,12.0,48,3,96,0.008019208908081055,0.007201671600341797,0.0008175373077392578
10,5000,4,sf,linear_sem,0,Standard PC,0.9032258064516129,0.9333333333333333,0.875,3.0,603,558,739,0.0585637092590332,0.05572843551635742,0.0028352737426757812
10,5000,4,sf,linear_sem,0,DF-PC (Pure),0.9032258064516129,0.9333333333333333,0.875,3.0,382,337,836,0.04789280891418457,0.03612709045410156,0.011765718460083008
10,5000,4,sf,linear_sem,1,Standard PC,0.896551724137931,1.0,0.8125,3.0,638,593,884,0.06187009811401367,0.058856964111328125,0.003013134002685547
10,5000,4,sf,linear_sem,1,DF-PC (Pure),0.896551724137931,1.0,0.8125,3.0,527,482,884,0.060198307037353516,0.04926872253417969,0.010929584503173828
10,5000,4,sf,linear_sem,2,Standard PC,0.8275862068965517,0.9230769230769231,0.75,5.0,1018,973,1160,0.13936185836791992,0.13398528099060059,0.005376577377319336
10,5000,4,sf,linear_sem,2,DF-PC (Pure),0.8275862068965517,0.9230769230769231,0.75,5.0,568,523,1160,0.11133337020874023,0.0768742561340332,0.03445911407470703
10,5000,4,sf,linear_sem,3,Standard PC,0.7741935483870969,0.8,0.75,7.0,539,494,716,0.05443549156188965,0.05173969268798828,0.002695798873901367
10,5000,4,sf,linear_sem,3,DF-PC (Pure),0.7741935483870969,0.8,0.75,7.0,326,281,716,0.04061579704284668,0.03185677528381348,0.008759021759033203
10,5000,4,sf,linear_sem,4,Standard PC,0.8571428571428571,1.0,0.75,4.0,652,607,732,0.09067106246948242,0.08703231811523438,0.003638744354248047
10,5000,4,sf,linear_sem,4,DF-PC (Pure),0.8571428571428571,1.0,0.75,4.0,121,76,732,0.031470298767089844,0.015790939331054688,0.015679359436035156
10,5000,4,sf,linear_sem,5,Standard PC,0.9333333333333333,1.0,0.875,2.0,996,951,1105,0.09623241424560547,0.09229850769042969,0.003933906555175781
10,5000,4,sf,linear_sem,5,DF-PC (Pure),0.9333333333333333,1.0,0.875,2.0,257,212,1105,0.03727912902832031,0.02391672134399414,0.013362407684326172
10,5000,4,sf,linear_sem,6,Standard PC,0.7586206896551724,0.8461538461538461,0.6875,7.0,522,477,730,0.0515589714050293,0.04901766777038574,0.0025413036346435547
10,5000,4,sf,linear_sem,6,DF-PC (Pure),0.7586206896551724,0.8461538461538461,0.6875,7.0,389,344,730,0.04449892044067383,0.0368199348449707,0.007678985595703125
10,5000,4,sf,linear_sem,7,Standard PC,0.9333333333333333,1.0,0.875,2.0,630,585,784,0.0612635612487793,0.058424949645996094,0.002838611602783203
10,5000,4,sf,linear_sem,7,DF-PC (Pure),0.9333333333333333,1.0,0.875,2.0,298,253,784,0.03665661811828613,0.02765679359436035,0.008999824523925781
10,5000,4,sf,linear_sem,8,Standard PC,0.7999999999999999,0.8571428571428571,0.75,6.0,781,736,1057,0.07854294776916504,0.07472920417785645,0.0038137435913085938
10,5000,4,sf,linear_sem,8,DF-PC (Pure),0.7999999999999999,0.8571428571428571,0.75,6.0,568,523,1057,0.06587696075439453,0.05345320701599121,0.01242375373840332
10,5000,4,sf,linear_sem,9,Standard PC,0.9333333333333333,1.0,0.875,2.0,511,466,745,0.05353188514709473,0.05076169967651367,0.0027701854705810547
10,5000,4,sf,linear_sem,9,DF-PC (Pure),0.9333333333333333,1.0,0.875,2.0,395,350,745,0.046915292739868164,0.03856301307678223,0.008352279663085938
10,5000,4,sf,linear_sem,10,Standard PC,0.7857142857142857,0.9166666666666666,0.6875,6.0,370,325,460,0.03564023971557617,0.03384041786193848,0.0017998218536376953
10,5000,4,sf,linear_sem,10,DF-PC (Pure),0.7857142857142857,0.9166666666666666,0.6875,6.0,152,107,460,0.018521785736083984,0.013964653015136719,0.004557132720947266
10,5000,4,sf,linear_sem,11,Standard PC,0.9032258064516129,0.9333333333333333,0.875,3.0,589,544,738,0.08019852638244629,0.0764913558959961,0.0037071704864501953
10,5000,4,sf,linear_sem,11,DF-PC (Pure),0.9032258064516129,0.9333333333333333,0.875,3.0,266,221,738,0.04904794692993164,0.03459477424621582,0.01445317268371582
10,5000,4,sf,linear_sem,12,Standard PC,0.7142857142857143,0.8333333333333334,0.625,8.0,623,578,904,0.08626437187194824,0.08217763900756836,0.004086732864379883
10,5000,4,sf,linear_sem,12,DF-PC (Pure),0.7142857142857143,0.8333333333333334,0.625,8.0,446,401,904,0.0737152099609375,0.059021711349487305,0.014693498611450195
10,5000,4,sf,linear_sem,13,Standard PC,0.7857142857142857,0.9166666666666666,0.6875,6.0,345,300,440,0.0334012508392334,0.03167605400085449,0.0017251968383789062
10,5000,4,sf,linear_sem,13,DF-PC (Pure),0.7857142857142857,0.9166666666666666,0.6875,6.0,158,113,440,0.018926382064819336,0.014582395553588867,0.004343986511230469
10,5000,4,sf,linear_sem,14,Standard PC,0.7999999999999999,0.8571428571428571,0.75,6.0,426,381,636,0.04186844825744629,0.039604902267456055,0.0022635459899902344
10,5000,4,sf,linear_sem,14,DF-PC (Pure),0.7999999999999999,0.8571428571428571,0.75,6.0,345,300,636,0.037732601165771484,0.03141951560974121,0.0063130855560302734
10,5000,4,sf,linear_sem,15,Standard PC,0.8387096774193549,0.8666666666666667,0.8125,5.0,681,636,796,0.09621953964233398,0.09215474128723145,0.004064798355102539
10,5000,4,sf,linear_sem,15,DF-PC (Pure),0.8387096774193549,0.8666666666666667,0.8125,5.0,312,267,796,0.060450077056884766,0.041744232177734375,0.01870584487915039
10,5000,4,sf,linear_sem,16,Standard PC,0.7096774193548386,0.7333333333333333,0.6875,9.0,901,856,1153,0.08896899223327637,0.08493685722351074,0.004032135009765625
10,5000,4,sf,linear_sem,16,DF-PC (Pure),0.7096774193548386,0.7333333333333333,0.6875,9.0,648,603,1181,0.07598280906677246,0.06065797805786133,0.015324831008911133
10,5000,4,sf,linear_sem,17,Standard PC,0.8275862068965517,0.9230769230769231,0.75,5.0,421,376,569,0.04304981231689453,0.04083085060119629,0.002218961715698242
10,5000,4,sf,linear_sem,17,DF-PC (Pure),0.8666666666666666,0.9285714285714286,0.8125,4.0,312,267,733,0.03847765922546387,0.02914881706237793,0.009328842163085938
10,5000,4,sf,linear_sem,18,Standard PC,0.7857142857142857,0.9166666666666666,0.6875,6.0,1411,1366,1501,0.15270018577575684,0.14708900451660156,0.0056111812591552734
10,5000,4,sf,linear_sem,18,DF-PC (Pure),0.7857142857142857,0.9166666666666666,0.6875,6.0,286,241,1501,0.05385994911193848,0.029916763305664062,0.023943185806274414
10,5000,4,sf,linear_sem,19,Standard PC,0.7407407407407406,0.9090909090909091,0.625,7.0,485,440,633,0.05120420455932617,0.04875659942626953,0.0024476051330566406
10,5000,4,sf,linear_sem,19,DF-PC (Pure),0.7407407407407406,0.9090909090909091,0.625,7.0,281,236,633,0.034493207931518555,0.02742147445678711,0.007071733474731445
10,5000,4,sf,linear_sem,20,Standard PC,0.896551724137931,1.0,0.8125,3.0,522,477,598,0.05157947540283203,0.049254655838012695,0.002324819564819336
10,5000,4,sf,linear_sem,20,DF-PC (Pure),0.896551724137931,1.0,0.8125,3.0,120,75,598,0.01832413673400879,0.011271953582763672,0.007052183151245117
10,5000,4,sf,linear_sem,21,Standard PC,0.8387096774193549,0.8666666666666667,0.8125,5.0,416,371,571,0.05953502655029297,0.05648970603942871,0.003045320510864258
10,5000,4,sf,linear_sem,21,DF-PC (Pure),0.8387096774193549,0.8666666666666667,0.8125,5.0,283,238,571,0.04770255088806152,0.03752326965332031,0.010179281234741211
10,5000,4,sf,linear_sem,22,Standard PC,0.8148148148148148,1.0,0.6875,5.0,327,282,447,0.04599595069885254,0.043573856353759766,0.0024220943450927734
10,5000,4,sf,linear_sem,22,DF-PC (Pure),0.8148148148148148,1.0,0.6875,5.0,199,154,447,0.03307628631591797,0.026111841201782227,0.006964445114135742
10,5000,4,sf,linear_sem,23,Standard PC,0.7692307692307693,1.0,0.625,6.0,486,441,755,0.04840421676635742,0.045879364013671875,0.002524852752685547
10,5000,4,sf,linear_sem,23,DF-PC (Pure),0.7692307692307693,1.0,0.625,6.0,384,339,755,0.04332423210144043,0.03623843193054199,0.0070858001708984375
10,5000,4,sf,linear_sem,24,Standard PC,0.7999999999999999,0.8571428571428571,0.75,6.0,569,524,790,0.07758283615112305,0.07383966445922852,0.0037431716918945312
10,5000,4,sf,linear_sem,24,DF-PC (Pure),0.7999999999999999,0.8571428571428571,0.75,6.0,435,390,790,0.07002043724060059,0.05619359016418457,0.013826847076416016
10,5000,4,sf,linear_sem,25,Standard PC,0.9032258064516129,0.9333333333333333,0.875,3.0,605,560,714,0.05892467498779297,0.05614876747131348,0.002775907516479492
10,5000,4,sf,linear_sem,25,DF-PC (Pure),0.9032258064516129,0.9333333333333333,0.875,3.0,192,147,714,0.025330543518066406,0.017853260040283203,0.007477283477783203
10,5000,4,sf,linear_sem,26,Standard PC,0.6875,0.6875,0.6875,10.0,656,611,892,0.08992505073547363,0.0857236385345459,0.004201412200927734
10,5000,4,sf,linear_sem,26,DF-PC (Pure),0.6875,0.6875,0.6875,10.0,417,372,892,0.06995058059692383,0.054609060287475586,0.015341520309448242
10,5000,4,sf,linear_sem,27,Standard PC,0.7999999999999999,0.8571428571428571,0.75,6.0,734,689,928,0.07201242446899414,0.06875109672546387,0.0032613277435302734
10,5000,4,sf,linear_sem,27,DF-PC (Pure),0.7999999999999999,0.8571428571428571,0.75,6.0,386,341,928,0.04842972755432129,0.0372157096862793,0.011214017868041992
10,5000,4,sf,linear_sem,28,Standard PC,0.9333333333333333,1.0,0.875,2.0,850,805,977,0.11493611335754395,0.11029934883117676,0.0046367645263671875
10,5000,4,sf,linear_sem,28,DF-PC (Pure),0.9333333333333333,1.0,0.875,2.0,322,277,977,0.06343412399291992,0.041909217834472656,0.021524906158447266
10,5000,4,sf,linear_sem,29,Standard PC,0.8275862068965517,0.9230769230769231,0.75,5.0,435,390,556,0.04357433319091797,0.04148435592651367,0.002089977264404297
10,5000,4,sf,linear_sem,29,DF-PC (Pure),0.8275862068965517,0.9230769230769231,0.75,5.0,206,161,556,0.02610921859741211,0.02011275291442871,0.0059964656829833984
10,10000,2,er,discrete,0,Standard PC,0.9473684210526316,1.0,0.9,1.0,99,54,151,0.02227020263671875,0.02119588851928711,0.0010743141174316406
10,10000,2,er,discrete,0,DF-PC (Pure),0.9,0.9,0.9,2.0,56,11,166,0.011753559112548828,0.010097503662109375,0.0016560554504394531
10,10000,2,er,discrete,1,Standard PC,0.888888888888889,1.0,0.8,2.0,85,40,133,0.017738819122314453,0.016867399215698242,0.0008714199066162109
10,10000,2,er,discrete,1,DF-PC (Pure),0.9,0.9,0.9,2.0,48,3,149,0.009496212005615234,0.008231401443481445,0.001264810562133789
10,10000,2,er,discrete,2,Standard PC,1.0,1.0,1.0,0.0,98,53,146,0.021727561950683594,0.02070760726928711,0.0010199546813964844
10,10000,2,er,discrete,2,DF-PC (Pure),1.0,1.0,1.0,0.0,48,3,146,0.009273767471313477,0.008010387420654297,0.0012633800506591797
10,10000,2,er,discrete,3,Standard PC,0.8235294117647058,1.0,0.7,3.0,60,15,105,0.011656999588012695,0.010973930358886719,0.0006830692291259766
10,10000,2,er,discrete,3,DF-PC (Pure),0.8235294117647058,1.0,0.7,3.0,45,0,105,0.008360624313354492,0.007435798645019531,0.0009248256683349609
10,10000,2,er,discrete,4,Standard PC,0.888888888888889,1.0,0.8,2.0,77,32,128,0.015926122665405273,0.015101194381713867,0.0008249282836914062
10,10000,2,er,discrete,4,DF-PC (Pure),0.9473684210526316,1.0,0.9,1.0,54,9,128,0.011005401611328125,0.00983428955078125,0.001171112060546875
10,10000,2,er,discrete,5,Standard PC,0.8235294117647058,1.0,0.7,3.0,67,22,112,0.013536453247070312,0.012772560119628906,0.0007638931274414062
10,10000,2,er,discrete,5,DF-PC (Pure),0.8421052631578948,0.8888888888888888,0.8,3.0,45,0,120,0.008472681045532227,0.007462263107299805,0.0010104179382324219
10,10000,2,er,discrete,6,Standard PC,0.9473684210526316,1.0,0.9,1.0,93,48,144,0.021236658096313477,0.020206212997436523,0.0010304450988769531
10,10000,2,er,discrete,6,DF-PC (Pure),0.9523809523809523,0.9090909090909091,1.0,1.0,51,6,174,0.010778188705444336,0.00925588607788086,0.0015223026275634766
10,10000,2,er,discrete,7,Standard PC,0.888888888888889,1.0,0.8,2.0,66,21,111,0.013146162033081055,0.012393474578857422,0.0007526874542236328
10,10000,2,er,discrete,7,DF-PC (Pure),0.9473684210526316,1.0,0.9,1.0,45,0,111,0.008578062057495117,0.00760650634765625,0.0009715557098388672
10,10000,2,er,discrete,8,Standard PC,0.9473684210526316,1.0,0.9,1.0,131,86,179,0.032415151596069336,0.031164169311523438,0.0012509822845458984
10,10000,2,er,discrete,8,DF-PC (Pure),0.9523809523809523,0.9090909090909091,1.0,1.0,48,3,191,0.010903596878051758,0.009001970291137695,0.0019016265869140625
10,10000,2,er,discrete,9,Standard PC,1.0,1.0,1.0,0.0,250,205,307,0.10733628273010254,0.10479283332824707,0.0025434494018554688
10,10000,2,er,discrete,9,DF-PC (Pure),1.0,1.0,1.0,0.0,86,41,307,0.03623604774475098,0.030372142791748047,0.00586390495300293
10,10000,2,er,discrete,10,Standard PC,0.8235294117647058,1.0,0.7,3.0,66,21,114,0.01377105712890625,0.012992382049560547,0.0007786750793457031
10,10000,2,er,discrete,10,DF-PC (Pure),0.888888888888889,1.0,0.8,2.0,48,3,121,0.009795427322387695,0.008702278137207031,0.001093149185180664
10,10000,2,er,discrete,11,Standard PC,0.8235294117647058,1.0,0.7,3.0,85,40,135,0.01991581916809082,0.018895387649536133,0.0010204315185546875
10,10000,2,er,discrete,11,DF-PC (Pure),0.9473684210526316,1.0,0.9,1.0,51,6,142,0.010516881942749023,0.009160518646240234,0.001356363296508789
10,10000,2,er,discrete,12,Standard PC,1.0,1.0,1.0,0.0,94,49,142,0.020875930786132812,0.019908428192138672,0.0009675025939941406
10,10000,2,er,discrete,12,DF-PC (Pure),1.0,1.0,1.0,0.0,48,3,142,0.009788990020751953,0.008526802062988281,0.0012621879577636719
10,10000,2,er,discrete,13,Standard PC,1.0,1.0,1.0,0.0,79,34,127,0.016559362411499023,0.015669584274291992,0.0008897781372070312
10,10000,2,er,discrete,13,DF-PC (Pure),1.0,1.0,1.0,0.0,48,3,127,0.009194374084472656,0.008098840713500977,0.0010955333709716797
10,10000,2,er,discrete,14,Standard PC,0.888888888888889,1.0,0.8,2.0,78,33,125,0.016141653060913086,0.015292644500732422,0.0008490085601806641
10,10000,2,er,discrete,14,DF-PC (Pure),1.0,1.0,1.0,0.0,48,3,132,0.009139299392700195,0.007996797561645508,0.0011425018310546875
10,10000,2,er,discrete,15,Standard PC,0.9473684210526316,1.0,0.9,1.0,82,37,127,0.016656160354614258,0.015822410583496094,0.0008337497711181641
10,10000,2,er,discrete,15,DF-PC (Pure),0.9523809523809523,0.9090909090909091,1.0,1.0,45,0,134,0.008599281311035156,0.007474184036254883,0.0011250972747802734
10,10000,2,er,discrete,16,Standard PC,0.6666666666666666,1.0,0.5,5.0,74,29,119,0.015691757202148438,0.014852762222290039,0.0008389949798583984
10,10000,2,er,discrete,16,DF-PC (Pure),0.888888888888889,1.0,0.8,2.0,45,0,123,0.008728981018066406,0.007642507553100586,0.0010864734649658203
10,10000,2,er,discrete,17,Standard PC,0.9473684210526316,1.0,0.9,1.0,66,21,111,0.013994216918945312,0.01319432258605957,0.0007998943328857422
10,10000,2,er,discrete,17,DF-PC (Pure),0.9473684210526316,1.0,0.9,1.0,45,0,111,0.008636713027954102,0.007674694061279297,0.0009620189666748047
10,10000,2,er,discrete,18,Standard PC,0.888888888888889,1.0,0.8,2.0,64,19,109,0.013986349105834961,0.013156652450561523,0.0008296966552734375
10,10000,2,er,discrete,18,DF-PC (Pure),0.888888888888889,1.0,0.8,2.0,45,0,109,0.00922250747680664,0.008191585540771484,0.0010309219360351562
10,10000,2,er,discrete,19,Standard PC,1.0,1.0,1.0,0.0,143,98,196,0.03376436233520508,0.03246641159057617,0.0012979507446289062
10,10000,2,er,discrete,19,DF-PC (Pure),1.0,1.0,1.0,0.0,57,12,197,0.012098550796508789,0.010257244110107422,0.0018413066864013672
10,10000,2,er,discrete,20,Standard PC,0.888888888888889,1.0,0.8,2.0,69,24,114,0.015443801879882812,0.01456308364868164,0.0008807182312011719
10,10000,2,er,discrete,20,DF-PC (Pure),0.888888888888889,1.0,0.8,2.0,45,0,114,0.008732795715332031,0.007697105407714844,0.0010356903076171875
10,10000,2,er,discrete,21,Standard PC,0.8235294117647058,1.0,0.7,3.0,76,31,130,0.015990734100341797,0.015159845352172852,0.0008308887481689453
10,10000,2,er,discrete,21,DF-PC (Pure),0.888888888888889,1.0,0.8,2.0,56,11,146,0.011728048324584961,0.010375261306762695,0.0013527870178222656
10,10000,2,er,discrete,22,Standard PC,0.8235294117647058,1.0,0.7,3.0,74,29,119,0.015246391296386719,0.014474630355834961,0.0007717609405517578
10,10000,2,er,discrete,22,DF-PC (Pure),0.8000000000000002,0.8,0.8,4.0,45,0,130,0.008852720260620117,0.007737398147583008,0.0011153221130371094
10,10000,2,er,discrete,23,Standard PC,0.888888888888889,1.0,0.8,2.0,68,23,113,0.014663934707641602,0.013791561126708984,0.0008723735809326172
10,10000,2,er,discrete,23,DF-PC (Pure),0.9473684210526316,1.0,0.9,1.0,45,0,116,0.008614063262939453,0.007582902908325195,0.0010311603546142578
10,10000,2,er,discrete,24,Standard PC,0.9473684210526316,1.0,0.9,1.0,108,63,167,0.02335834503173828,0.022291898727416992,0.001066446304321289
10,10000,2,er,discrete,24,DF-PC (Pure),0.9523809523809523,0.9090909090909091,1.0,1.0,71,26,177,0.015068531036376953,0.013304710388183594,0.0017638206481933594
10,10000,2,er,discrete,25,Standard PC,1.0,1.0,1.0,0.0,108,63,161,0.023404359817504883,0.022385358810424805,0.0010190010070800781
10,10000,2,er,discrete,25,DF-PC (Pure),0.9523809523809523,0.9090909090909091,1.0,1.0,54,9,165,0.010990619659423828,0.009553909301757812,0.0014367103576660156
10,10000,2,er,discrete,26,Standard PC,0.9473684210526316,1.0,0.9,1.0,80,35,131,0.016460657119750977,0.015577554702758789,0.0008831024169921875
10,10000,2,er,discrete,26,DF-PC (Pure),1.0,1.0,1.0,0.0,51,6,134,0.009781599044799805,0.008604764938354492,0.0011768341064453125
10,10000,2,er,discrete,27,Standard PC,0.888888888888889,1.0,0.8,2.0,111,66,161,0.025774240493774414,0.02459430694580078,0.0011799335479736328
10,10000,2,er,discrete,27,DF-PC (Pure),0.9523809523809523,0.9090909090909091,1.0,1.0,54,9,199,0.011853218078613281,0.009892940521240234,0.001960277557373047
10,10000,2,er,discrete,28,Standard PC,0.9473684210526316,1.0,0.9,1.0,68,23,113,0.013567209243774414,0.012826204299926758,0.0007410049438476562
10,10000,2,er,discrete,28,DF-PC (Pure),0.9473684210526316,1.0,0.9,1.0,45,0,113,0.008429288864135742,0.0074443817138671875,0.0009849071502685547
10,10000,2,er,discrete,29,Standard PC,0.8235294117647058,1.0,0.7,3.0,63,18,111,0.013423919677734375,0.012595653533935547,0.0008282661437988281
10,10000,2,er,discrete,29,DF-PC (Pure),0.888888888888889,1.0,0.8,2.0,48,3,114,0.009543895721435547,0.008390426635742188,0.0011534690856933594
10,10000,2,er,linear_sem,0,Standard PC,0.9,0.9,0.9,2.0,206,161,327,0.020212888717651367,0.018929481506347656,0.001283407211303711
10,10000,2,er,linear_sem,0,DF-PC (Pure),0.8571428571428572,0.8181818181818182,0.9,3.0,161,116,342,0.017847776412963867,0.014699935913085938,0.0031478404998779297
10,10000,2,er,linear_sem,1,Standard PC,1.0,1.0,1.0,0.0,211,166,348,0.020478010177612305,0.01916193962097168,0.001316070556640625
10,10000,2,er,linear_sem,1,DF-PC (Pure),1.0,1.0,1.0,0.0,169,124,348,0.018121719360351562,0.0151824951171875,0.0029392242431640625
10,10000,2,er,linear_sem,2,Standard PC,0.9523809523809523,0.9090909090909091,1.0,1.0,322,277,511,0.04443502426147461,0.04190373420715332,0.002531290054321289
10,10000,2,er,linear_sem,2,DF-PC (Pure),0.9523809523809523,0.9090909090909091,1.0,1.0,296,251,511,0.04549837112426758,0.037783145904541016,0.0077152252197265625
10,10000,2,er,linear_sem,3,Standard PC,0.8421052631578948,0.8888888888888888,0.8,3.0,149,104,233,0.014868974685668945,0.013844966888427734,0.001024007797241211
10,10000,2,er,linear_sem,3,DF-PC (Pure),0.8421052631578948,0.8888888888888888,0.8,3.0,103,58,233,0.011371135711669922,0.0093841552734375,0.001986980438232422
10,10000,2,er,linear_sem,4,Standard PC,1.0,1.0,1.0,0.0,127,82,215,0.01298832893371582,0.01202845573425293,0.0009598731994628906
10,10000,2,er,linear_sem,4,DF-PC (Pure),1.0,1.0,1.0,0.0,100,55,215,0.01225733757019043,0.010263442993164062,0.001993894577026367
10,10000,2,er,linear_sem,5,Standard PC,1.0,1.0,1.0,0.0,151,106,230,0.02096247673034668,0.019522666931152344,0.001439809799194336
10,10000,2,er,linear_sem,5,DF-PC (Pure),1.0,1.0,1.0,0.0,96,51,230,0.015514612197875977,0.012405872344970703,0.0031087398529052734
10,10000,2,er,linear_sem,6,Standard PC,0.888888888888889,1.0,0.8,2.0,220,175,372,0.021972179412841797,0.020604372024536133,0.001367807388305664
10,10000,2,er,linear_sem,6,DF-PC (Pure),0.888888888888889,1.0,0.8,2.0,188,143,372,0.020777225494384766,0.017578125,0.0031991004943847656
10,10000,2,er,linear_sem,7,Standard PC,1.0,1.0,1.0,0.0,193,148,295,0.01923823356628418,0.01803445816040039,0.001203775405883789
10,10000,2,er,linear_sem,7,DF-PC (Pure),0.9523809523809523,0.9090909090909091,1.0,1.0,145,100,299,0.01587700843811035,0.013172388076782227,0.002704620361328125
10,10000,2,er,linear_sem,8,Standard PC,1.0,1.0,1.0,0.0,259,214,409,0.026083946228027344,0.02456808090209961,0.0015158653259277344
10,10000,2,er,linear_sem,8,DF-PC (Pure),0.9523809523809523,0.9090909090909091,1.0,1.0,206,161,410,0.023370981216430664,0.019469499588012695,0.0039014816284179688
10,10000,2,er,linear_sem,9,Standard PC,1.0,1.0,1.0,0.0,384,339,587,0.04044771194458008,0.03831815719604492,0.0021295547485351562
10,10000,2,er,linear_sem,9,DF-PC (Pure),1.0,1.0,1.0,0.0,362,317,587,0.046341657638549805,0.038008928298950195,0.00833272933959961
10,10000,2,er,linear_sem,10,Standard PC,1.0,1.0,1.0,0.0,223,178,328,0.0317838191986084,0.02990269660949707,0.0018811225891113281
10,10000,2,er,linear_sem,10,DF-PC (Pure),0.9523809523809523,0.9090909090909091,1.0,1.0,147,102,344,0.024762868881225586,0.0193023681640625,0.005460500717163086
10,10000,2,er,linear_sem,11,Standard PC,1.0,1.0,1.0,0.0,164,119,264,0.02386331558227539,0.022257566452026367,0.0016057491302490234
10,10000,2,er,linear_sem,11,DF-PC (Pure),1.0,1.0,1.0,0.0,126,81,264,0.020072221755981445,0.016449689865112305,0.0036225318908691406
10,10000,2,er,linear_sem,12,Standard PC,1.0,1.0,1.0,0.0,177,132,292,0.0254364013671875,0.0237276554107666,0.0017087459564208984
10,10000,2,er,linear_sem,12,DF-PC (Pure),1.0,1.0,1.0,0.0,148,103,292,0.023053884506225586,0.01915264129638672,0.003901243209838867
10,10000,2,er,linear_sem,13,Standard PC,1.0,1.0,1.0,0.0,130,85,201,0.013239145278930664,0.012304544448852539,0.000934600830078125
10,10000,2,er,linear_sem,13,DF-PC (Pure),1.0,1.0,1.0,0.0,83,38,201,0.009491682052612305,0.007810831069946289,0.0016808509826660156
10,10000,2,er,linear_sem,14,Standard PC,1.0,1.0,1.0,0.0,137,92,210,0.01401209831237793,0.013031482696533203,0.0009806156158447266
10,10000,2,er,linear_sem,14,DF-PC (Pure),1.0,1.0,1.0,0.0,88,43,210,0.010123252868652344,0.008358478546142578,0.0017647743225097656
10,10000,2,er,linear_sem,15,Standard PC,0.9473684210526316,1.0,0.9,1.0,138,93,216,0.014898061752319336,0.01382136344909668,0.0010766983032226562
10,10000,2,er,linear_sem,15,DF-PC (Pure),0.9473684210526316,1.0,0.9,1.0,90,45,216,0.010182380676269531,0.008434295654296875,0.0017480850219726562
10,10000,2,er,linear_sem,16,Standard PC,0.9473684210526316,1.0,0.9,1.0,262,217,410,0.03659200668334961,0.03447294235229492,0.0021190643310546875
10,10000,2,er,linear_sem,16,DF-PC (Pure),0.9473684210526316,1.0,0.9,1.0,201,156,410,0.031253814697265625,0.02550816535949707,0.005745649337768555
10,10000,2,er,linear_sem,17,Standard PC,1.0,1.0,1.0,0.0,122,77,187,0.012674808502197266,0.01177668571472168,0.0008981227874755859
10,10000,2,er,linear_sem,17,DF-PC (Pure),1.0,1.0,1.0,0.0,71,26,187,0.00844573974609375,0.006886482238769531,0.0015592575073242188
10,10000,2,er,linear_sem,18,Standard PC,0.9473684210526316,1.0,0.9,1.0,186,141,315,0.018975019454956055,0.017745494842529297,0.0012295246124267578
10,10000,2,er,linear_sem,18,DF-PC (Pure),0.9473684210526316,1.0,0.9,1.0,163,118,315,0.017693758010864258,0.01491403579711914,0.002779722213745117
10,10000,2,er,linear_sem,19,Standard PC,0.888888888888889,1.0,0.8,2.0,201,156,308,0.02050471305847168,0.019236087799072266,0.001268625259399414
10,10000,2,er,linear_sem,19,DF-PC (Pure),0.888888888888889,1.0,0.8,2.0,166,121,308,0.018474102020263672,0.015213489532470703,0.0032606124877929688
10,10000,2,er,linear_sem,20,Standard PC,0.888888888888889,1.0,0.8,2.0,118,73,190,0.016616106033325195,0.015369176864624023,0.0012469291687011719
10,10000,2,er,linear_sem,20,DF-PC (Pure),0.888888888888889,1.0,0.8,2.0,80,35,190,0.012676239013671875,0.01031184196472168,0.0023643970489501953
10,10000,2,er,linear_sem,21,Standard PC,0.9473684210526316,1.0,0.9,1.0,151,106,249,0.021195650100708008,0.01971435546875,0.0014812946319580078
10,10000,2,er,linear_sem,21,DF-PC (Pure),0.9473684210526316,1.0,0.9,1.0,112,67,249,0.019548416137695312,0.01617908477783203,0.0033693313598632812
10,10000,2,er,linear_sem,22,Standard PC,1.0,1.0,1.0,0.0,256,211,370,0.02599358558654785,0.024498939514160156,0.0014946460723876953
10,10000,2,er,linear_sem,22,DF-PC (Pure),1.0,1.0,1.0,0.0,169,124,370,0.019271135330200195,0.015790462493896484,0.003480672836303711
10,10000,2,er,linear_sem,23,Standard PC,1.0,1.0,1.0,0.0,243,198,379,0.026093482971191406,0.024544239044189453,0.0015492439270019531
10,10000,2,er,linear_sem,23,DF-PC (Pure),1.0,1.0,1.0,0.0,195,150,379,0.022103309631347656,0.01851797103881836,0.003585338592529297
10,10000,2,er,linear_sem,24,Standard PC,1.0,1.0,1.0,0.0,161,116,267,0.022550582885742188,0.020987510681152344,0.0015630722045898438
10,10000,2,er,linear_sem,24,DF-PC (Pure),1.0,1.0,1.0,0.0,110,65,267,0.017673254013061523,0.014087677001953125,0.0035855770111083984
10,10000,2,er,linear_sem,25,Standard PC,0.888888888888889,1.0,0.8,2.0,264,219,463,0.029450178146362305,0.02761244773864746,0.0018377304077148438
10,10000,2,er,linear_sem,25,DF-PC (Pure),0.888888888888889,1.0,0.8,2.0,255,210,463,0.03003382682800293,0.02567768096923828,0.0043561458587646484
10,10000,2,er,linear_sem,26,Standard PC,1.0,1.0,1.0,0.0,134,89,218,0.013416290283203125,0.012451171875,0.000965118408203125
10,10000,2,er,linear_sem,26,DF-PC (Pure),1.0,1.0,1.0,0.0,99,54,218,0.010865211486816406,0.009070158004760742,0.001795053482055664
10,10000,2,er,linear_sem,27,Standard PC,1.0,1.0,1.0,0.0,234,189,378,0.03272747993469238,0.030677318572998047,0.002050161361694336
10,10000,2,er,linear_sem,27,DF-PC (Pure),1.0,1.0,1.0,0.0,200,155,378,0.03139901161193848,0.02559518814086914,0.005803823471069336
10,10000,2,er,linear_sem,28,Standard PC,0.9473684210526316,1.0,0.9,1.0,114,69,194,0.012254714965820312,0.011312246322631836,0.0009424686431884766
10,10000,2,er,linear_sem,28,DF-PC (Pure),0.9473684210526316,1.0,0.9,1.0,83,38,194,0.009075164794921875,0.007577419281005859,0.0014977455139160156
10,10000,2,er,linear_sem,29,Standard PC,1.0,1.0,1.0,0.0,135,90,217,0.019000530242919922,0.017598628997802734,0.0014019012451171875
10,10000,2,er,linear_sem,29,DF-PC (Pure),1.0,1.0,1.0,0.0,91,46,217,0.01428985595703125,0.011619806289672852,0.0026700496673583984
10,10000,2,sf,discrete,0,Standard PC,0.46153846153846156,0.75,0.3333333333333333,7.0,47,2,92,0.009033441543579102,0.008404731750488281,0.0006287097930908203
10,10000,2,sf,discrete,0,DF-PC (Pure),0.46153846153846156,0.75,0.3333333333333333,7.0,45,0,92,0.008458614349365234,0.0076143741607666016,0.0008442401885986328
10,10000,2,sf,discrete,1,Standard PC,0.9411764705882353,1.0,0.8888888888888888,1.0,82,37,127,0.017189502716064453,0.01631617546081543,0.0008733272552490234
10,10000,2,sf,discrete,1,DF-PC (Pure),0.8421052631578948,0.8,0.8888888888888888,3.0,45,0,130,0.008615255355834961,0.007514238357543945,0.0011010169982910156
10,10000,2,sf,discrete,2,Standard PC,0.8750000000000001,1.0,0.7777777777777778,2.0,64,19,109,0.013773441314697266,0.012994527816772461,0.0007789134979248047
10,10000,2,sf,discrete,2,DF-PC (Pure),0.9411764705882353,1.0,0.8888888888888888,1.0,45,0,112,0.009055137634277344,0.008020162582397461,0.0010349750518798828
10,10000,2,sf,discrete,3,Standard PC,0.75,0.8571428571428571,0.6666666666666666,4.0,60,15,105,0.012474775314331055,0.011737585067749023,0.0007371902465820312
10,10000,2,sf,discrete,3,DF-PC (Pure),0.75,0.8571428571428571,0.6666666666666666,4.0,45,0,105,0.008643150329589844,0.007704734802246094,0.00093841552734375
10,10000,2,sf,discrete,4,Standard PC,0.7142857142857143,1.0,0.5555555555555556,4.0,53,8,98,0.010616302490234375,0.009924173355102539,0.0006921291351318359
10,10000,2,sf,discrete,4,DF-PC (Pure),0.8,1.0,0.6666666666666666,3.0,45,0,101,0.00854349136352539,0.007628440856933594,0.0009150505065917969
10,10000,2,sf,discrete,5,Standard PC,0.9411764705882353,1.0,0.8888888888888888,1.0,64,19,109,0.013458728790283203,0.012627363204956055,0.0008313655853271484
10,10000,2,sf,discrete,5,DF-PC (Pure),1.0,1.0,1.0,0.0,45,0,116,0.008496761322021484,0.00747370719909668,0.0010230541229248047
10,10000,2,sf,discrete,6,Standard PC,0.6153846153846153,1.0,0.4444444444444444,5.0,53,8,98,0.011394262313842773,0.010665416717529297,0.0007288455963134766
10,10000,2,sf,discrete,6,DF-PC (Pure),0.8,1.0,0.6666666666666666,3.0,45,0,103,0.009351968765258789,0.008312702178955078,0.001039266586303711
10,10000,2,sf,discrete,7,Standard PC,0.6153846153846153,1.0,0.4444444444444444,5.0,73,28,121,0.01673746109008789,0.015882253646850586,0.0008552074432373047
10,10000,2,sf,discrete,7,DF-PC (Pure),0.823529411764706,0.875,0.7777777777777778,3.0,48,3,142,0.010928153991699219,0.009537220001220703,0.0013909339904785156
10,10000,2,sf,discrete,8,Standard PC,0.7142857142857143,1.0,0.5555555555555556,4.0,47,2,92,0.009062051773071289,0.008446931838989258,0.0006151199340820312
10,10000,2,sf,discrete,8,DF-PC (Pure),0.7142857142857143,1.0,0.5555555555555556,4.0,45,0,92,0.008224964141845703,0.0074040889739990234,0.0008208751678466797
10,10000,2,sf,discrete,9,Standard PC,0.6666666666666667,0.8333333333333334,0.5555555555555556,5.0,69,24,120,0.014402151107788086,0.013582468032836914,0.0008196830749511719
10,10000,2,sf,discrete,9,DF-PC (Pure),0.7058823529411765,0.75,0.6666666666666666,5.0,51,6,121,0.010165691375732422,0.009057283401489258,0.001108407974243164
10,10000,2,sf,discrete,10,Standard PC,0.7142857142857143,1.0,0.5555555555555556,4.0,64,19,109,0.02099323272705078,0.01985621452331543,0.0011370182037353516
10,10000,2,sf,discrete,10,DF-PC (Pure),0.8750000000000001,1.0,0.7777777777777778,2.0,45,0,124,0.013184309005737305,0.011455059051513672,0.0017292499542236328
10,10000,2,sf,discrete,11,Standard PC,0.9411764705882353,1.0,0.8888888888888888,1.0,69,24,114,0.014090299606323242,0.013291597366333008,0.0007987022399902344
10,10000,2,sf,discrete,11,DF-PC (Pure),0.9411764705882353,1.0,0.8888888888888888,1.0,45,0,114,0.009208440780639648,0.00816202163696289,0.0010464191436767578
10,10000,2,sf,discrete,12,Standard PC,0.75,0.8571428571428571,0.6666666666666666,4.0,83,38,131,0.01889181137084961,0.017942190170288086,0.0009496212005615234
10,10000,2,sf,discrete,12,DF-PC (Pure),0.8888888888888888,0.8888888888888888,0.8888888888888888,2.0,48,3,152,0.010113954544067383,0.008721590042114258,0.001392364501953125
10,10000,2,sf,discrete,13,Standard PC,0.8,1.0,0.6666666666666666,3.0,65,20,110,0.0132904052734375,0.012554645538330078,0.0007357597351074219
10,10000,2,sf,discrete,13,DF-PC (Pure),0.8750000000000001,1.0,0.7777777777777778,2.0,45,0,110,0.008341789245605469,0.0074121952056884766,0.0009295940399169922
10,10000,2,sf,discrete,14,Standard PC,0.8750000000000001,1.0,0.7777777777777778,2.0,58,13,103,0.011781692504882812,0.011040210723876953,0.0007414817810058594
10,10000,2,sf,discrete,14,DF-PC (Pure),0.9411764705882353,1.0,0.8888888888888888,1.0,45,0,107,0.0090179443359375,0.008008480072021484,0.0010094642639160156
10,10000,2,sf,discrete,15,Standard PC,0.6153846153846153,1.0,0.4444444444444444,5.0,49,4,94,0.01080012321472168,0.010046958923339844,0.0007531642913818359
10,10000,2,sf,discrete,15,DF-PC (Pure),0.6153846153846153,1.0,0.4444444444444444,5.0,45,0,94,0.00871729850769043,0.007825613021850586,0.0008916854858398438
10,10000,2,sf,discrete,16,Standard PC,0.9411764705882353,1.0,0.8888888888888888,1.0,74,29,119,0.015305042266845703,0.01447439193725586,0.0008306503295898438
10,10000,2,sf,discrete,16,DF-PC (Pure),0.8888888888888888,0.8888888888888888,0.8888888888888888,2.0,45,0,123,0.008408308029174805,0.0073740482330322266,0.0010342597961425781
10,10000,2,sf,discrete,17,Standard PC,0.6153846153846153,1.0,0.4444444444444444,5.0,51,6,96,0.010352134704589844,0.00966954231262207,0.0006825923919677734
10,10000,2,sf,discrete,17,DF-PC (Pure),0.8,1.0,0.6666666666666666,3.0,45,0,96,0.00849771499633789,0.007636547088623047,0.0008611679077148438
10,10000,2,sf,discrete,18,Standard PC,0.6153846153846153,1.0,0.4444444444444444,5.0,49,4,94,0.009914398193359375,0.00924825668334961,0.0006661415100097656
10,10000,2,sf,discrete,18,DF-PC (Pure),0.6153846153846153,1.0,0.4444444444444444,5.0,45,0,94,0.008280277252197266,0.007415771484375,0.0008645057678222656
10,10000,2,sf,discrete,19,Standard PC,0.8750000000000001,1.0,0.7777777777777778,2.0,73,28,118,0.015955209732055664,0.015104055404663086,0.0008511543273925781
10,10000,2,sf,discrete,19,DF-PC (Pure),0.8888888888888888,0.8888888888888888,0.8888888888888888,2.0,45,0,138,0.008993864059448242,0.007797718048095703,0.001196146011352539
10,10000,2,sf,discrete,20,Standard PC,0.6153846153846153,1.0,0.4444444444444444,5.0,49,4,94,0.009888172149658203,0.009221553802490234,0.0006666183471679688
10,10000,2,sf,discrete,20,DF-PC (Pure),0.6153846153846153,1.0,0.4444444444444444,5.0,45,0,94,0.008519887924194336,0.007661581039428711,0.000858306884765625
10,10000,2,sf,discrete,21,Standard PC,0.8750000000000001,1.0,0.7777777777777778,2.0,93,48,138,0.021059513092041016,0.020049333572387695,0.0010101795196533203
10,10000,2,sf,discrete,21,DF-PC (Pure),1.0,1.0,1.0,0.0,45,0,155,0.008975982666015625,0.007612943649291992,0.0013630390167236328
10,10000,2,sf,discrete,22,Standard PC,0.8,1.0,0.6666666666666666,3.0,69,24,114,0.014233112335205078,0.01346135139465332,0.0007717609405517578
10,10000,2,sf,discrete,22,DF-PC (Pure),0.8750000000000001,1.0,0.7777777777777778,2.0,45,0,129,0.008432626724243164,0.007354021072387695,0.0010786056518554688
10,10000,2,sf,discrete,23,Standard PC,0.9411764705882353,1.0,0.8888888888888888,1.0,108,63,153,0.02440619468688965,0.02332925796508789,0.0010769367218017578
10,10000,2,sf,discrete,23,DF-PC (Pure),0.9,0.8181818181818182,1.0,2.0,45,0,180,0.009378671646118164,0.007767677307128906,0.0016109943389892578
10,10000,2,sf,discrete,24,Standard PC,0.6153846153846153,1.0,0.4444444444444444,5.0,55,10,100,0.010798215866088867,0.01012277603149414,0.0006754398345947266
10,10000,2,sf,discrete,24,DF-PC (Pure),0.6666666666666667,0.8333333333333334,0.5555555555555556,5.0,45,0,103,0.008466243743896484,0.00754857063293457,0.0009176731109619141
10,10000,2,sf,discrete,25,Standard PC,0.8750000000000001,1.0,0.7777777777777778,2.0,55,10,100,0.011271953582763672,0.010531902313232422,0.00074005126953125
10,10000,2,sf,discrete,25,DF-PC (Pure),0.8750000000000001,1.0,0.7777777777777778,2.0,45,0,100,0.008572816848754883,0.007628440856933594,0.0009443759918212891
10,10000,2,sf,discrete,26,Standard PC,0.5,1.0,0.3333333333333333,6.0,47,2,92,0.009298086166381836,0.008643150329589844,0.0006549358367919922
10,10000,2,sf,discrete,26,DF-PC (Pure),0.5,1.0,0.3333333333333333,6.0,45,0,92,0.00848841667175293,0.007633686065673828,0.0008547306060791016
10,10000,2,sf,discrete,27,Standard PC,0.9411764705882353,1.0,0.8888888888888888,1.0,72,27,117,0.015051841735839844,0.014204740524291992,0.0008471012115478516
10,10000,2,sf,discrete,27,DF-PC (Pure),1.0,1.0,1.0,0.0,45,0,121,0.00851583480834961,0.007483482360839844,0.0010323524475097656
10,10000,2,sf,discrete,28,Standard PC,0.8,1.0,0.6666666666666666,3.0,63,18,108,0.013910055160522461,0.013103008270263672,0.0008070468902587891
10,10000,2,sf,discrete,28,DF-PC (Pure),0.8,1.0,0.6666666666666666,3.0,45,0,108,0.008641719818115234,0.00767970085144043,0.0009620189666748047
10,10000,2,sf,discrete,29,Standard PC,0.6153846153846153,1.0,0.4444444444444444,5.0,56,11,101,0.01148366928100586,0.010770559310913086,0.0007131099700927734
10,10000,2,sf,discrete,29,DF-PC (Pure),0.7142857142857143,1.0,0.5555555555555556,4.0,45,0,101,0.008560419082641602,0.007632255554199219,0.0009281635284423828
10,10000,2,sf,linear_sem,0,Standard PC,0.9473684210526316,0.9,1.0,1.0,181,136,243,0.021681785583496094,0.020330190658569336,0.0013515949249267578
10,10000,2,sf,linear_sem,0,DF-PC (Pure),0.9,0.8181818181818182,1.0,2.0,78,33,246,0.009579658508300781,0.0073473453521728516,0.0022323131561279297
10,10000,2,sf,linear_sem,1,Standard PC,1.0,1.0,1.0,0.0,134,89,202,0.014564037322998047,0.013550043106079102,0.0010139942169189453
10,10000,2,sf,linear_sem,1,DF-PC (Pure),1.0,1.0,1.0,0.0,75,30,202,0.009406089782714844,0.007623910903930664,0.0017821788787841797
10,10000,2,sf,linear_sem,2,Standard PC,1.0,1.0,1.0,0.0,138,93,206,0.019844532012939453,0.018466472625732422,0.0013780593872070312
10,10000,2,sf,linear_sem,2,DF-PC (Pure),1.0,1.0,1.0,0.0,81,36,206,0.01354527473449707,0.010688304901123047,0.0028569698333740234
10,10000,2,sf,linear_sem,3,Standard PC,1.0,1.0,1.0,0.0,182,137,273,0.019524097442626953,0.018312692642211914,0.001211404800415039
10,10000,2,sf,linear_sem,3,DF-PC (Pure),1.0,1.0,1.0,0.0,135,90,273,0.016806602478027344,0.013671636581420898,0.0031349658966064453
10,10000,2,sf,linear_sem,4,Standard PC,1.0,1.0,1.0,0.0,137,92,201,0.014146566390991211,0.01319122314453125,0.0009553432464599609
10,10000,2,sf,linear_sem,4,DF-PC (Pure),1.0,1.0,1.0,0.0,78,33,201,0.009135961532592773,0.007409572601318359,0.001726388931274414
10,10000,2,sf,linear_sem,5,Standard PC,1.0,1.0,1.0,0.0,121,76,212,0.012595891952514648,0.011635303497314453,0.0009605884552001953
10,10000,2,sf,linear_sem,5,DF-PC (Pure),1.0,1.0,1.0,0.0,94,49,212,0.010268688201904297,0.008621692657470703,0.0016469955444335938
10,10000,2,sf,linear_sem,6,Standard PC,1.0,1.0,1.0,0.0,280,235,366,0.027986526489257812,0.026442527770996094,0.0015439987182617188
10,10000,2,sf,linear_sem,6,DF-PC (Pure),1.0,1.0,1.0,0.0,189,144,366,0.02258443832397461,0.01772594451904297,0.004858493804931641
10,10000,2,sf,linear_sem,7,Standard PC,1.0,1.0,1.0,0.0,154,109,217,0.01622629165649414,0.015188217163085938,0.0010380744934082031
10,10000,2,sf,linear_sem,7,DF-PC (Pure),1.0,1.0,1.0,0.0,102,57,217,0.012489557266235352,0.010113239288330078,0.0023763179779052734
10,10000,2,sf,linear_sem,8,Standard PC,1.0,1.0,1.0,0.0,171,126,255,0.02376270294189453,0.02219533920288086,0.0015673637390136719
10,10000,2,sf,linear_sem,8,DF-PC (Pure),1.0,1.0,1.0,0.0,126,81,255,0.020349502563476562,0.016205310821533203,0.004144191741943359
10,10000,2,sf,linear_sem,9,Standard PC,1.0,1.0,1.0,0.0,159,114,229,0.016478300094604492,0.015413999557495117,0.001064300537109375
10,10000,2,sf,linear_sem,9,DF-PC (Pure),1.0,1.0,1.0,0.0,113,68,229,0.01413869857788086,0.011502742767333984,0.002635955810546875
10,10000,2,sf,linear_sem,10,Standard PC,1.0,1.0,1.0,0.0,139,94,203,0.014170169830322266,0.013213157653808594,0.0009570121765136719
10,10000,2,sf,linear_sem,10,DF-PC (Pure),1.0,1.0,1.0,0.0,77,32,203,0.008845806121826172,0.007110118865966797,0.001735687255859375
10,10000,2,sf,linear_sem,11,Standard PC,1.0,1.0,1.0,0.0,143,98,239,0.014686346054077148,0.013658761978149414,0.0010275840759277344
10,10000,2,sf,linear_sem,11,DF-PC (Pure),1.0,1.0,1.0,0.0,108,63,239,0.012296676635742188,0.010320425033569336,0.0019762516021728516
10,10000,2,sf,linear_sem,12,Standard PC,1.0,1.0,1.0,0.0,196,151,274,0.020318269729614258,0.019093751907348633,0.001224517822265625
10,10000,2,sf,linear_sem,12,DF-PC (Pure),1.0,1.0,1.0,0.0,131,86,274,0.015410423278808594,0.012530326843261719,0.002880096435546875
10,10000,2,sf,linear_sem,13,Standard PC,1.0,1.0,1.0,0.0,170,125,241,0.016772747039794922,0.015725374221801758,0.001047372817993164
10,10000,2,sf,linear_sem,13,DF-PC (Pure),1.0,1.0,1.0,0.0,110,65,241,0.012613058090209961,0.010177135467529297,0.002435922622680664
10,10000,2,sf,linear_sem,14,Standard PC,1.0,1.0,1.0,0.0,146,101,233,0.014529943466186523,0.013493776321411133,0.0010361671447753906
10,10000,2,sf,linear_sem,14,DF-PC (Pure),1.0,1.0,1.0,0.0,107,62,233,0.011789798736572266,0.009772300720214844,0.002017498016357422
10,10000,2,sf,linear_sem,15,Standard PC,1.0,1.0,1.0,0.0,269,224,328,0.026627063751220703,0.02526569366455078,0.0013613700866699219
10,10000,2,sf,linear_sem,15,DF-PC (Pure),0.9473684210526316,0.9,1.0,1.0,62,17,329,0.00904989242553711,0.005949735641479492,0.003100156784057617
10,10000,2,sf,linear_sem,16,Standard PC,1.0,1.0,1.0,0.0,125,80,202,0.01267385482788086,0.01175379753112793,0.0009200572967529297
10,10000,2,sf,linear_sem,16,DF-PC (Pure),1.0,1.0,1.0,0.0,92,47,202,0.010189533233642578,0.008452653884887695,0.0017368793487548828
10,10000,2,sf,linear_sem,17,Standard PC,1.0,1.0,1.0,0.0,176,131,247,0.024332046508789062,0.02281498908996582,0.0015170574188232422
10,10000,2,sf,linear_sem,17,DF-PC (Pure),1.0,1.0,1.0,0.0,73,28,247,0.012371301651000977,0.009221792221069336,0.0031495094299316406
10,10000,2,sf,linear_sem,18,Standard PC,0.9411764705882353,1.0,0.8888888888888888,1.0,176,131,260,0.017622947692871094,0.016532421112060547,0.0010905265808105469
10,10000,2,sf,linear_sem,18,DF-PC (Pure),0.9411764705882353,1.0,0.8888888888888888,1.0,132,87,260,0.015134811401367188,0.01244807243347168,0.002686738967895508
10,10000,2,sf,linear_sem,19,Standard PC,1.0,1.0,1.0,0.0,171,126,249,0.016774654388427734,0.015699386596679688,0.0010752677917480469
10,10000,2,sf,linear_sem,19,DF-PC (Pure),1.0,1.0,1.0,0.0,121,76,249,0.013602733612060547,0.011043787002563477,0.0025589466094970703
10,10000,2,sf,linear_sem,20,Standard PC,1.0,1.0,1.0,0.0,161,116,222,0.016069412231445312,0.01506185531616211,0.0010075569152832031
10,10000,2,sf,linear_sem,20,DF-PC (Pure),1.0,1.0,1.0,0.0,64,19,222,0.007672309875488281,0.005839347839355469,0.0018329620361328125
10,10000,2,sf,linear_sem,21,Standard PC,1.0,1.0,1.0,0.0,154,109,243,0.015513420104980469,0.014478921890258789,0.0010344982147216797
10,10000,2,sf,linear_sem,21,DF-PC (Pure),1.0,1.0,1.0,0.0,118,73,243,0.01301431655883789,0.010788202285766602,0.002226114273071289
10,10000,2,sf,linear_sem,22,Standard PC,1.0,1.0,1.0,0.0,270,225,333,0.02681446075439453,0.025426149368286133,0.0013883113861083984
10,10000,2,sf,linear_sem,22,DF-PC (Pure),1.0,1.0,1.0,0.0,164,119,333,0.02035808563232422,0.01571369171142578,0.0046443939208984375
10,10000,2,sf,linear_sem,23,Standard PC,1.0,1.0,1.0,0.0,150,105,238,0.021275043487548828,0.01979851722717285,0.0014765262603759766
10,10000,2,sf,linear_sem,23,DF-PC (Pure),1.0,1.0,1.0,0.0,118,73,238,0.018825769424438477,0.015326261520385742,0.0034995079040527344
10,10000,2,sf,linear_sem,24,Standard PC,1.0,1.0,1.0,0.0,181,136,242,0.017980098724365234,0.01691436767578125,0.0010657310485839844
10,10000,2,sf,linear_sem,24,DF-PC (Pure),1.0,1.0,1.0,0.0,74,29,242,0.008966445922851562,0.006871700286865234,0.002094745635986328
10,10000,2,sf,linear_sem,25,Standard PC,1.0,1.0,1.0,0.0,136,91,210,0.013935327529907227,0.01294708251953125,0.0009882450103759766
10,10000,2,sf,linear_sem,25,DF-PC (Pure),1.0,1.0,1.0,0.0,79,34,210,0.008931398391723633,0.007305622100830078,0.0016257762908935547
10,10000,2,sf,linear_sem,26,Standard PC,1.0,1.0,1.0,0.0,298,253,356,0.041185855865478516,0.03915286064147949,0.0020329952239990234
10,10000,2,sf,linear_sem,26,DF-PC (Pure),0.9473684210526316,0.9,1.0,1.0,58,13,567,0.019810914993286133,0.00743412971496582,0.012376785278320312
10,10000,2,sf,linear_sem,27,Standard PC,1.0,1.0,1.0,0.0,113,68,184,0.011599540710449219,0.010730504989624023,0.0008690357208251953
10,10000,2,sf,linear_sem,27,DF-PC (Pure),1.0,1.0,1.0,0.0,78,33,184,0.008719921112060547,0.007232666015625,0.0014872550964355469
10,10000,2,sf,linear_sem,28,Standard PC,1.0,1.0,1.0,0.0,134,89,202,0.013616800308227539,0.012687444686889648,0.0009293556213378906
10,10000,2,sf,linear_sem,28,DF-PC (Pure),1.0,1.0,1.0,0.0,74,29,202,0.008582115173339844,0.006992816925048828,0.0015892982482910156
10,10000,2,sf,linear_sem,29,Standard PC,1.0,1.0,1.0,0.0,268,223,335,0.02657151222229004,0.02516961097717285,0.0014019012451171875
10,10000,2,sf,linear_sem,29,DF-PC (Pure),1.0,1.0,1.0,0.0,168,123,335,0.020487070083618164,0.015877485275268555,0.004609584808349609
10,10000,4,er,discrete,0,Standard PC,0.6666666666666666,1.0,0.5,10.0,80,35,131,0.017860889434814453,0.016876935958862305,0.0009839534759521484
10,10000,4,er,discrete,0,DF-PC (Pure),0.7096774193548387,1.0,0.55,9.0,51,6,146,0.010569095611572266,0.009230613708496094,0.0013384819030761719
10,10000,4,er,discrete,1,Standard PC,0.5714285714285715,1.0,0.4,12.0,75,30,123,0.016063928604125977,0.015218496322631836,0.0008454322814941406
10,10000,4,er,discrete,1,DF-PC (Pure),0.5714285714285715,1.0,0.4,12.0,48,3,123,0.009433746337890625,0.008350372314453125,0.0010833740234375
10,10000,4,er,discrete,2,Standard PC,0.6206896551724138,1.0,0.45,11.0,101,56,149,0.02331256866455078,0.022234439849853516,0.0010781288146972656
10,10000,4,er,discrete,2,DF-PC (Pure),0.7096774193548387,1.0,0.55,9.0,48,3,153,0.009659051895141602,0.008327722549438477,0.001331329345703125
10,10000,4,er,discrete,3,Standard PC,0.6206896551724138,1.0,0.45,11.0,90,45,146,0.020015239715576172,0.019054651260375977,0.0009605884552001953
10,10000,4,er,discrete,3,DF-PC (Pure),0.6666666666666666,1.0,0.5,10.0,57,12,148,0.011739015579223633,0.010396003723144531,0.0013430118560791016
10,10000,4,er,discrete,4,Standard PC,0.7096774193548387,1.0,0.55,9.0,151,106,215,0.036061763763427734,0.03462028503417969,0.0014414787292480469
10,10000,4,er,discrete,4,DF-PC (Pure),0.7272727272727274,0.9230769230769231,0.6,9.0,105,60,265,0.026307106018066406,0.02318429946899414,0.0031228065490722656
10,10000,4,er,discrete,5,Standard PC,0.6206896551724138,1.0,0.45,11.0,240,195,300,0.05955076217651367,0.05773806571960449,0.0018126964569091797
10,10000,4,er,discrete,5,DF-PC (Pure),0.7499999999999999,1.0,0.6,8.0,73,28,358,0.019165515899658203,0.015134334564208984,0.004031181335449219
10,10000,4,er,discrete,6,Standard PC,0.4615384615384615,1.0,0.3,14.0,96,51,142,0.020752906799316406,0.0198209285736084,0.0009319782257080078
10,10000,4,er,discrete,6,DF-PC (Pure),0.7096774193548387,1.0,0.55,9.0,48,3,158,0.009703397750854492,0.008335351943969727,0.0013680458068847656
10,10000,4,er,discrete,7,Standard PC,0.8235294117647058,1.0,0.7,6.0,296,251,401,0.07528877258300781,0.07297873497009277,0.002310037612915039
10,10000,4,er,discrete,7,DF-PC (Pure),0.9230769230769231,0.9473684210526315,0.9,3.0,380,335,722,0.11643218994140625,0.1038506031036377,0.012581586837768555
10,10000,4,er,discrete,8,Standard PC,0.787878787878788,1.0,0.65,7.0,231,186,301,0.05692601203918457,0.05505037307739258,0.0018756389617919922
10,10000,4,er,discrete,8,DF-PC (Pure),0.888888888888889,1.0,0.8,4.0,102,57,385,0.02734827995300293,0.023240089416503906,0.0041081905364990234
10,10000,4,er,discrete,9,Standard PC,0.7096774193548387,1.0,0.55,9.0,217,172,286,0.05057549476623535,0.048871755599975586,0.0017037391662597656
10,10000,4,er,discrete,9,DF-PC (Pure),0.888888888888889,1.0,0.8,4.0,188,143,640,0.0562441349029541,0.04712700843811035,0.00911712646484375
10,10000,4,er,discrete,10,Standard PC,0.6666666666666666,1.0,0.5,10.0,124,79,183,0.028604507446289062,0.02743053436279297,0.0011739730834960938
10,10000,4,er,discrete,10,DF-PC (Pure),0.787878787878788,1.0,0.65,7.0,81,36,243,0.019171953201293945,0.016534805297851562,0.002637147903442383
10,10000,4,er,discrete,11,Standard PC,0.6206896551724138,1.0,0.45,11.0,78,33,126,0.01701068878173828,0.016129493713378906,0.000881195068359375
10,10000,4,er,discrete,11,DF-PC (Pure),0.6666666666666666,1.0,0.5,10.0,48,3,132,0.009536266326904297,0.008401632308959961,0.001134634017944336
10,10000,4,er,discrete,12,Standard PC,0.7096774193548387,1.0,0.55,9.0,131,86,186,0.031183242797851562,0.029920339584350586,0.0012629032135009766
10,10000,4,er,discrete,12,DF-PC (Pure),0.8235294117647058,1.0,0.7,6.0,68,23,224,0.015554428100585938,0.01338338851928711,0.002171039581298828
10,10000,4,er,discrete,13,Standard PC,0.5714285714285715,1.0,0.4,12.0,95,50,145,0.021609067916870117,0.02060532569885254,0.0010037422180175781
10,10000,4,er,discrete,13,DF-PC (Pure),0.7096774193548387,1.0,0.55,9.0,56,11,210,0.012961626052856445,0.010941028594970703,0.002020597457885742
10,10000,4,er,discrete,14,Standard PC,0.6206896551724138,1.0,0.45,11.0,93,48,138,0.020821809768676758,0.019805908203125,0.0010159015655517578
10,10000,4,er,discrete,14,DF-PC (Pure),0.787878787878788,1.0,0.65,7.0,45,0,176,0.009337902069091797,0.007773637771606445,0.0015642642974853516
10,10000,4,er,discrete,15,Standard PC,0.6666666666666666,1.0,0.5,10.0,178,133,226,0.043111324310302734,0.0415952205657959,0.001516103744506836
10,10000,4,er,discrete,15,DF-PC (Pure),0.787878787878788,1.0,0.65,7.0,48,3,335,0.011808395385742188,0.008548259735107422,0.0032601356506347656
10,10000,4,er,discrete,16,Standard PC,0.8571428571428571,1.0,0.75,5.0,215,170,280,0.05285930633544922,0.05097007751464844,0.0018892288208007812
10,10000,4,er,discrete,16,DF-PC (Pure),0.888888888888889,1.0,0.8,4.0,108,63,295,0.02691197395324707,0.023523569107055664,0.0033884048461914062
10,10000,4,er,discrete,17,Standard PC,0.7096774193548387,1.0,0.55,9.0,98,53,143,0.0216066837310791,0.02056598663330078,0.0010406970977783203
10,10000,4,er,discrete,17,DF-PC (Pure),0.7499999999999999,1.0,0.6,8.0,45,0,143,0.008974313735961914,0.0077648162841796875,0.0012094974517822266
10,10000,4,er,discrete,18,Standard PC,0.6206896551724138,1.0,0.45,11.0,108,63,168,0.025208473205566406,0.024029970169067383,0.0011785030364990234
10,10000,4,er,discrete,18,DF-PC (Pure),0.7096774193548387,1.0,0.55,9.0,84,39,212,0.01911783218383789,0.017071247100830078,0.0020465850830078125
10,10000,4,er,discrete,19,Standard PC,0.6666666666666666,1.0,0.5,10.0,189,144,249,0.04631757736206055,0.04470539093017578,0.0016121864318847656
10,10000,4,er,discrete,19,DF-PC (Pure),0.8235294117647058,1.0,0.7,6.0,80,35,266,0.019263505935668945,0.016388893127441406,0.002874612808227539
10,10000,4,er,discrete,20,Standard PC,0.6206896551724138,1.0,0.45,11.0,100,55,154,0.02191162109375,0.020867347717285156,0.0010442733764648438
10,10000,4,er,discrete,20,DF-PC (Pure),0.6666666666666666,1.0,0.5,10.0,59,14,161,0.012436151504516602,0.010949850082397461,0.0014863014221191406
10,10000,4,er,discrete,21,Standard PC,0.4615384615384615,1.0,0.3,14.0,96,51,144,0.022011518478393555,0.020987749099731445,0.0010237693786621094
10,10000,4,er,discrete,21,DF-PC (Pure),0.7096774193548387,1.0,0.55,9.0,48,3,180,0.009892940521240234,0.008306264877319336,0.0015866756439208984
10,10000,4,er,discrete,22,Standard PC,0.6666666666666666,1.0,0.5,10.0,91,46,146,0.01985907554626465,0.018892526626586914,0.0009665489196777344
10,10000,4,er,discrete,22,DF-PC (Pure),0.6451612903225806,0.9090909090909091,0.5,11.0,59,14,146,0.012490034103393555,0.011043071746826172,0.0014469623565673828
10,10000,4,er,discrete,23,Standard PC,0.7096774193548387,1.0,0.55,9.0,146,101,198,0.03335714340209961,0.03202700614929199,0.0013301372528076172
10,10000,4,er,discrete,23,DF-PC (Pure),0.8235294117647058,1.0,0.7,6.0,56,11,234,0.011914491653442383,0.009982824325561523,0.0019316673278808594
10,10000,4,er,discrete,24,Standard PC,0.5714285714285715,1.0,0.4,12.0,73,28,118,0.016632080078125,0.015697479248046875,0.000934600830078125
10,10000,4,er,discrete,24,DF-PC (Pure),0.6206896551724138,1.0,0.45,11.0,45,0,118,0.008690595626831055,0.007674694061279297,0.0010159015655517578
10,10000,4,er,discrete,25,Standard PC,0.5185185185185185,1.0,0.35,13.0,203,158,257,0.04943490028381348,0.04784369468688965,0.0015912055969238281
10,10000,4,er,discrete,25,DF-PC (Pure),0.6666666666666666,1.0,0.5,10.0,93,48,317,0.023960351943969727,0.020034074783325195,0.003926277160644531
10,10000,4,er,discrete,26,Standard PC,0.6206896551724138,1.0,0.45,11.0,107,62,152,0.023778200149536133,0.02277350425720215,0.0010046958923339844
10,10000,4,er,discrete,26,DF-PC (Pure),0.7096774193548387,1.0,0.55,9.0,45,0,170,0.008992195129394531,0.0075681209564208984,0.0014240741729736328
10,10000,4,er,discrete,27,Standard PC,0.8235294117647058,1.0,0.7,6.0,184,139,240,0.04349088668823242,0.04192972183227539,0.0015611648559570312
10,10000,4,er,discrete,27,DF-PC (Pure),0.9189189189189189,1.0,0.85,3.0,71,26,324,0.017197608947753906,0.013901948928833008,0.0032956600189208984
10,10000,4,er,discrete,28,Standard PC,0.7499999999999999,1.0,0.6,8.0,110,65,157,0.025405168533325195,0.024274826049804688,0.0011303424835205078
10,10000,4,er,discrete,28,DF-PC (Pure),0.7499999999999999,1.0,0.6,8.0,48,3,158,0.009775638580322266,0.00843501091003418,0.001340627670288086
10,10000,4,er,discrete,29,Standard PC,0.5185185185185185,1.0,0.35,13.0,76,31,124,0.016475677490234375,0.015593767166137695,0.0008819103240966797
10,10000,4,er,discrete,29,DF-PC (Pure),0.6206896551724138,1.0,0.45,11.0,48,3,147,0.010006189346313477,0.008651971817016602,0.001354217529296875
10,10000,4,er,linear_sem,0,Standard PC,0.7894736842105262,0.8333333333333334,0.75,8.0,1013,968,1576,0.1007380485534668,0.09598565101623535,0.004752397537231445
10,10000,4,er,linear_sem,0,DF-PC (Pure),0.7894736842105262,0.8333333333333334,0.75,8.0,912,867,1646,0.10344934463500977,0.08664250373840332,0.016806840896606445
10,10000,4,er,linear_sem,1,Standard PC,0.7428571428571429,0.8666666666666667,0.65,9.0,642,597,924,0.06312990188598633,0.0600132942199707,0.003116607666015625
10,10000,4,er,linear_sem,1,DF-PC (Pure),0.7428571428571429,0.8666666666666667,0.65,9.0,536,491,927,0.05946660041809082,0.04884529113769531,0.010621309280395508
10,10000,4,er,linear_sem,2,Standard PC,0.8,0.9333333333333333,0.7,7.0,1072,1027,1448,0.12725400924682617,0.12169718742370605,0.005556821823120117
10,10000,4,er,linear_sem,2,DF-PC (Pure),0.8,0.9333333333333333,0.7,7.0,906,861,1448,0.14920306205749512,0.11803936958312988,0.031163692474365234
10,10000,4,er,linear_sem,3,Standard PC,0.625,0.8333333333333334,0.5,12.0,561,516,819,0.05517005920410156,0.05235171318054199,0.0028183460235595703
10,10000,4,er,linear_sem,3,DF-PC (Pure),0.625,0.8333333333333334,0.5,12.0,437,392,819,0.048249244689941406,0.04023003578186035,0.008019208908081055
10,10000,4,er,linear_sem,4,Standard PC,0.7647058823529412,0.9285714285714286,0.65,8.0,923,878,1392,0.0964057445526123,0.09196686744689941,0.004438877105712891
10,10000,4,er,linear_sem,4,DF-PC (Pure),0.8,0.9333333333333333,0.7,7.0,895,850,1467,0.10337400436401367,0.08658957481384277,0.0167844295501709
10,10000,4,er,linear_sem,5,Standard PC,0.6470588235294117,0.7857142857142857,0.55,12.0,653,608,985,0.06481003761291504,0.061574459075927734,0.0032355785369873047
10,10000,4,er,linear_sem,5,DF-PC (Pure),0.6470588235294117,0.7857142857142857,0.55,12.0,555,510,985,0.06226539611816406,0.05259847640991211,0.009666919708251953
10,10000,4,er,linear_sem,6,Standard PC,0.9189189189189189,1.0,0.85,3.0,1132,1087,1568,0.10815548896789551,0.10323858261108398,0.0049169063568115234
10,10000,4,er,linear_sem,6,DF-PC (Pure),0.9189189189189189,1.0,0.85,3.0,917,872,1568,0.1030569076538086,0.08386969566345215,0.019187211990356445
10,10000,4,er,linear_sem,7,Standard PC,0.787878787878788,1.0,0.65,7.0,747,702,1245,0.07422065734863281,0.07047200202941895,0.003748655319213867
10,10000,4,er,linear_sem,7,DF-PC (Pure),0.787878787878788,1.0,0.65,7.0,686,641,1245,0.07597136497497559,0.0642552375793457,0.011716127395629883
10,10000,4,er,linear_sem,8,Standard PC,0.8,0.9333333333333333,0.7,7.0,908,863,1470,0.08879208564758301,0.08444905281066895,0.0043430328369140625
10,10000,4,er,linear_sem,8,DF-PC (Pure),0.8,0.9333333333333333,0.7,7.0,868,823,1470,0.09646201133728027,0.08159995079040527,0.014862060546875
10,10000,4,er,linear_sem,9,Standard PC,0.6857142857142857,0.8,0.6,11.0,1285,1240,1899,0.1277923583984375,0.12196040153503418,0.00583195686340332
10,10000,4,er,linear_sem,9,DF-PC (Pure),0.6857142857142857,0.8,0.6,11.0,1193,1148,1899,0.13692784309387207,0.11397814750671387,0.022949695587158203
10,10000,4,er,linear_sem,10,Standard PC,0.787878787878788,1.0,0.65,7.0,1000,955,1468,0.1019124984741211,0.09735488891601562,0.004557609558105469
10,10000,4,er,linear_sem,10,DF-PC (Pure),0.787878787878788,1.0,0.65,7.0,709,664,1468,0.08494138717651367,0.06874561309814453,0.01619577407836914
10,10000,4,er,linear_sem,11,Standard PC,0.7428571428571429,0.8666666666666667,0.65,9.0,884,839,1309,0.12149238586425781,0.11589264869689941,0.0055997371673583984
10,10000,4,er,linear_sem,11,DF-PC (Pure),0.7428571428571429,0.8666666666666667,0.65,9.0,782,737,1309,0.12450981140136719,0.10099220275878906,0.023517608642578125
10,10000,4,er,linear_sem,12,Standard PC,0.8571428571428571,1.0,0.75,5.0,884,839,1317,0.08617043495178223,0.08205461502075195,0.0041158199310302734
10,10000,4,er,linear_sem,12,DF-PC (Pure),0.8571428571428571,1.0,0.75,5.0,767,722,1317,0.08481311798095703,0.07123184204101562,0.013581275939941406
10,10000,4,er,linear_sem,13,Standard PC,0.7428571428571429,0.8666666666666667,0.65,9.0,968,923,1415,0.09221982955932617,0.08785390853881836,0.0043659210205078125
10,10000,4,er,linear_sem,13,DF-PC (Pure),0.7428571428571429,0.8666666666666667,0.65,9.0,892,847,1415,0.09788012504577637,0.08085465431213379,0.017025470733642578
10,10000,4,er,linear_sem,14,Standard PC,0.6666666666666665,0.75,0.6,12.0,776,731,1091,0.07486820220947266,0.07129502296447754,0.003573179244995117
10,10000,4,er,linear_sem,14,DF-PC (Pure),0.6666666666666665,0.75,0.6,12.0,657,612,1091,0.07349443435668945,0.06079220771789551,0.012702226638793945
10,10000,4,er,linear_sem,15,Standard PC,0.7777777777777777,0.875,0.7,8.0,824,779,1188,0.08440661430358887,0.08047342300415039,0.0039331912994384766
10,10000,4,er,linear_sem,15,DF-PC (Pure),0.7777777777777777,0.875,0.7,8.0,778,733,1188,0.09128665924072266,0.0756373405456543,0.01564931869506836
10,10000,4,er,linear_sem,16,Standard PC,0.7777777777777777,0.875,0.7,8.0,862,817,1364,0.08475732803344727,0.08057045936584473,0.004186868667602539
10,10000,4,er,linear_sem,16,DF-PC (Pure),0.7777777777777777,0.875,0.7,8.0,795,750,1364,0.08821964263916016,0.07440376281738281,0.013815879821777344
10,10000,4,er,linear_sem,17,Standard PC,0.7777777777777777,0.875,0.7,8.0,824,779,1112,0.08343720436096191,0.07868003845214844,0.0047571659088134766
10,10000,4,er,linear_sem,17,DF-PC (Pure),0.7777777777777777,0.875,0.7,8.0,603,558,1112,0.0720067024230957,0.05822467803955078,0.013782024383544922
10,10000,4,er,linear_sem,18,Standard PC,0.8571428571428571,1.0,0.75,5.0,541,496,810,0.05281877517700195,0.050067901611328125,0.002750873565673828
10,10000,4,er,linear_sem,18,DF-PC (Pure),0.8571428571428571,1.0,0.75,5.0,423,378,810,0.04648113250732422,0.03863263130187988,0.007848501205444336
10,10000,4,er,linear_sem,19,Standard PC,0.888888888888889,1.0,0.8,4.0,737,692,995,0.07023334503173828,0.06685805320739746,0.0033752918243408203
10,10000,4,er,linear_sem,19,DF-PC (Pure),0.888888888888889,1.0,0.8,4.0,543,498,995,0.062227487564086914,0.05124711990356445,0.010980367660522461
10,10000,4,er,linear_sem,20,Standard PC,0.8648648648648648,0.9411764705882353,0.8,5.0,1013,968,1468,0.1387791633605957,0.13246917724609375,0.006309986114501953
10,10000,4,er,linear_sem,20,DF-PC (Pure),0.8648648648648648,0.9411764705882353,0.8,5.0,878,833,1468,0.14249682426452637,0.11493659019470215,0.02756023406982422
10,10000,4,er,linear_sem,21,Standard PC,0.7428571428571429,0.8666666666666667,0.65,9.0,828,783,1178,0.08056831359863281,0.07678818702697754,0.0037801265716552734
10,10000,4,er,linear_sem,21,DF-PC (Pure),0.7428571428571429,0.8666666666666667,0.65,9.0,643,598,1178,0.07134246826171875,0.058965206146240234,0.012377262115478516
10,10000,4,er,linear_sem,22,Standard PC,0.7058823529411764,0.8571428571428571,0.6,10.0,841,796,1190,0.08527517318725586,0.08141589164733887,0.003859281539916992
10,10000,4,er,linear_sem,22,DF-PC (Pure),0.7058823529411764,0.8571428571428571,0.6,10.0,635,590,1190,0.07438230514526367,0.06139516830444336,0.012987136840820312
10,10000,4,er,linear_sem,23,Standard PC,0.8108108108108107,0.8823529411764706,0.75,7.0,837,792,1186,0.08150362968444824,0.07762622833251953,0.003877401351928711
10,10000,4,er,linear_sem,23,DF-PC (Pure),0.8108108108108107,0.8823529411764706,0.75,7.0,686,641,1186,0.07626128196716309,0.06376838684082031,0.012492895126342773
10,10000,4,er,linear_sem,24,Standard PC,0.787878787878788,1.0,0.65,7.0,696,651,966,0.0691225528717041,0.06580638885498047,0.003316164016723633
10,10000,4,er,linear_sem,24,DF-PC (Pure),0.787878787878788,1.0,0.65,7.0,526,481,966,0.061214447021484375,0.05052304267883301,0.010691404342651367
10,10000,4,er,linear_sem,25,Standard PC,0.7428571428571429,0.8666666666666667,0.65,9.0,905,860,1341,0.08984136581420898,0.0855245590209961,0.004316806793212891
10,10000,4,er,linear_sem,25,DF-PC (Pure),0.7428571428571429,0.8666666666666667,0.65,9.0,828,783,1343,0.0905153751373291,0.07567954063415527,0.014835834503173828
10,10000,4,er,linear_sem,26,Standard PC,0.8333333333333334,0.9375,0.75,6.0,750,705,1086,0.07512354850769043,0.07146477699279785,0.003658771514892578
10,10000,4,er,linear_sem,26,DF-PC (Pure),0.8333333333333334,0.9375,0.75,6.0,619,574,1086,0.07014656066894531,0.057811737060546875,0.012334823608398438
10,10000,4,er,linear_sem,27,Standard PC,0.7894736842105262,0.8333333333333334,0.75,8.0,1018,973,1463,0.1015779972076416,0.0968625545501709,0.004715442657470703
10,10000,4,er,linear_sem,27,DF-PC (Pure),0.7894736842105262,0.8333333333333334,0.75,8.0,948,903,1463,0.10794901847839355,0.08993697166442871,0.018012046813964844
10,10000,4,er,linear_sem,28,Standard PC,0.7272727272727274,0.9230769230769231,0.6,9.0,1215,1170,1783,0.12421584129333496,0.11874985694885254,0.005465984344482422
10,10000,4,er,linear_sem,28,DF-PC (Pure),0.7272727272727274,0.9230769230769231,0.6,9.0,1115,1070,1783,0.130706787109375,0.10831618309020996,0.02239060401916504
10,10000,4,er,linear_sem,29,Standard PC,0.8648648648648648,0.9411764705882353,0.8,5.0,803,758,1101,0.07931256294250488,0.07560276985168457,0.0037097930908203125
10,10000,4,er,linear_sem,29,DF-PC (Pure),0.8648648648648648,0.9411764705882353,0.8,5.0,652,607,1101,0.07581615447998047,0.060922861099243164,0.014893293380737305
10,10000,4,sf,discrete,0,Standard PC,0.4,1.0,0.25,12.0,56,11,101,0.011390209197998047,0.010677337646484375,0.0007128715515136719
10,10000,4,sf,discrete,0,DF-PC (Pure),0.6086956521739131,1.0,0.4375,9.0,45,0,105,0.008569717407226562,0.007598161697387695,0.0009715557098388672
10,10000,4,sf,discrete,1,Standard PC,0.896551724137931,1.0,0.8125,3.0,155,110,213,0.03682422637939453,0.03540802001953125,0.0014162063598632812
10,10000,4,sf,discrete,1,DF-PC (Pure),0.967741935483871,1.0,0.9375,1.0,71,26,233,0.016311168670654297,0.01405024528503418,0.002260923385620117
10,10000,4,sf,discrete,2,Standard PC,0.4,1.0,0.25,12.0,54,9,102,0.010459184646606445,0.009802103042602539,0.0006570816040039062
10,10000,4,sf,discrete,2,DF-PC (Pure),0.4,1.0,0.25,12.0,48,3,102,0.009031534194946289,0.00811910629272461,0.0009124279022216797
10,10000,4,sf,discrete,3,Standard PC,0.6666666666666666,1.0,0.5,8.0,74,29,122,0.015933990478515625,0.015044689178466797,0.0008893013000488281
10,10000,4,sf,discrete,3,DF-PC (Pure),0.7692307692307693,1.0,0.625,6.0,48,3,137,0.0098114013671875,0.008547067642211914,0.001264333724975586
10,10000,4,sf,discrete,4,Standard PC,0.5454545454545454,1.0,0.375,10.0,65,20,110,0.013815641403198242,0.012969017028808594,0.0008466243743896484
10,10000,4,sf,discrete,4,DF-PC (Pure),0.6086956521739131,1.0,0.4375,9.0,45,0,110,0.008307456970214844,0.007340669631958008,0.0009667873382568359
10,10000,4,sf,discrete,5,Standard PC,0.47619047619047616,1.0,0.3125,11.0,49,4,94,0.009653091430664062,0.008995771408081055,0.0006573200225830078
10,10000,4,sf,discrete,5,DF-PC (Pure),0.45454545454545453,0.8333333333333334,0.3125,12.0,45,0,94,0.008588075637817383,0.007733821868896484,0.0008542537689208984
10,10000,4,sf,discrete,6,Standard PC,0.6086956521739131,1.0,0.4375,9.0,71,26,122,0.015139579772949219,0.01432037353515625,0.0008192062377929688
10,10000,4,sf,discrete,6,DF-PC (Pure),0.7692307692307693,1.0,0.625,6.0,56,11,149,0.01151275634765625,0.01014852523803711,0.0013642311096191406
10,10000,4,sf,discrete,7,Standard PC,0.6666666666666666,1.0,0.5,8.0,75,30,120,0.0248563289642334,0.023631811141967773,0.001224517822265625
10,10000,4,sf,discrete,7,DF-PC (Pure),0.72,1.0,0.5625,7.0,45,0,123,0.012712478637695312,0.011089324951171875,0.0016231536865234375
10,10000,4,sf,discrete,8,Standard PC,0.72,1.0,0.5625,7.0,70,25,118,0.015679121017456055,0.01476907730102539,0.0009100437164306641
10,10000,4,sf,discrete,8,DF-PC (Pure),0.72,1.0,0.5625,7.0,48,3,118,0.00971841812133789,0.00862431526184082,0.0010941028594970703
10,10000,4,sf,discrete,9,Standard PC,0.72,1.0,0.5625,7.0,86,41,134,0.01877737045288086,0.0178525447845459,0.0009248256683349609
10,10000,4,sf,discrete,9,DF-PC (Pure),0.7407407407407406,0.9090909090909091,0.625,7.0,48,3,153,0.009720802307128906,0.00840902328491211,0.0013117790222167969
10,10000,4,sf,discrete,10,Standard PC,0.47619047619047616,1.0,0.3125,11.0,67,22,112,0.013707160949707031,0.012955188751220703,0.0007519721984863281
10,10000,4,sf,discrete,10,DF-PC (Pure),0.5454545454545454,1.0,0.375,10.0,45,0,112,0.008430719375610352,0.007476091384887695,0.0009546279907226562
10,10000,4,sf,discrete,11,Standard PC,0.47619047619047616,1.0,0.3125,11.0,57,12,105,0.011344194412231445,0.010619640350341797,0.0007245540618896484
10,10000,4,sf,discrete,11,DF-PC (Pure),0.47619047619047616,1.0,0.3125,11.0,48,3,105,0.009149551391601562,0.008185386657714844,0.0009641647338867188
10,10000,4,sf,discrete,12,Standard PC,0.72,1.0,0.5625,7.0,111,66,171,0.024564743041992188,0.023499727249145508,0.0010650157928466797
10,10000,4,sf,discrete,12,DF-PC (Pure),0.8571428571428571,1.0,0.75,4.0,65,20,191,0.014418601989746094,0.012616872787475586,0.0018017292022705078
10,10000,4,sf,discrete,13,Standard PC,0.47619047619047616,1.0,0.3125,11.0,54,9,102,0.010669946670532227,0.009974479675292969,0.0006954669952392578
10,10000,4,sf,discrete,13,DF-PC (Pure),0.47619047619047616,1.0,0.3125,11.0,48,3,102,0.009209156036376953,0.00826573371887207,0.0009434223175048828
10,10000,4,sf,discrete,14,Standard PC,0.6666666666666666,1.0,0.5,8.0,71,26,116,0.015236377716064453,0.014342308044433594,0.0008940696716308594
10,10000,4,sf,discrete,14,DF-PC (Pure),0.72,1.0,0.5625,7.0,45,0,135,0.00859832763671875,0.007424831390380859,0.0011734962463378906
10,10000,4,sf,discrete,15,Standard PC,0.4,1.0,0.25,12.0,45,0,90,0.009174346923828125,0.008484840393066406,0.0006895065307617188
10,10000,4,sf,discrete,15,DF-PC (Pure),0.4,1.0,0.25,12.0,45,0,90,0.008601188659667969,0.00776219367980957,0.0008389949798583984
10,10000,4,sf,discrete,16,Standard PC,0.47619047619047616,1.0,0.3125,11.0,61,16,108,0.019505977630615234,0.01844334602355957,0.001062631607055664
10,10000,4,sf,discrete,16,DF-PC (Pure),0.6086956521739131,1.0,0.4375,9.0,48,3,112,0.01455545425415039,0.012945175170898438,0.0016102790832519531
10,10000,4,sf,discrete,17,Standard PC,0.6666666666666666,1.0,0.5,8.0,81,36,126,0.01797318458557129,0.017062902450561523,0.0009102821350097656
10,10000,4,sf,discrete,17,DF-PC (Pure),0.6666666666666666,1.0,0.5,8.0,45,0,126,0.008702278137207031,0.00761103630065918,0.0010912418365478516
10,10000,4,sf,discrete,18,Standard PC,0.3157894736842105,1.0,0.1875,13.0,47,2,92,0.009119987487792969,0.008461952209472656,0.0006580352783203125
10,10000,4,sf,discrete,18,DF-PC (Pure),0.3157894736842105,1.0,0.1875,13.0,45,0,92,0.008235931396484375,0.0074100494384765625,0.0008258819580078125
10,10000,4,sf,discrete,19,Standard PC,0.47619047619047616,1.0,0.3125,11.0,56,11,101,0.011076211929321289,0.010370016098022461,0.0007061958312988281
10,10000,4,sf,discrete,19,DF-PC (Pure),0.5454545454545454,1.0,0.375,10.0,45,0,108,0.008331775665283203,0.0074045658111572266,0.0009272098541259766
10,10000,4,sf,discrete,20,Standard PC,0.2222222222222222,1.0,0.125,14.0,47,2,92,0.008896589279174805,0.0082550048828125,0.0006415843963623047
10,10000,4,sf,discrete,20,DF-PC (Pure),0.2222222222222222,1.0,0.125,14.0,45,0,92,0.008177757263183594,0.007368803024291992,0.0008089542388916016
10,10000,4,sf,discrete,21,Standard PC,0.47619047619047616,1.0,0.3125,11.0,60,15,105,0.01193690299987793,0.01122426986694336,0.0007126331329345703
10,10000,4,sf,discrete,21,DF-PC (Pure),0.5833333333333334,0.875,0.4375,10.0,45,0,114,0.008499860763549805,0.007517576217651367,0.0009822845458984375
10,10000,4,sf,discrete,22,Standard PC,0.6086956521739131,1.0,0.4375,9.0,70,25,115,0.014914274215698242,0.014097452163696289,0.0008168220520019531
10,10000,4,sf,discrete,22,DF-PC (Pure),0.6666666666666666,1.0,0.5,8.0,45,0,119,0.008752822875976562,0.007733345031738281,0.0010194778442382812
10,10000,4,sf,discrete,23,Standard PC,0.7692307692307693,1.0,0.625,6.0,97,52,142,0.02203845977783203,0.021031856536865234,0.0010066032409667969
10,10000,4,sf,discrete,23,DF-PC (Pure),0.7692307692307693,1.0,0.625,6.0,45,0,142,0.008761167526245117,0.007555246353149414,0.0012059211730957031
10,10000,4,sf,discrete,24,Standard PC,0.6086956521739131,1.0,0.4375,9.0,73,28,118,0.01607489585876465,0.015247344970703125,0.0008275508880615234
10,10000,4,sf,discrete,24,DF-PC (Pure),0.72,1.0,0.5625,7.0,45,0,126,0.008850574493408203,0.00771784782409668,0.0011327266693115234
10,10000,4,sf,discrete,25,Standard PC,0.5454545454545454,1.0,0.375,10.0,76,31,123,0.032179832458496094,0.030664443969726562,0.0015153884887695312
10,10000,4,sf,discrete,25,DF-PC (Pure),0.72,1.0,0.5625,7.0,48,3,199,0.020498037338256836,0.017024993896484375,0.003473043441772461
10,10000,4,sf,discrete,26,Standard PC,0.6666666666666666,1.0,0.5,8.0,107,62,155,0.0230863094329834,0.0220797061920166,0.0010066032409667969
10,10000,4,sf,discrete,26,DF-PC (Pure),0.8148148148148148,1.0,0.6875,5.0,48,3,193,0.01008749008178711,0.008252382278442383,0.0018351078033447266
10,10000,4,sf,discrete,27,Standard PC,0.3157894736842105,1.0,0.1875,13.0,55,10,100,0.014092206954956055,0.01327061653137207,0.0008215904235839844
10,10000,4,sf,discrete,27,DF-PC (Pure),0.5217391304347825,0.8571428571428571,0.375,11.0,45,0,105,0.008034467697143555,0.007142543792724609,0.0008919239044189453
10,10000,4,sf,discrete,28,Standard PC,0.3157894736842105,1.0,0.1875,13.0,62,17,107,0.013414859771728516,0.012628316879272461,0.0007865428924560547
10,10000,4,sf,discrete,28,DF-PC (Pure),0.47619047619047616,1.0,0.3125,11.0,45,0,120,0.00913095474243164,0.008008956909179688,0.0011219978332519531
10,10000,4,sf,discrete,29,Standard PC,0.4,1.0,0.25,12.0,51,6,99,0.014724016189575195,0.013778209686279297,0.0009458065032958984
10,10000,4,sf,discrete,29,DF-PC (Pure),0.47619047619047616,1.0,0.3125,11.0,48,3,103,0.013597726821899414,0.012193441390991211,0.0014042854309082031
10,10000,4,sf,linear_sem,0,Standard PC,0.7999999999999999,0.8571428571428571,0.75,6.0,540,495,673,0.05243706703186035,0.04990983009338379,0.0025272369384765625
10,10000,4,sf,linear_sem,0,DF-PC (Pure),0.7741935483870969,0.8,0.75,7.0,323,278,686,0.039994239807128906,0.03079700469970703,0.009197235107421875
10,10000,4,sf,linear_sem,1,Standard PC,0.896551724137931,1.0,0.8125,3.0,821,776,1104,0.08073091506958008,0.07704877853393555,0.0036821365356445312
10,10000,4,sf,linear_sem,1,DF-PC (Pure),0.896551724137931,1.0,0.8125,3.0,719,674,1104,0.08198857307434082,0.06689023971557617,0.015098333358764648
10,10000,4,sf,linear_sem,2,Standard PC,0.8666666666666666,0.9285714285714286,0.8125,4.0,1042,997,1178,0.10454821586608887,0.10029220581054688,0.004256010055541992
10,10000,4,sf,linear_sem,2,DF-PC (Pure),0.8666666666666666,0.9285714285714286,0.8125,4.0,580,535,1178,0.08043813705444336,0.05828237533569336,0.02215576171875
10,10000,4,sf,linear_sem,3,Standard PC,0.7741935483870969,0.8,0.75,7.0,680,635,881,0.09218907356262207,0.08806204795837402,0.004127025604248047
10,10000,4,sf,linear_sem,3,DF-PC (Pure),0.8666666666666666,0.9285714285714286,0.8125,4.0,511,466,1071,0.09179425239562988,0.06701970100402832,0.024774551391601562
10,10000,4,sf,linear_sem,4,Standard PC,0.9333333333333333,1.0,0.875,2.0,2371,2326,2451,0.23298311233520508,0.22455382347106934,0.008429288864135742
10,10000,4,sf,linear_sem,4,DF-PC (Pure),0.9333333333333333,1.0,0.875,2.0,150,105,2451,0.06592202186584473,0.014898300170898438,0.05102372169494629
10,10000,4,sf,linear_sem,5,Standard PC,0.896551724137931,1.0,0.8125,3.0,928,883,1029,0.08892560005187988,0.08530974388122559,0.003615856170654297
10,10000,4,sf,linear_sem,5,DF-PC (Pure),0.8666666666666666,0.9285714285714286,0.8125,4.0,255,210,1045,0.039093971252441406,0.025676250457763672,0.013417720794677734
10,10000,4,sf,linear_sem,6,Standard PC,0.7096774193548386,0.7333333333333333,0.6875,9.0,649,604,861,0.06221437454223633,0.05926799774169922,0.0029463768005371094
10,10000,4,sf,linear_sem,6,DF-PC (Pure),0.7096774193548386,0.7333333333333333,0.6875,9.0,468,423,861,0.05442976951599121,0.04366326332092285,0.01076650619506836
10,10000,4,sf,linear_sem,7,Standard PC,0.9333333333333333,1.0,0.875,2.0,628,583,781,0.08893609046936035,0.08502507209777832,0.003911018371582031
10,10000,4,sf,linear_sem,7,DF-PC (Pure),0.9333333333333333,1.0,0.875,2.0,302,257,781,0.05494070053100586,0.04021120071411133,0.014729499816894531
10,10000,4,sf,linear_sem,8,Standard PC,0.7586206896551724,0.8461538461538461,0.6875,7.0,799,754,1067,0.10122823715209961,0.09686565399169922,0.004362583160400391
10,10000,4,sf,linear_sem,8,DF-PC (Pure),0.7586206896551724,0.8461538461538461,0.6875,7.0,576,531,1067,0.10043454170227051,0.07999420166015625,0.020440340042114258
10,10000,4,sf,linear_sem,9,Standard PC,0.9333333333333333,1.0,0.875,2.0,520,475,757,0.05169272422790527,0.049057960510253906,0.002634763717651367
10,10000,4,sf,linear_sem,9,DF-PC (Pure),0.9333333333333333,1.0,0.875,2.0,400,355,757,0.04585838317871094,0.03769540786743164,0.008162975311279297
10,10000,4,sf,linear_sem,10,Standard PC,0.7857142857142857,0.9166666666666666,0.6875,6.0,402,357,503,0.03968620300292969,0.037709712982177734,0.001976490020751953
10,10000,4,sf,linear_sem,10,DF-PC (Pure),0.7857142857142857,0.9166666666666666,0.6875,6.0,175,130,503,0.021540403366088867,0.01634383201599121,0.005196571350097656
10,10000,4,sf,linear_sem,11,Standard PC,0.9375,0.9375,0.9375,2.0,765,720,924,0.08638882637023926,0.08264517784118652,0.0037436485290527344
10,10000,4,sf,linear_sem,11,DF-PC (Pure),0.9375,0.9375,0.9375,2.0,368,323,924,0.06816411018371582,0.049056291580200195,0.019107818603515625
10,10000,4,sf,linear_sem,12,Standard PC,0.7333333333333334,0.7857142857142857,0.6875,8.0,647,602,947,0.06455135345458984,0.06134366989135742,0.003207683563232422
10,10000,4,sf,linear_sem,12,DF-PC (Pure),0.7333333333333334,0.7857142857142857,0.6875,8.0,509,464,1007,0.05870485305786133,0.04795241355895996,0.010752439498901367
10,10000,4,sf,linear_sem,13,Standard PC,0.8275862068965517,0.9230769230769231,0.75,5.0,433,388,533,0.058313846588134766,0.05555009841918945,0.0027637481689453125
10,10000,4,sf,linear_sem,13,DF-PC (Pure),0.7999999999999999,0.8571428571428571,0.75,6.0,202,157,557,0.03657221794128418,0.026288747787475586,0.010283470153808594
10,10000,4,sf,linear_sem,14,Standard PC,0.7586206896551724,0.8461538461538461,0.6875,7.0,425,380,636,0.04163813591003418,0.039325714111328125,0.0023124217987060547
10,10000,4,sf,linear_sem,14,DF-PC (Pure),0.7586206896551724,0.8461538461538461,0.6875,7.0,344,299,636,0.03854107856750488,0.03205275535583496,0.006488323211669922
10,10000,4,sf,linear_sem,15,Standard PC,0.967741935483871,1.0,0.9375,1.0,1052,1007,1173,0.10222220420837402,0.09811568260192871,0.0041065216064453125
10,10000,4,sf,linear_sem,15,DF-PC (Pure),0.967741935483871,1.0,0.9375,1.0,438,393,1173,0.06084322929382324,0.04175209999084473,0.019091129302978516
10,10000,4,sf,linear_sem,16,Standard PC,0.7741935483870969,0.8,0.75,7.0,928,883,1174,0.08866500854492188,0.08468174934387207,0.003983259201049805
10,10000,4,sf,linear_sem,16,DF-PC (Pure),0.7741935483870969,0.8,0.75,7.0,623,578,1174,0.07306838035583496,0.05838346481323242,0.014684915542602539
10,10000,4,sf,linear_sem,17,Standard PC,0.7857142857142857,0.9166666666666666,0.6875,6.0,435,390,595,0.042795419692993164,0.0406341552734375,0.002161264419555664
10,10000,4,sf,linear_sem,17,DF-PC (Pure),0.8275862068965517,0.9230769230769231,0.75,5.0,317,272,728,0.038393259048461914,0.029901504516601562,0.008491754531860352
10,10000,4,sf,linear_sem,18,Standard PC,0.967741935483871,1.0,0.9375,1.0,1481,1436,1591,0.20940399169921875,0.2020881175994873,0.007315874099731445
10,10000,4,sf,linear_sem,18,DF-PC (Pure),0.967741935483871,1.0,0.9375,1.0,285,240,1591,0.08390641212463379,0.039427757263183594,0.044478654861450195
10,10000,4,sf,linear_sem,19,Standard PC,0.8275862068965517,0.9230769230769231,0.75,5.0,690,645,880,0.06812143325805664,0.06496334075927734,0.003158092498779297
10,10000,4,sf,linear_sem,19,DF-PC (Pure),0.8666666666666666,0.9285714285714286,0.8125,4.0,501,456,1058,0.06041979789733887,0.04708123207092285,0.013338565826416016
10,10000,4,sf,linear_sem,20,Standard PC,0.896551724137931,1.0,0.8125,3.0,606,561,683,0.05820608139038086,0.055647850036621094,0.0025582313537597656
10,10000,4,sf,linear_sem,20,DF-PC (Pure),0.896551724137931,1.0,0.8125,3.0,124,79,683,0.01970696449279785,0.01181650161743164,0.007890462875366211
10,10000,4,sf,linear_sem,21,Standard PC,0.7999999999999999,0.8571428571428571,0.75,6.0,710,665,895,0.0953531265258789,0.09116101264953613,0.0041921138763427734
10,10000,4,sf,linear_sem,21,DF-PC (Pure),0.7999999999999999,0.8571428571428571,0.75,6.0,495,450,895,0.0833282470703125,0.06422185897827148,0.019106388092041016
10,10000,4,sf,linear_sem,22,Standard PC,0.8571428571428571,1.0,0.75,4.0,447,402,586,0.06199765205383301,0.05901145935058594,0.0029861927032470703
10,10000,4,sf,linear_sem,22,DF-PC (Pure),0.8571428571428571,1.0,0.75,4.0,283,238,586,0.047441959381103516,0.03696322441101074,0.010478734970092773
10,10000,4,sf,linear_sem,23,Standard PC,0.8571428571428571,1.0,0.75,4.0,609,564,925,0.06037735939025879,0.05730724334716797,0.0030701160430908203
10,10000,4,sf,linear_sem,23,DF-PC (Pure),0.8571428571428571,1.0,0.75,4.0,495,450,925,0.05565690994262695,0.04643416404724121,0.009222745895385742
10,10000,4,sf,linear_sem,24,Standard PC,0.967741935483871,1.0,0.9375,1.0,864,819,1115,0.14355945587158203,0.13744020462036133,0.006119251251220703
10,10000,4,sf,linear_sem,24,DF-PC (Pure),0.967741935483871,1.0,0.9375,1.0,624,579,1115,0.12951421737670898,0.10262084007263184,0.02689337730407715
10,10000,4,sf,linear_sem,25,Standard PC,0.8125,0.8125,0.8125,6.0,894,849,1026,0.08604764938354492,0.08234310150146484,0.003704547882080078
10,10000,4,sf,linear_sem,25,DF-PC (Pure),0.8125,0.8125,0.8125,6.0,270,225,1026,0.039949655532836914,0.02684330940246582,0.013106346130371094
10,10000,4,sf,linear_sem,26,Standard PC,0.7058823529411765,0.6666666666666666,0.75,10.0,838,793,1120,0.1167593002319336,0.11156535148620605,0.005193948745727539
10,10000,4,sf,linear_sem,26,DF-PC (Pure),0.7058823529411765,0.6666666666666666,0.75,10.0,581,536,1120,0.07331109046936035,0.05869865417480469,0.014612436294555664
10,10000,4,sf,linear_sem,27,Standard PC,0.8387096774193549,0.8666666666666667,0.8125,5.0,761,716,984,0.0735318660736084,0.07019662857055664,0.003335237503051758
10,10000,4,sf,linear_sem,27,DF-PC (Pure),0.8387096774193549,0.8666666666666667,0.8125,5.0,448,403,984,0.05423450469970703,0.04283928871154785,0.01139521598815918
10,10000,4,sf,linear_sem,28,Standard PC,0.9333333333333333,1.0,0.875,2.0,927,882,1058,0.09048604965209961,0.08673977851867676,0.0037462711334228516
10,10000,4,sf,linear_sem,28,DF-PC (Pure),0.9333333333333333,1.0,0.875,2.0,364,319,1058,0.04897618293762207,0.03460812568664551,0.014368057250976562
10,10000,4,sf,linear_sem,29,Standard PC,0.896551724137931,1.0,0.8125,3.0,492,447,621,0.04661250114440918,0.04435420036315918,0.00225830078125
10,10000,4,sf,linear_sem,29,DF-PC (Pure),0.896551724137931,1.0,0.8125,3.0,225,180,621,0.02749490737915039,0.020880937576293945,0.006613969802856445
20,1000,2,er,discrete,0,Standard PC,0.5185185185185185,1.0,0.35,13.0,200,10,391,0.029656648635864258,0.027217626571655273,0.0024390220642089844
20,1000,2,er,discrete,0,DF-PC (Pure),0.6666666666666666,1.0,0.5,10.0,193,3,397,0.02837967872619629,0.025009870529174805,0.0033698081970214844
20,1000,2,er,discrete,1,Standard PC,0.4444444444444444,0.8571428571428571,0.3,15.0,232,42,422,0.03467869758605957,0.03205275535583496,0.0026259422302246094
20,1000,2,er,discrete,1,DF-PC (Pure),0.625,0.8333333333333334,0.5,12.0,190,0,431,0.028138399124145508,0.02443671226501465,0.0037016868591308594
20,1000,2,er,discrete,2,Standard PC,0.4615384615384615,1.0,0.3,14.0,211,21,401,0.030607938766479492,0.028125524520874023,0.0024824142456054688
20,1000,2,er,discrete,2,DF-PC (Pure),0.5625000000000001,0.75,0.45,14.0,190,0,411,0.027376413345336914,0.023997068405151367,0.003379344940185547
20,1000,2,er,discrete,3,Standard PC,0.33333333333333337,1.0,0.2,16.0,194,4,384,0.028589963912963867,0.026152372360229492,0.002437591552734375
20,1000,2,er,discrete,3,DF-PC (Pure),0.4615384615384615,1.0,0.3,14.0,190,0,389,0.02766871452331543,0.024357080459594727,0.003311634063720703
20,1000,2,er,discrete,4,Standard PC,0.5185185185185185,1.0,0.35,13.0,203,13,393,0.030275344848632812,0.027831554412841797,0.0024437904357910156
20,1000,2,er,discrete,4,DF-PC (Pure),0.48275862068965514,0.7777777777777778,0.35,15.0,190,0,397,0.0283353328704834,0.025040388107299805,0.0032949447631835938
20,1000,2,er,discrete,5,Standard PC,0.5185185185185185,1.0,0.35,13.0,204,14,394,0.029475927352905273,0.02704000473022461,0.002435922622680664
20,1000,2,er,discrete,5,DF-PC (Pure),0.45161290322580644,0.6363636363636364,0.35,17.0,190,0,394,0.02880716323852539,0.025347232818603516,0.003459930419921875
20,1000,2,er,discrete,6,Standard PC,0.5714285714285715,1.0,0.4,12.0,202,12,392,0.029038667678833008,0.026607275009155273,0.0024313926696777344
20,1000,2,er,discrete,6,DF-PC (Pure),0.7096774193548387,1.0,0.55,9.0,190,0,397,0.0271146297454834,0.023830175399780273,0.003284454345703125
20,1000,2,er,discrete,7,Standard PC,0.6666666666666666,1.0,0.5,10.0,221,31,414,0.0329890251159668,0.03035569190979004,0.002633333206176758
20,1000,2,er,discrete,7,DF-PC (Pure),0.7647058823529412,0.9285714285714286,0.65,8.0,193,3,419,0.029181718826293945,0.025535106658935547,0.0036466121673583984
20,1000,2,er,discrete,8,Standard PC,0.4615384615384615,1.0,0.3,14.0,206,16,396,0.03034520149230957,0.02789139747619629,0.0024538040161132812
20,1000,2,er,discrete,8,DF-PC (Pure),0.5333333333333333,0.8,0.4,14.0,190,0,399,0.028513193130493164,0.025026559829711914,0.00348663330078125
20,1000,2,er,discrete,9,Standard PC,0.2608695652173913,1.0,0.15,17.0,211,21,401,0.03156280517578125,0.02907729148864746,0.002485513687133789
20,1000,2,er,discrete,9,DF-PC (Pure),0.4375,0.5833333333333334,0.35,18.0,190,0,417,0.028303861618041992,0.024736642837524414,0.003567218780517578
20,1000,2,er,discrete,10,Standard PC,0.2608695652173913,1.0,0.15,17.0,202,12,392,0.02889084815979004,0.026556730270385742,0.002334117889404297
20,1000,2,er,discrete,10,DF-PC (Pure),0.6666666666666666,1.0,0.5,10.0,190,0,402,0.028111696243286133,0.024608373641967773,0.0035033226013183594
20,1000,2,er,discrete,11,Standard PC,0.5185185185185185,1.0,0.35,13.0,239,49,434,0.035503387451171875,0.03283262252807617,0.002670764923095703
20,1000,2,er,discrete,11,DF-PC (Pure),0.6111111111111112,0.6875,0.55,14.0,195,5,462,0.028986215591430664,0.025111913681030273,0.0038743019104003906
20,1000,2,er,discrete,12,Standard PC,0.5517241379310346,0.8888888888888888,0.4,13.0,202,12,392,0.0311431884765625,0.02857232093811035,0.0025708675384521484
20,1000,2,er,discrete,12,DF-PC (Pure),0.5333333333333333,0.8,0.4,14.0,190,0,392,0.028823137283325195,0.025375843048095703,0.003447294235229492
20,1000,2,er,discrete,13,Standard PC,0.4,1.0,0.25,15.0,213,23,403,0.03092217445373535,0.0284576416015625,0.0024645328521728516
20,1000,2,er,discrete,13,DF-PC (Pure),0.5,0.6666666666666666,0.4,16.0,190,0,415,0.027742862701416016,0.02427506446838379,0.0034677982330322266
20,1000,2,er,discrete,14,Standard PC,0.4615384615384615,1.0,0.3,14.0,210,20,400,0.030178308486938477,0.027772188186645508,0.0024061203002929688
20,1000,2,er,discrete,14,DF-PC (Pure),0.625,0.8333333333333334,0.5,12.0,190,0,403,0.02716660499572754,0.0238192081451416,0.0033473968505859375
20,1000,2,er,discrete,15,Standard PC,0.5517241379310346,0.8888888888888888,0.4,13.0,205,15,398,0.02997136116027832,0.027497053146362305,0.0024743080139160156
20,1000,2,er,discrete,15,DF-PC (Pure),0.5806451612903226,0.8181818181818182,0.45,13.0,193,3,401,0.029003620147705078,0.025546789169311523,0.0034568309783935547
20,1000,2,er,discrete,16,Standard PC,0.5185185185185185,1.0,0.35,13.0,206,16,396,0.030853748321533203,0.02828359603881836,0.0025701522827148438
20,1000,2,er,discrete,16,DF-PC (Pure),0.6666666666666666,1.0,0.5,10.0,190,0,399,0.028829574584960938,0.02535414695739746,0.0034754276275634766
20,1000,2,er,discrete,17,Standard PC,0.33333333333333337,1.0,0.2,16.0,192,2,382,0.028994083404541016,0.026436567306518555,0.002557516098022461
20,1000,2,er,discrete,17,DF-PC (Pure),0.33333333333333337,1.0,0.2,16.0,190,0,382,0.028031110763549805,0.024767637252807617,0.0032634735107421875
20,1000,2,er,discrete,18,Standard PC,0.5185185185185185,1.0,0.35,13.0,196,6,386,0.028369903564453125,0.02596426010131836,0.0024056434631347656
20,1000,2,er,discrete,18,DF-PC (Pure),0.5714285714285715,1.0,0.4,12.0,190,0,386,0.027406692504882812,0.024143457412719727,0.003263235092163086
20,1000,2,er,discrete,19,Standard PC,0.4615384615384615,1.0,0.3,14.0,212,22,402,0.03195595741271973,0.029474735260009766,0.002481222152709961
20,1000,2,er,discrete,19,DF-PC (Pure),0.45161290322580644,0.6363636363636364,0.35,17.0,190,0,408,0.02891993522644043,0.025439023971557617,0.0034809112548828125
20,1000,2,er,discrete,20,Standard PC,0.2608695652173913,1.0,0.15,17.0,195,5,385,0.02781987190246582,0.02549266815185547,0.0023272037506103516
20,1000,2,er,discrete,20,DF-PC (Pure),0.4,1.0,0.25,15.0,190,0,389,0.02716803550720215,0.023968219757080078,0.0031998157501220703
20,1000,2,er,discrete,21,Standard PC,0.4,1.0,0.25,15.0,227,37,419,0.03320431709289551,0.030635833740234375,0.002568483352661133
20,1000,2,er,discrete,21,DF-PC (Pure),0.4571428571428572,0.5333333333333333,0.4,19.0,193,3,491,0.037703752517700195,0.03136181831359863,0.0063419342041015625
20,1000,2,er,discrete,22,Standard PC,0.5185185185185185,1.0,0.35,13.0,198,8,388,0.04326653480529785,0.03950071334838867,0.0037658214569091797
20,1000,2,er,discrete,22,DF-PC (Pure),0.4666666666666667,0.7,0.35,16.0,190,0,393,0.0420224666595459,0.03671622276306152,0.005306243896484375
20,1000,2,er,discrete,23,Standard PC,0.6206896551724138,1.0,0.45,11.0,218,28,408,0.033385515213012695,0.03074479103088379,0.0026407241821289062
20,1000,2,er,discrete,23,DF-PC (Pure),0.7428571428571429,0.8666666666666667,0.65,9.0,190,0,412,0.029058456420898438,0.025319814682006836,0.0037386417388916016
20,1000,2,er,discrete,24,Standard PC,0.4444444444444444,0.8571428571428571,0.3,15.0,198,8,388,0.04316210746765137,0.0393986701965332,0.003763437271118164
20,1000,2,er,discrete,24,DF-PC (Pure),0.41379310344827586,0.6666666666666666,0.3,17.0,190,0,388,0.04129815101623535,0.03607010841369629,0.0052280426025390625
20,1000,2,er,discrete,25,Standard PC,0.5714285714285715,1.0,0.4,12.0,223,33,415,0.03302884101867676,0.03043675422668457,0.0025920867919921875
20,1000,2,er,discrete,25,DF-PC (Pure),0.588235294117647,0.7142857142857143,0.5,14.0,193,3,455,0.02945423126220703,0.02553248405456543,0.0039217472076416016
20,1000,2,er,discrete,26,Standard PC,0.6451612903225806,0.9090909090909091,0.5,11.0,219,29,409,0.03312969207763672,0.030480384826660156,0.0026493072509765625
20,1000,2,er,discrete,26,DF-PC (Pure),0.7428571428571429,0.8666666666666667,0.65,9.0,190,0,409,0.028383493423461914,0.02482438087463379,0.003559112548828125
20,1000,2,er,discrete,27,Standard PC,0.4,1.0,0.25,15.0,198,8,388,0.03069329261779785,0.028165340423583984,0.002527952194213867
20,1000,2,er,discrete,27,DF-PC (Pure),0.4444444444444444,0.8571428571428571,0.3,15.0,190,0,388,0.029803752899169922,0.026328086853027344,0.003475666046142578
20,1000,2,er,discrete,28,Standard PC,0.4,1.0,0.25,15.0,196,6,386,0.03455543518066406,0.03126883506774902,0.003286600112915039
20,1000,2,er,discrete,28,DF-PC (Pure),0.4999999999999999,0.875,0.35,14.0,190,0,386,0.05161166191101074,0.045755624771118164,0.005856037139892578
20,1000,2,er,discrete,29,Standard PC,0.5185185185185185,1.0,0.35,13.0,216,26,406,0.048291921615600586,0.044324398040771484,0.0039675235748291016
20,1000,2,er,discrete,29,DF-PC (Pure),0.5454545454545455,0.6923076923076923,0.45,15.0,190,0,417,0.04208827018737793,0.036467552185058594,0.005620718002319336
20,1000,2,er,linear_sem,0,Standard PC,0.9743589743589743,1.0,0.95,1.0,636,446,991,0.06325197219848633,0.05880117416381836,0.004450798034667969
20,1000,2,er,linear_sem,0,DF-PC (Pure),0.9743589743589743,1.0,0.95,1.0,453,263,991,0.050066471099853516,0.04124855995178223,0.008817911148071289
20,1000,2,er,linear_sem,1,Standard PC,1.0,1.0,1.0,0.0,690,500,1151,0.07188034057617188,0.06695365905761719,0.0049266815185546875
20,1000,2,er,linear_sem,1,DF-PC (Pure),0.975609756097561,0.9523809523809523,1.0,1.0,551,361,1184,0.062371015548706055,0.05223703384399414,0.010133981704711914
20,1000,2,er,linear_sem,2,Standard PC,0.8571428571428571,1.0,0.75,5.0,660,470,1048,0.0652322769165039,0.060710906982421875,0.004521369934082031
20,1000,2,er,linear_sem,2,DF-PC (Pure),0.8571428571428571,1.0,0.75,5.0,507,317,1048,0.05486917495727539,0.04570484161376953,0.00916433334350586
20,1000,2,er,linear_sem,3,Standard PC,0.9189189189189189,1.0,0.85,3.0,715,525,1094,0.07036924362182617,0.06570553779602051,0.004663705825805664
20,1000,2,er,linear_sem,3,DF-PC (Pure),0.9189189189189189,1.0,0.85,3.0,525,335,1094,0.06812095642089844,0.055052757263183594,0.013068199157714844
20,1000,2,er,linear_sem,4,Standard PC,0.9473684210526316,1.0,0.9,2.0,524,334,802,0.07385444641113281,0.06799983978271484,0.005854606628417969
20,1000,2,er,linear_sem,4,DF-PC (Pure),0.9230769230769231,0.9473684210526315,0.9,3.0,322,132,837,0.052999258041381836,0.04161691665649414,0.011382341384887695
20,1000,2,er,linear_sem,5,Standard PC,0.9268292682926829,0.9047619047619048,0.95,3.0,1100,910,1771,0.10778546333312988,0.10113716125488281,0.00664830207824707
20,1000,2,er,linear_sem,5,DF-PC (Pure),0.9268292682926829,0.9047619047619048,0.95,3.0,811,621,1771,0.0912787914276123,0.07602047920227051,0.015258312225341797
20,1000,2,er,linear_sem,6,Standard PC,0.8947368421052632,0.9444444444444444,0.85,4.0,726,536,1261,0.07285451889038086,0.06771016120910645,0.005144357681274414
20,1000,2,er,linear_sem,6,DF-PC (Pure),0.8717948717948718,0.8947368421052632,0.85,5.0,614,424,1262,0.06845951080322266,0.05745363235473633,0.011005878448486328
20,1000,2,er,linear_sem,7,Standard PC,0.9743589743589743,1.0,0.95,1.0,533,343,859,0.053587913513183594,0.04923105239868164,0.004356861114501953
20,1000,2,er,linear_sem,7,DF-PC (Pure),0.9743589743589743,1.0,0.95,1.0,385,195,865,0.04235386848449707,0.03503060340881348,0.007323265075683594
20,1000,2,er,linear_sem,8,Standard PC,0.9473684210526316,1.0,0.9,2.0,652,462,1082,0.0668940544128418,0.0622560977935791,0.004637956619262695
20,1000,2,er,linear_sem,8,DF-PC (Pure),0.9473684210526316,1.0,0.9,2.0,493,303,1090,0.05730628967285156,0.04794716835021973,0.009359121322631836
20,1000,2,er,linear_sem,9,Standard PC,0.9230769230769231,0.9473684210526315,0.9,3.0,539,349,860,0.05383014678955078,0.04973340034484863,0.0040967464447021484
20,1000,2,er,linear_sem,9,DF-PC (Pure),0.9230769230769231,0.9473684210526315,0.9,3.0,355,165,865,0.04883885383605957,0.038051605224609375,0.010787248611450195
20,1000,2,er,linear_sem,10,Standard PC,0.8421052631578948,0.8888888888888888,0.8,6.0,612,422,920,0.08688950538635254,0.08056497573852539,0.0063245296478271484
20,1000,2,er,linear_sem,10,DF-PC (Pure),0.8421052631578948,0.8888888888888888,0.8,6.0,357,167,921,0.058898210525512695,0.04647064208984375,0.012427568435668945
20,1000,2,er,linear_sem,11,Standard PC,0.888888888888889,1.0,0.8,4.0,784,594,1412,0.0801091194152832,0.07439804077148438,0.005711078643798828
20,1000,2,er,linear_sem,11,DF-PC (Pure),0.888888888888889,1.0,0.8,4.0,683,493,1412,0.07440376281738281,0.06297802925109863,0.01142573356628418
20,1000,2,er,linear_sem,12,Standard PC,0.9743589743589743,1.0,0.95,1.0,451,261,760,0.04625201225280762,0.04251575469970703,0.003736257553100586
20,1000,2,er,linear_sem,12,DF-PC (Pure),0.9500000000000001,0.95,0.95,2.0,347,157,761,0.03882479667663574,0.03230714797973633,0.006517648696899414
20,1000,2,er,linear_sem,13,Standard PC,0.9473684210526316,1.0,0.9,2.0,806,616,1460,0.11647176742553711,0.10821199417114258,0.008259773254394531
20,1000,2,er,linear_sem,13,DF-PC (Pure),0.9,0.9,0.9,4.0,739,549,1486,0.11333298683166504,0.09436964988708496,0.018963336944580078
20,1000,2,er,linear_sem,14,Standard PC,0.9189189189189189,1.0,0.85,3.0,418,228,712,0.044501543045043945,0.04078197479248047,0.0037195682525634766
20,1000,2,er,linear_sem,14,DF-PC (Pure),0.8947368421052632,0.9444444444444444,0.85,4.0,354,164,726,0.04065227508544922,0.03361630439758301,0.007035970687866211
20,1000,2,er,linear_sem,15,Standard PC,0.888888888888889,1.0,0.8,4.0,1101,911,2110,0.1576557159423828,0.14742684364318848,0.010228872299194336
20,1000,2,er,linear_sem,15,DF-PC (Pure),0.888888888888889,1.0,0.8,4.0,1050,860,2110,0.12777972221374512,0.1094510555267334,0.01832866668701172
20,1000,2,er,linear_sem,16,Standard PC,1.0,1.0,1.0,0.0,703,513,1174,0.09946632385253906,0.09218955039978027,0.007276773452758789
20,1000,2,er,linear_sem,16,DF-PC (Pure),1.0,1.0,1.0,0.0,532,342,1174,0.08301877975463867,0.06779360771179199,0.01522517204284668
20,1000,2,er,linear_sem,17,Standard PC,0.9500000000000001,0.95,0.95,2.0,433,243,684,0.06261181831359863,0.05727672576904297,0.005335092544555664
20,1000,2,er,linear_sem,17,DF-PC (Pure),0.9268292682926829,0.9047619047619048,0.95,3.0,278,88,690,0.045323848724365234,0.03604865074157715,0.009275197982788086
20,1000,2,er,linear_sem,18,Standard PC,0.9189189189189189,1.0,0.85,3.0,799,609,1339,0.11436295509338379,0.10662007331848145,0.007742881774902344
20,1000,2,er,linear_sem,18,DF-PC (Pure),0.9189189189189189,1.0,0.85,3.0,647,457,1339,0.10254240036010742,0.08391356468200684,0.018628835678100586
20,1000,2,er,linear_sem,19,Standard PC,0.9743589743589743,1.0,0.95,1.0,558,368,927,0.061578989028930664,0.0562891960144043,0.005289793014526367
20,1000,2,er,linear_sem,19,DF-PC (Pure),0.9047619047619048,0.8636363636363636,0.95,4.0,438,248,990,0.07046222686767578,0.056539297103881836,0.013922929763793945
20,1000,2,er,linear_sem,20,Standard PC,0.6666666666666665,0.75,0.6,12.0,610,420,908,0.06341218948364258,0.05895519256591797,0.004456996917724609
20,1000,2,er,linear_sem,20,DF-PC (Pure),0.6486486486486486,0.7058823529411765,0.6,13.0,412,222,1003,0.04971957206726074,0.03922128677368164,0.010498285293579102
20,1000,2,er,linear_sem,21,Standard PC,1.0,1.0,1.0,0.0,949,759,1522,0.09557127952575684,0.08937621116638184,0.006195068359375
20,1000,2,er,linear_sem,21,DF-PC (Pure),0.975609756097561,0.9523809523809523,1.0,1.0,758,568,1525,0.08783388137817383,0.07240939140319824,0.015424489974975586
20,1000,2,er,linear_sem,22,Standard PC,1.0,1.0,1.0,0.0,480,290,750,0.06915974617004395,0.0635223388671875,0.005637407302856445
20,1000,2,er,linear_sem,22,DF-PC (Pure),1.0,1.0,1.0,0.0,334,144,750,0.054599761962890625,0.04330730438232422,0.011292457580566406
20,1000,2,er,linear_sem,23,Standard PC,0.9473684210526316,1.0,0.9,2.0,635,445,1058,0.08997273445129395,0.08318567276000977,0.00678706169128418
20,1000,2,er,linear_sem,23,DF-PC (Pure),0.9230769230769231,0.9473684210526315,0.9,3.0,479,289,1088,0.07550692558288574,0.061463356018066406,0.014043569564819336
20,1000,2,er,linear_sem,24,Standard PC,0.8947368421052632,0.9444444444444444,0.85,4.0,582,392,924,0.059748172760009766,0.05525350570678711,0.004494667053222656
20,1000,2,er,linear_sem,24,DF-PC (Pure),0.8292682926829269,0.8095238095238095,0.85,7.0,394,204,973,0.04654073715209961,0.037990570068359375,0.008550167083740234
20,1000,2,er,linear_sem,25,Standard PC,0.9743589743589743,1.0,0.95,1.0,681,491,1069,0.0707395076751709,0.06594276428222656,0.004796743392944336
20,1000,2,er,linear_sem,25,DF-PC (Pure),0.9743589743589743,1.0,0.95,1.0,477,287,1078,0.05612683296203613,0.0464627742767334,0.009664058685302734
20,1000,2,er,linear_sem,26,Standard PC,0.975609756097561,0.9523809523809523,1.0,1.0,477,287,761,0.08338403701782227,0.07679057121276855,0.006593465805053711
20,1000,2,er,linear_sem,26,DF-PC (Pure),0.975609756097561,0.9523809523809523,1.0,1.0,342,152,761,0.0686655044555664,0.057019710540771484,0.011645793914794922
20,1000,2,er,linear_sem,27,Standard PC,0.9189189189189189,1.0,0.85,3.0,696,506,1125,0.07043051719665527,0.06560754776000977,0.004822969436645508
20,1000,2,er,linear_sem,27,DF-PC (Pure),0.8947368421052632,0.9444444444444444,0.85,4.0,498,308,1125,0.056143760681152344,0.04657912254333496,0.009564638137817383
20,1000,2,er,linear_sem,28,Standard PC,0.8947368421052632,0.9444444444444444,0.85,4.0,445,255,758,0.04475593566894531,0.04101109504699707,0.003744840621948242
20,1000,2,er,linear_sem,28,DF-PC (Pure),0.8947368421052632,0.9444444444444444,0.85,4.0,347,157,761,0.03774261474609375,0.03135943412780762,0.006383180618286133
20,1000,2,er,linear_sem,29,Standard PC,0.9189189189189189,1.0,0.85,3.0,451,261,727,0.06533098220825195,0.059851884841918945,0.005479097366333008
20,1000,2,er,linear_sem,29,DF-PC (Pure),0.9189189189189189,1.0,0.85,3.0,312,122,732,0.0501103401184082,0.04043316841125488,0.00967717170715332
20,1000,2,sf,discrete,0,Standard PC,0.2727272727272727,1.0,0.15789473684210525,16.0,190,0,380,0.02782750129699707,0.025409460067749023,0.002418041229248047
20,1000,2,sf,discrete,0,DF-PC (Pure),0.2727272727272727,1.0,0.15789473684210525,16.0,190,0,380,0.027591466903686523,0.0244140625,0.0031774044036865234
20,1000,2,sf,discrete,1,Standard PC,0.4799999999999999,1.0,0.3157894736842105,13.0,194,4,384,0.02825188636779785,0.025830984115600586,0.0024209022521972656
20,1000,2,sf,discrete,1,DF-PC (Pure),0.5714285714285714,0.8888888888888888,0.42105263157894735,12.0,190,0,384,0.027364730834960938,0.02413010597229004,0.0032346248626708984
20,1000,2,sf,discrete,2,Standard PC,0.34782608695652173,1.0,0.21052631578947367,15.0,190,0,380,0.027939558029174805,0.025515317916870117,0.0024242401123046875
20,1000,2,sf,discrete,2,DF-PC (Pure),0.34782608695652173,1.0,0.21052631578947367,15.0,190,0,380,0.027582406997680664,0.024408340454101562,0.0031740665435791016
20,1000,2,sf,discrete,3,Standard PC,0.18181818181818182,0.6666666666666666,0.10526315789473684,18.0,194,4,384,0.028168916702270508,0.025810718536376953,0.0023581981658935547
20,1000,2,sf,discrete,3,DF-PC (Pure),0.25,0.6,0.15789473684210525,18.0,190,0,384,0.02757096290588379,0.024341821670532227,0.0032291412353515625
20,1000,2,sf,discrete,4,Standard PC,0.18181818181818182,0.6666666666666666,0.10526315789473684,18.0,190,0,380,0.04061079025268555,0.03703451156616211,0.0035762786865234375
20,1000,2,sf,discrete,4,DF-PC (Pure),0.18181818181818182,0.6666666666666666,0.10526315789473684,18.0,190,0,380,0.04086470603942871,0.035971641540527344,0.004893064498901367
20,1000,2,sf,discrete,5,Standard PC,0.34782608695652173,1.0,0.21052631578947367,15.0,196,6,386,0.02970409393310547,0.027255535125732422,0.002448558807373047
20,1000,2,sf,discrete,5,DF-PC (Pure),0.32,0.6666666666666666,0.21052631578947367,17.0,190,0,386,0.028356313705444336,0.02514052391052246,0.003215789794921875
20,1000,2,sf,discrete,6,Standard PC,0.4166666666666667,1.0,0.2631578947368421,14.0,196,6,386,0.027790546417236328,0.025473833084106445,0.002316713333129883
20,1000,2,sf,discrete,6,DF-PC (Pure),0.44444444444444436,0.75,0.3157894736842105,15.0,190,0,386,0.027059316635131836,0.023856639862060547,0.003202676773071289
20,1000,2,sf,discrete,7,Standard PC,0.09999999999999999,0.5,0.05555555555555555,18.0,190,0,380,0.028065919876098633,0.025563478469848633,0.00250244140625
20,1000,2,sf,discrete,7,DF-PC (Pure),0.09999999999999999,0.5,0.05555555555555555,18.0,190,0,380,0.029392004013061523,0.0260922908782959,0.003299713134765625
20,1000,2,sf,discrete,8,Standard PC,0.46153846153846156,0.8571428571428571,0.3157894736842105,14.0,203,13,393,0.029414892196655273,0.02690410614013672,0.0025107860565185547
20,1000,2,sf,discrete,8,DF-PC (Pure),0.5806451612903226,0.75,0.47368421052631576,13.0,190,0,404,0.027612686157226562,0.024168729782104492,0.0034439563751220703
20,1000,2,sf,discrete,9,Standard PC,0.18181818181818182,0.6666666666666666,0.10526315789473684,18.0,196,6,386,0.02927088737487793,0.026922225952148438,0.002348661422729492
20,1000,2,sf,discrete,9,DF-PC (Pure),0.23076923076923078,0.42857142857142855,0.15789473684210525,20.0,190,0,386,0.02856278419494629,0.025278806686401367,0.003283977508544922
20,1000,2,sf,discrete,10,Standard PC,0.1,1.0,0.05263157894736842,18.0,192,2,382,0.02778339385986328,0.025524377822875977,0.0022590160369873047
20,1000,2,sf,discrete,10,DF-PC (Pure),0.09523809523809525,0.5,0.05263157894736842,19.0,190,0,382,0.02757096290588379,0.024424076080322266,0.0031468868255615234
20,1000,2,sf,discrete,11,Standard PC,0.3846153846153846,0.7142857142857143,0.2631578947368421,16.0,205,15,395,0.03086543083190918,0.028265714645385742,0.0025997161865234375
20,1000,2,sf,discrete,11,DF-PC (Pure),0.3448275862068966,0.5,0.2631578947368421,19.0,190,0,401,0.0288698673248291,0.025315046310424805,0.003554821014404297
20,1000,2,sf,discrete,12,Standard PC,0.18181818181818182,0.6666666666666666,0.10526315789473684,18.0,190,0,380,0.027260780334472656,0.024907827377319336,0.0023529529571533203
20,1000,2,sf,discrete,12,DF-PC (Pure),0.18181818181818182,0.6666666666666666,0.10526315789473684,18.0,190,0,380,0.027260541915893555,0.024158239364624023,0.0031023025512695312
20,1000,2,sf,discrete,13,Standard PC,0.34782608695652173,1.0,0.21052631578947367,15.0,213,23,403,0.03159809112548828,0.029041528701782227,0.0025565624237060547
20,1000,2,sf,discrete,13,DF-PC (Pure),0.3125,0.38461538461538464,0.2631578947368421,22.0,190,0,414,0.028078317642211914,0.02447199821472168,0.0036063194274902344
20,1000,2,sf,discrete,14,Standard PC,0.2727272727272727,1.0,0.15789473684210525,16.0,200,10,390,0.028923511505126953,0.02655482292175293,0.0023686885833740234
20,1000,2,sf,discrete,14,DF-PC (Pure),0.3846153846153846,0.7142857142857143,0.2631578947368421,16.0,190,0,395,0.028377056121826172,0.025043964385986328,0.0033330917358398438
20,1000,2,sf,discrete,15,Standard PC,0.5384615384615384,1.0,0.3684210526315789,12.0,196,6,386,0.028056621551513672,0.02568531036376953,0.0023713111877441406
20,1000,2,sf,discrete,15,DF-PC (Pure),0.5925925925925926,1.0,0.42105263157894735,11.0,190,0,386,0.02707386016845703,0.023900270462036133,0.0031735897064208984
20,1000,2,sf,discrete,16,Standard PC,0.39999999999999997,0.8333333333333334,0.2631578947368421,15.0,200,10,390,0.02990269660949707,0.027396440505981445,0.002506256103515625
20,1000,2,sf,discrete,16,DF-PC (Pure),0.5517241379310345,0.8,0.42105263157894735,13.0,190,0,410,0.027676105499267578,0.0242311954498291,0.0034449100494384766
20,1000,2,sf,discrete,17,Standard PC,0.5,0.7777777777777778,0.3684210526315789,14.0,200,10,390,0.04413914680480957,0.04024147987365723,0.0038976669311523438
20,1000,2,sf,discrete,17,DF-PC (Pure),0.5517241379310345,0.8,0.42105263157894735,13.0,190,0,390,0.041629791259765625,0.03634071350097656,0.0052890777587890625
20,1000,2,sf,discrete,18,Standard PC,0.4166666666666667,1.0,0.2631578947368421,14.0,194,4,384,0.0279695987701416,0.02559685707092285,0.00237274169921875
20,1000,2,sf,discrete,18,DF-PC (Pure),0.39999999999999997,0.8333333333333334,0.2631578947368421,15.0,190,0,384,0.027205228805541992,0.024030447006225586,0.0031747817993164062
20,1000,2,sf,discrete,19,Standard PC,0.2608695652173913,0.75,0.15789473684210525,17.0,194,4,384,0.028069734573364258,0.02567744255065918,0.002392292022705078
20,1000,2,sf,discrete,19,DF-PC (Pure),0.3076923076923077,0.5714285714285714,0.21052631578947367,18.0,190,0,384,0.028229475021362305,0.024882078170776367,0.0033473968505859375
20,1000,2,sf,discrete,20,Standard PC,0.1,1.0,0.05263157894736842,18.0,192,2,382,0.027683496475219727,0.025411605834960938,0.002271890640258789
20,1000,2,sf,discrete,20,DF-PC (Pure),0.09090909090909091,0.3333333333333333,0.05263157894736842,20.0,190,0,382,0.02741098403930664,0.02427196502685547,0.003139019012451172
20,1000,2,sf,discrete,21,Standard PC,0.17391304347826086,0.5,0.10526315789473684,19.0,192,2,382,0.027744293212890625,0.025373458862304688,0.0023708343505859375
20,1000,2,sf,discrete,21,DF-PC (Pure),0.16666666666666666,0.4,0.10526315789473684,20.0,190,0,382,0.027538299560546875,0.024329662322998047,0.003208637237548828
20,1000,2,sf,discrete,22,Standard PC,0.2608695652173913,0.75,0.15789473684210525,17.0,192,2,382,0.027973175048828125,0.02563786506652832,0.0023353099822998047
20,1000,2,sf,discrete,22,DF-PC (Pure),0.2608695652173913,0.75,0.15789473684210525,17.0,190,0,382,0.027827739715576172,0.024631261825561523,0.0031964778900146484
20,1000,2,sf,discrete,23,Standard PC,0.39999999999999997,0.8333333333333334,0.2631578947368421,15.0,194,4,384,0.04322481155395508,0.039418935775756836,0.003805875778198242
20,1000,2,sf,discrete,23,DF-PC (Pure),0.3846153846153846,0.7142857142857143,0.2631578947368421,16.0,190,0,384,0.04212594032287598,0.03697848320007324,0.005147457122802734
20,1000,2,sf,discrete,24,Standard PC,0.4166666666666667,1.0,0.2631578947368421,14.0,203,13,393,0.030921220779418945,0.028447628021240234,0.002473592758178711
20,1000,2,sf,discrete,24,DF-PC (Pure),0.42857142857142855,0.6666666666666666,0.3157894736842105,16.0,190,0,400,0.028534412384033203,0.025144100189208984,0.0033903121948242188
20,1000,2,sf,discrete,25,Standard PC,0.46153846153846156,0.8571428571428571,0.3157894736842105,14.0,196,6,386,0.02913832664489746,0.026598215103149414,0.002540111541748047
20,1000,2,sf,discrete,25,DF-PC (Pure),0.5,0.7777777777777778,0.3684210526315789,14.0,190,0,386,0.0279848575592041,0.024606704711914062,0.003378152847290039
20,1000,2,sf,discrete,26,Standard PC,0.4799999999999999,1.0,0.3157894736842105,13.0,198,8,388,0.028578758239746094,0.026163101196289062,0.0024156570434570312
20,1000,2,sf,discrete,26,DF-PC (Pure),0.5,0.7777777777777778,0.3684210526315789,14.0,190,0,388,0.027566909790039062,0.02425074577331543,0.003316164016723633
20,1000,2,sf,discrete,27,Standard PC,0.2608695652173913,0.75,0.15789473684210525,17.0,199,9,389,0.029540061950683594,0.027075529098510742,0.0024645328521728516
20,1000,2,sf,discrete,27,DF-PC (Pure),0.23999999999999996,0.5,0.15789473684210525,19.0,190,0,393,0.028745412826538086,0.025350332260131836,0.00339508056640625
20,1000,2,sf,discrete,28,Standard PC,0.5384615384615384,1.0,0.3684210526315789,12.0,196,6,386,0.042678117752075195,0.03891301155090332,0.003765106201171875
20,1000,2,sf,discrete,28,DF-PC (Pure),0.5185185185185185,0.875,0.3684210526315789,13.0,190,0,386,0.041263580322265625,0.036092519760131836,0.005171060562133789
20,1000,2,sf,discrete,29,Standard PC,0.25,0.5,0.16666666666666666,18.0,199,9,389,0.04530596733093262,0.04141068458557129,0.003895282745361328
20,1000,2,sf,discrete,29,DF-PC (Pure),0.23076923076923078,0.375,0.16666666666666666,20.0,190,0,393,0.044022560119628906,0.03854227066040039,0.005480289459228516
20,1000,2,sf,linear_sem,0,Standard PC,0.972972972972973,1.0,0.9473684210526315,1.0,2655,2465,2890,0.3676750659942627,0.35208868980407715,0.015586376190185547
20,1000,2,sf,linear_sem,0,DF-PC (Pure),0.972972972972973,1.0,0.9473684210526315,1.0,259,69,2890,0.12373614311218262,0.03419780731201172,0.0895383358001709
20,1000,2,sf,linear_sem,1,Standard PC,0.972972972972973,1.0,0.9473684210526315,1.0,489,299,776,0.07127952575683594,0.06553483009338379,0.0057446956634521484
20,1000,2,sf,linear_sem,1,DF-PC (Pure),1.0,1.0,1.0,0.0,339,149,825,0.054960012435913086,0.043656349182128906,0.01130366325378418
20,1000,2,sf,linear_sem,2,Standard PC,0.972972972972973,1.0,0.9473684210526315,1.0,659,469,941,0.0648958683013916,0.0605311393737793,0.004364728927612305
20,1000,2,sf,linear_sem,2,DF-PC (Pure),0.972972972972973,1.0,0.9473684210526315,1.0,401,211,941,0.0465090274810791,0.03661298751831055,0.009896039962768555
20,1000,2,sf,linear_sem,3,Standard PC,0.7741935483870968,1.0,0.631578947368421,7.0,409,219,698,0.05979132652282715,0.05455660820007324,0.005234718322753906
20,1000,2,sf,linear_sem,3,DF-PC (Pure),0.7741935483870968,1.0,0.631578947368421,7.0,332,142,698,0.052127838134765625,0.04221320152282715,0.009914636611938477
20,1000,2,sf,linear_sem,4,Standard PC,0.9743589743589743,0.95,1.0,1.0,2794,2604,3016,0.29398322105407715,0.28171300888061523,0.012270212173461914
20,1000,2,sf,linear_sem,4,DF-PC (Pure),0.9743589743589743,0.95,1.0,1.0,249,59,3016,0.07728052139282227,0.022710084915161133,0.05457043647766113
20,1000,2,sf,linear_sem,5,Standard PC,1.0,1.0,1.0,0.0,555,365,840,0.07814621925354004,0.0721902847290039,0.005955934524536133
20,1000,2,sf,linear_sem,5,DF-PC (Pure),0.9743589743589743,0.95,1.0,1.0,342,152,843,0.0566401481628418,0.044283151626586914,0.012356996536254883
20,1000,2,sf,linear_sem,6,Standard PC,0.8125000000000001,1.0,0.6842105263157895,6.0,375,185,685,0.038739681243896484,0.03532099723815918,0.0034186840057373047
20,1000,2,sf,linear_sem,6,DF-PC (Pure),0.7878787878787878,0.9285714285714286,0.6842105263157895,7.0,344,154,703,0.05379772186279297,0.04416394233703613,0.009633779525756836
20,1000,2,sf,linear_sem,7,Standard PC,1.0,1.0,1.0,0.0,11565,11375,11797,1.2034640312194824,1.1590855121612549,0.04437851905822754
20,1000,2,sf,linear_sem,7,DF-PC (Pure),1.0,1.0,1.0,0.0,6358,6168,11797,1.400266408920288,0.8391377925872803,0.5611286163330078
20,1000,2,sf,linear_sem,8,Standard PC,0.8125000000000001,1.0,0.6842105263157895,6.0,379,189,674,0.03940439224243164,0.0359644889831543,0.0034399032592773438
20,1000,2,sf,linear_sem,8,DF-PC (Pure),0.8125000000000001,1.0,0.6842105263157895,6.0,325,135,674,0.035485029220581055,0.029699087142944336,0.005785942077636719
20,1000,2,sf,linear_sem,9,Standard PC,0.9743589743589743,0.95,1.0,1.0,909,719,1182,0.12882137298583984,0.12107324600219727,0.007748126983642578
20,1000,2,sf,linear_sem,9,DF-PC (Pure),0.9743589743589743,0.95,1.0,1.0,584,394,1187,0.10492110252380371,0.07714128494262695,0.027779817581176758
20,1000,2,sf,linear_sem,10,Standard PC,0.9743589743589743,0.95,1.0,1.0,747,557,988,0.07343411445617676,0.06829452514648438,0.005139589309692383
20,1000,2,sf,linear_sem,10,DF-PC (Pure),0.9743589743589743,0.95,1.0,1.0,360,170,988,0.06497621536254883,0.046834468841552734,0.018141746520996094
20,1000,2,sf,linear_sem,11,Standard PC,1.0,1.0,1.0,0.0,667,477,952,0.06728792190551758,0.06280374526977539,0.0044841766357421875
20,1000,2,sf,linear_sem,11,DF-PC (Pure),1.0,1.0,1.0,0.0,416,226,954,0.04958462715148926,0.039134979248046875,0.010449647903442383
20,1000,2,sf,linear_sem,12,Standard PC,0.7647058823529413,0.8666666666666667,0.6842105263157895,8.0,847,657,1132,0.11840677261352539,0.11104273796081543,0.007364034652709961
20,1000,2,sf,linear_sem,12,DF-PC (Pure),0.7368421052631579,0.7368421052631579,0.7368421052631579,10.0,552,362,1162,0.10022711753845215,0.0727078914642334,0.02751922607421875
20,1000,2,sf,linear_sem,13,Standard PC,0.8484848484848484,1.0,0.7368421052631579,5.0,522,332,809,0.0782470703125,0.07229280471801758,0.005954265594482422
20,1000,2,sf,linear_sem,13,DF-PC (Pure),0.8571428571428572,0.9375,0.7894736842105263,5.0,396,206,825,0.06875753402709961,0.05405259132385254,0.01470494270324707
20,1000,2,sf,linear_sem,14,Standard PC,0.8823529411764706,1.0,0.7894736842105263,4.0,456,266,757,0.06493425369262695,0.05950736999511719,0.005426883697509766
20,1000,2,sf,linear_sem,14,DF-PC (Pure),0.8823529411764706,1.0,0.7894736842105263,4.0,336,146,758,0.05285453796386719,0.04280519485473633,0.01004934310913086
20,1000,2,sf,linear_sem,15,Standard PC,0.972972972972973,1.0,0.9473684210526315,1.0,841,651,1078,0.11610102653503418,0.10899019241333008,0.0071108341217041016
20,1000,2,sf,linear_sem,15,DF-PC (Pure),1.0,1.0,1.0,0.0,257,67,1650,0.0693359375,0.03243207931518555,0.03690385818481445
20,1000,2,sf,linear_sem,16,Standard PC,0.9444444444444444,1.0,0.8947368421052632,2.0,455,265,730,0.046373844146728516,0.04268026351928711,0.0036935806274414062
20,1000,2,sf,linear_sem,16,DF-PC (Pure),0.9473684210526315,0.9473684210526315,0.9473684210526315,2.0,294,104,845,0.03558230400085449,0.027219057083129883,0.00836324691772461
20,1000,2,sf,linear_sem,17,Standard PC,0.9743589743589743,0.95,1.0,1.0,2716,2526,2971,0.27965855598449707,0.26802778244018555,0.011630773544311523
20,1000,2,sf,linear_sem,17,DF-PC (Pure),0.9500000000000001,0.9047619047619048,1.0,2.0,273,83,2973,0.07819628715515137,0.02520275115966797,0.0529935359954834
20,1000,2,sf,linear_sem,18,Standard PC,0.6896551724137931,1.0,0.5263157894736842,9.0,306,116,563,0.03152775764465332,0.02855992317199707,0.00296783447265625
20,1000,2,sf,linear_sem,18,DF-PC (Pure),0.6666666666666666,0.9090909090909091,0.5263157894736842,10.0,258,68,567,0.028241395950317383,0.02366185188293457,0.0045795440673828125
20,1000,2,sf,linear_sem,19,Standard PC,0.8125000000000001,1.0,0.6842105263157895,6.0,538,348,837,0.07590842247009277,0.07013130187988281,0.005777120590209961
20,1000,2,sf,linear_sem,19,DF-PC (Pure),0.7878787878787878,0.9285714285714286,0.6842105263157895,7.0,418,228,841,0.07021260261535645,0.05515027046203613,0.015062332153320312
20,1000,2,sf,linear_sem,20,Standard PC,0.9473684210526315,0.9473684210526315,0.9473684210526315,2.0,1562,1372,1818,0.16078448295593262,0.15279388427734375,0.007990598678588867
20,1000,2,sf,linear_sem,20,DF-PC (Pure),0.9473684210526315,0.9473684210526315,0.9473684210526315,2.0,836,646,1819,0.116729736328125,0.08286595344543457,0.03386378288269043
20,1000,2,sf,linear_sem,21,Standard PC,0.7741935483870968,1.0,0.631578947368421,7.0,349,159,634,0.05222439765930176,0.04719376564025879,0.005030632019042969
20,1000,2,sf,linear_sem,21,DF-PC (Pure),0.7499999999999999,0.9230769230769231,0.631578947368421,8.0,301,111,634,0.048885345458984375,0.04015707969665527,0.008728265762329102
20,1000,2,sf,linear_sem,22,Standard PC,0.9444444444444444,1.0,0.8947368421052632,2.0,1399,1209,1646,0.19538354873657227,0.18653106689453125,0.008852481842041016
20,1000,2,sf,linear_sem,22,DF-PC (Pure),0.9444444444444444,1.0,0.8947368421052632,2.0,825,635,1646,0.12781786918640137,0.09302282333374023,0.03479504585266113
20,1000,2,sf,linear_sem,23,Standard PC,0.8888888888888888,0.9411764705882353,0.8421052631578947,4.0,590,400,879,0.08383750915527344,0.07768487930297852,0.006152629852294922
20,1000,2,sf,linear_sem,23,DF-PC (Pure),0.8648648648648649,0.8888888888888888,0.8421052631578947,5.0,324,134,882,0.05578756332397461,0.0415806770324707,0.014206886291503906
20,1000,2,sf,linear_sem,24,Standard PC,0.972972972972973,1.0,0.9473684210526315,1.0,1468,1278,1700,0.14906001091003418,0.14180660247802734,0.007253408432006836
20,1000,2,sf,linear_sem,24,DF-PC (Pure),1.0,1.0,1.0,0.0,284,94,2968,0.07602953910827637,0.026042938232421875,0.04998660087585449
20,1000,2,sf,linear_sem,25,Standard PC,1.0,1.0,1.0,0.0,568,378,911,0.07696270942687988,0.07101702690124512,0.005945682525634766
20,1000,2,sf,linear_sem,25,DF-PC (Pure),1.0,1.0,1.0,0.0,374,184,911,0.06122851371765137,0.049114227294921875,0.012114286422729492
20,1000,2,sf,linear_sem,26,Standard PC,0.9743589743589743,0.95,1.0,1.0,847,657,1085,0.11893796920776367,0.11166000366210938,0.007277965545654297
20,1000,2,sf,linear_sem,26,DF-PC (Pure),0.9743589743589743,0.95,1.0,1.0,262,72,1085,0.053780555725097656,0.0335841178894043,0.02019643783569336
20,1000,2,sf,linear_sem,27,Standard PC,0.972972972972973,1.0,0.9473684210526315,1.0,634,444,904,0.09014678001403809,0.08366680145263672,0.006479978561401367
20,1000,2,sf,linear_sem,27,DF-PC (Pure),0.9473684210526315,0.9473684210526315,0.9473684210526315,2.0,433,243,905,0.07179021835327148,0.05542135238647461,0.016368865966796875
20,1000,2,sf,linear_sem,28,Standard PC,0.918918918918919,0.9444444444444444,0.8947368421052632,3.0,568,378,824,0.08189821243286133,0.07583785057067871,0.006060361862182617
20,1000,2,sf,linear_sem,28,DF-PC (Pure),0.918918918918919,0.9444444444444444,0.8947368421052632,3.0,368,178,824,0.06166338920593262,0.04744529724121094,0.01421809196472168
20,1000,2,sf,linear_sem,29,Standard PC,0.8823529411764706,0.9375,0.8333333333333334,4.0,1376,1186,1625,0.1921999454498291,0.18257999420166016,0.009619951248168945
20,1000,2,sf,linear_sem,29,DF-PC (Pure),0.8823529411764706,0.9375,0.8333333333333334,4.0,814,624,1625,0.13650798797607422,0.09569191932678223,0.04081606864929199
20,1000,4,er,discrete,0,Standard PC,0.18181818181818182,1.0,0.1,36.0,199,9,389,0.02965569496154785,0.02719879150390625,0.0024569034576416016
20,1000,4,er,discrete,0,DF-PC (Pure),0.24999999999999997,0.75,0.15,36.0,190,0,393,0.02963566780090332,0.02607131004333496,0.0035643577575683594
20,1000,4,er,discrete,1,Standard PC,0.21739130434782608,0.8333333333333334,0.125,36.0,201,11,391,0.029623746871948242,0.02719283103942871,0.0024309158325195312
20,1000,4,er,discrete,1,DF-PC (Pure),0.29166666666666663,0.875,0.175,34.0,190,0,395,0.02705216407775879,0.023786544799804688,0.0032656192779541016
20,1000,4,er,discrete,2,Standard PC,0.2608695652173913,1.0,0.15,34.0,218,28,408,0.032099246978759766,0.029577970504760742,0.0025212764739990234
20,1000,4,er,discrete,2,DF-PC (Pure),0.4363636363636363,0.8,0.3,31.0,190,0,421,0.027673959732055664,0.024141550064086914,0.00353240966796875
20,1000,4,er,discrete,3,Standard PC,0.36734693877551017,1.0,0.225,31.0,223,33,415,0.050902366638183594,0.046810150146484375,0.004092216491699219
20,1000,4,er,discrete,3,DF-PC (Pure),0.48148148148148157,0.9285714285714286,0.325,28.0,193,3,463,0.044431209564208984,0.03793835639953613,0.0064928531646728516
20,1000,4,er,discrete,4,Standard PC,0.1777777777777778,0.8,0.1,37.0,194,4,384,0.028214216232299805,0.025827884674072266,0.002386331558227539
20,1000,4,er,discrete,4,DF-PC (Pure),0.1739130434782609,0.6666666666666666,0.1,38.0,190,0,384,0.02741718292236328,0.024204254150390625,0.0032129287719726562
20,1000,4,er,discrete,5,Standard PC,0.33333333333333337,1.0,0.2,32.0,247,57,437,0.03628706932067871,0.03364253044128418,0.0026445388793945312
20,1000,4,er,discrete,5,DF-PC (Pure),0.48148148148148157,0.9285714285714286,0.325,28.0,190,0,502,0.02990412712097168,0.025372028350830078,0.0045320987701416016
20,1000,4,er,discrete,6,Standard PC,0.36734693877551017,1.0,0.225,31.0,228,38,418,0.033861398696899414,0.031281471252441406,0.002579927444458008
20,1000,4,er,discrete,6,DF-PC (Pure),0.4528301886792453,0.9230769230769231,0.3,29.0,190,0,583,0.029636144638061523,0.0240170955657959,0.005619049072265625
20,1000,4,er,discrete,7,Standard PC,0.2608695652173913,1.0,0.15,34.0,196,6,386,0.027899503707885742,0.025496482849121094,0.0024030208587646484
20,1000,4,er,discrete,7,DF-PC (Pure),0.326530612244898,0.8888888888888888,0.2,33.0,190,0,386,0.02777385711669922,0.02441096305847168,0.003362894058227539
20,1000,4,er,discrete,8,Standard PC,0.33333333333333337,1.0,0.2,32.0,208,18,398,0.029643774032592773,0.02718377113342285,0.002460002899169922
20,1000,4,er,discrete,8,DF-PC (Pure),0.32000000000000006,0.8,0.2,34.0,190,0,402,0.027079343795776367,0.023745298385620117,0.00333404541015625
20,1000,4,er,discrete,9,Standard PC,0.2222222222222222,1.0,0.125,35.0,212,22,402,0.030613422393798828,0.028189897537231445,0.002423524856567383
20,1000,4,er,discrete,9,DF-PC (Pure),0.3846153846153846,0.8333333333333334,0.25,32.0,190,0,425,0.027797698974609375,0.02422809600830078,0.0035696029663085938
20,1000,4,er,discrete,10,Standard PC,0.1777777777777778,0.8,0.1,37.0,200,10,390,0.02943897247314453,0.02707505226135254,0.002363920211791992
20,1000,4,er,discrete,10,DF-PC (Pure),0.2553191489361702,0.8571428571428571,0.15,35.0,190,0,390,0.027257204055786133,0.024025440216064453,0.0032317638397216797
20,1000,4,er,discrete,11,Standard PC,0.2222222222222222,1.0,0.125,35.0,204,14,394,0.030576229095458984,0.0280759334564209,0.002500295639038086
20,1000,4,er,discrete,11,DF-PC (Pure),0.27999999999999997,0.7,0.175,36.0,190,0,394,0.028414011001586914,0.024997472763061523,0.0034165382385253906
20,1000,4,er,discrete,12,Standard PC,0.21739130434782608,0.8333333333333334,0.125,36.0,204,14,394,0.030352115631103516,0.02786397933959961,0.0024881362915039062
20,1000,4,er,discrete,12,DF-PC (Pure),0.27999999999999997,0.7,0.175,36.0,190,0,394,0.027657747268676758,0.0243227481842041,0.0033349990844726562
20,1000,4,er,discrete,13,Standard PC,0.2978723404255319,1.0,0.175,33.0,226,36,416,0.0334010124206543,0.030812978744506836,0.002588033676147461
20,1000,4,er,discrete,13,DF-PC (Pure),0.456140350877193,0.7647058823529411,0.325,31.0,190,0,432,0.02842235565185547,0.024708986282348633,0.003713369369506836
20,1000,4,er,discrete,14,Standard PC,0.1777777777777778,0.8,0.1,37.0,203,13,393,0.029317378997802734,0.026947975158691406,0.002369403839111328
20,1000,4,er,discrete,14,DF-PC (Pure),0.29166666666666663,0.875,0.175,34.0,190,0,397,0.028238534927368164,0.024168729782104492,0.004069805145263672
20,1000,4,er,discrete,15,Standard PC,0.29166666666666663,0.875,0.175,34.0,231,41,426,0.045514822006225586,0.04178166389465332,0.0037331581115722656
20,1000,4,er,discrete,15,DF-PC (Pure),0.41509433962264153,0.8461538461538461,0.275,31.0,196,6,465,0.04516959190368652,0.038973093032836914,0.006196498870849609
20,1000,4,er,discrete,16,Standard PC,0.33333333333333337,1.0,0.2,32.0,202,12,395,0.029167890548706055,0.026714801788330078,0.0024530887603759766
20,1000,4,er,discrete,16,DF-PC (Pure),0.4313725490196079,1.0,0.275,29.0,193,3,399,0.028227806091308594,0.024831295013427734,0.0033965110778808594
20,1000,4,er,discrete,17,Standard PC,0.2608695652173913,1.0,0.15,34.0,201,11,391,0.029230356216430664,0.026803016662597656,0.002427339553833008
20,1000,4,er,discrete,17,DF-PC (Pure),0.33333333333333337,1.0,0.2,32.0,190,0,395,0.027388334274291992,0.024111032485961914,0.003277301788330078
20,1000,4,er,discrete,18,Standard PC,0.2978723404255319,1.0,0.175,33.0,248,58,443,0.03793072700500488,0.03479957580566406,0.0031311511993408203
20,1000,4,er,discrete,18,DF-PC (Pure),0.4528301886792453,0.9230769230769231,0.3,29.0,196,6,467,0.04528403282165527,0.038904666900634766,0.006379365921020508
20,1000,4,er,discrete,19,Standard PC,0.2608695652173913,1.0,0.15,34.0,207,17,397,0.03182411193847656,0.029241561889648438,0.002582550048828125
20,1000,4,er,discrete,19,DF-PC (Pure),0.36000000000000004,0.9,0.225,32.0,190,0,416,0.02850174903869629,0.024957895278930664,0.003543853759765625
20,1000,4,er,discrete,20,Standard PC,0.33333333333333337,1.0,0.2,32.0,200,10,390,0.04345417022705078,0.03966641426086426,0.0037877559661865234
20,1000,4,er,discrete,20,DF-PC (Pure),0.4,1.0,0.25,30.0,190,0,390,0.042093753814697266,0.03675413131713867,0.005339622497558594
20,1000,4,er,discrete,21,Standard PC,0.2857142857142857,0.7777777777777778,0.175,35.0,218,28,408,0.04790472984313965,0.043961524963378906,0.003943204879760742
20,1000,4,er,discrete,21,DF-PC (Pure),0.40740740740740744,0.7857142857142857,0.275,32.0,190,0,421,0.04187583923339844,0.036135196685791016,0.005740642547607422
20,1000,4,er,discrete,22,Standard PC,0.2222222222222222,1.0,0.125,35.0,197,7,387,0.04482579231262207,0.04102826118469238,0.0037975311279296875
20,1000,4,er,discrete,22,DF-PC (Pure),0.21739130434782608,0.8333333333333334,0.125,36.0,190,0,391,0.04249286651611328,0.03720283508300781,0.005290031433105469
20,1000,4,er,discrete,23,Standard PC,0.2978723404255319,1.0,0.175,33.0,202,12,392,0.03219103813171387,0.029667377471923828,0.002523660659790039
20,1000,4,er,discrete,23,DF-PC (Pure),0.4,1.0,0.25,30.0,190,0,395,0.02733469009399414,0.02401423454284668,0.003320455551147461
20,1000,4,er,discrete,24,Standard PC,0.13043478260869565,0.5,0.075,40.0,199,9,389,0.04316401481628418,0.03943634033203125,0.0037276744842529297
20,1000,4,er,discrete,24,DF-PC (Pure),0.20408163265306123,0.5555555555555556,0.125,39.0,190,0,393,0.04170846939086914,0.03643965721130371,0.00526881217956543
20,1000,4,er,discrete,25,Standard PC,0.1777777777777778,0.8,0.1,37.0,211,21,404,0.03155994415283203,0.029059886932373047,0.0025000572204589844
20,1000,4,er,discrete,25,DF-PC (Pure),0.35294117647058826,0.8181818181818182,0.225,33.0,193,3,430,0.028161287307739258,0.024573564529418945,0.0035877227783203125
20,1000,4,er,discrete,26,Standard PC,0.36734693877551017,1.0,0.225,31.0,202,12,392,0.0298612117767334,0.027338743209838867,0.0025224685668945312
20,1000,4,er,discrete,26,DF-PC (Pure),0.4,1.0,0.25,30.0,190,0,392,0.028803586959838867,0.025351524353027344,0.0034520626068115234
20,1000,4,er,discrete,27,Standard PC,0.21739130434782608,0.8333333333333334,0.125,36.0,196,6,386,0.04272580146789551,0.03899836540222168,0.003727436065673828
20,1000,4,er,discrete,27,DF-PC (Pure),0.20408163265306123,0.5555555555555556,0.125,39.0,190,0,386,0.04166746139526367,0.03643226623535156,0.005235195159912109
20,1000,4,er,discrete,28,Standard PC,0.2608695652173913,1.0,0.15,34.0,205,15,395,0.030814409255981445,0.028315067291259766,0.0024993419647216797
20,1000,4,er,discrete,28,DF-PC (Pure),0.4,1.0,0.25,30.0,190,0,399,0.028345346450805664,0.02487659454345703,0.003468751907348633
20,1000,4,er,discrete,29,Standard PC,0.2553191489361702,0.8571428571428571,0.15,35.0,215,25,405,0.048139095306396484,0.04416465759277344,0.003974437713623047
20,1000,4,er,discrete,29,DF-PC (Pure),0.339622641509434,0.6923076923076923,0.225,35.0,190,0,424,0.04306149482727051,0.037201642990112305,0.005859851837158203
20,1000,4,er,linear_sem,0,Standard PC,0.5970149253731343,0.7407407407407407,0.5,27.0,2370,2180,3353,0.32578539848327637,0.3093132972717285,0.01647210121154785
20,1000,4,er,linear_sem,0,DF-PC (Pure),0.5970149253731343,0.7407407407407407,0.5,27.0,1782,1592,3393,0.2943885326385498,0.235612154006958,0.0587763786315918
20,1000,4,er,linear_sem,1,Standard PC,0.6666666666666667,0.8461538461538461,0.55,22.0,1858,1668,2777,0.2597970962524414,0.24564409255981445,0.014153003692626953
20,1000,4,er,linear_sem,1,DF-PC (Pure),0.6865671641791045,0.8518518518518519,0.575,21.0,1460,1270,2846,0.23659968376159668,0.19291925430297852,0.043680429458618164
20,1000,4,er,linear_sem,2,Standard PC,0.5625000000000001,0.75,0.45,28.0,2873,2683,4335,0.34790921211242676,0.33056092262268066,0.017348289489746094
20,1000,4,er,linear_sem,2,DF-PC (Pure),0.5846153846153846,0.76,0.475,27.0,2307,2117,4360,0.3696591854095459,0.30396318435668945,0.06569600105285645
20,1000,4,er,linear_sem,3,Standard PC,0.6874999999999999,0.9166666666666666,0.55,20.0,2315,2125,3680,0.22812390327453613,0.21579313278198242,0.012330770492553711
20,1000,4,er,linear_sem,3,DF-PC (Pure),0.6874999999999999,0.9166666666666666,0.55,20.0,1886,1696,3684,0.21479463577270508,0.18141746520996094,0.03337717056274414
20,1000,4,er,linear_sem,4,Standard PC,0.6666666666666667,0.8461538461538461,0.55,22.0,2199,2009,3073,0.2747936248779297,0.26067161560058594,0.01412200927734375
20,1000,4,er,linear_sem,4,DF-PC (Pure),0.6666666666666667,0.8461538461538461,0.55,22.0,1374,1184,3073,0.23377156257629395,0.1853322982788086,0.04843926429748535
20,1000,4,er,linear_sem,5,Standard PC,0.676923076923077,0.88,0.55,21.0,2677,2487,4145,0.27852892875671387,0.26361656188964844,0.01491236686706543
20,1000,4,er,linear_sem,5,DF-PC (Pure),0.676923076923077,0.88,0.55,21.0,2240,2050,4147,0.35336852073669434,0.2896459102630615,0.06372261047363281
20,1000,4,er,linear_sem,6,Standard PC,0.507936507936508,0.6956521739130435,0.4,31.0,2494,2304,4002,0.2477579116821289,0.23434019088745117,0.013417720794677734
20,1000,4,er,linear_sem,6,DF-PC (Pure),0.507936507936508,0.6956521739130435,0.4,31.0,2126,1936,4002,0.3157689571380615,0.25991153717041016,0.05585741996765137
20,1000,4,er,linear_sem,7,Standard PC,0.5846153846153846,0.76,0.475,27.0,2803,2613,4480,0.37555813789367676,0.3557295799255371,0.01982855796813965
20,1000,4,er,linear_sem,7,DF-PC (Pure),0.5846153846153846,0.76,0.475,27.0,2369,2179,4481,0.3973276615142822,0.3290870189666748,0.06824064254760742
20,1000,4,er,linear_sem,8,Standard PC,0.7301587301587301,1.0,0.575,17.0,2685,2495,4095,0.2858912944793701,0.27080845832824707,0.015082836151123047
20,1000,4,er,linear_sem,8,DF-PC (Pure),0.7301587301587301,1.0,0.575,17.0,2201,2011,4132,0.35593533515930176,0.2941701412200928,0.061765193939208984
20,1000,4,er,linear_sem,9,Standard PC,0.634920634920635,0.8695652173913043,0.5,23.0,2388,2198,3885,0.343703031539917,0.3251636028289795,0.0185394287109375
20,1000,4,er,linear_sem,9,DF-PC (Pure),0.634920634920635,0.8695652173913043,0.5,23.0,1951,1761,3888,0.30991125106811523,0.25762057304382324,0.05229067802429199
20,1000,4,er,linear_sem,10,Standard PC,0.6774193548387099,0.9545454545454546,0.525,20.0,2011,1821,2947,0.28047704696655273,0.2661705017089844,0.01430654525756836
20,1000,4,er,linear_sem,10,DF-PC (Pure),0.6984126984126985,0.9565217391304348,0.55,19.0,1535,1345,2983,0.2696413993835449,0.22337579727172852,0.046265602111816406
20,1000,4,er,linear_sem,11,Standard PC,0.6333333333333334,0.95,0.475,22.0,2228,2038,3532,0.3188290596008301,0.301708459854126,0.0171205997467041
20,1000,4,er,linear_sem,11,DF-PC (Pure),0.6333333333333334,0.95,0.475,22.0,1896,1706,3536,0.30848169326782227,0.2559022903442383,0.052579402923583984
20,1000,4,er,linear_sem,12,Standard PC,0.6874999999999999,0.9166666666666666,0.55,20.0,2323,2133,3326,0.3265082836151123,0.3098325729370117,0.016675710678100586
20,1000,4,er,linear_sem,12,DF-PC (Pure),0.6874999999999999,0.9166666666666666,0.55,20.0,1704,1514,3344,0.2772185802459717,0.22494149208068848,0.0522770881652832
20,1000,4,er,linear_sem,13,Standard PC,0.507936507936508,0.6956521739130435,0.4,31.0,2361,2171,3604,0.334047794342041,0.3161041736602783,0.017943620681762695
20,1000,4,er,linear_sem,13,DF-PC (Pure),0.5161290322580645,0.7272727272727273,0.4,30.0,1905,1715,3659,0.3664884567260742,0.3064868450164795,0.06000161170959473
20,1000,4,er,linear_sem,14,Standard PC,0.7076923076923077,0.92,0.575,19.0,1853,1663,2772,0.2724308967590332,0.25807929039001465,0.014351606369018555
20,1000,4,er,linear_sem,14,DF-PC (Pure),0.7076923076923077,0.92,0.575,19.0,1363,1173,2777,0.2738478183746338,0.22805070877075195,0.045797109603881836
20,1000,4,er,linear_sem,15,Standard PC,0.6129032258064516,0.8636363636363636,0.475,24.0,2595,2405,4260,0.36307740211486816,0.3434629440307617,0.019614458084106445
20,1000,4,er,linear_sem,15,DF-PC (Pure),0.6031746031746033,0.8260869565217391,0.475,25.0,2332,2142,4270,0.3632032871246338,0.30366945266723633,0.05953383445739746
20,1000,4,er,linear_sem,16,Standard PC,0.5573770491803278,0.8095238095238095,0.425,27.0,2262,2072,3587,0.31490635871887207,0.2981605529785156,0.016745805740356445
20,1000,4,er,linear_sem,16,DF-PC (Pure),0.5573770491803278,0.8095238095238095,0.425,27.0,1823,1633,3589,0.2877786159515381,0.23850369453430176,0.04927492141723633
20,1000,4,er,linear_sem,17,Standard PC,0.6774193548387099,0.9545454545454546,0.525,20.0,2838,2648,4277,0.39411425590515137,0.3737819194793701,0.02033233642578125
20,1000,4,er,linear_sem,17,DF-PC (Pure),0.6984126984126985,0.9565217391304348,0.55,19.0,2350,2160,4302,0.31266260147094727,0.2612330913543701,0.05142951011657715
20,1000,4,er,linear_sem,18,Standard PC,0.5517241379310346,0.8888888888888888,0.4,26.0,2504,2314,4321,0.34758710861206055,0.3288755416870117,0.018711566925048828
20,1000,4,er,linear_sem,18,DF-PC (Pure),0.5517241379310346,0.8888888888888888,0.4,26.0,2338,2148,4321,0.2902536392211914,0.247039794921875,0.043213844299316406
20,1000,4,er,linear_sem,19,Standard PC,0.634920634920635,0.8695652173913043,0.5,23.0,2265,2075,3432,0.32769179344177246,0.3110485076904297,0.016643285751342773
20,1000,4,er,linear_sem,19,DF-PC (Pure),0.634920634920635,0.8695652173913043,0.5,23.0,1841,1651,3433,0.24205565452575684,0.20372557640075684,0.038330078125
20,1000,4,er,linear_sem,20,Standard PC,0.6229508196721311,0.9047619047619048,0.475,23.0,1819,1629,2734,0.2582855224609375,0.24470806121826172,0.013577461242675781
20,1000,4,er,linear_sem,20,DF-PC (Pure),0.5901639344262294,0.8571428571428571,0.45,25.0,1377,1187,2759,0.21956515312194824,0.17943549156188965,0.040129661560058594
20,1000,4,er,linear_sem,21,Standard PC,0.6874999999999999,0.9166666666666666,0.55,20.0,1980,1790,2971,0.28902602195739746,0.27368998527526855,0.015336036682128906
20,1000,4,er,linear_sem,21,DF-PC (Pure),0.6874999999999999,0.9166666666666666,0.55,20.0,1450,1260,2987,0.2392888069152832,0.19636845588684082,0.04292035102844238
20,1000,4,er,linear_sem,22,Standard PC,0.6984126984126985,0.9565217391304348,0.55,19.0,1842,1652,2700,0.25758862495422363,0.24368572235107422,0.013902902603149414
20,1000,4,er,linear_sem,22,DF-PC (Pure),0.6984126984126985,0.9565217391304348,0.55,19.0,1252,1062,2710,0.20574045181274414,0.16625261306762695,0.03948783874511719
20,1000,4,er,linear_sem,23,Standard PC,0.6,0.9,0.45,24.0,2588,2398,4001,0.36132216453552246,0.3424828052520752,0.018839359283447266
20,1000,4,er,linear_sem,23,DF-PC (Pure),0.6,0.9,0.45,24.0,2115,1925,4012,0.23134469985961914,0.19414353370666504,0.0372011661529541
20,1000,4,er,linear_sem,24,Standard PC,0.6451612903225806,0.9090909090909091,0.5,22.0,2141,1951,3298,0.30147314071655273,0.2853126525878906,0.01616048812866211
20,1000,4,er,linear_sem,24,DF-PC (Pure),0.6451612903225806,0.9090909090909091,0.5,22.0,1891,1701,3414,0.30048394203186035,0.24779033660888672,0.05269360542297363
20,1000,4,er,linear_sem,25,Standard PC,0.7384615384615384,0.96,0.6,17.0,2377,2187,3608,0.3372011184692383,0.319760799407959,0.017440319061279297
20,1000,4,er,linear_sem,25,DF-PC (Pure),0.7384615384615384,0.96,0.6,17.0,1858,1668,3619,0.21663737297058105,0.18204021453857422,0.034597158432006836
20,1000,4,er,linear_sem,26,Standard PC,0.696969696969697,0.8846153846153846,0.575,20.0,2044,1854,3034,0.29053401947021484,0.27541160583496094,0.015122413635253906
20,1000,4,er,linear_sem,26,DF-PC (Pure),0.7164179104477612,0.8888888888888888,0.6,19.0,1500,1310,3112,0.20654916763305664,0.17011284828186035,0.03643631935119629
20,1000,4,er,linear_sem,27,Standard PC,0.5862068965517241,0.9444444444444444,0.425,24.0,2125,1935,3298,0.29471302032470703,0.2788684368133545,0.01584458351135254
20,1000,4,er,linear_sem,27,DF-PC (Pure),0.5666666666666667,0.85,0.425,26.0,1820,1630,3362,0.2894132137298584,0.23899626731872559,0.05041694641113281
20,1000,4,er,linear_sem,28,Standard PC,0.6666666666666666,1.0,0.5,20.0,1400,1210,2164,0.23639965057373047,0.22225260734558105,0.014147043228149414
20,1000,4,er,linear_sem,28,DF-PC (Pure),0.6451612903225806,0.9090909090909091,0.5,22.0,999,809,2219,0.18131184577941895,0.14815020561218262,0.03316164016723633
20,1000,4,er,linear_sem,29,Standard PC,0.6874999999999999,0.9166666666666666,0.55,20.0,2458,2268,3643,0.3896801471710205,0.3698248863220215,0.019855260848999023
20,1000,4,er,linear_sem,29,DF-PC (Pure),0.6874999999999999,0.9166666666666666,0.55,20.0,1895,1705,3668,0.232743501663208,0.1956181526184082,0.037125349044799805
20,1000,4,sf,discrete,0,Standard PC,0.15789473684210525,0.6,0.09090909090909091,32.0,190,0,380,0.02741098403930664,0.025036096572875977,0.002374887466430664
20,1000,4,sf,discrete,0,DF-PC (Pure),0.15789473684210525,0.6,0.09090909090909091,32.0,190,0,380,0.02716207504272461,0.023971080780029297,0.0031909942626953125
20,1000,4,sf,discrete,1,Standard PC,0.2857142857142857,1.0,0.16666666666666666,30.0,203,13,393,0.029243946075439453,0.026804208755493164,0.002439737319946289
20,1000,4,sf,discrete,1,DF-PC (Pure),0.3111111111111111,0.7777777777777778,0.19444444444444445,31.0,190,0,397,0.028279542922973633,0.024807453155517578,0.0034720897674560547
20,1000,4,sf,discrete,2,Standard PC,0.05555555555555555,0.5,0.029411764705882353,34.0,194,4,384,0.028339862823486328,0.026003599166870117,0.002336263656616211
20,1000,4,sf,discrete,2,DF-PC (Pure),0.15384615384615385,0.6,0.08823529411764706,33.0,190,0,384,0.027982473373413086,0.024695634841918945,0.0032868385314941406
20,1000,4,sf,discrete,3,Standard PC,0.05263157894736842,0.3333333333333333,0.02857142857142857,36.0,190,0,380,0.027907848358154297,0.025553226470947266,0.0023546218872070312
20,1000,4,sf,discrete,3,DF-PC (Pure),0.05263157894736842,0.3333333333333333,0.02857142857142857,36.0,190,0,380,0.027749300003051758,0.024556875228881836,0.003192424774169922
20,1000,4,sf,discrete,4,Standard PC,0.38095238095238093,1.0,0.23529411764705882,26.0,200,10,390,0.029309511184692383,0.02681756019592285,0.0024919509887695312
20,1000,4,sf,discrete,4,DF-PC (Pure),0.4186046511627907,1.0,0.2647058823529412,25.0,190,0,390,0.027948379516601562,0.024588346481323242,0.0033600330352783203
20,1000,4,sf,discrete,5,Standard PC,0.2380952380952381,0.8333333333333334,0.1388888888888889,32.0,196,6,386,0.02883148193359375,0.0263216495513916,0.0025098323822021484
20,1000,4,sf,discrete,5,DF-PC (Pure),0.3181818181818182,0.875,0.19444444444444445,30.0,190,0,386,0.02897047996520996,0.025496959686279297,0.003473520278930664
20,1000,4,sf,discrete,6,Standard PC,0.24390243902439027,1.0,0.1388888888888889,31.0,196,6,386,0.04273700714111328,0.03905773162841797,0.0036792755126953125
20,1000,4,sf,discrete,6,DF-PC (Pure),0.2857142857142857,1.0,0.16666666666666666,30.0,190,0,386,0.04201483726501465,0.036818504333496094,0.005196332931518555
20,1000,4,sf,discrete,7,Standard PC,0.0,0.0,0.0,33.0,190,0,380,0.027701854705810547,0.025422096252441406,0.0022797584533691406
20,1000,4,sf,discrete,7,DF-PC (Pure),0.0,0.0,0.0,33.0,190,0,380,0.027278423309326172,0.024225950241088867,0.0030524730682373047
20,1000,4,sf,discrete,8,Standard PC,0.19999999999999998,1.0,0.1111111111111111,32.0,204,14,394,0.029884815216064453,0.027442455291748047,0.0024423599243164062
20,1000,4,sf,discrete,8,DF-PC (Pure),0.2608695652173913,0.6,0.16666666666666666,34.0,190,0,399,0.027537107467651367,0.024185657501220703,0.003351449966430664
20,1000,4,sf,discrete,9,Standard PC,0.1904761904761905,0.6666666666666666,0.1111111111111111,34.0,198,8,388,0.029620647430419922,0.027181148529052734,0.0024394989013671875
20,1000,4,sf,discrete,9,DF-PC (Pure),0.18604651162790697,0.5714285714285714,0.1111111111111111,35.0,190,0,388,0.02807760238647461,0.024818897247314453,0.0032587051391601562
20,1000,4,sf,discrete,10,Standard PC,0.10526315789473684,1.0,0.05555555555555555,34.0,192,2,382,0.028062820434570312,0.025710344314575195,0.002352476119995117
20,1000,4,sf,discrete,10,DF-PC (Pure),0.10526315789473684,1.0,0.05555555555555555,34.0,190,0,382,0.027796030044555664,0.024611234664916992,0.003184795379638672
20,1000,4,sf,discrete,11,Standard PC,0.09756097560975609,0.4,0.05555555555555555,37.0,196,6,386,0.04438924789428711,0.040635108947753906,0.003754138946533203
20,1000,4,sf,discrete,11,DF-PC (Pure),0.09756097560975609,0.4,0.05555555555555555,37.0,190,0,386,0.04249858856201172,0.03733110427856445,0.005167484283447266
20,1000,4,sf,discrete,12,Standard PC,0.24390243902439027,1.0,0.1388888888888889,31.0,196,6,386,0.02850055694580078,0.026080846786499023,0.002419710159301758
20,1000,4,sf,discrete,12,DF-PC (Pure),0.27906976744186046,0.8571428571428571,0.16666666666666666,31.0,190,0,386,0.027423381805419922,0.024153947830200195,0.0032694339752197266
20,1000,4,sf,discrete,13,Standard PC,0.2105263157894737,0.8,0.12121212121212122,30.0,203,13,393,0.030153274536132812,0.027701616287231445,0.002451658248901367
20,1000,4,sf,discrete,13,DF-PC (Pure),0.28571428571428575,0.6666666666666666,0.18181818181818182,30.0,190,0,402,0.02724456787109375,0.023893356323242188,0.0033512115478515625
20,1000,4,sf,discrete,14,Standard PC,0.24390243902439027,1.0,0.1388888888888889,31.0,200,10,390,0.02875351905822754,0.0263824462890625,0.002371072769165039
20,1000,4,sf,discrete,14,DF-PC (Pure),0.391304347826087,0.9,0.25,28.0,190,0,390,0.0278017520904541,0.02446579933166504,0.0033359527587890625
20,1000,4,sf,discrete,15,Standard PC,0.25,1.0,0.14285714285714285,30.0,212,22,402,0.03081798553466797,0.02834939956665039,0.002468585968017578
20,1000,4,sf,discrete,15,DF-PC (Pure),0.3111111111111111,0.7,0.2,31.0,190,0,413,0.028564929962158203,0.02497696876525879,0.003587961196899414
20,1000,4,sf,discrete,16,Standard PC,0.15384615384615385,1.0,0.08333333333333333,33.0,196,6,386,0.02916431427001953,0.026734113693237305,0.0024302005767822266
20,1000,4,sf,discrete,16,DF-PC (Pure),0.19999999999999998,1.0,0.1111111111111111,32.0,190,0,386,0.028147459030151367,0.024888038635253906,0.003259420394897461
20,1000,4,sf,discrete,17,Standard PC,0.2857142857142857,1.0,0.16666666666666666,30.0,204,14,394,0.030300617218017578,0.027787208557128906,0.002513408660888672
20,1000,4,sf,discrete,17,DF-PC (Pure),0.26666666666666666,0.6666666666666666,0.16666666666666666,33.0,190,0,402,0.027853965759277344,0.024389266967773438,0.0034646987915039062
20,1000,4,sf,discrete,18,Standard PC,0.2790697674418604,0.75,0.17142857142857143,31.0,202,12,392,0.04452943801879883,0.04067420959472656,0.0038552284240722656
20,1000,4,sf,discrete,18,DF-PC (Pure),0.27272727272727276,0.6666666666666666,0.17142857142857143,32.0,190,0,395,0.0413365364074707,0.03601980209350586,0.005316734313964844
20,1000,4,sf,discrete,19,Standard PC,0.15384615384615385,1.0,0.08333333333333333,33.0,204,14,394,0.029551982879638672,0.027170419692993164,0.002381563186645508
20,1000,4,sf,discrete,19,DF-PC (Pure),0.27272727272727276,0.75,0.16666666666666666,32.0,190,0,394,0.027344942092895508,0.024068832397460938,0.0032761096954345703
20,1000,4,sf,discrete,20,Standard PC,0.21621621621621623,0.8,0.125,29.0,192,2,382,0.02777099609375,0.025341272354125977,0.0024297237396240234
20,1000,4,sf,discrete,20,DF-PC (Pure),0.2631578947368421,0.8333333333333334,0.15625,28.0,190,0,382,0.027101993560791016,0.023876428604125977,0.003225564956665039
20,1000,4,sf,discrete,21,Standard PC,0.23255813953488372,0.7142857142857143,0.1388888888888889,33.0,200,10,390,0.02910470962524414,0.02669811248779297,0.002406597137451172
20,1000,4,sf,discrete,21,DF-PC (Pure),0.3478260869565218,0.8,0.2222222222222222,30.0,190,0,390,0.027774572372436523,0.024483680725097656,0.003290891647338867
20,1000,4,sf,discrete,22,Standard PC,0.3,1.0,0.17647058823529413,28.0,196,6,386,0.04337596893310547,0.039545297622680664,0.0038306713104248047
20,1000,4,sf,discrete,22,DF-PC (Pure),0.38095238095238093,1.0,0.23529411764705882,26.0,190,0,386,0.04289960861206055,0.03757476806640625,0.005324840545654297
20,1000,4,sf,discrete,23,Standard PC,0.15384615384615383,0.75,0.08571428571428572,33.0,192,2,382,0.0435640811920166,0.0399322509765625,0.0036318302154541016
20,1000,4,sf,discrete,23,DF-PC (Pure),0.15384615384615383,0.75,0.08571428571428572,33.0,190,0,382,0.04198622703552246,0.036958932876586914,0.005027294158935547
20,1000,4,sf,discrete,24,Standard PC,0.21052631578947367,1.0,0.11764705882352941,30.0,198,8,388,0.02954387664794922,0.026950836181640625,0.0025930404663085938
20,1000,4,sf,discrete,24,DF-PC (Pure),0.25,0.8333333333333334,0.14705882352941177,30.0,190,0,388,0.028127193450927734,0.024705886840820312,0.003421306610107422
20,1000,4,sf,discrete,25,Standard PC,0.15384615384615385,1.0,0.08333333333333333,33.0,190,0,380,0.04144573211669922,0.03776216506958008,0.0036835670471191406
20,1000,4,sf,discrete,25,DF-PC (Pure),0.15384615384615385,1.0,0.08333333333333333,33.0,190,0,380,0.04163765907287598,0.036591529846191406,0.00504612922668457
20,1000,4,sf,discrete,26,Standard PC,0.19999999999999998,1.0,0.1111111111111111,32.0,200,10,390,0.0294189453125,0.026972532272338867,0.002446413040161133
20,1000,4,sf,discrete,26,DF-PC (Pure),0.27272727272727276,0.75,0.16666666666666666,32.0,190,0,395,0.028474092483520508,0.0250701904296875,0.003403902053833008
20,1000,4,sf,discrete,27,Standard PC,0.19999999999999998,1.0,0.1111111111111111,32.0,202,12,392,0.029493331909179688,0.026988744735717773,0.002504587173461914
20,1000,4,sf,discrete,27,DF-PC (Pure),0.2272727272727273,0.625,0.1388888888888889,34.0,190,0,414,0.028606176376342773,0.024975061416625977,0.003631114959716797
20,1000,4,sf,discrete,28,Standard PC,0.2105263157894737,0.8,0.12121212121212122,30.0,194,4,384,0.040601253509521484,0.03690481185913086,0.003696441650390625
20,1000,4,sf,discrete,28,DF-PC (Pure),0.2105263157894737,0.8,0.12121212121212122,30.0,190,0,384,0.042021989822387695,0.03665041923522949,0.005371570587158203
20,1000,4,sf,discrete,29,Standard PC,0.3,1.0,0.17647058823529413,28.0,204,14,394,0.04499340057373047,0.04117894172668457,0.0038144588470458984
20,1000,4,sf,discrete,29,DF-PC (Pure),0.27906976744186046,0.6666666666666666,0.17647058823529413,31.0,190,0,397,0.041756629943847656,0.03631281852722168,0.0054438114166259766
20,1000,4,sf,linear_sem,0,Standard PC,0.7857142857142856,0.9565217391304348,0.6666666666666666,12.0,3920,3730,4299,0.38301515579223633,0.3669719696044922,0.01604318618774414
20,1000,4,sf,linear_sem,0,DF-PC (Pure),0.7719298245614035,0.9166666666666666,0.6666666666666666,13.0,599,409,6771,0.21950769424438477,0.056147098541259766,0.163360595703125
20,1000,4,sf,linear_sem,1,Standard PC,0.4814814814814815,0.7222222222222222,0.3611111111111111,28.0,1614,1424,2469,0.15758013725280762,0.14905977249145508,0.008520364761352539
20,1000,4,sf,linear_sem,1,DF-PC (Pure),0.4814814814814815,0.7222222222222222,0.3611111111111111,28.0,1257,1067,2469,0.13887310028076172,0.11596512794494629,0.02290797233581543
20,1000,4,sf,linear_sem,2,Standard PC,0.6666666666666667,0.9,0.5294117647058824,18.0,1179,989,1659,0.11403298377990723,0.10760164260864258,0.0064313411712646484
20,1000,4,sf,linear_sem,2,DF-PC (Pure),0.6666666666666667,0.9,0.5294117647058824,18.0,693,503,1659,0.09195208549499512,0.07223653793334961,0.019715547561645508
20,1000,4,sf,linear_sem,3,Standard PC,0.8125,0.896551724137931,0.7428571428571429,12.0,4408,4218,4806,0.5766193866729736,0.5547568798065186,0.021862506866455078
20,1000,4,sf,linear_sem,3,DF-PC (Pure),0.8125,0.896551724137931,0.7428571428571429,12.0,903,713,4806,0.23760223388671875,0.12131595611572266,0.1162862777709961
20,1000,4,sf,linear_sem,4,Standard PC,0.75,0.9545454545454546,0.6176470588235294,14.0,1181,991,1646,0.14831948280334473,0.14003753662109375,0.008281946182250977
20,1000,4,sf,linear_sem,4,DF-PC (Pure),0.75,0.9545454545454546,0.6176470588235294,14.0,649,459,1646,0.10912799835205078,0.08504080772399902,0.024087190628051758
20,1000,4,sf,linear_sem,5,Standard PC,0.6785714285714285,0.95,0.5277777777777778,18.0,1186,996,1596,0.1136622428894043,0.10724067687988281,0.006421566009521484
20,1000,4,sf,linear_sem,5,DF-PC (Pure),0.6666666666666666,0.9047619047619048,0.5277777777777778,19.0,646,456,1793,0.07848548889160156,0.06030130386352539,0.018184185028076172
20,1000,4,sf,linear_sem,6,Standard PC,0.6440677966101694,0.8260869565217391,0.5277777777777778,21.0,1388,1198,1973,0.18241453170776367,0.17234253883361816,0.010071992874145508
20,1000,4,sf,linear_sem,6,DF-PC (Pure),0.6440677966101694,0.8260869565217391,0.5277777777777778,21.0,802,612,1985,0.13451647758483887,0.10436725616455078,0.030149221420288086
20,1000,4,sf,linear_sem,7,Standard PC,0.7272727272727273,0.8695652173913043,0.625,15.0,1209,1019,1577,0.1169288158416748,0.11037397384643555,0.006554841995239258
20,1000,4,sf,linear_sem,7,DF-PC (Pure),0.7407407407407406,0.9090909090909091,0.625,14.0,616,426,1537,0.10220170021057129,0.0764765739440918,0.025725126266479492
20,1000,4,sf,linear_sem,8,Standard PC,0.5357142857142857,0.75,0.4166666666666667,26.0,1699,1509,2314,0.2321033477783203,0.22020459175109863,0.01189875602722168
20,1000,4,sf,linear_sem,8,DF-PC (Pure),0.5357142857142857,0.75,0.4166666666666667,26.0,1032,842,2315,0.17081689834594727,0.13469958305358887,0.0361173152923584
20,1000,4,sf,linear_sem,9,Standard PC,0.5762711864406781,0.7391304347826086,0.4722222222222222,25.0,1463,1273,2120,0.20371651649475098,0.19255447387695312,0.011162042617797852
20,1000,4,sf,linear_sem,9,DF-PC (Pure),0.5666666666666667,0.7083333333333334,0.4722222222222222,26.0,1032,842,2202,0.17035412788391113,0.13544893264770508,0.034905195236206055
20,1000,4,sf,linear_sem,10,Standard PC,0.6206896551724137,0.8181818181818182,0.5,22.0,1545,1355,2065,0.1516404151916504,0.14348959922790527,0.008150815963745117
20,1000,4,sf,linear_sem,10,DF-PC (Pure),0.6206896551724137,0.8181818181818182,0.5,22.0,1008,818,2146,0.12136507034301758,0.09685993194580078,0.024505138397216797
20,1000,4,sf,linear_sem,11,Standard PC,0.5098039215686274,0.8666666666666667,0.3611111111111111,25.0,1040,850,1546,0.10167241096496582,0.09566950798034668,0.006002902984619141
20,1000,4,sf,linear_sem,11,DF-PC (Pure),0.5925925925925926,0.8888888888888888,0.4444444444444444,22.0,772,582,1690,0.08763861656188965,0.07152247428894043,0.01611614227294922
20,1000,4,sf,linear_sem,12,Standard PC,0.6206896551724137,0.8181818181818182,0.5,22.0,1495,1305,2168,0.20984721183776855,0.19821786880493164,0.011629343032836914
20,1000,4,sf,linear_sem,12,DF-PC (Pure),0.6101694915254238,0.782608695652174,0.5,23.0,1155,965,2173,0.18909573554992676,0.15153861045837402,0.037557125091552734
20,1000,4,sf,linear_sem,13,Standard PC,0.7719298245614035,0.9166666666666666,0.6666666666666666,13.0,1933,1743,2312,0.1911020278930664,0.18198013305664062,0.009121894836425781
20,1000,4,sf,linear_sem,13,DF-PC (Pure),0.7719298245614035,0.9166666666666666,0.6666666666666666,13.0,820,630,2312,0.10938072204589844,0.07977628707885742,0.029604434967041016
20,1000,4,sf,linear_sem,14,Standard PC,0.5862068965517242,0.7727272727272727,0.4722222222222222,24.0,1241,1051,1682,0.17545151710510254,0.16570210456848145,0.009749412536621094
20,1000,4,sf,linear_sem,14,DF-PC (Pure),0.5762711864406781,0.7391304347826086,0.4722222222222222,25.0,649,459,1701,0.11243534088134766,0.08508443832397461,0.027350902557373047
20,1000,4,sf,linear_sem,15,Standard PC,0.7333333333333334,0.88,0.6285714285714286,16.0,1486,1296,1953,0.17100238800048828,0.16152477264404297,0.009477615356445312
20,1000,4,sf,linear_sem,15,DF-PC (Pure),0.7540983606557377,0.8846153846153846,0.6571428571428571,15.0,796,606,2040,0.15399932861328125,0.11962103843688965,0.0343782901763916
20,1000,4,sf,linear_sem,16,Standard PC,0.7076923076923076,0.7931034482758621,0.6388888888888888,19.0,2089,1899,2750,0.29827451705932617,0.2837202548980713,0.014554262161254883
20,1000,4,sf,linear_sem,16,DF-PC (Pure),0.6865671641791045,0.7419354838709677,0.6388888888888888,21.0,1271,1081,2849,0.2015836238861084,0.1571803092956543,0.0444033145904541
20,1000,4,sf,linear_sem,17,Standard PC,0.6666666666666667,0.8333333333333334,0.5555555555555556,20.0,1466,1276,2119,0.20592236518859863,0.19472479820251465,0.011197566986083984
20,1000,4,sf,linear_sem,17,DF-PC (Pure),0.6666666666666667,0.8333333333333334,0.5555555555555556,20.0,956,766,2119,0.1588301658630371,0.127608060836792,0.031222105026245117
20,1000,4,sf,linear_sem,18,Standard PC,0.7586206896551724,0.9565217391304348,0.6285714285714286,14.0,1223,1033,1755,0.12329244613647461,0.11632800102233887,0.006964445114135742
20,1000,4,sf,linear_sem,18,DF-PC (Pure),0.7586206896551724,0.9565217391304348,0.6285714285714286,14.0,770,580,1755,0.09218811988830566,0.07416772842407227,0.0180203914642334
20,1000,4,sf,linear_sem,19,Standard PC,0.7457627118644068,0.9565217391304348,0.6111111111111112,15.0,1834,1644,2407,0.25667595863342285,0.24402070045471191,0.012655258178710938
20,1000,4,sf,linear_sem,19,DF-PC (Pure),0.7457627118644068,0.9565217391304348,0.6111111111111112,15.0,1065,875,2420,0.12841129302978516,0.10266900062561035,0.025742292404174805
20,1000,4,sf,linear_sem,20,Standard PC,0.8214285714285714,0.9583333333333334,0.71875,10.0,1251,1061,1609,0.13487529754638672,0.12670254707336426,0.008172750473022461
20,1000,4,sf,linear_sem,20,DF-PC (Pure),0.8214285714285714,0.9583333333333334,0.71875,10.0,516,326,1621,0.09291744232177734,0.06749439239501953,0.025423049926757812
20,1000,4,sf,linear_sem,21,Standard PC,0.5818181818181818,0.8421052631578947,0.4444444444444444,23.0,1396,1206,2090,0.1954340934753418,0.1843855381011963,0.011048555374145508
20,1000,4,sf,linear_sem,21,DF-PC (Pure),0.5614035087719298,0.7619047619047619,0.4444444444444444,25.0,993,803,2112,0.15879011154174805,0.12864446640014648,0.030145645141601562
20,1000,4,sf,linear_sem,22,Standard PC,0.7037037037037037,0.95,0.5588235294117647,16.0,1432,1242,1954,0.19754791259765625,0.18679499626159668,0.01075291633605957
20,1000,4,sf,linear_sem,22,DF-PC (Pure),0.6909090909090908,0.9047619047619048,0.5588235294117647,17.0,890,700,1979,0.14696168899536133,0.11645054817199707,0.030511140823364258
20,1000,4,sf,linear_sem,23,Standard PC,0.588235294117647,0.9375,0.42857142857142855,21.0,1750,1560,2364,0.17181730270385742,0.1629042625427246,0.008913040161132812
20,1000,4,sf,linear_sem,23,DF-PC (Pure),0.6153846153846154,0.9411764705882353,0.45714285714285713,20.0,1046,856,2416,0.12027764320373535,0.09740591049194336,0.022871732711791992
20,1000,4,sf,linear_sem,24,Standard PC,0.56,0.875,0.4117647058823529,22.0,1376,1186,1971,0.190568208694458,0.17991137504577637,0.01065683364868164
20,1000,4,sf,linear_sem,24,DF-PC (Pure),0.56,0.875,0.4117647058823529,22.0,903,713,1971,0.1494140625,0.11754202842712402,0.03187203407287598
20,1000,4,sf,linear_sem,25,Standard PC,0.7457627118644068,0.9565217391304348,0.6111111111111112,15.0,1850,1660,2280,0.23079586029052734,0.22002434730529785,0.010771512985229492
20,1000,4,sf,linear_sem,25,DF-PC (Pure),0.7666666666666666,0.9583333333333334,0.6388888888888888,14.0,750,560,2295,0.0934457778930664,0.0706169605255127,0.02282881736755371
20,1000,4,sf,linear_sem,26,Standard PC,0.5714285714285714,0.8,0.4444444444444444,24.0,1639,1449,2318,0.16073942184448242,0.15202689170837402,0.008712530136108398
20,1000,4,sf,linear_sem,26,DF-PC (Pure),0.5517241379310345,0.7272727272727273,0.4444444444444444,26.0,1074,884,2399,0.12221646308898926,0.09922575950622559,0.022990703582763672
20,1000,4,sf,linear_sem,27,Standard PC,0.42857142857142855,0.6,0.3333333333333333,32.0,1777,1587,2472,0.1801743507385254,0.17090511322021484,0.009269237518310547
20,1000,4,sf,linear_sem,27,DF-PC (Pure),0.42857142857142855,0.6,0.3333333333333333,32.0,1149,959,2472,0.13440942764282227,0.10973262786865234,0.024676799774169922
20,1000,4,sf,linear_sem,28,Standard PC,0.8,1.0,0.6666666666666666,11.0,1784,1594,2138,0.22195816040039062,0.2115645408630371,0.010393619537353516
20,1000,4,sf,linear_sem,28,DF-PC (Pure),0.7857142857142856,0.9565217391304348,0.6666666666666666,12.0,732,542,2142,0.09580230712890625,0.06874871253967285,0.0270535945892334
20,1000,4,sf,linear_sem,29,Standard PC,0.75,0.9545454545454546,0.6176470588235294,14.0,1318,1128,1636,0.18216395378112793,0.17259430885314941,0.009569644927978516
20,1000,4,sf,linear_sem,29,DF-PC (Pure),0.7719298245614036,0.9565217391304348,0.6470588235294118,13.0,599,409,1850,0.11695241928100586,0.07959318161010742,0.03735923767089844
20,2000,2,er,discrete,0,Standard PC,0.7096774193548387,1.0,0.55,9.0,229,39,419,0.03500199317932129,0.032323598861694336,0.002678394317626953
20,2000,2,er,discrete,0,DF-PC (Pure),0.6285714285714286,0.7333333333333333,0.55,13.0,190,0,419,0.02813553810119629,0.024585962295532227,0.0035495758056640625
20,2000,2,er,discrete,1,Standard PC,0.6,0.9,0.45,12.0,234,44,424,0.03609943389892578,0.0333857536315918,0.0027136802673339844
20,2000,2,er,discrete,1,DF-PC (Pure),0.6874999999999999,0.9166666666666666,0.55,10.0,190,0,427,0.028768539428710938,0.025051355361938477,0.003717184066772461
20,2000,2,er,discrete,2,Standard PC,0.6,0.9,0.45,12.0,220,30,410,0.0326848030090332,0.030080795288085938,0.0026040077209472656
20,2000,2,er,discrete,2,DF-PC (Pure),0.6470588235294117,0.7857142857142857,0.55,12.0,190,0,422,0.027884244918823242,0.024298429489135742,0.0035858154296875
20,2000,2,er,discrete,3,Standard PC,0.4615384615384615,1.0,0.3,14.0,196,6,386,0.029401540756225586,0.02695918083190918,0.0024423599243164062
20,2000,2,er,discrete,3,DF-PC (Pure),0.5714285714285715,1.0,0.4,12.0,190,0,386,0.028315067291259766,0.025020122528076172,0.0032949447631835938
20,2000,2,er,discrete,4,Standard PC,0.5185185185185185,1.0,0.35,13.0,206,16,396,0.03107619285583496,0.02858257293701172,0.002493619918823242
20,2000,2,er,discrete,4,DF-PC (Pure),0.6666666666666666,1.0,0.5,10.0,190,0,404,0.028934478759765625,0.025358915328979492,0.003575563430786133
20,2000,2,er,discrete,5,Standard PC,0.6666666666666666,1.0,0.5,10.0,221,31,411,0.03332710266113281,0.030751943588256836,0.0025751590728759766
20,2000,2,er,discrete,5,DF-PC (Pure),0.7777777777777777,0.875,0.7,8.0,190,0,423,0.028306961059570312,0.024674415588378906,0.0036325454711914062
20,2000,2,er,discrete,6,Standard PC,0.7499999999999999,1.0,0.6,8.0,230,40,422,0.035008907318115234,0.03230762481689453,0.002701282501220703
20,2000,2,er,discrete,6,DF-PC (Pure),0.8571428571428571,1.0,0.75,5.0,193,3,433,0.029117345809936523,0.025409221649169922,0.0037081241607666016
20,2000,2,er,discrete,7,Standard PC,0.787878787878788,1.0,0.65,7.0,226,36,421,0.03415346145629883,0.031458377838134766,0.0026950836181640625
20,2000,2,er,discrete,7,DF-PC (Pure),0.8235294117647058,1.0,0.7,6.0,196,6,427,0.02936410903930664,0.02565932273864746,0.0037047863006591797
20,2000,2,er,discrete,8,Standard PC,0.5185185185185185,1.0,0.35,13.0,223,33,413,0.03370547294616699,0.031157970428466797,0.0025475025177001953
20,2000,2,er,discrete,8,DF-PC (Pure),0.7272727272727274,0.9230769230769231,0.6,9.0,190,0,436,0.028564929962158203,0.02484130859375,0.003723621368408203
20,2000,2,er,discrete,9,Standard PC,0.6206896551724138,1.0,0.45,11.0,229,39,422,0.03479576110839844,0.03212881088256836,0.002666950225830078
20,2000,2,er,discrete,9,DF-PC (Pure),0.7222222222222223,0.8125,0.65,10.0,193,3,459,0.03106999397277832,0.025846481323242188,0.005223512649536133
20,2000,2,er,discrete,10,Standard PC,0.6666666666666666,1.0,0.5,10.0,224,34,414,0.03449440002441406,0.03180837631225586,0.002686023712158203
20,2000,2,er,discrete,10,DF-PC (Pure),0.6666666666666667,0.8461538461538461,0.55,11.0,190,0,417,0.03129887580871582,0.026484012603759766,0.004814863204956055
20,2000,2,er,discrete,11,Standard PC,0.7499999999999999,1.0,0.6,8.0,274,84,470,0.04211783409118652,0.03924441337585449,0.0028734207153320312
20,2000,2,er,discrete,11,DF-PC (Pure),0.8205128205128205,0.8421052631578947,0.8,7.0,196,6,512,0.03016805648803711,0.025780200958251953,0.004387855529785156
20,2000,2,er,discrete,12,Standard PC,0.6666666666666666,1.0,0.5,10.0,220,30,413,0.050504446029663086,0.04651498794555664,0.003989458084106445
20,2000,2,er,discrete,12,DF-PC (Pure),0.7647058823529412,0.9285714285714286,0.65,8.0,193,3,441,0.044652462005615234,0.038553476333618164,0.00609898567199707
20,2000,2,er,discrete,13,Standard PC,0.48275862068965514,0.7777777777777778,0.35,15.0,207,17,397,0.030901432037353516,0.02838301658630371,0.0025184154510498047
20,2000,2,er,discrete,13,DF-PC (Pure),0.6060606060606061,0.7692307692307693,0.5,13.0,190,0,397,0.028693437576293945,0.02516341209411621,0.0035300254821777344
20,2000,2,er,discrete,14,Standard PC,0.6,0.9,0.45,12.0,223,33,415,0.03454446792602539,0.03187680244445801,0.002667665481567383
20,2000,2,er,discrete,14,DF-PC (Pure),0.6842105263157895,0.7222222222222222,0.65,12.0,193,3,429,0.029798507690429688,0.026007890701293945,0.003790616989135742
20,2000,2,er,discrete,15,Standard PC,0.7096774193548387,1.0,0.55,9.0,231,41,424,0.03637409210205078,0.03363943099975586,0.002734661102294922
20,2000,2,er,discrete,15,DF-PC (Pure),0.7058823529411764,0.8571428571428571,0.6,10.0,193,3,428,0.03008723258972168,0.02635049819946289,0.003736734390258789
20,2000,2,er,discrete,16,Standard PC,0.6666666666666666,1.0,0.5,10.0,239,49,429,0.035936594009399414,0.033262014389038086,0.002674579620361328
20,2000,2,er,discrete,16,DF-PC (Pure),0.8947368421052632,0.9444444444444444,0.85,4.0,190,0,463,0.02998495101928711,0.024804115295410156,0.005180835723876953
20,2000,2,er,discrete,17,Standard PC,0.4999999999999999,0.875,0.35,14.0,204,14,397,0.030841827392578125,0.028280258178710938,0.0025615692138671875
20,2000,2,er,discrete,17,DF-PC (Pure),0.5333333333333333,0.8,0.4,14.0,193,3,401,0.02875518798828125,0.025334835052490234,0.0034203529357910156
20,2000,2,er,discrete,18,Standard PC,0.7096774193548387,1.0,0.55,9.0,217,27,407,0.032221078872680664,0.029697418212890625,0.002523660659790039
20,2000,2,er,discrete,18,DF-PC (Pure),0.7058823529411764,0.8571428571428571,0.6,10.0,190,0,431,0.028126239776611328,0.024489402770996094,0.0036368370056152344
20,2000,2,er,discrete,19,Standard PC,0.6451612903225806,0.9090909090909091,0.5,11.0,219,29,411,0.03333926200866699,0.030716896057128906,0.002622365951538086
20,2000,2,er,discrete,19,DF-PC (Pure),0.7058823529411764,0.8571428571428571,0.6,10.0,193,3,446,0.02992534637451172,0.025897741317749023,0.004027605056762695
20,2000,2,er,discrete,20,Standard PC,0.3846153846153846,0.8333333333333334,0.25,16.0,208,18,398,0.04662752151489258,0.04280877113342285,0.0038187503814697266
20,2000,2,er,discrete,20,DF-PC (Pure),0.4666666666666667,0.7,0.35,16.0,190,0,414,0.043029069900512695,0.03735160827636719,0.005677461624145508
20,2000,2,er,discrete,21,Standard PC,0.5714285714285715,1.0,0.4,12.0,229,39,419,0.035958051681518555,0.03313803672790527,0.0028200149536132812
20,2000,2,er,discrete,21,DF-PC (Pure),0.6285714285714286,0.7333333333333333,0.55,13.0,190,0,490,0.030119895935058594,0.025748491287231445,0.0043714046478271484
20,2000,2,er,discrete,22,Standard PC,0.6206896551724138,1.0,0.45,11.0,208,18,398,0.0313565731048584,0.028722047805786133,0.0026345252990722656
20,2000,2,er,discrete,22,DF-PC (Pure),0.6666666666666667,0.8461538461538461,0.55,11.0,190,0,401,0.02804255485534668,0.024578571319580078,0.0034639835357666016
20,2000,2,er,discrete,23,Standard PC,0.787878787878788,1.0,0.65,7.0,232,42,422,0.03500032424926758,0.03234386444091797,0.0026564598083496094
20,2000,2,er,discrete,23,DF-PC (Pure),0.8648648648648648,0.9411764705882353,0.8,5.0,190,0,442,0.028667211532592773,0.0248873233795166,0.003779888153076172
20,2000,2,er,discrete,24,Standard PC,0.6666666666666666,1.0,0.5,10.0,216,26,406,0.03263711929321289,0.030037403106689453,0.0025997161865234375
20,2000,2,er,discrete,24,DF-PC (Pure),0.6470588235294117,0.7857142857142857,0.55,12.0,190,0,412,0.028188705444335938,0.02467942237854004,0.0035092830657958984
20,2000,2,er,discrete,25,Standard PC,0.7499999999999999,1.0,0.6,8.0,220,30,410,0.03377556800842285,0.031125783920288086,0.0026497840881347656
20,2000,2,er,discrete,25,DF-PC (Pure),0.8,0.9333333333333333,0.7,7.0,190,0,419,0.028601884841918945,0.0249783992767334,0.003623485565185547
20,2000,2,er,discrete,26,Standard PC,0.787878787878788,1.0,0.65,7.0,234,44,424,0.03486800193786621,0.03221535682678223,0.0026526451110839844
20,2000,2,er,discrete,26,DF-PC (Pure),0.8421052631578948,0.8888888888888888,0.8,6.0,190,0,432,0.028140783309936523,0.024419546127319336,0.0037212371826171875
20,2000,2,er,discrete,27,Standard PC,0.3846153846153846,0.8333333333333334,0.25,16.0,204,14,394,0.030921459197998047,0.02841353416442871,0.002507925033569336
20,2000,2,er,discrete,27,DF-PC (Pure),0.5806451612903226,0.8181818181818182,0.45,13.0,190,0,394,0.029015541076660156,0.025519609451293945,0.003495931625366211
20,2000,2,er,discrete,28,Standard PC,0.6206896551724138,1.0,0.45,11.0,218,28,408,0.03246045112609863,0.029902935028076172,0.002557516098022461
20,2000,2,er,discrete,28,DF-PC (Pure),0.8,0.9333333333333333,0.7,7.0,190,0,433,0.028565406799316406,0.02482891082763672,0.0037364959716796875
20,2000,2,er,discrete,29,Standard PC,0.6451612903225806,0.9090909090909091,0.5,11.0,227,37,417,0.03565835952758789,0.03288698196411133,0.0027713775634765625
20,2000,2,er,discrete,29,DF-PC (Pure),0.6857142857142857,0.8,0.6,11.0,190,0,456,0.02878093719482422,0.024814367294311523,0.003966569900512695
20,2000,2,er,linear_sem,0,Standard PC,0.9743589743589743,1.0,0.95,1.0,649,459,1010,0.06390881538391113,0.05941486358642578,0.0044939517974853516
20,2000,2,er,linear_sem,0,DF-PC (Pure),0.9743589743589743,1.0,0.95,1.0,465,275,1010,0.05553269386291504,0.044757843017578125,0.010774850845336914
20,2000,2,er,linear_sem,1,Standard PC,0.975609756097561,0.9523809523809523,1.0,1.0,744,554,1215,0.0748896598815918,0.06982922554016113,0.005060434341430664
20,2000,2,er,linear_sem,1,DF-PC (Pure),0.975609756097561,0.9523809523809523,1.0,1.0,634,444,1297,0.07077646255493164,0.058867454528808594,0.011909008026123047
20,2000,2,er,linear_sem,2,Standard PC,0.888888888888889,1.0,0.8,4.0,747,557,1163,0.10550117492675781,0.09830665588378906,0.00719451904296875
20,2000,2,er,linear_sem,2,DF-PC (Pure),0.888888888888889,1.0,0.8,4.0,557,367,1167,0.08795666694641113,0.07170510292053223,0.016251564025878906
20,2000,2,er,linear_sem,3,Standard PC,0.9743589743589743,1.0,0.95,1.0,797,607,1188,0.0837087631225586,0.07832884788513184,0.005379915237426758
20,2000,2,er,linear_sem,3,DF-PC (Pure),0.9268292682926829,0.9047619047619048,0.95,3.0,566,376,1220,0.07363200187683105,0.059906721115112305,0.01372528076171875
20,2000,2,er,linear_sem,4,Standard PC,0.9743589743589743,1.0,0.95,1.0,576,386,860,0.05778050422668457,0.05362653732299805,0.0041539669036865234
20,2000,2,er,linear_sem,4,DF-PC (Pure),0.9743589743589743,1.0,0.95,1.0,332,142,863,0.037123680114746094,0.029829025268554688,0.007294654846191406
20,2000,2,er,linear_sem,5,Standard PC,0.9268292682926829,0.9047619047619048,0.95,3.0,1129,939,1810,0.10953831672668457,0.10284042358398438,0.006697893142700195
20,2000,2,er,linear_sem,5,DF-PC (Pure),0.9047619047619048,0.8636363636363636,0.95,4.0,823,633,1811,0.08921432495117188,0.07403826713562012,0.015176057815551758
20,2000,2,er,linear_sem,6,Standard PC,0.9473684210526316,1.0,0.9,2.0,791,601,1360,0.11327290534973145,0.10551190376281738,0.0077610015869140625
20,2000,2,er,linear_sem,6,DF-PC (Pure),0.9500000000000001,0.95,0.95,2.0,670,480,1381,0.1060495376586914,0.08726644515991211,0.018783092498779297
20,2000,2,er,linear_sem,7,Standard PC,1.0,1.0,1.0,0.0,633,443,996,0.09015059471130371,0.08354401588439941,0.006606578826904297
20,2000,2,er,linear_sem,7,DF-PC (Pure),1.0,1.0,1.0,0.0,421,231,998,0.06735777854919434,0.05382800102233887,0.013529777526855469
20,2000,2,er,linear_sem,8,Standard PC,0.9473684210526316,1.0,0.9,2.0,653,463,1089,0.09300827980041504,0.08615899085998535,0.0068492889404296875
20,2000,2,er,linear_sem,8,DF-PC (Pure),0.9230769230769231,0.9473684210526315,0.9,3.0,502,312,1110,0.09394001960754395,0.07792282104492188,0.01601719856262207
20,2000,2,er,linear_sem,9,Standard PC,0.9230769230769231,0.9473684210526315,0.9,3.0,520,330,829,0.0529482364654541,0.04892778396606445,0.0040204524993896484
20,2000,2,er,linear_sem,9,DF-PC (Pure),0.9230769230769231,0.9473684210526315,0.9,3.0,334,144,829,0.039193153381347656,0.03184628486633301,0.0073468685150146484
20,2000,2,er,linear_sem,10,Standard PC,0.9473684210526316,1.0,0.9,2.0,744,554,1074,0.07584691047668457,0.0709991455078125,0.00484776496887207
20,2000,2,er,linear_sem,10,DF-PC (Pure),0.9230769230769231,0.9473684210526315,0.9,3.0,459,269,1227,0.05852031707763672,0.045671701431274414,0.012848615646362305
20,2000,2,er,linear_sem,11,Standard PC,0.888888888888889,1.0,0.8,4.0,862,672,1532,0.12413167953491211,0.11585760116577148,0.008274078369140625
20,2000,2,er,linear_sem,11,DF-PC (Pure),0.888888888888889,1.0,0.8,4.0,761,571,1535,0.11924242973327637,0.09982657432556152,0.019415855407714844
20,2000,2,er,linear_sem,12,Standard PC,0.9500000000000001,0.95,0.95,2.0,493,303,824,0.07090282440185547,0.0650169849395752,0.0058858394622802734
20,2000,2,er,linear_sem,12,DF-PC (Pure),0.9500000000000001,0.95,0.95,2.0,380,190,825,0.06074237823486328,0.04926276206970215,0.011479616165161133
20,2000,2,er,linear_sem,13,Standard PC,0.9,0.9,0.9,4.0,875,685,1565,0.0917813777923584,0.08546209335327148,0.006319284439086914
20,2000,2,er,linear_sem,13,DF-PC (Pure),0.9,0.9,0.9,4.0,791,601,1578,0.11215019226074219,0.09400248527526855,0.018147706985473633
20,2000,2,er,linear_sem,14,Standard PC,0.9473684210526316,1.0,0.9,2.0,443,253,742,0.05261683464050293,0.048047780990600586,0.004569053649902344
20,2000,2,er,linear_sem,14,DF-PC (Pure),0.9743589743589743,1.0,0.95,1.0,367,177,755,0.07366943359375,0.06069588661193848,0.012973546981811523
20,2000,2,er,linear_sem,15,Standard PC,0.9189189189189189,1.0,0.85,3.0,1262,1072,2363,0.13227105140686035,0.12408161163330078,0.00818943977355957
20,2000,2,er,linear_sem,15,DF-PC (Pure),0.9189189189189189,1.0,0.85,3.0,1182,992,2384,0.13364219665527344,0.11412858963012695,0.019513607025146484
20,2000,2,er,linear_sem,16,Standard PC,1.0,1.0,1.0,0.0,708,518,1180,0.1009514331817627,0.09366321563720703,0.007288217544555664
20,2000,2,er,linear_sem,16,DF-PC (Pure),0.975609756097561,0.9523809523809523,1.0,1.0,533,343,1180,0.08416533470153809,0.06876707077026367,0.015398263931274414
20,2000,2,er,linear_sem,17,Standard PC,0.9743589743589743,1.0,0.95,1.0,445,255,700,0.06409716606140137,0.058644771575927734,0.005452394485473633
20,2000,2,er,linear_sem,17,DF-PC (Pure),0.9743589743589743,1.0,0.95,1.0,279,89,700,0.04585886001586914,0.03624272346496582,0.00961613655090332
20,2000,2,er,linear_sem,18,Standard PC,0.9473684210526316,1.0,0.9,2.0,864,674,1416,0.0974271297454834,0.09111618995666504,0.006310939788818359
20,2000,2,er,linear_sem,18,DF-PC (Pure),0.9,0.9,0.9,4.0,694,504,1452,0.08068108558654785,0.06741690635681152,0.013264179229736328
20,2000,2,er,linear_sem,19,Standard PC,0.975609756097561,0.9523809523809523,1.0,1.0,609,419,976,0.08681225776672363,0.08019423484802246,0.006618022918701172
20,2000,2,er,linear_sem,19,DF-PC (Pure),0.975609756097561,0.9523809523809523,1.0,1.0,438,248,978,0.06984186172485352,0.05655789375305176,0.013283967971801758
20,2000,2,er,linear_sem,20,Standard PC,0.8205128205128205,0.8421052631578947,0.8,7.0,955,765,1259,0.10170650482177734,0.0958700180053711,0.00583648681640625
20,2000,2,er,linear_sem,20,DF-PC (Pure),0.8205128205128205,0.8421052631578947,0.8,7.0,419,229,1269,0.05347132682800293,0.040569305419921875,0.012902021408081055
20,2000,2,er,linear_sem,21,Standard PC,1.0,1.0,1.0,0.0,1092,902,1806,0.15333151817321777,0.14359331130981445,0.00973820686340332
20,2000,2,er,linear_sem,21,DF-PC (Pure),1.0,1.0,1.0,0.0,916,726,1826,0.14611244201660156,0.11785054206848145,0.028261899948120117
20,2000,2,er,linear_sem,22,Standard PC,1.0,1.0,1.0,0.0,506,316,778,0.07191848754882812,0.0661008358001709,0.0058176517486572266
20,2000,2,er,linear_sem,22,DF-PC (Pure),0.9302325581395349,0.8695652173913043,1.0,3.0,338,148,814,0.0558474063873291,0.043514251708984375,0.012333154678344727
20,2000,2,er,linear_sem,23,Standard PC,0.9189189189189189,1.0,0.85,3.0,596,406,1010,0.06040358543395996,0.05594921112060547,0.004454374313354492
20,2000,2,er,linear_sem,23,DF-PC (Pure),0.8947368421052632,0.9444444444444444,0.85,4.0,455,265,1010,0.04883003234863281,0.04076051712036133,0.008069515228271484
20,2000,2,er,linear_sem,24,Standard PC,0.8717948717948718,0.8947368421052632,0.85,5.0,638,448,994,0.08127593994140625,0.07516241073608398,0.006113529205322266
20,2000,2,er,linear_sem,24,DF-PC (Pure),0.8095238095238095,0.7727272727272727,0.85,8.0,443,253,1083,0.051772117614746094,0.041777849197387695,0.009994268417358398
20,2000,2,er,linear_sem,25,Standard PC,1.0,1.0,1.0,0.0,763,573,1236,0.10778331756591797,0.10033464431762695,0.007448673248291016
20,2000,2,er,linear_sem,25,DF-PC (Pure),1.0,1.0,1.0,0.0,563,373,1236,0.08920431137084961,0.07244300842285156,0.016761302947998047
20,2000,2,er,linear_sem,26,Standard PC,1.0,1.0,1.0,0.0,501,311,788,0.07166075706481934,0.06587004661560059,0.00579071044921875
20,2000,2,er,linear_sem,26,DF-PC (Pure),0.9523809523809523,0.9090909090909091,1.0,2.0,347,157,809,0.05630040168762207,0.04525899887084961,0.011041402816772461
20,2000,2,er,linear_sem,27,Standard PC,0.9189189189189189,1.0,0.85,3.0,753,563,1202,0.12889647483825684,0.1203157901763916,0.008580684661865234
20,2000,2,er,linear_sem,27,DF-PC (Pure),0.9473684210526316,1.0,0.9,2.0,549,359,1208,0.10241436958312988,0.08422732353210449,0.01818704605102539
20,2000,2,er,linear_sem,28,Standard PC,0.8947368421052632,0.9444444444444444,0.85,4.0,534,344,892,0.07691550254821777,0.0707242488861084,0.006191253662109375
20,2000,2,er,linear_sem,28,DF-PC (Pure),0.8947368421052632,0.9444444444444444,0.85,4.0,419,229,900,0.06715655326843262,0.054253578186035156,0.012902975082397461
20,2000,2,er,linear_sem,29,Standard PC,0.9473684210526316,1.0,0.9,2.0,435,245,706,0.06316232681274414,0.05778360366821289,0.00537872314453125
20,2000,2,er,linear_sem,29,DF-PC (Pure),0.9230769230769231,0.9473684210526315,0.9,3.0,309,119,706,0.04923725128173828,0.03969597816467285,0.00954127311706543
20,2000,2,sf,discrete,0,Standard PC,0.1904761904761905,1.0,0.10526315789473684,17.0,205,15,395,0.030767202377319336,0.028296947479248047,0.002470254898071289
20,2000,2,sf,discrete,0,DF-PC (Pure),0.35714285714285715,0.5555555555555556,0.2631578947368421,18.0,190,0,399,0.028557538986206055,0.025138378143310547,0.003419160842895508
20,2000,2,sf,discrete,1,Standard PC,0.6428571428571429,1.0,0.47368421052631576,10.0,204,14,394,0.02979731559753418,0.027358531951904297,0.002438783645629883
20,2000,2,sf,discrete,1,DF-PC (Pure),0.6666666666666666,0.9090909090909091,0.5263157894736842,10.0,190,0,397,0.028043746948242188,0.024689912796020508,0.0033538341522216797
20,2000,2,sf,discrete,2,Standard PC,0.4799999999999999,1.0,0.3157894736842105,13.0,200,10,390,0.029681921005249023,0.027230262756347656,0.002451658248901367
20,2000,2,sf,discrete,2,DF-PC (Pure),0.44444444444444436,0.75,0.3157894736842105,15.0,190,0,390,0.02806234359741211,0.024719715118408203,0.0033426284790039062
20,2000,2,sf,discrete,3,Standard PC,0.4166666666666667,1.0,0.2631578947368421,14.0,192,2,382,0.027873754501342773,0.02555108070373535,0.002322673797607422
20,2000,2,sf,discrete,3,DF-PC (Pure),0.4166666666666667,1.0,0.2631578947368421,14.0,190,0,382,0.027831315994262695,0.024641990661621094,0.0031893253326416016
20,2000,2,sf,discrete,4,Standard PC,0.4799999999999999,1.0,0.3157894736842105,13.0,201,11,391,0.04483842849731445,0.04109382629394531,0.0037446022033691406
20,2000,2,sf,discrete,4,DF-PC (Pure),0.46153846153846156,0.8571428571428571,0.3157894736842105,14.0,190,0,391,0.04219865798950195,0.0370173454284668,0.005181312561035156
20,2000,2,sf,discrete,5,Standard PC,0.4799999999999999,1.0,0.3157894736842105,13.0,194,4,384,0.029775142669677734,0.02734851837158203,0.002426624298095703
20,2000,2,sf,discrete,5,DF-PC (Pure),0.4799999999999999,1.0,0.3157894736842105,13.0,190,0,384,0.02875351905822754,0.025541067123413086,0.003212451934814453
20,2000,2,sf,discrete,6,Standard PC,0.5714285714285714,0.8888888888888888,0.42105263157894735,12.0,201,11,394,0.029961109161376953,0.027487754821777344,0.0024733543395996094
20,2000,2,sf,discrete,6,DF-PC (Pure),0.5517241379310345,0.8,0.42105263157894735,13.0,193,3,397,0.0287477970123291,0.02539372444152832,0.0033540725708007812
20,2000,2,sf,discrete,7,Standard PC,0.19999999999999998,1.0,0.1111111111111111,16.0,190,0,380,0.028278589248657227,0.02593255043029785,0.002346038818359375
20,2000,2,sf,discrete,7,DF-PC (Pure),0.19999999999999998,1.0,0.1111111111111111,16.0,190,0,380,0.028016328811645508,0.024833202362060547,0.003183126449584961
20,2000,2,sf,discrete,8,Standard PC,0.4166666666666667,1.0,0.2631578947368421,14.0,194,4,384,0.028357505798339844,0.026002168655395508,0.002355337142944336
20,2000,2,sf,discrete,8,DF-PC (Pure),0.4799999999999999,1.0,0.3157894736842105,13.0,190,0,384,0.02823638916015625,0.02496170997619629,0.003274679183959961
20,2000,2,sf,discrete,9,Standard PC,0.2727272727272727,1.0,0.15789473684210525,16.0,214,24,404,0.03200697898864746,0.029528379440307617,0.0024785995483398438
20,2000,2,sf,discrete,9,DF-PC (Pure),0.3225806451612903,0.4166666666666667,0.2631578947368421,21.0,190,0,420,0.02850651741027832,0.024956464767456055,0.0035500526428222656
20,2000,2,sf,discrete,10,Standard PC,0.25,0.6,0.15789473684210525,18.0,198,8,388,0.02925276756286621,0.026815414428710938,0.0024373531341552734
20,2000,2,sf,discrete,10,DF-PC (Pure),0.37037037037037035,0.625,0.2631578947368421,17.0,190,0,393,0.02814769744873047,0.02480316162109375,0.0033445358276367188
20,2000,2,sf,discrete,11,Standard PC,0.4166666666666667,1.0,0.2631578947368421,14.0,192,2,382,0.028150558471679688,0.02575063705444336,0.002399921417236328
20,2000,2,sf,discrete,11,DF-PC (Pure),0.4166666666666667,1.0,0.2631578947368421,14.0,190,0,382,0.027619123458862305,0.024249792098999023,0.0033693313598632812
20,2000,2,sf,discrete,12,Standard PC,0.2727272727272727,1.0,0.15789473684210525,16.0,192,2,382,0.02889084815979004,0.026471614837646484,0.0024192333221435547
20,2000,2,sf,discrete,12,DF-PC (Pure),0.2608695652173913,0.75,0.15789473684210525,17.0,190,0,382,0.02857494354248047,0.02514958381652832,0.0034253597259521484
20,2000,2,sf,discrete,13,Standard PC,0.37037037037037035,0.625,0.2631578947368421,17.0,200,10,390,0.031508684158325195,0.028940200805664062,0.002568483352661133
20,2000,2,sf,discrete,13,DF-PC (Pure),0.3448275862068966,0.5,0.2631578947368421,19.0,190,0,390,0.029408693313598633,0.026061296463012695,0.0033473968505859375
20,2000,2,sf,discrete,14,Standard PC,0.34782608695652173,1.0,0.21052631578947367,15.0,196,6,386,0.03018808364868164,0.02770256996154785,0.002485513687133789
20,2000,2,sf,discrete,14,DF-PC (Pure),0.39999999999999997,0.8333333333333334,0.2631578947368421,15.0,190,0,386,0.029145479202270508,0.02578139305114746,0.003364086151123047
20,2000,2,sf,discrete,15,Standard PC,0.6896551724137931,1.0,0.5263157894736842,9.0,209,19,399,0.04764437675476074,0.04366707801818848,0.003977298736572266
20,2000,2,sf,discrete,15,DF-PC (Pure),0.7096774193548387,0.9166666666666666,0.5789473684210527,9.0,190,0,399,0.04276084899902344,0.037247419357299805,0.005513429641723633
20,2000,2,sf,discrete,16,Standard PC,0.4799999999999999,1.0,0.3157894736842105,13.0,206,16,396,0.030762910842895508,0.028284311294555664,0.0024785995483398438
20,2000,2,sf,discrete,16,DF-PC (Pure),0.7333333333333334,1.0,0.5789473684210527,8.0,190,0,404,0.028156518936157227,0.02469921112060547,0.003457307815551758
20,2000,2,sf,discrete,17,Standard PC,0.46153846153846156,0.8571428571428571,0.3157894736842105,14.0,196,6,386,0.02947688102722168,0.02695751190185547,0.002519369125366211
20,2000,2,sf,discrete,17,DF-PC (Pure),0.46153846153846156,0.8571428571428571,0.3157894736842105,14.0,190,0,386,0.028290271759033203,0.02497124671936035,0.0033190250396728516
20,2000,2,sf,discrete,18,Standard PC,0.5185185185185185,0.875,0.3684210526315789,13.0,201,11,391,0.029953479766845703,0.027529478073120117,0.002424001693725586
20,2000,2,sf,discrete,18,DF-PC (Pure),0.5,0.7777777777777778,0.3684210526315789,14.0,190,0,391,0.02819061279296875,0.024831056594848633,0.003359556198120117
20,2000,2,sf,discrete,19,Standard PC,0.4166666666666667,1.0,0.2631578947368421,14.0,200,10,390,0.02979254722595215,0.027356863021850586,0.0024356842041015625
20,2000,2,sf,discrete,19,DF-PC (Pure),0.37037037037037035,0.625,0.2631578947368421,17.0,190,0,390,0.028107404708862305,0.024770498275756836,0.0033369064331054688
20,2000,2,sf,discrete,20,Standard PC,0.16666666666666666,0.4,0.10526315789473684,20.0,196,6,386,0.04387068748474121,0.04011273384094238,0.003757953643798828
20,2000,2,sf,discrete,20,DF-PC (Pure),0.3076923076923077,0.5714285714285714,0.21052631578947367,18.0,190,0,391,0.04253339767456055,0.03728604316711426,0.005247354507446289
20,2000,2,sf,discrete,21,Standard PC,0.3333333333333333,0.8,0.21052631578947367,16.0,190,0,380,0.04174661636352539,0.0381319522857666,0.003614664077758789
20,2000,2,sf,discrete,21,DF-PC (Pure),0.3333333333333333,0.8,0.21052631578947367,16.0,190,0,380,0.04232907295227051,0.03720593452453613,0.005123138427734375
20,2000,2,sf,discrete,22,Standard PC,0.4166666666666667,1.0,0.2631578947368421,14.0,197,7,387,0.04359269142150879,0.03987598419189453,0.003716707229614258
20,2000,2,sf,discrete,22,DF-PC (Pure),0.39999999999999997,0.8333333333333334,0.2631578947368421,15.0,190,0,391,0.04262065887451172,0.03737330436706543,0.005247354507446289
20,2000,2,sf,discrete,23,Standard PC,0.4166666666666667,1.0,0.2631578947368421,14.0,192,2,382,0.04258847236633301,0.03882098197937012,0.0037674903869628906
20,2000,2,sf,discrete,23,DF-PC (Pure),0.39999999999999997,0.8333333333333334,0.2631578947368421,15.0,190,0,382,0.042107343673706055,0.036969661712646484,0.00513768196105957
20,2000,2,sf,discrete,24,Standard PC,0.4799999999999999,1.0,0.3157894736842105,13.0,190,0,380,0.028179168701171875,0.025812149047851562,0.0023670196533203125
20,2000,2,sf,discrete,24,DF-PC (Pure),0.4799999999999999,1.0,0.3157894736842105,13.0,190,0,380,0.027559518814086914,0.024392366409301758,0.0031671524047851562
20,2000,2,sf,discrete,25,Standard PC,0.5384615384615384,1.0,0.3684210526315789,12.0,190,0,380,0.02863907814025879,0.026095867156982422,0.002543210983276367
20,2000,2,sf,discrete,25,DF-PC (Pure),0.5384615384615384,1.0,0.3684210526315789,12.0,190,0,380,0.02820301055908203,0.024947166442871094,0.0032558441162109375
20,2000,2,sf,discrete,26,Standard PC,0.5925925925925926,1.0,0.42105263157894735,11.0,214,24,404,0.04514575004577637,0.04181218147277832,0.003333568572998047
20,2000,2,sf,discrete,26,DF-PC (Pure),0.6875,0.8461538461538461,0.5789473684210527,10.0,190,0,420,0.02827930450439453,0.02467203140258789,0.0036072731018066406
20,2000,2,sf,discrete,27,Standard PC,0.34782608695652173,1.0,0.21052631578947367,15.0,194,4,384,0.02982950210571289,0.027357816696166992,0.0024716854095458984
20,2000,2,sf,discrete,27,DF-PC (Pure),0.3333333333333333,0.8,0.21052631578947367,16.0,190,0,384,0.028904438018798828,0.025571107864379883,0.0033333301544189453
20,2000,2,sf,discrete,28,Standard PC,0.5925925925925926,1.0,0.42105263157894735,11.0,194,4,384,0.029233217239379883,0.0267636775970459,0.0024695396423339844
20,2000,2,sf,discrete,28,DF-PC (Pure),0.5925925925925926,1.0,0.42105263157894735,11.0,190,0,384,0.028405427932739258,0.025139331817626953,0.0032660961151123047
20,2000,2,sf,discrete,29,Standard PC,0.2857142857142857,1.0,0.16666666666666666,15.0,201,11,391,0.031165361404418945,0.028666019439697266,0.0024993419647216797
20,2000,2,sf,discrete,29,DF-PC (Pure),0.25,0.5,0.16666666666666666,18.0,190,0,395,0.02928471565246582,0.025922536849975586,0.0033621788024902344
20,2000,2,sf,linear_sem,0,Standard PC,0.972972972972973,1.0,0.9473684210526315,1.0,2674,2484,2912,0.3466000556945801,0.3328700065612793,0.013730049133300781
20,2000,2,sf,linear_sem,0,DF-PC (Pure),0.972972972972973,1.0,0.9473684210526315,1.0,262,72,2912,0.1251049041748047,0.03372526168823242,0.09137964248657227
20,2000,2,sf,linear_sem,1,Standard PC,1.0,1.0,1.0,0.0,556,366,846,0.055345773696899414,0.05125999450683594,0.0040857791900634766
20,2000,2,sf,linear_sem,1,DF-PC (Pure),1.0,1.0,1.0,0.0,342,152,846,0.03824949264526367,0.03119063377380371,0.007058858871459961
20,2000,2,sf,linear_sem,2,Standard PC,0.9473684210526315,0.9473684210526315,0.9473684210526315,2.0,915,725,1205,0.09033942222595215,0.08502602577209473,0.005313396453857422
20,2000,2,sf,linear_sem,2,DF-PC (Pure),0.9473684210526315,0.9473684210526315,0.9473684210526315,2.0,555,365,1212,0.06896305084228516,0.05253434181213379,0.016428709030151367
20,2000,2,sf,linear_sem,3,Standard PC,0.8484848484848484,1.0,0.7368421052631579,5.0,649,459,948,0.06257414817810059,0.058333396911621094,0.004240751266479492
20,2000,2,sf,linear_sem,3,DF-PC (Pure),0.8571428571428572,0.9375,0.7894736842105263,5.0,565,375,1187,0.0673377513885498,0.051499366760253906,0.0158383846282959
20,2000,2,sf,linear_sem,4,Standard PC,1.0,1.0,1.0,0.0,2832,2642,3059,0.2860703468322754,0.27423906326293945,0.011831283569335938
20,2000,2,sf,linear_sem,4,DF-PC (Pure),0.9743589743589743,0.95,1.0,1.0,318,128,3176,0.08448958396911621,0.03128528594970703,0.05320429801940918
20,2000,2,sf,linear_sem,5,Standard PC,1.0,1.0,1.0,0.0,533,343,811,0.05300498008728027,0.0490262508392334,0.003978729248046875
20,2000,2,sf,linear_sem,5,DF-PC (Pure),1.0,1.0,1.0,0.0,299,109,811,0.034867048263549805,0.027559518814086914,0.007307529449462891
20,2000,2,sf,linear_sem,6,Standard PC,0.8823529411764706,1.0,0.7894736842105263,4.0,418,228,730,0.042263031005859375,0.03865790367126465,0.0036051273345947266
20,2000,2,sf,linear_sem,6,DF-PC (Pure),0.8571428571428572,0.9375,0.7894736842105263,5.0,352,162,733,0.03824782371520996,0.03189396858215332,0.006353855133056641
20,2000,2,sf,linear_sem,7,Standard PC,0.972972972972973,0.9473684210526315,1.0,1.0,11577,11387,11813,1.683063268661499,1.625779151916504,0.05728411674499512
20,2000,2,sf,linear_sem,7,DF-PC (Pure),0.9473684210526316,0.9,1.0,2.0,6372,6182,11826,1.6231567859649658,0.865415096282959,0.7577416896820068
20,2000,2,sf,linear_sem,8,Standard PC,0.8484848484848484,1.0,0.7368421052631579,5.0,424,234,726,0.042021989822387695,0.038462162017822266,0.0035598278045654297
20,2000,2,sf,linear_sem,8,DF-PC (Pure),0.8235294117647058,0.9333333333333333,0.7368421052631579,6.0,343,153,726,0.036817312240600586,0.030576229095458984,0.0062410831451416016
20,2000,2,sf,linear_sem,9,Standard PC,1.0,1.0,1.0,0.0,911,721,1189,0.0901939868927002,0.0849447250366211,0.0052492618560791016
20,2000,2,sf,linear_sem,9,DF-PC (Pure),1.0,1.0,1.0,0.0,587,397,1189,0.07270979881286621,0.05523204803466797,0.017477750778198242
20,2000,2,sf,linear_sem,10,Standard PC,1.0,1.0,1.0,0.0,786,596,1046,0.07778263092041016,0.07294225692749023,0.004840373992919922
20,2000,2,sf,linear_sem,10,DF-PC (Pure),1.0,1.0,1.0,0.0,381,191,1046,0.04665970802307129,0.035398244857788086,0.011261463165283203
20,2000,2,sf,linear_sem,11,Standard PC,1.0,1.0,1.0,0.0,668,478,954,0.06667494773864746,0.06224322319030762,0.004431724548339844
20,2000,2,sf,linear_sem,11,DF-PC (Pure),1.0,1.0,1.0,0.0,416,226,954,0.049772024154663086,0.0391383171081543,0.010633707046508789
20,2000,2,sf,linear_sem,12,Standard PC,0.9444444444444444,1.0,0.8947368421052632,2.0,1255,1065,1532,0.12186908721923828,0.11542010307312012,0.006448984146118164
20,2000,2,sf,linear_sem,12,DF-PC (Pure),0.9444444444444444,1.0,0.8947368421052632,2.0,630,440,1532,0.08252811431884766,0.05926847457885742,0.023259639739990234
20,2000,2,sf,linear_sem,13,Standard PC,0.918918918918919,0.9444444444444444,0.8947368421052632,3.0,613,423,913,0.06105661392211914,0.05669832229614258,0.0043582916259765625
20,2000,2,sf,linear_sem,13,DF-PC (Pure),0.8947368421052632,0.8947368421052632,0.8947368421052632,4.0,412,222,917,0.04825162887573242,0.038555145263671875,0.009696483612060547
20,2000,2,sf,linear_sem,14,Standard PC,0.8823529411764706,1.0,0.7894736842105263,4.0,411,221,699,0.05997610092163086,0.05461430549621582,0.005361795425415039
20,2000,2,sf,linear_sem,14,DF-PC (Pure),0.8823529411764706,1.0,0.7894736842105263,4.0,317,127,699,0.04993271827697754,0.040579795837402344,0.009352922439575195
20,2000,2,sf,linear_sem,15,Standard PC,1.0,1.0,1.0,0.0,1423,1233,1666,0.18852949142456055,0.17945384979248047,0.009075641632080078
20,2000,2,sf,linear_sem,15,DF-PC (Pure),0.9743589743589743,0.95,1.0,1.0,276,86,1687,0.07204246520996094,0.03522849082946777,0.036813974380493164
20,2000,2,sf,linear_sem,16,Standard PC,0.972972972972973,1.0,0.9473684210526315,1.0,496,306,796,0.07426333427429199,0.0683140754699707,0.005949258804321289
20,2000,2,sf,linear_sem,16,DF-PC (Pure),0.9473684210526315,0.9473684210526315,0.9473684210526315,2.0,324,134,811,0.05388641357421875,0.04263448715209961,0.01125192642211914
20,2000,2,sf,linear_sem,17,Standard PC,1.0,1.0,1.0,0.0,2725,2535,2985,0.2819938659667969,0.2700235843658447,0.011970281600952148
20,2000,2,sf,linear_sem,17,DF-PC (Pure),1.0,1.0,1.0,0.0,277,87,2985,0.07206439971923828,0.025316238403320312,0.04674816131591797
20,2000,2,sf,linear_sem,18,Standard PC,0.6666666666666666,0.9090909090909091,0.5263157894736842,10.0,316,126,585,0.03301858901977539,0.029910802841186523,0.003107786178588867
20,2000,2,sf,linear_sem,18,DF-PC (Pure),0.6666666666666666,0.9090909090909091,0.5263157894736842,10.0,270,80,585,0.0287783145904541,0.024080276489257812,0.004698038101196289
20,2000,2,sf,linear_sem,19,Standard PC,0.8823529411764706,1.0,0.7894736842105263,4.0,573,383,870,0.057543039321899414,0.053400516510009766,0.0041425228118896484
20,2000,2,sf,linear_sem,19,DF-PC (Pure),0.8571428571428572,0.9375,0.7894736842105263,5.0,415,225,870,0.04814791679382324,0.03841519355773926,0.009732723236083984
20,2000,2,sf,linear_sem,20,Standard PC,1.0,1.0,1.0,0.0,2823,2633,3065,0.278393030166626,0.2667562961578369,0.011636734008789062
20,2000,2,sf,linear_sem,20,DF-PC (Pure),0.9743589743589743,0.95,1.0,1.0,1521,1331,3065,0.22175979614257812,0.14772891998291016,0.07403087615966797
20,2000,2,sf,linear_sem,21,Standard PC,0.8484848484848484,1.0,0.7368421052631579,5.0,435,245,736,0.06263184547424316,0.057199716567993164,0.00543212890625
20,2000,2,sf,linear_sem,21,DF-PC (Pure),0.7999999999999999,0.875,0.7368421052631579,7.0,372,182,798,0.059705257415771484,0.04796957969665527,0.011735677719116211
20,2000,2,sf,linear_sem,22,Standard PC,0.9743589743589743,0.95,1.0,1.0,5486,5296,5738,0.5515322685241699,0.5302934646606445,0.02123880386352539
20,2000,2,sf,linear_sem,22,DF-PC (Pure),0.9500000000000001,0.9047619047619048,1.0,2.0,3067,2877,5739,0.5514590740203857,0.3074061870574951,0.24405288696289062
20,2000,2,sf,linear_sem,23,Standard PC,0.9444444444444444,1.0,0.8947368421052632,2.0,858,668,1153,0.12209081649780273,0.11460447311401367,0.0074863433837890625
20,2000,2,sf,linear_sem,23,DF-PC (Pure),0.918918918918919,0.9444444444444444,0.8947368421052632,3.0,590,400,1153,0.10697126388549805,0.08007192611694336,0.026899337768554688
20,2000,2,sf,linear_sem,24,Standard PC,0.9500000000000001,0.9047619047619048,1.0,2.0,2746,2556,2989,0.2700934410095215,0.25868701934814453,0.011406421661376953
20,2000,2,sf,linear_sem,24,DF-PC (Pure),0.9268292682926829,0.8636363636363636,1.0,3.0,348,158,3100,0.08497285842895508,0.03239250183105469,0.05258035659790039
20,2000,2,sf,linear_sem,25,Standard PC,1.0,1.0,1.0,0.0,576,386,926,0.05901908874511719,0.05469799041748047,0.004321098327636719
20,2000,2,sf,linear_sem,25,DF-PC (Pure),1.0,1.0,1.0,0.0,382,192,926,0.04488086700439453,0.03642010688781738,0.008460760116577148
20,2000,2,sf,linear_sem,26,Standard PC,1.0,1.0,1.0,0.0,828,638,1057,0.08058834075927734,0.07574605941772461,0.004842281341552734
20,2000,2,sf,linear_sem,26,DF-PC (Pure),0.9743589743589743,0.95,1.0,1.0,252,62,1057,0.034490346908569336,0.023005962371826172,0.011484384536743164
20,2000,2,sf,linear_sem,27,Standard PC,1.0,1.0,1.0,0.0,690,500,966,0.0682380199432373,0.06371617317199707,0.004521846771240234
20,2000,2,sf,linear_sem,27,DF-PC (Pure),1.0,1.0,1.0,0.0,465,275,966,0.05525684356689453,0.04381108283996582,0.011445760726928711
20,2000,2,sf,linear_sem,28,Standard PC,1.0,1.0,1.0,0.0,709,519,974,0.09923911094665527,0.09259247779846191,0.006646633148193359
20,2000,2,sf,linear_sem,28,DF-PC (Pure),0.9743589743589743,0.95,1.0,1.0,383,193,1052,0.06048297882080078,0.045812368392944336,0.014670610427856445
20,2000,2,sf,linear_sem,29,Standard PC,0.9142857142857143,0.9411764705882353,0.8888888888888888,3.0,2722,2532,2984,0.3297896385192871,0.3161652088165283,0.013624429702758789
20,2000,2,sf,linear_sem,29,DF-PC (Pure),0.8888888888888888,0.8888888888888888,0.8888888888888888,4.0,1533,1343,2988,0.22412586212158203,0.14808177947998047,0.07604408264160156
20,2000,4,er,discrete,0,Standard PC,0.2608695652173913,1.0,0.15,34.0,221,31,411,0.03315854072570801,0.03063368797302246,0.002524852752685547
20,2000,4,er,discrete,0,DF-PC (Pure),0.41509433962264153,0.8461538461538461,0.275,31.0,190,0,421,0.02867722511291504,0.0250399112701416,0.0036373138427734375
20,2000,4,er,discrete,1,Standard PC,0.33333333333333337,1.0,0.2,32.0,236,46,426,0.035672903060913086,0.03306150436401367,0.002611398696899414
20,2000,4,er,discrete,1,DF-PC (Pure),0.48148148148148157,0.9285714285714286,0.325,28.0,190,0,455,0.028521299362182617,0.02469778060913086,0.003823518753051758
20,2000,4,er,discrete,2,Standard PC,0.36734693877551017,1.0,0.225,31.0,248,58,439,0.0389707088470459,0.03626513481140137,0.0027055740356445312
20,2000,4,er,discrete,2,DF-PC (Pure),0.5901639344262294,0.8571428571428571,0.45,25.0,193,3,497,0.03181338310241699,0.027372121810913086,0.004441261291503906
20,2000,4,er,discrete,3,Standard PC,0.4615384615384615,1.0,0.3,28.0,263,73,459,0.04090547561645508,0.038010597229003906,0.002894878387451172
20,2000,4,er,discrete,3,DF-PC (Pure),0.5357142857142857,0.9375,0.375,26.0,196,6,488,0.030478715896606445,0.026132583618164062,0.004346132278442383
20,2000,4,er,discrete,4,Standard PC,0.2608695652173913,1.0,0.15,34.0,205,15,398,0.030748844146728516,0.028242111206054688,0.002506732940673828
20,2000,4,er,discrete,4,DF-PC (Pure),0.27999999999999997,0.7,0.175,36.0,193,3,406,0.029395580291748047,0.025868654251098633,0.003526926040649414
20,2000,4,er,discrete,5,Standard PC,0.4313725490196079,1.0,0.275,29.0,286,96,476,0.04387784004211426,0.040970563888549805,0.002907276153564453
20,2000,4,er,discrete,5,DF-PC (Pure),0.5714285714285715,1.0,0.4,24.0,190,0,492,0.02857661247253418,0.024396657943725586,0.004179954528808594
20,2000,4,er,discrete,6,Standard PC,0.4615384615384615,1.0,0.3,28.0,300,110,494,0.046621084213256836,0.043602943420410156,0.0030181407928466797
20,2000,4,er,discrete,6,DF-PC (Pure),0.5862068965517241,0.9444444444444444,0.425,24.0,201,11,924,0.03825783729553223,0.027141809463500977,0.01111602783203125
20,2000,4,er,discrete,7,Standard PC,0.4313725490196079,1.0,0.275,29.0,311,121,510,0.04754233360290527,0.04456162452697754,0.0029807090759277344
20,2000,4,er,discrete,7,DF-PC (Pure),0.5263157894736842,0.8823529411764706,0.375,27.0,219,29,589,0.034983158111572266,0.02969813346862793,0.005285024642944336
20,2000,4,er,discrete,8,Standard PC,0.2978723404255319,1.0,0.175,33.0,214,24,404,0.03232216835021973,0.0297544002532959,0.002567768096923828
20,2000,4,er,discrete,8,DF-PC (Pure),0.392156862745098,0.9090909090909091,0.25,31.0,190,0,423,0.029124736785888672,0.02545642852783203,0.0036683082580566406
20,2000,4,er,discrete,9,Standard PC,0.36000000000000004,0.9,0.225,32.0,252,62,444,0.03938889503479004,0.03659200668334961,0.0027968883514404297
20,2000,4,er,discrete,9,DF-PC (Pure),0.4912280701754386,0.8235294117647058,0.35,29.0,193,3,860,0.03680062294006348,0.02606678009033203,0.010733842849731445
20,2000,4,er,discrete,10,Standard PC,0.36734693877551017,1.0,0.225,31.0,209,19,399,0.047107696533203125,0.04312014579772949,0.003987550735473633
20,2000,4,er,discrete,10,DF-PC (Pure),0.4905660377358491,1.0,0.325,27.0,190,0,413,0.042909860610961914,0.037192583084106445,0.005717277526855469
20,2000,4,er,discrete,11,Standard PC,0.2222222222222222,1.0,0.125,35.0,235,45,425,0.03480195999145508,0.03223609924316406,0.0025658607482910156
20,2000,4,er,discrete,11,DF-PC (Pure),0.5172413793103448,0.8333333333333334,0.375,28.0,190,0,475,0.028969764709472656,0.024914264678955078,0.004055500030517578
20,2000,4,er,discrete,12,Standard PC,0.36000000000000004,0.9,0.225,32.0,237,47,427,0.03599262237548828,0.03328394889831543,0.0027086734771728516
20,2000,4,er,discrete,12,DF-PC (Pure),0.5517241379310346,0.8888888888888888,0.4,26.0,190,0,446,0.028817176818847656,0.02501201629638672,0.0038051605224609375
20,2000,4,er,discrete,13,Standard PC,0.4313725490196079,1.0,0.275,29.0,243,53,433,0.055146217346191406,0.05103325843811035,0.004112958908081055
20,2000,4,er,discrete,13,DF-PC (Pure),0.5423728813559322,0.8421052631578947,0.4,27.0,190,0,489,0.04345536231994629,0.036855220794677734,0.006600141525268555
20,2000,4,er,discrete,14,Standard PC,0.4,1.0,0.25,30.0,223,33,413,0.034032583236694336,0.031349897384643555,0.0026826858520507812
20,2000,4,er,discrete,14,DF-PC (Pure),0.5090909090909091,0.9333333333333333,0.35,27.0,190,0,421,0.02906656265258789,0.02523040771484375,0.0038361549377441406
20,2000,4,er,discrete,15,Standard PC,0.4,1.0,0.25,30.0,262,72,459,0.03970623016357422,0.0369412899017334,0.0027649402618408203
20,2000,4,er,discrete,15,DF-PC (Pure),0.5172413793103448,0.8333333333333334,0.375,28.0,202,12,601,0.03157687187194824,0.026380538940429688,0.005196332931518555
20,2000,4,er,discrete,16,Standard PC,0.4,1.0,0.25,30.0,230,40,423,0.053751230239868164,0.04958295822143555,0.004168272018432617
20,2000,4,er,discrete,16,DF-PC (Pure),0.5964912280701754,1.0,0.425,23.0,193,3,446,0.04438018798828125,0.038149118423461914,0.006231069564819336
20,2000,4,er,discrete,17,Standard PC,0.36734693877551017,1.0,0.225,31.0,231,41,428,0.05361485481262207,0.04947924613952637,0.004135608673095703
20,2000,4,er,discrete,17,DF-PC (Pure),0.4615384615384615,1.0,0.3,28.0,199,9,447,0.04561805725097656,0.039505958557128906,0.006112098693847656
20,2000,4,er,discrete,18,Standard PC,0.5185185185185185,1.0,0.35,26.0,269,79,465,0.042548179626464844,0.03963160514831543,0.002916574478149414
20,2000,4,er,discrete,18,DF-PC (Pure),0.5185185185185185,1.0,0.35,26.0,196,6,465,0.030027389526367188,0.026066064834594727,0.003961324691772461
20,2000,4,er,discrete,19,Standard PC,0.36734693877551017,1.0,0.225,31.0,205,15,395,0.045549869537353516,0.041681766510009766,0.00386810302734375
20,2000,4,er,discrete,19,DF-PC (Pure),0.36734693877551017,1.0,0.225,31.0,190,0,395,0.04498767852783203,0.039354801177978516,0.005632877349853516
20,2000,4,er,discrete,20,Standard PC,0.4615384615384615,1.0,0.3,28.0,272,82,465,0.041547298431396484,0.03861188888549805,0.0029354095458984375
20,2000,4,er,discrete,20,DF-PC (Pure),0.576271186440678,0.8947368421052632,0.425,25.0,196,6,548,0.032048702239990234,0.027010202407836914,0.00503849983215332
20,2000,4,er,discrete,21,Standard PC,0.4313725490196079,1.0,0.275,29.0,237,47,432,0.03687167167663574,0.034043073654174805,0.0028285980224609375
20,2000,4,er,discrete,21,DF-PC (Pure),0.5185185185185185,1.0,0.35,26.0,196,6,437,0.02959918975830078,0.025844335556030273,0.003754854202270508
20,2000,4,er,discrete,22,Standard PC,0.2608695652173913,1.0,0.15,34.0,211,21,401,0.04962968826293945,0.0461268424987793,0.0035028457641601562
20,2000,4,er,discrete,22,DF-PC (Pure),0.30769230769230765,0.6666666666666666,0.2,36.0,190,0,416,0.028705120086669922,0.025049448013305664,0.003655672073364258
20,2000,4,er,discrete,23,Standard PC,0.33333333333333337,1.0,0.2,32.0,217,27,407,0.032344818115234375,0.029808759689331055,0.0025360584259033203
20,2000,4,er,discrete,23,DF-PC (Pure),0.4905660377358491,1.0,0.325,27.0,190,0,427,0.029118061065673828,0.02535414695739746,0.003763914108276367
20,2000,4,er,discrete,24,Standard PC,0.2553191489361702,0.8571428571428571,0.15,35.0,210,20,400,0.04800915718078613,0.04415559768676758,0.0038535594940185547
20,2000,4,er,discrete,24,DF-PC (Pure),0.36000000000000004,0.9,0.225,32.0,190,0,416,0.04311013221740723,0.037421464920043945,0.005688667297363281
20,2000,4,er,discrete,25,Standard PC,0.4313725490196079,1.0,0.275,29.0,240,50,433,0.05575919151306152,0.05152273178100586,0.004236459732055664
20,2000,4,er,discrete,25,DF-PC (Pure),0.5185185185185185,1.0,0.35,26.0,193,3,440,0.04444432258605957,0.038335561752319336,0.006108760833740234
20,2000,4,er,discrete,26,Standard PC,0.4,1.0,0.25,30.0,237,47,430,0.05509448051452637,0.050826072692871094,0.0042684078216552734
20,2000,4,er,discrete,26,DF-PC (Pure),0.4999999999999999,0.875,0.35,28.0,193,3,460,0.04484677314758301,0.03834795951843262,0.006498813629150391
20,2000,4,er,discrete,27,Standard PC,0.33333333333333337,1.0,0.2,32.0,198,8,388,0.02962350845336914,0.02710723876953125,0.0025162696838378906
20,2000,4,er,discrete,27,DF-PC (Pure),0.3137254901960785,0.7272727272727273,0.2,35.0,190,0,388,0.028170347213745117,0.02477240562438965,0.0033979415893554688
20,2000,4,er,discrete,28,Standard PC,0.36734693877551017,1.0,0.225,31.0,217,27,407,0.05031228065490723,0.046233415603637695,0.004078865051269531
20,2000,4,er,discrete,28,DF-PC (Pure),0.4528301886792453,0.9230769230769231,0.3,29.0,190,0,419,0.04374241828918457,0.03798937797546387,0.005753040313720703
20,2000,4,er,discrete,29,Standard PC,0.33333333333333337,1.0,0.2,32.0,224,34,414,0.03535032272338867,0.03261852264404297,0.002731800079345703
20,2000,4,er,discrete,29,DF-PC (Pure),0.48148148148148157,0.9285714285714286,0.325,28.0,190,0,455,0.029714584350585938,0.02566838264465332,0.004046201705932617
20,2000,4,er,linear_sem,0,Standard PC,0.5454545454545455,0.6923076923076923,0.45,30.0,2859,2669,4062,0.2763078212738037,0.26208066940307617,0.014227151870727539
20,2000,4,er,linear_sem,0,DF-PC (Pure),0.5454545454545455,0.6923076923076923,0.45,30.0,2172,1982,4062,0.4641764163970947,0.39739441871643066,0.06678199768066406
20,2000,4,er,linear_sem,1,Standard PC,0.7246376811594203,0.8620689655172413,0.625,19.0,2966,2776,4207,0.40622711181640625,0.38680028915405273,0.019426822662353516
20,2000,4,er,linear_sem,1,DF-PC (Pure),0.7246376811594203,0.8620689655172413,0.625,19.0,2333,2143,4207,0.3713541030883789,0.3032374382019043,0.06811666488647461
20,2000,4,er,linear_sem,2,Standard PC,0.5937499999999999,0.7916666666666666,0.475,26.0,3682,3492,5420,0.3613910675048828,0.34384703636169434,0.017544031143188477
20,2000,4,er,linear_sem,2,DF-PC (Pure),0.5937499999999999,0.7916666666666666,0.475,26.0,3007,2817,5453,0.39488792419433594,0.34067344665527344,0.0542144775390625
20,2000,4,er,linear_sem,3,Standard PC,0.7647058823529412,0.9285714285714286,0.65,16.0,2707,2517,4174,0.2615013122558594,0.24801349639892578,0.013487815856933594
20,2000,4,er,linear_sem,3,DF-PC (Pure),0.7647058823529412,0.9285714285714286,0.65,16.0,2184,1994,4174,0.24114131927490234,0.19996261596679688,0.04117870330810547
20,2000,4,er,linear_sem,4,Standard PC,0.6865671641791045,0.8518518518518519,0.575,21.0,3059,2869,4072,0.30151820182800293,0.2869744300842285,0.014543771743774414
20,2000,4,er,linear_sem,4,DF-PC (Pure),0.6666666666666667,0.8461538461538461,0.55,22.0,2089,1899,4133,0.3506438732147217,0.22918963432312012,0.12145423889160156
20,2000,4,er,linear_sem,5,Standard PC,0.676056338028169,0.7741935483870968,0.6,23.0,3221,3031,4949,0.3927421569824219,0.3731672763824463,0.019574880599975586
20,2000,4,er,linear_sem,5,DF-PC (Pure),0.676056338028169,0.7741935483870968,0.6,23.0,2792,2602,4949,0.4676239490509033,0.37885475158691406,0.08876919746398926
20,2000,4,er,linear_sem,6,Standard PC,0.5846153846153846,0.76,0.475,27.0,3223,3033,4979,0.31202149391174316,0.29630303382873535,0.015718460083007812
20,2000,4,er,linear_sem,6,DF-PC (Pure),0.5846153846153846,0.76,0.475,27.0,2844,2654,5023,0.3664422035217285,0.30534982681274414,0.061092376708984375
20,2000,4,er,linear_sem,7,Standard PC,0.6461538461538462,0.84,0.525,23.0,4099,3909,6181,0.5593492984771729,0.5334553718566895,0.0258939266204834
20,2000,4,er,linear_sem,7,DF-PC (Pure),0.6461538461538462,0.84,0.525,23.0,3506,3316,6181,0.5114033222198486,0.42767930030822754,0.0837240219116211
20,2000,4,er,linear_sem,8,Standard PC,0.7076923076923077,0.92,0.575,19.0,3422,3232,5024,0.48162150382995605,0.45841050148010254,0.023211002349853516
20,2000,4,er,linear_sem,8,DF-PC (Pure),0.7076923076923077,0.92,0.575,19.0,2853,2663,5039,0.4588358402252197,0.37851572036743164,0.08032011985778809
20,2000,4,er,linear_sem,9,Standard PC,0.6031746031746033,0.8260869565217391,0.475,25.0,3537,3347,5310,0.4807772636413574,0.45708775520324707,0.02368950843811035
20,2000,4,er,linear_sem,9,DF-PC (Pure),0.6031746031746033,0.8260869565217391,0.475,25.0,2950,2760,5311,0.5973949432373047,0.5144250392913818,0.08296990394592285
20,2000,4,er,linear_sem,10,Standard PC,0.6666666666666667,0.9130434782608695,0.525,21.0,3018,2828,4150,0.4170522689819336,0.3979034423828125,0.019148826599121094
20,2000,4,er,linear_sem,10,DF-PC (Pure),0.6666666666666667,0.9130434782608695,0.525,21.0,2238,2048,4154,0.36105918884277344,0.29514503479003906,0.06591415405273438
20,2000,4,er,linear_sem,11,Standard PC,0.6101694915254237,0.9473684210526315,0.45,23.0,2813,2623,4271,0.39461493492126465,0.374558687210083,0.02005624771118164
20,2000,4,er,linear_sem,11,DF-PC (Pure),0.6101694915254237,0.9473684210526315,0.45,23.0,2401,2211,4271,0.3820960521697998,0.3165934085845947,0.06550264358520508
20,2000,4,er,linear_sem,12,Standard PC,0.7692307692307693,1.0,0.625,15.0,2803,2613,4048,0.3934957981109619,0.37397313117980957,0.019522666931152344
20,2000,4,er,linear_sem,12,DF-PC (Pure),0.7692307692307693,1.0,0.625,15.0,2161,1971,4054,0.350644588470459,0.2877197265625,0.06292486190795898
20,2000,4,er,linear_sem,13,Standard PC,0.5625000000000001,0.75,0.45,28.0,3505,3315,5101,0.38953542709350586,0.3702371120452881,0.019298315048217773
20,2000,4,er,linear_sem,13,DF-PC (Pure),0.5625000000000001,0.75,0.45,28.0,2911,2721,5111,0.5424129962921143,0.4607508182525635,0.08166217803955078
20,2000,4,er,linear_sem,14,Standard PC,0.7058823529411764,0.8571428571428571,0.6,20.0,2327,2137,3412,0.23238039016723633,0.22026848793029785,0.012111902236938477
20,2000,4,er,linear_sem,14,DF-PC (Pure),0.7058823529411764,0.8571428571428571,0.6,20.0,1684,1494,3412,0.197526216506958,0.163116455078125,0.03440976142883301
20,2000,4,er,linear_sem,15,Standard PC,0.7164179104477612,0.8888888888888888,0.6,19.0,3626,3436,5613,0.4938826560974121,0.46956658363342285,0.024316072463989258
20,2000,4,er,linear_sem,15,DF-PC (Pure),0.7164179104477612,0.8888888888888888,0.6,19.0,3263,3073,5613,0.43590879440307617,0.3665344715118408,0.06937432289123535
20,2000,4,er,linear_sem,16,Standard PC,0.5714285714285714,0.782608695652174,0.45,27.0,2735,2545,4197,0.2720506191253662,0.25757646560668945,0.014474153518676758
20,2000,4,er,linear_sem,16,DF-PC (Pure),0.5714285714285714,0.782608695652174,0.45,27.0,2210,2020,4203,0.36168718338012695,0.3017585277557373,0.05992865562438965
20,2000,4,er,linear_sem,17,Standard PC,0.7076923076923077,0.92,0.575,19.0,3471,3281,5079,0.4552619457244873,0.43308591842651367,0.022176027297973633
20,2000,4,er,linear_sem,17,DF-PC (Pure),0.7076923076923077,0.92,0.575,19.0,2789,2599,5098,0.5363781452178955,0.4463996887207031,0.08997845649719238
20,2000,4,er,linear_sem,18,Standard PC,0.6562500000000001,0.875,0.525,22.0,2838,2648,4843,0.40252184867858887,0.38101744651794434,0.02150440216064453
20,2000,4,er,linear_sem,18,DF-PC (Pure),0.6562500000000001,0.875,0.525,22.0,2636,2446,4844,0.37384676933288574,0.3182501792907715,0.05559659004211426
20,2000,4,er,linear_sem,19,Standard PC,0.6031746031746033,0.8260869565217391,0.475,25.0,3021,2831,4332,0.3902599811553955,0.371213436126709,0.019046545028686523
20,2000,4,er,linear_sem,19,DF-PC (Pure),0.5937499999999999,0.7916666666666666,0.475,26.0,2425,2235,4417,0.4641585350036621,0.39437341690063477,0.06978511810302734
20,2000,4,er,linear_sem,20,Standard PC,0.6774193548387099,0.9545454545454546,0.525,20.0,2055,1865,3023,0.29530930519104004,0.2800590991973877,0.015250205993652344
20,2000,4,er,linear_sem,20,DF-PC (Pure),0.676923076923077,0.88,0.55,21.0,1530,1340,3100,0.24883174896240234,0.20282435417175293,0.046007394790649414
20,2000,4,er,linear_sem,21,Standard PC,0.7164179104477612,0.8888888888888888,0.6,19.0,2723,2533,3921,0.3023405075073242,0.28726911544799805,0.015071392059326172
20,2000,4,er,linear_sem,21,DF-PC (Pure),0.7164179104477612,0.8888888888888888,0.6,19.0,2012,1822,3923,0.33161401748657227,0.27028560638427734,0.06132841110229492
20,2000,4,er,linear_sem,22,Standard PC,0.7647058823529412,0.9285714285714286,0.65,16.0,2333,2143,3283,0.3196296691894531,0.3031959533691406,0.0164337158203125
20,2000,4,er,linear_sem,22,DF-PC (Pure),0.7647058823529412,0.9285714285714286,0.65,16.0,1619,1429,3284,0.2619602680206299,0.2093675136566162,0.05259275436401367
20,2000,4,er,linear_sem,23,Standard PC,0.6229508196721311,0.9047619047619048,0.475,23.0,3733,3543,5556,0.5175697803497314,0.4929046630859375,0.024665117263793945
20,2000,4,er,linear_sem,23,DF-PC (Pure),0.6229508196721311,0.9047619047619048,0.475,23.0,3154,2964,5617,0.4445841312408447,0.3705105781555176,0.07407355308532715
20,2000,4,er,linear_sem,24,Standard PC,0.6129032258064516,0.8636363636363636,0.475,24.0,3051,2861,4415,0.5243628025054932,0.4989771842956543,0.025385618209838867
20,2000,4,er,linear_sem,24,DF-PC (Pure),0.6129032258064516,0.8636363636363636,0.475,24.0,2602,2412,4417,0.5678060054779053,0.4895925521850586,0.07821345329284668
20,2000,4,er,linear_sem,25,Standard PC,0.7384615384615384,0.96,0.6,17.0,3007,2817,4369,0.41516542434692383,0.3948841094970703,0.020281314849853516
20,2000,4,er,linear_sem,25,DF-PC (Pure),0.7384615384615384,0.96,0.6,17.0,2336,2146,4369,0.3464632034301758,0.2862234115600586,0.06023979187011719
20,2000,4,er,linear_sem,26,Standard PC,0.6956521739130435,0.8275862068965517,0.6,21.0,2820,2630,3981,0.4024639129638672,0.38330888748168945,0.019155025482177734
20,2000,4,er,linear_sem,26,DF-PC (Pure),0.7142857142857143,0.8333333333333334,0.625,20.0,2106,1916,4191,0.291825532913208,0.23903179168701172,0.05279374122619629
20,2000,4,er,linear_sem,27,Standard PC,0.5517241379310346,0.8888888888888888,0.4,26.0,2683,2493,4149,0.3897557258605957,0.371845006942749,0.01791071891784668
20,2000,4,er,linear_sem,27,DF-PC (Pure),0.5517241379310346,0.8888888888888888,0.4,26.0,2325,2135,4149,0.2696235179901123,0.22801542282104492,0.04160809516906738
20,2000,4,er,linear_sem,28,Standard PC,0.6666666666666667,0.9130434782608695,0.525,21.0,1688,1498,2529,0.2866394519805908,0.26990532875061035,0.01673412322998047
20,2000,4,er,linear_sem,28,DF-PC (Pure),0.6562500000000001,0.875,0.525,22.0,1205,1015,2545,0.3404996395111084,0.29967808723449707,0.04082155227661133
20,2000,4,er,linear_sem,29,Standard PC,0.7462686567164178,0.9259259259259259,0.625,17.0,3097,2907,4587,0.30676937103271484,0.29122400283813477,0.015545368194580078
20,2000,4,er,linear_sem,29,DF-PC (Pure),0.7462686567164178,0.9259259259259259,0.625,17.0,2511,2321,4587,0.3530149459838867,0.30458998680114746,0.04842495918273926
20,2000,4,sf,discrete,0,Standard PC,0.2105263157894737,0.8,0.12121212121212122,30.0,194,4,384,0.043494462966918945,0.03978157043457031,0.003712892532348633
20,2000,4,sf,discrete,0,DF-PC (Pure),0.25641025641025644,0.8333333333333334,0.15151515151515152,29.0,190,0,384,0.042052268981933594,0.03691244125366211,0.005139827728271484
20,2000,4,sf,discrete,1,Standard PC,0.3636363636363636,1.0,0.2222222222222222,28.0,227,37,419,0.03552556037902832,0.032805442810058594,0.0027201175689697266
20,2000,4,sf,discrete,1,DF-PC (Pure),0.48,0.8571428571428571,0.3333333333333333,26.0,193,3,445,0.03027939796447754,0.026370763778686523,0.003908634185791016
20,2000,4,sf,discrete,2,Standard PC,0.20512820512820512,0.8,0.11764705882352941,31.0,203,13,393,0.029865741729736328,0.02744317054748535,0.0024225711822509766
20,2000,4,sf,discrete,2,DF-PC (Pure),0.29268292682926833,0.8571428571428571,0.17647058823529413,29.0,190,0,400,0.028124570846557617,0.0247347354888916,0.0033898353576660156
20,2000,4,sf,discrete,3,Standard PC,0.15,0.6,0.08571428571428572,34.0,190,0,380,0.028258323669433594,0.025841474533081055,0.002416849136352539
20,2000,4,sf,discrete,3,DF-PC (Pure),0.15,0.6,0.08571428571428572,34.0,190,0,380,0.028451204299926758,0.025159597396850586,0.003291606903076172
20,2000,4,sf,discrete,4,Standard PC,0.38095238095238093,1.0,0.23529411764705882,26.0,202,12,392,0.030513763427734375,0.028022050857543945,0.0024917125701904297
20,2000,4,sf,discrete,4,DF-PC (Pure),0.40909090909090906,0.9,0.2647058823529412,26.0,190,0,392,0.02849555015563965,0.025056838989257812,0.003438711166381836
20,2000,4,sf,discrete,5,Standard PC,0.4,1.0,0.25,27.0,206,16,396,0.031170129776000977,0.028505325317382812,0.002664804458618164
20,2000,4,sf,discrete,5,DF-PC (Pure),0.4255319148936171,0.9090909090909091,0.2777777777777778,27.0,190,0,399,0.029300212860107422,0.025660991668701172,0.00363922119140625
20,2000,4,sf,discrete,6,Standard PC,0.3181818181818182,0.875,0.19444444444444445,30.0,205,15,395,0.03187060356140137,0.029266834259033203,0.002603769302368164
20,2000,4,sf,discrete,6,DF-PC (Pure),0.3404255319148936,0.7272727272727273,0.2222222222222222,31.0,190,0,399,0.02823495864868164,0.024739980697631836,0.0034949779510498047
20,2000,4,sf,discrete,7,Standard PC,0.2702702702702703,1.0,0.15625,27.0,196,6,386,0.030230283737182617,0.027735233306884766,0.0024950504302978516
20,2000,4,sf,discrete,7,DF-PC (Pure),0.3157894736842105,1.0,0.1875,26.0,190,0,386,0.028297901153564453,0.025025367736816406,0.003272533416748047
20,2000,4,sf,discrete,8,Standard PC,0.32558139534883723,1.0,0.19444444444444445,29.0,194,4,384,0.029939889907836914,0.027410268783569336,0.002529621124267578
20,2000,4,sf,discrete,8,DF-PC (Pure),0.3181818181818182,0.875,0.19444444444444445,30.0,190,0,384,0.028807878494262695,0.025427579879760742,0.003380298614501953
20,2000,4,sf,discrete,9,Standard PC,0.27272727272727276,0.75,0.16666666666666666,32.0,202,12,392,0.029776334762573242,0.02736210823059082,0.002414226531982422
20,2000,4,sf,discrete,9,DF-PC (Pure),0.3478260869565218,0.8,0.2222222222222222,30.0,190,0,392,0.027933120727539062,0.024606704711914062,0.003326416015625
20,2000,4,sf,discrete,10,Standard PC,0.19512195121951217,0.8,0.1111111111111111,33.0,198,8,388,0.02889084815979004,0.02654552459716797,0.0023453235626220703
20,2000,4,sf,discrete,10,DF-PC (Pure),0.23255813953488372,0.7142857142857143,0.1388888888888889,33.0,190,0,393,0.028466463088989258,0.025095224380493164,0.0033712387084960938
20,2000,4,sf,discrete,11,Standard PC,0.23255813953488372,0.7142857142857143,0.1388888888888889,33.0,198,8,388,0.02965855598449707,0.027162790298461914,0.0024957656860351562
20,2000,4,sf,discrete,11,DF-PC (Pure),0.23255813953488372,0.7142857142857143,0.1388888888888889,33.0,190,0,388,0.028235197067260742,0.024933815002441406,0.003301382064819336
20,2000,4,sf,discrete,12,Standard PC,0.3636363636363636,1.0,0.2222222222222222,28.0,201,11,391,0.02980947494506836,0.027270793914794922,0.0025386810302734375
20,2000,4,sf,discrete,12,DF-PC (Pure),0.3555555555555555,0.8888888888888888,0.2222222222222222,29.0,190,0,395,0.02782607078552246,0.024457931518554688,0.0033681392669677734
20,2000,4,sf,discrete,13,Standard PC,0.2926829268292683,0.75,0.18181818181818182,29.0,216,26,407,0.03343629837036133,0.03069281578063965,0.0027434825897216797
20,2000,4,sf,discrete,13,DF-PC (Pure),0.3404255319148936,0.5714285714285714,0.24242424242424243,31.0,193,3,419,0.03063511848449707,0.026697397232055664,0.003937721252441406
20,2000,4,sf,discrete,14,Standard PC,0.2857142857142857,1.0,0.16666666666666666,30.0,207,17,397,0.031186819076538086,0.0286867618560791,0.0025000572204589844
20,2000,4,sf,discrete,14,DF-PC (Pure),0.3404255319148936,0.7272727272727273,0.2222222222222222,31.0,190,0,403,0.029562711715698242,0.02596116065979004,0.003601551055908203
20,2000,4,sf,discrete,15,Standard PC,0.3636363636363636,0.8888888888888888,0.22857142857142856,28.0,221,31,411,0.0504302978515625,0.046358585357666016,0.004071712493896484
20,2000,4,sf,discrete,15,DF-PC (Pure),0.37499999999999994,0.6923076923076923,0.2571428571428571,30.0,190,0,424,0.04314899444580078,0.03724265098571777,0.005906343460083008
20,2000,4,sf,discrete,16,Standard PC,0.24390243902439027,1.0,0.1388888888888889,31.0,199,9,389,0.030059099197387695,0.02768540382385254,0.0023736953735351562
20,2000,4,sf,discrete,16,DF-PC (Pure),0.2380952380952381,0.8333333333333334,0.1388888888888889,32.0,190,0,393,0.02887415885925293,0.02555108070373535,0.003323078155517578
20,2000,4,sf,discrete,17,Standard PC,0.32558139534883723,1.0,0.19444444444444445,29.0,202,12,392,0.03125572204589844,0.028795957565307617,0.0024597644805908203
20,2000,4,sf,discrete,17,DF-PC (Pure),0.3555555555555555,0.8888888888888888,0.2222222222222222,29.0,190,0,392,0.029291629791259766,0.025925159454345703,0.0033664703369140625
20,2000,4,sf,discrete,18,Standard PC,0.2926829268292683,1.0,0.17142857142857143,29.0,200,10,390,0.030264616012573242,0.027738571166992188,0.0025260448455810547
20,2000,4,sf,discrete,18,DF-PC (Pure),0.3636363636363636,0.8888888888888888,0.22857142857142856,28.0,190,0,390,0.02898383140563965,0.02555227279663086,0.003431558609008789
20,2000,4,sf,discrete,19,Standard PC,0.32558139534883723,1.0,0.19444444444444445,29.0,205,15,395,0.030969619750976562,0.028462886810302734,0.002506732940673828
20,2000,4,sf,discrete,19,DF-PC (Pure),0.3555555555555555,0.8888888888888888,0.2222222222222222,29.0,190,0,404,0.028141498565673828,0.024740934371948242,0.003400564193725586
20,2000,4,sf,discrete,20,Standard PC,0.30769230769230765,0.8571428571428571,0.1875,27.0,205,15,397,0.04682445526123047,0.042966604232788086,0.003857851028442383
20,2000,4,sf,discrete,20,DF-PC (Pure),0.35,0.875,0.21875,26.0,193,3,401,0.04386472702026367,0.038312673568725586,0.005552053451538086
20,2000,4,sf,discrete,21,Standard PC,0.4347826086956522,1.0,0.2777777777777778,26.0,213,23,403,0.03152942657470703,0.028948068618774414,0.002581357955932617
20,2000,4,sf,discrete,21,DF-PC (Pure),0.48,0.8571428571428571,0.3333333333333333,26.0,190,0,412,0.02805948257446289,0.024506568908691406,0.0035529136657714844
20,2000,4,sf,discrete,22,Standard PC,0.4186046511627907,1.0,0.2647058823529412,25.0,205,15,395,0.0466611385345459,0.04274892807006836,0.003912210464477539
20,2000,4,sf,discrete,22,DF-PC (Pure),0.40909090909090906,0.9,0.2647058823529412,26.0,190,0,402,0.04246211051940918,0.03697800636291504,0.005484104156494141
20,2000,4,sf,discrete,23,Standard PC,0.2926829268292683,1.0,0.17142857142857143,29.0,194,4,384,0.044380903244018555,0.04060959815979004,0.0037713050842285156
20,2000,4,sf,discrete,23,DF-PC (Pure),0.2857142857142857,0.8571428571428571,0.17142857142857143,30.0,190,0,384,0.0426182746887207,0.03740096092224121,0.005217313766479492
20,2000,4,sf,discrete,24,Standard PC,0.29268292682926833,0.8571428571428571,0.17647058823529413,29.0,203,13,393,0.04574441909790039,0.04186248779296875,0.0038819313049316406
20,2000,4,sf,discrete,24,DF-PC (Pure),0.3636363636363636,0.8,0.23529411764705882,28.0,190,0,397,0.04248952865600586,0.03701138496398926,0.0054781436920166016
20,2000,4,sf,discrete,25,Standard PC,0.24390243902439027,1.0,0.1388888888888889,31.0,196,6,386,0.05555415153503418,0.05092740058898926,0.004626750946044922
20,2000,4,sf,discrete,25,DF-PC (Pure),0.32558139534883723,1.0,0.19444444444444445,29.0,190,0,391,0.05002999305725098,0.04389762878417969,0.006132364273071289
20,2000,4,sf,discrete,26,Standard PC,0.24390243902439027,1.0,0.1388888888888889,31.0,201,11,391,0.030536890029907227,0.02803492546081543,0.002501964569091797
20,2000,4,sf,discrete,26,DF-PC (Pure),0.27906976744186046,0.8571428571428571,0.16666666666666666,31.0,190,0,398,0.028084516525268555,0.02472519874572754,0.0033593177795410156
20,2000,4,sf,discrete,27,Standard PC,0.32558139534883723,1.0,0.19444444444444445,29.0,211,21,403,0.03150486946105957,0.02894735336303711,0.002557516098022461
20,2000,4,sf,discrete,27,DF-PC (Pure),0.391304347826087,0.9,0.25,28.0,193,3,404,0.028886795043945312,0.025320053100585938,0.003566741943359375
20,2000,4,sf,discrete,28,Standard PC,0.21621621621621626,1.0,0.12121212121212122,29.0,194,4,384,0.030031681060791016,0.027626514434814453,0.0024051666259765625
20,2000,4,sf,discrete,28,DF-PC (Pure),0.21621621621621626,1.0,0.12121212121212122,29.0,190,0,384,0.028677940368652344,0.02545022964477539,0.003227710723876953
20,2000,4,sf,discrete,29,Standard PC,0.3720930232558139,0.8888888888888888,0.23529411764705882,27.0,208,18,398,0.03517484664916992,0.03241586685180664,0.0027589797973632812
20,2000,4,sf,discrete,29,DF-PC (Pure),0.39130434782608703,0.75,0.2647058823529412,28.0,190,0,403,0.029345035552978516,0.025774002075195312,0.003571033477783203
20,2000,4,sf,linear_sem,0,Standard PC,0.7368421052631579,0.875,0.6363636363636364,15.0,7149,6959,7584,0.9803330898284912,0.9474186897277832,0.03291440010070801
20,2000,4,sf,linear_sem,0,DF-PC (Pure),0.7241379310344828,0.84,0.6363636363636364,16.0,1043,853,13194,0.5897750854492188,0.13734102249145508,0.45243406295776367
20,2000,4,sf,linear_sem,1,Standard PC,0.5172413793103449,0.6818181818181818,0.4166666666666667,28.0,2257,2067,3309,0.22583365440368652,0.21459555625915527,0.01123809814453125
20,2000,4,sf,linear_sem,1,DF-PC (Pure),0.5423728813559322,0.6956521739130435,0.4444444444444444,27.0,1790,1600,3377,0.20705008506774902,0.17232966423034668,0.034720420837402344
20,2000,4,sf,linear_sem,2,Standard PC,0.7017543859649124,0.8695652173913043,0.5882352941176471,17.0,1797,1607,2340,0.1750175952911377,0.16619348526000977,0.00882411003112793
20,2000,4,sf,linear_sem,2,DF-PC (Pure),0.7241379310344829,0.875,0.6176470588235294,16.0,1085,895,2536,0.2560281753540039,0.21624279022216797,0.03978538513183594
20,2000,4,sf,linear_sem,3,Standard PC,0.8307692307692307,0.9,0.7714285714285715,11.0,7510,7320,8013,1.2587172985076904,1.2163634300231934,0.04235386848449707
20,2000,4,sf,linear_sem,3,DF-PC (Pure),0.8307692307692307,0.9,0.7714285714285715,11.0,1604,1414,8028,0.3507091999053955,0.1717543601989746,0.1789548397064209
20,2000,4,sf,linear_sem,4,Standard PC,0.7586206896551724,0.9166666666666666,0.6470588235294118,14.0,1618,1428,2114,0.16129732131958008,0.1530916690826416,0.008205652236938477
20,2000,4,sf,linear_sem,4,DF-PC (Pure),0.7586206896551724,0.9166666666666666,0.6470588235294118,14.0,784,594,2120,0.09540200233459473,0.07332706451416016,0.02207493782043457
20,2000,4,sf,linear_sem,5,Standard PC,0.7096774193548387,0.8461538461538461,0.6111111111111112,18.0,2507,2317,2947,0.25008082389831543,0.23876523971557617,0.011315584182739258
20,2000,4,sf,linear_sem,5,DF-PC (Pure),0.7096774193548387,0.8461538461538461,0.6111111111111112,18.0,736,546,2967,0.10853290557861328,0.06923651695251465,0.03929638862609863
20,2000,4,sf,linear_sem,6,Standard PC,0.6885245901639344,0.84,0.5833333333333334,19.0,2079,1889,2686,0.20266175270080566,0.19284796714782715,0.009813785552978516
20,2000,4,sf,linear_sem,6,DF-PC (Pure),0.7096774193548387,0.8461538461538461,0.6111111111111112,18.0,1039,849,2695,0.12637686729431152,0.0973508358001709,0.029026031494140625
20,2000,4,sf,linear_sem,7,Standard PC,0.6909090909090908,0.8260869565217391,0.59375,17.0,1555,1365,1968,0.15601086616516113,0.14810824394226074,0.00790262222290039
20,2000,4,sf,linear_sem,7,DF-PC (Pure),0.6909090909090908,0.8260869565217391,0.59375,17.0,695,505,1971,0.08954620361328125,0.06638097763061523,0.023165225982666016
20,2000,4,sf,linear_sem,8,Standard PC,0.5517241379310345,0.7272727272727273,0.4444444444444444,26.0,2043,1853,2749,0.2833540439605713,0.26949524879455566,0.013858795166015625
20,2000,4,sf,linear_sem,8,DF-PC (Pure),0.5517241379310345,0.7272727272727273,0.4444444444444444,26.0,1302,1112,2749,0.30411767959594727,0.25939083099365234,0.04472684860229492
20,2000,4,sf,linear_sem,9,Standard PC,0.6229508196721312,0.76,0.5277777777777778,23.0,2264,2074,3005,0.21737027168273926,0.206512451171875,0.010857820510864258
20,2000,4,sf,linear_sem,9,DF-PC (Pure),0.6229508196721312,0.76,0.5277777777777778,23.0,1349,1159,3005,0.15604710578918457,0.12464118003845215,0.03140592575073242
20,2000,4,sf,linear_sem,10,Standard PC,0.7096774193548387,0.8461538461538461,0.6111111111111112,18.0,2525,2335,3155,0.25590991973876953,0.24390459060668945,0.012005329132080078
20,2000,4,sf,linear_sem,10,DF-PC (Pure),0.7096774193548387,0.8461538461538461,0.6111111111111112,18.0,1458,1268,3295,0.1795966625213623,0.14035320281982422,0.039243459701538086
20,2000,4,sf,linear_sem,11,Standard PC,0.5454545454545454,0.7894736842105263,0.4166666666666667,25.0,1953,1763,2592,0.19065284729003906,0.1814098358154297,0.009243011474609375
20,2000,4,sf,linear_sem,11,DF-PC (Pure),0.5454545454545454,0.7894736842105263,0.4166666666666667,25.0,1226,1036,2604,0.14333105087280273,0.11499571800231934,0.0283353328704834
20,2000,4,sf,linear_sem,12,Standard PC,0.6206896551724137,0.8181818181818182,0.5,22.0,2126,1936,2868,0.2928731441497803,0.27847766876220703,0.014395475387573242
20,2000,4,sf,linear_sem,12,DF-PC (Pure),0.6206896551724137,0.8181818181818182,0.5,22.0,1569,1379,2868,0.338611364364624,0.2827448844909668,0.05586647987365723
20,2000,4,sf,linear_sem,13,Standard PC,0.8620689655172413,1.0,0.7575757575757576,8.0,3699,3509,4138,0.5732126235961914,0.5530154705047607,0.020197153091430664
20,2000,4,sf,linear_sem,13,DF-PC (Pure),0.8813559322033898,1.0,0.7878787878787878,7.0,1482,1292,4522,0.3213937282562256,0.1964108943939209,0.12498283386230469
20,2000,4,sf,linear_sem,14,Standard PC,0.6440677966101694,0.8260869565217391,0.5277777777777778,21.0,1534,1344,2044,0.14769554138183594,0.13968777656555176,0.00800776481628418
20,2000,4,sf,linear_sem,14,DF-PC (Pure),0.6229508196721312,0.76,0.5277777777777778,23.0,915,725,2546,0.11146259307861328,0.08357787132263184,0.027884721755981445
20,2000,4,sf,linear_sem,15,Standard PC,0.7000000000000001,0.84,0.6,18.0,1902,1712,2435,0.19118952751159668,0.18183231353759766,0.009357213973999023
20,2000,4,sf,linear_sem,15,DF-PC (Pure),0.6885245901639345,0.8076923076923077,0.6,19.0,956,766,2471,0.1149294376373291,0.09028458595275879,0.024644851684570312
20,2000,4,sf,linear_sem,16,Standard PC,0.7272727272727272,0.8,0.6666666666666666,18.0,2774,2584,3506,0.28086113929748535,0.26792311668395996,0.01293802261352539
20,2000,4,sf,linear_sem,16,DF-PC (Pure),0.7272727272727272,0.8,0.6666666666666666,18.0,1688,1498,3506,0.21201848983764648,0.16681694984436035,0.04520153999328613
20,2000,4,sf,linear_sem,17,Standard PC,0.7000000000000001,0.875,0.5833333333333334,18.0,2289,2099,3030,0.2255096435546875,0.2145707607269287,0.010938882827758789
20,2000,4,sf,linear_sem,17,DF-PC (Pure),0.7213114754098361,0.88,0.6111111111111112,17.0,1394,1204,3135,0.16039371490478516,0.12919282913208008,0.031200885772705078
20,2000,4,sf,linear_sem,18,Standard PC,0.7999999999999999,0.96,0.6857142857142857,12.0,1744,1554,2288,0.2432844638824463,0.23086309432983398,0.012421369552612305
20,2000,4,sf,linear_sem,18,DF-PC (Pure),0.7999999999999999,0.96,0.6857142857142857,12.0,981,791,2288,0.17371463775634766,0.13126778602600098,0.04244685173034668
20,2000,4,sf,linear_sem,19,Standard PC,0.761904761904762,0.8888888888888888,0.6666666666666666,15.0,3160,2970,3822,0.30524778366088867,0.29164791107177734,0.013599872589111328
20,2000,4,sf,linear_sem,19,DF-PC (Pure),0.761904761904762,0.8888888888888888,0.6666666666666666,15.0,1722,1532,3855,0.4593052864074707,0.3715400695800781,0.08776521682739258
20,2000,4,sf,linear_sem,20,Standard PC,0.8813559322033898,0.9629629629629629,0.8125,7.0,2177,1987,2532,0.21029877662658691,0.20037269592285156,0.009926080703735352
20,2000,4,sf,linear_sem,20,DF-PC (Pure),0.8813559322033898,0.9629629629629629,0.8125,7.0,520,330,2541,0.07810711860656738,0.047513484954833984,0.0305936336517334
20,2000,4,sf,linear_sem,21,Standard PC,0.6428571428571429,0.9,0.5,20.0,1793,1603,2534,0.17750167846679688,0.16827917098999023,0.00922250747680664
20,2000,4,sf,linear_sem,21,DF-PC (Pure),0.631578947368421,0.8571428571428571,0.5,21.0,1258,1068,2579,0.1442856788635254,0.1181020736694336,0.026183605194091797
20,2000,4,sf,linear_sem,22,Standard PC,0.7272727272727274,0.9523809523809523,0.5882352941176471,15.0,1865,1675,2438,0.18095064163208008,0.17170190811157227,0.009248733520507812
20,2000,4,sf,linear_sem,22,DF-PC (Pure),0.7142857142857143,0.9090909090909091,0.5882352941176471,16.0,1140,950,2533,0.13156676292419434,0.10507655143737793,0.026490211486816406
20,2000,4,sf,linear_sem,23,Standard PC,0.6785714285714285,0.9047619047619048,0.5428571428571428,18.0,1982,1792,2612,0.23528575897216797,0.22359323501586914,0.011692523956298828
20,2000,4,sf,linear_sem,23,DF-PC (Pure),0.7017543859649122,0.9090909090909091,0.5714285714285714,17.0,1258,1068,2718,0.20141267776489258,0.15874099731445312,0.04267168045043945
20,2000,4,sf,linear_sem,24,Standard PC,0.576923076923077,0.8333333333333334,0.4411764705882353,22.0,1896,1706,2600,0.26032161712646484,0.24703454971313477,0.013287067413330078
20,2000,4,sf,linear_sem,24,DF-PC (Pure),0.5660377358490566,0.7894736842105263,0.4411764705882353,23.0,1142,952,2708,0.2549622058868408,0.1469871997833252,0.10797500610351562
20,2000,4,sf,linear_sem,25,Standard PC,0.7301587301587301,0.8518518518518519,0.6388888888888888,17.0,3376,3186,3847,0.33496761322021484,0.32060813903808594,0.014359474182128906
20,2000,4,sf,linear_sem,25,DF-PC (Pure),0.7301587301587301,0.8518518518518519,0.6388888888888888,17.0,909,719,3894,0.1329054832458496,0.08559751510620117,0.04730796813964844
20,2000,4,sf,linear_sem,26,Standard PC,0.6071428571428571,0.85,0.4722222222222222,22.0,2069,1879,2812,0.20879244804382324,0.19794821739196777,0.010844230651855469
20,2000,4,sf,linear_sem,26,DF-PC (Pure),0.6071428571428571,0.85,0.4722222222222222,22.0,1515,1325,3151,0.17911601066589355,0.1435704231262207,0.03554558753967285
20,2000,4,sf,linear_sem,27,Standard PC,0.5423728813559322,0.6956521739130435,0.4444444444444444,27.0,2332,2142,3092,0.3583188056945801,0.3442037105560303,0.014115095138549805
20,2000,4,sf,linear_sem,27,DF-PC (Pure),0.5423728813559322,0.6956521739130435,0.4444444444444444,27.0,1398,1208,3094,0.16230154037475586,0.13023710250854492,0.03206443786621094
20,2000,4,sf,linear_sem,28,Standard PC,0.7719298245614035,0.9166666666666666,0.6666666666666666,13.0,2130,1940,2501,0.34377479553222656,0.32738661766052246,0.0163881778717041
20,2000,4,sf,linear_sem,28,DF-PC (Pure),0.7586206896551725,0.88,0.6666666666666666,14.0,896,706,2514,0.20512628555297852,0.14125275611877441,0.0638735294342041
20,2000,4,sf,linear_sem,29,Standard PC,0.8275862068965517,1.0,0.7058823529411765,10.0,2392,2202,2743,0.23966550827026367,0.22892522811889648,0.010740280151367188
20,2000,4,sf,linear_sem,29,DF-PC (Pure),0.8135593220338982,0.96,0.7058823529411765,11.0,893,703,2846,0.11967039108276367,0.08400368690490723,0.035666704177856445
20,5000,2,er,discrete,0,Standard PC,0.8235294117647058,1.0,0.7,6.0,260,70,462,0.04457354545593262,0.041463375091552734,0.003110170364379883
20,5000,2,er,discrete,0,DF-PC (Pure),0.888888888888889,1.0,0.8,4.0,202,12,480,0.03339076042175293,0.02911829948425293,0.0042724609375
20,5000,2,er,discrete,1,Standard PC,0.8235294117647058,1.0,0.7,6.0,256,66,449,0.04395341873168945,0.04094696044921875,0.003006458282470703
20,5000,2,er,discrete,1,DF-PC (Pure),0.888888888888889,1.0,0.8,4.0,193,3,460,0.03257107734680176,0.028383255004882812,0.004187822341918945
20,5000,2,er,discrete,2,Standard PC,0.8,0.9333333333333333,0.7,7.0,236,46,429,0.03974008560180664,0.03682446479797363,0.002915620803833008
20,5000,2,er,discrete,2,DF-PC (Pure),0.7777777777777777,0.875,0.7,8.0,193,3,429,0.031522274017333984,0.02767777442932129,0.0038444995880126953
20,5000,2,er,discrete,3,Standard PC,0.5185185185185185,1.0,0.35,13.0,204,14,394,0.03472447395324707,0.03207516670227051,0.0026493072509765625
20,5000,2,er,discrete,3,DF-PC (Pure),0.6451612903225806,0.9090909090909091,0.5,11.0,190,0,399,0.03215193748474121,0.028436660766601562,0.0037152767181396484
20,5000,2,er,discrete,4,Standard PC,0.7499999999999999,1.0,0.6,8.0,217,27,407,0.03579401969909668,0.03296613693237305,0.002827882766723633
20,5000,2,er,discrete,4,DF-PC (Pure),0.787878787878788,1.0,0.65,7.0,190,0,407,0.030866384506225586,0.02718067169189453,0.0036857128143310547
20,5000,2,er,discrete,5,Standard PC,0.7272727272727274,0.9230769230769231,0.6,9.0,263,73,457,0.049530029296875,0.04588651657104492,0.003643512725830078
20,5000,2,er,discrete,5,DF-PC (Pure),0.8205128205128205,0.8421052631578947,0.8,7.0,196,6,492,0.03328514099121094,0.02874016761779785,0.004544973373413086
20,5000,2,er,discrete,6,Standard PC,0.8571428571428571,1.0,0.75,5.0,264,74,456,0.044997215270996094,0.041962623596191406,0.0030345916748046875
20,5000,2,er,discrete,6,DF-PC (Pure),0.85,0.85,0.85,6.0,193,3,550,0.033514976501464844,0.02848505973815918,0.005029916763305664
20,5000,2,er,discrete,7,Standard PC,0.8571428571428571,1.0,0.75,5.0,251,61,454,0.04285621643066406,0.03979659080505371,0.0030596256256103516
20,5000,2,er,discrete,7,DF-PC (Pure),0.9189189189189189,1.0,0.85,3.0,206,16,454,0.03444266319274902,0.03028416633605957,0.004158496856689453
20,5000,2,er,discrete,8,Standard PC,0.787878787878788,1.0,0.65,7.0,244,54,434,0.04167580604553223,0.038721561431884766,0.002954244613647461
20,5000,2,er,discrete,8,DF-PC (Pure),0.8333333333333334,0.9375,0.75,6.0,190,0,446,0.03124260902404785,0.027311086654663086,0.003931522369384766
20,5000,2,er,discrete,9,Standard PC,0.787878787878788,1.0,0.65,7.0,266,76,466,0.04460430145263672,0.04160785675048828,0.0029964447021484375
20,5000,2,er,discrete,9,DF-PC (Pure),0.8717948717948718,0.8947368421052632,0.85,5.0,217,27,522,0.03648853302001953,0.03172731399536133,0.004761219024658203
20,5000,2,er,discrete,10,Standard PC,0.7499999999999999,1.0,0.6,8.0,240,50,430,0.039972782135009766,0.03714466094970703,0.0028281211853027344
20,5000,2,er,discrete,10,DF-PC (Pure),0.7647058823529412,0.9285714285714286,0.65,8.0,190,0,438,0.030995607376098633,0.02704000473022461,0.0039556026458740234
20,5000,2,er,discrete,11,Standard PC,0.8571428571428571,1.0,0.75,5.0,291,101,489,0.05023193359375,0.04693794250488281,0.0032939910888671875
20,5000,2,er,discrete,11,DF-PC (Pure),0.8421052631578948,0.8888888888888888,0.8,6.0,202,12,516,0.034708261489868164,0.02985525131225586,0.004853010177612305
20,5000,2,er,discrete,12,Standard PC,0.8235294117647058,1.0,0.7,6.0,239,49,432,0.039548635482788086,0.03661775588989258,0.002930879592895508
20,5000,2,er,discrete,12,DF-PC (Pure),0.888888888888889,1.0,0.8,4.0,193,3,445,0.031358957290649414,0.02729034423828125,0.004068613052368164
20,5000,2,er,discrete,13,Standard PC,0.888888888888889,1.0,0.8,4.0,252,62,442,0.042949676513671875,0.03992795944213867,0.003021717071533203
20,5000,2,er,discrete,13,DF-PC (Pure),0.9230769230769231,0.9473684210526315,0.9,3.0,190,0,465,0.030788421630859375,0.026755094528198242,0.004033327102661133
20,5000,2,er,discrete,14,Standard PC,0.8235294117647058,1.0,0.7,6.0,250,60,444,0.04280519485473633,0.03983330726623535,0.0029718875885009766
20,5000,2,er,discrete,14,DF-PC (Pure),0.85,0.85,0.85,6.0,196,6,489,0.03303050994873047,0.02857184410095215,0.00445866584777832
20,5000,2,er,discrete,15,Standard PC,0.8571428571428571,1.0,0.75,5.0,276,86,468,0.0637211799621582,0.05938982963562012,0.004331350326538086
20,5000,2,er,discrete,15,DF-PC (Pure),0.8947368421052632,0.9444444444444444,0.85,4.0,193,3,530,0.04882454872131348,0.04112505912780762,0.007699489593505859
20,5000,2,er,discrete,16,Standard PC,0.9473684210526316,1.0,0.9,2.0,294,104,487,0.0507349967956543,0.04746222496032715,0.0032727718353271484
20,5000,2,er,discrete,16,DF-PC (Pure),0.9523809523809523,0.9090909090909091,1.0,2.0,193,3,535,0.03258085250854492,0.02775430679321289,0.004826545715332031
20,5000,2,er,discrete,17,Standard PC,0.7096774193548387,1.0,0.55,9.0,245,55,439,0.04076790809631348,0.03789806365966797,0.002869844436645508
20,5000,2,er,discrete,17,DF-PC (Pure),0.8108108108108107,0.8823529411764706,0.75,7.0,196,6,459,0.032584428787231445,0.02842235565185547,0.0041620731353759766
20,5000,2,er,discrete,18,Standard PC,0.787878787878788,1.0,0.65,7.0,220,30,410,0.05424833297729492,0.05004596710205078,0.004202365875244141
20,5000,2,er,discrete,18,DF-PC (Pure),0.787878787878788,1.0,0.65,7.0,190,0,410,0.0458369255065918,0.039952754974365234,0.0058841705322265625
20,5000,2,er,discrete,19,Standard PC,0.888888888888889,1.0,0.8,4.0,293,103,486,0.08675837516784668,0.08167576789855957,0.005082607269287109
20,5000,2,er,discrete,19,DF-PC (Pure),0.8636363636363635,0.7916666666666666,0.95,6.0,193,3,544,0.06137347221374512,0.052245378494262695,0.009128093719482422
20,5000,2,er,discrete,20,Standard PC,0.4615384615384615,1.0,0.3,14.0,227,37,417,0.04742860794067383,0.04430532455444336,0.0031232833862304688
20,5000,2,er,discrete,20,DF-PC (Pure),0.6874999999999999,0.9166666666666666,0.55,10.0,190,0,417,0.030143022537231445,0.026439189910888672,0.0037038326263427734
20,5000,2,er,discrete,21,Standard PC,0.8235294117647058,1.0,0.7,6.0,273,83,463,0.04729199409484863,0.04405355453491211,0.0032384395599365234
20,5000,2,er,discrete,21,DF-PC (Pure),0.888888888888889,1.0,0.8,4.0,190,0,492,0.03175210952758789,0.027369022369384766,0.004383087158203125
20,5000,2,er,discrete,22,Standard PC,0.787878787878788,1.0,0.65,7.0,226,36,416,0.037934303283691406,0.03513789176940918,0.0027964115142822266
20,5000,2,er,discrete,22,DF-PC (Pure),0.7777777777777777,0.875,0.7,8.0,190,0,421,0.0319058895111084,0.028081178665161133,0.0038247108459472656
20,5000,2,er,discrete,23,Standard PC,0.9189189189189189,1.0,0.85,3.0,269,79,459,0.04637622833251953,0.0431981086730957,0.003178119659423828
20,5000,2,er,discrete,23,DF-PC (Pure),0.9,0.9,0.9,4.0,190,0,496,0.031363725662231445,0.02696514129638672,0.0043985843658447266
20,5000,2,er,discrete,24,Standard PC,0.8235294117647058,1.0,0.7,6.0,254,64,444,0.04324078559875488,0.040236473083496094,0.003004312515258789
20,5000,2,er,discrete,24,DF-PC (Pure),0.8421052631578948,0.8888888888888888,0.8,6.0,190,0,477,0.030981063842773438,0.02682328224182129,0.0041577816009521484
20,5000,2,er,discrete,25,Standard PC,0.8235294117647058,1.0,0.7,6.0,244,54,434,0.04188370704650879,0.03891253471374512,0.002971172332763672
20,5000,2,er,discrete,25,DF-PC (Pure),0.8717948717948718,0.8947368421052632,0.85,5.0,190,0,477,0.03148198127746582,0.02721428871154785,0.004267692565917969
20,5000,2,er,discrete,26,Standard PC,0.9473684210526316,1.0,0.9,2.0,266,76,456,0.04592418670654297,0.04279589653015137,0.0031282901763916016
20,5000,2,er,discrete,26,DF-PC (Pure),1.0,1.0,1.0,0.0,190,0,476,0.031820058822631836,0.027585744857788086,0.00423431396484375
20,5000,2,er,discrete,27,Standard PC,0.7499999999999999,1.0,0.6,8.0,254,64,448,0.04266786575317383,0.039739370346069336,0.002928495407104492
20,5000,2,er,discrete,27,DF-PC (Pure),0.7692307692307692,0.7894736842105263,0.75,9.0,202,12,548,0.03447389602661133,0.02940201759338379,0.005071878433227539
20,5000,2,er,discrete,28,Standard PC,0.888888888888889,1.0,0.8,4.0,265,75,458,0.044732093811035156,0.041652679443359375,0.0030794143676757812
20,5000,2,er,discrete,28,DF-PC (Pure),0.9743589743589743,1.0,0.95,1.0,193,3,493,0.031957149505615234,0.027608156204223633,0.0043489933013916016
20,5000,2,er,discrete,29,Standard PC,0.7647058823529412,0.9285714285714286,0.65,8.0,241,51,434,0.040946006774902344,0.03788876533508301,0.003057241439819336
20,5000,2,er,discrete,29,DF-PC (Pure),0.8333333333333334,0.9375,0.75,6.0,193,3,440,0.03111410140991211,0.027199268341064453,0.003914833068847656
20,5000,2,er,linear_sem,0,Standard PC,0.9743589743589743,1.0,0.95,1.0,736,546,1131,0.0740659236907959,0.06912946701049805,0.0049364566802978516
20,5000,2,er,linear_sem,0,DF-PC (Pure),0.9743589743589743,1.0,0.95,1.0,527,337,1131,0.05952811241149902,0.04897952079772949,0.010548591613769531
20,5000,2,er,linear_sem,1,Standard PC,1.0,1.0,1.0,0.0,729,539,1213,0.07353663444519043,0.0685875415802002,0.004949092864990234
20,5000,2,er,linear_sem,1,DF-PC (Pure),0.975609756097561,0.9523809523809523,1.0,1.0,590,400,1228,0.06525397300720215,0.054726362228393555,0.010527610778808594
20,5000,2,er,linear_sem,2,Standard PC,0.8333333333333334,0.9375,0.75,6.0,704,514,1107,0.07048988342285156,0.06575798988342285,0.004731893539428711
20,5000,2,er,linear_sem,2,DF-PC (Pure),0.8108108108108107,0.8823529411764706,0.75,7.0,546,356,1156,0.06062793731689453,0.05025219917297363,0.010375738143920898
20,5000,2,er,linear_sem,3,Standard PC,1.0,1.0,1.0,0.0,808,618,1206,0.07889795303344727,0.07376599311828613,0.005131959915161133
20,5000,2,er,linear_sem,3,DF-PC (Pure),0.975609756097561,0.9523809523809523,1.0,1.0,578,388,1211,0.0652928352355957,0.05340242385864258,0.011890411376953125
20,5000,2,er,linear_sem,4,Standard PC,1.0,1.0,1.0,0.0,651,461,943,0.06598520278930664,0.06151318550109863,0.004472017288208008
20,5000,2,er,linear_sem,4,DF-PC (Pure),0.975609756097561,0.9523809523809523,1.0,1.0,343,153,966,0.0400693416595459,0.03188967704772949,0.008179664611816406
20,5000,2,er,linear_sem,5,Standard PC,0.9268292682926829,0.9047619047619048,0.95,3.0,1152,962,1911,0.11370635032653809,0.10674929618835449,0.006957054138183594
20,5000,2,er,linear_sem,5,DF-PC (Pure),0.9268292682926829,0.9047619047619048,0.95,3.0,898,708,1911,0.12825298309326172,0.1051175594329834,0.02313542366027832
20,5000,2,er,linear_sem,6,Standard PC,0.9743589743589743,1.0,0.95,1.0,939,749,1549,0.09157633781433105,0.08575797080993652,0.005818367004394531
20,5000,2,er,linear_sem,6,DF-PC (Pure),0.9500000000000001,0.95,0.95,2.0,802,612,1562,0.08617806434631348,0.07194995880126953,0.014228105545043945
20,5000,2,er,linear_sem,7,Standard PC,1.0,1.0,1.0,0.0,646,456,1019,0.09009480476379395,0.0834965705871582,0.006598234176635742
20,5000,2,er,linear_sem,7,DF-PC (Pure),0.975609756097561,0.9523809523809523,1.0,1.0,430,240,1025,0.0684814453125,0.05498909950256348,0.013492345809936523
20,5000,2,er,linear_sem,8,Standard PC,0.9473684210526316,1.0,0.9,2.0,679,489,1165,0.06897854804992676,0.06407642364501953,0.0049021244049072266
20,5000,2,er,linear_sem,8,DF-PC (Pure),0.9473684210526316,1.0,0.9,2.0,552,362,1165,0.06297540664672852,0.05283832550048828,0.010137081146240234
20,5000,2,er,linear_sem,9,Standard PC,1.0,1.0,1.0,0.0,622,432,945,0.061856746673583984,0.0575106143951416,0.004346132278442383
20,5000,2,er,linear_sem,9,DF-PC (Pure),1.0,1.0,1.0,0.0,393,203,945,0.04482245445251465,0.0360255241394043,0.008796930313110352
20,5000,2,er,linear_sem,10,Standard PC,0.9743589743589743,1.0,0.95,1.0,690,500,1016,0.06954169273376465,0.06491661071777344,0.004625082015991211
20,5000,2,er,linear_sem,10,DF-PC (Pure),0.9743589743589743,1.0,0.95,1.0,426,236,1016,0.0494384765625,0.040004730224609375,0.009433746337890625
20,5000,2,er,linear_sem,11,Standard PC,0.9473684210526316,1.0,0.9,2.0,934,744,1679,0.09426665306091309,0.08807587623596191,0.006190776824951172
20,5000,2,er,linear_sem,11,DF-PC (Pure),0.9473684210526316,1.0,0.9,2.0,875,685,1679,0.09630370140075684,0.0818028450012207,0.014500856399536133
20,5000,2,er,linear_sem,12,Standard PC,0.9500000000000001,0.95,0.95,2.0,486,296,807,0.06883454322814941,0.06307125091552734,0.00576329231262207
20,5000,2,er,linear_sem,12,DF-PC (Pure),0.9500000000000001,0.95,0.95,2.0,366,176,807,0.05808877944946289,0.0469965934753418,0.011092185974121094
20,5000,2,er,linear_sem,13,Standard PC,0.9,0.9,0.9,4.0,931,741,1648,0.09478569030761719,0.08852624893188477,0.006259441375732422
20,5000,2,er,linear_sem,13,DF-PC (Pure),0.9,0.9,0.9,4.0,841,651,1648,0.09468603134155273,0.0799860954284668,0.014699935913085938
20,5000,2,er,linear_sem,14,Standard PC,0.9189189189189189,1.0,0.85,3.0,414,224,707,0.0602724552154541,0.054923057556152344,0.005349397659301758
20,5000,2,er,linear_sem,14,DF-PC (Pure),0.9189189189189189,1.0,0.85,3.0,345,155,707,0.05488991737365723,0.04470968246459961,0.010180234909057617
20,5000,2,er,linear_sem,15,Standard PC,0.9189189189189189,1.0,0.85,3.0,1292,1102,2428,0.20956015586853027,0.20172977447509766,0.007830381393432617
20,5000,2,er,linear_sem,15,DF-PC (Pure),0.8947368421052632,0.9444444444444444,0.85,4.0,1231,1041,2445,0.13034391403198242,0.1111750602722168,0.019168853759765625
20,5000,2,er,linear_sem,16,Standard PC,1.0,1.0,1.0,0.0,762,572,1255,0.08258557319641113,0.07721734046936035,0.005368232727050781
20,5000,2,er,linear_sem,16,DF-PC (Pure),1.0,1.0,1.0,0.0,581,391,1278,0.0671086311340332,0.05623745918273926,0.010871171951293945
20,5000,2,er,linear_sem,17,Standard PC,0.9743589743589743,1.0,0.95,1.0,452,262,708,0.045629262924194336,0.04199981689453125,0.003629446029663086
20,5000,2,er,linear_sem,17,DF-PC (Pure),0.9743589743589743,1.0,0.95,1.0,289,99,708,0.033402442932128906,0.027244091033935547,0.006158351898193359
20,5000,2,er,linear_sem,18,Standard PC,0.9473684210526316,1.0,0.9,2.0,839,649,1396,0.08641529083251953,0.08066630363464355,0.0057489871978759766
20,5000,2,er,linear_sem,18,DF-PC (Pure),0.9230769230769231,0.9473684210526315,0.9,3.0,672,482,1396,0.07474303245544434,0.06263923645019531,0.012103796005249023
20,5000,2,er,linear_sem,19,Standard PC,1.0,1.0,1.0,0.0,642,452,1029,0.06800961494445801,0.06330633163452148,0.0047032833099365234
20,5000,2,er,linear_sem,19,DF-PC (Pure),1.0,1.0,1.0,0.0,482,292,1029,0.05667614936828613,0.047072649002075195,0.009603500366210938
20,5000,2,er,linear_sem,20,Standard PC,0.8000000000000002,0.8,0.8,8.0,1465,1275,1778,0.20114588737487793,0.19092774391174316,0.010218143463134766
20,5000,2,er,linear_sem,20,DF-PC (Pure),0.7804878048780488,0.7619047619047619,0.8,9.0,473,283,1791,0.09730339050292969,0.061914920806884766,0.03538846969604492
20,5000,2,er,linear_sem,21,Standard PC,1.0,1.0,1.0,0.0,1129,939,1882,0.16977357864379883,0.15947651863098145,0.010297060012817383
20,5000,2,er,linear_sem,21,DF-PC (Pure),1.0,1.0,1.0,0.0,974,784,1885,0.1793684959411621,0.1493666172027588,0.03000187873840332
20,5000,2,er,linear_sem,22,Standard PC,0.975609756097561,0.9523809523809523,1.0,1.0,551,361,833,0.07747912406921387,0.07150387763977051,0.005975246429443359
20,5000,2,er,linear_sem,22,DF-PC (Pure),0.975609756097561,0.9523809523809523,1.0,1.0,370,180,833,0.06017255783081055,0.047658681869506836,0.012513875961303711
20,5000,2,er,linear_sem,23,Standard PC,0.9743589743589743,1.0,0.95,1.0,671,481,1103,0.0952601432800293,0.08829998970031738,0.006960153579711914
20,5000,2,er,linear_sem,23,DF-PC (Pure),0.9743589743589743,1.0,0.95,1.0,512,322,1103,0.08123922348022461,0.06645011901855469,0.014789104461669922
20,5000,2,er,linear_sem,24,Standard PC,0.9500000000000001,0.95,0.95,2.0,664,474,1036,0.09456539154052734,0.08780217170715332,0.0067632198333740234
20,5000,2,er,linear_sem,24,DF-PC (Pure),0.9268292682926829,0.9047619047619048,0.95,3.0,446,256,1040,0.07256627082824707,0.05823111534118652,0.014335155487060547
20,5000,2,er,linear_sem,25,Standard PC,1.0,1.0,1.0,0.0,778,588,1262,0.07803750038146973,0.07277679443359375,0.0052607059478759766
20,5000,2,er,linear_sem,25,DF-PC (Pure),1.0,1.0,1.0,0.0,574,384,1262,0.06478548049926758,0.05377674102783203,0.011008739471435547
20,5000,2,er,linear_sem,26,Standard PC,1.0,1.0,1.0,0.0,482,292,772,0.06947708129882812,0.06366229057312012,0.005814790725708008
20,5000,2,er,linear_sem,26,DF-PC (Pure),0.975609756097561,0.9523809523809523,1.0,1.0,346,156,777,0.05656552314758301,0.04569745063781738,0.010868072509765625
20,5000,2,er,linear_sem,27,Standard PC,0.9743589743589743,1.0,0.95,1.0,771,581,1224,0.07785725593566895,0.07274627685546875,0.005110979080200195
20,5000,2,er,linear_sem,27,DF-PC (Pure),0.9743589743589743,1.0,0.95,1.0,557,367,1224,0.06295990943908691,0.05231761932373047,0.010642290115356445
20,5000,2,er,linear_sem,28,Standard PC,0.9473684210526316,1.0,0.9,2.0,621,431,995,0.06315779685974121,0.05865621566772461,0.0045015811920166016
20,5000,2,er,linear_sem,28,DF-PC (Pure),0.9473684210526316,1.0,0.9,2.0,472,282,997,0.05405783653259277,0.044953107833862305,0.009104728698730469
20,5000,2,er,linear_sem,29,Standard PC,0.9743589743589743,1.0,0.95,1.0,460,270,737,0.04793047904968262,0.04416847229003906,0.0037620067596435547
20,5000,2,er,linear_sem,29,DF-PC (Pure),0.9500000000000001,0.95,0.95,2.0,321,131,791,0.037985801696777344,0.030948162078857422,0.007037639617919922
20,5000,2,sf,discrete,0,Standard PC,0.4799999999999999,1.0,0.3157894736842105,13.0,204,14,394,0.034104347229003906,0.031441450119018555,0.0026628971099853516
20,5000,2,sf,discrete,0,DF-PC (Pure),0.6428571428571429,1.0,0.47368421052631576,10.0,190,0,402,0.031980276107788086,0.028258085250854492,0.0037221908569335938
20,5000,2,sf,discrete,1,Standard PC,0.7499999999999999,0.9230769230769231,0.631578947368421,8.0,234,44,424,0.03873467445373535,0.03591322898864746,0.0028214454650878906
20,5000,2,sf,discrete,1,DF-PC (Pure),0.7777777777777778,0.8235294117647058,0.7368421052631579,8.0,190,0,482,0.031020164489746094,0.026646852493286133,0.004373311996459961
20,5000,2,sf,discrete,2,Standard PC,0.5925925925925926,1.0,0.42105263157894735,11.0,210,20,400,0.037126779556274414,0.03431439399719238,0.0028123855590820312
20,5000,2,sf,discrete,2,DF-PC (Pure),0.5714285714285714,0.8888888888888888,0.42105263157894735,12.0,190,0,400,0.02987504005432129,0.026418209075927734,0.0034568309783935547
20,5000,2,sf,discrete,3,Standard PC,0.5384615384615384,1.0,0.3684210526315789,12.0,199,9,389,0.0317378044128418,0.029219865798950195,0.0025179386138916016
20,5000,2,sf,discrete,3,DF-PC (Pure),0.5185185185185185,0.875,0.3684210526315789,13.0,190,0,393,0.030216693878173828,0.02674412727355957,0.003472566604614258
20,5000,2,sf,discrete,4,Standard PC,0.4166666666666667,1.0,0.2631578947368421,14.0,201,11,391,0.044455528259277344,0.04063105583190918,0.003824472427368164
20,5000,2,sf,discrete,4,DF-PC (Pure),0.39999999999999997,0.8333333333333334,0.2631578947368421,15.0,190,0,391,0.04628419876098633,0.04077863693237305,0.005505561828613281
20,5000,2,sf,discrete,5,Standard PC,0.5185185185185185,0.875,0.3684210526315789,13.0,200,10,390,0.03246259689331055,0.029927492141723633,0.002535104751586914
20,5000,2,sf,discrete,5,DF-PC (Pure),0.5,0.7777777777777778,0.3684210526315789,14.0,190,0,390,0.03132891654968262,0.02782130241394043,0.0035076141357421875
20,5000,2,sf,discrete,6,Standard PC,0.6896551724137931,1.0,0.5263157894736842,9.0,211,21,404,0.04647684097290039,0.04262208938598633,0.0038547515869140625
20,5000,2,sf,discrete,6,DF-PC (Pure),0.6666666666666666,0.9090909090909091,0.5263157894736842,10.0,193,3,408,0.048535823822021484,0.04272294044494629,0.005812883377075195
20,5000,2,sf,discrete,7,Standard PC,0.4347826086956522,1.0,0.2777777777777778,13.0,192,2,382,0.030084609985351562,0.02759695053100586,0.002487659454345703
20,5000,2,sf,discrete,7,DF-PC (Pure),0.4347826086956522,1.0,0.2777777777777778,13.0,190,0,382,0.030524253845214844,0.027117490768432617,0.0034067630767822266
20,5000,2,sf,discrete,8,Standard PC,0.6896551724137931,1.0,0.5263157894736842,9.0,211,21,401,0.03327465057373047,0.030642032623291016,0.002632617950439453
20,5000,2,sf,discrete,8,DF-PC (Pure),0.6451612903225806,0.8333333333333334,0.5263157894736842,11.0,190,0,401,0.030050039291381836,0.026415348052978516,0.0036346912384033203
20,5000,2,sf,discrete,9,Standard PC,0.5714285714285714,0.8888888888888888,0.42105263157894735,12.0,235,45,425,0.03933835029602051,0.03660416603088379,0.0027341842651367188
20,5000,2,sf,discrete,9,DF-PC (Pure),0.625,0.7692307692307693,0.5263157894736842,12.0,190,0,444,0.03127765655517578,0.027339935302734375,0.003937721252441406
20,5000,2,sf,discrete,10,Standard PC,0.4799999999999999,1.0,0.3157894736842105,13.0,199,9,389,0.03259468078613281,0.03003716468811035,0.002557516098022461
20,5000,2,sf,discrete,10,DF-PC (Pure),0.46153846153846156,0.8571428571428571,0.3157894736842105,14.0,190,0,393,0.03153276443481445,0.02792191505432129,0.003610849380493164
20,5000,2,sf,discrete,11,Standard PC,0.5384615384615384,1.0,0.3684210526315789,12.0,202,12,392,0.03188657760620117,0.029337406158447266,0.0025491714477539062
20,5000,2,sf,discrete,11,DF-PC (Pure),0.6206896551724138,0.9,0.47368421052631576,11.0,190,0,392,0.029892683029174805,0.02640819549560547,0.003484487533569336
20,5000,2,sf,discrete,12,Standard PC,0.3333333333333333,0.8,0.21052631578947367,16.0,194,4,384,0.030219078063964844,0.027848005294799805,0.002371072769165039
20,5000,2,sf,discrete,12,DF-PC (Pure),0.3333333333333333,0.8,0.21052631578947367,16.0,190,0,384,0.02982497215270996,0.026540279388427734,0.0032846927642822266
20,5000,2,sf,discrete,13,Standard PC,0.6428571428571429,1.0,0.47368421052631576,10.0,202,12,395,0.032242774963378906,0.029691696166992188,0.0025510787963867188
20,5000,2,sf,discrete,13,DF-PC (Pure),0.6428571428571429,1.0,0.47368421052631576,10.0,193,3,395,0.03158879280090332,0.028068065643310547,0.0035207271575927734
20,5000,2,sf,discrete,14,Standard PC,0.5384615384615384,1.0,0.3684210526315789,12.0,202,12,392,0.03154158592224121,0.029090404510498047,0.002451181411743164
20,5000,2,sf,discrete,14,DF-PC (Pure),0.6428571428571429,1.0,0.47368421052631576,10.0,190,0,395,0.030115127563476562,0.026657581329345703,0.0034575462341308594
20,5000,2,sf,discrete,15,Standard PC,0.7333333333333334,1.0,0.5789473684210527,8.0,217,27,407,0.03683280944824219,0.033960580825805664,0.0028722286224365234
20,5000,2,sf,discrete,15,DF-PC (Pure),0.6875,0.8461538461538461,0.5789473684210527,10.0,190,0,415,0.031414031982421875,0.02752971649169922,0.0038843154907226562
20,5000,2,sf,discrete,16,Standard PC,0.7333333333333334,1.0,0.5789473684210527,8.0,227,37,417,0.03984975814819336,0.0369267463684082,0.0029230117797851562
20,5000,2,sf,discrete,16,DF-PC (Pure),0.6470588235294117,0.7333333333333333,0.5789473684210527,12.0,190,0,426,0.03151893615722656,0.027715682983398438,0.003803253173828125
20,5000,2,sf,discrete,17,Standard PC,0.6896551724137931,1.0,0.5263157894736842,9.0,213,23,403,0.034922122955322266,0.0322725772857666,0.002649545669555664
20,5000,2,sf,discrete,17,DF-PC (Pure),0.6666666666666666,0.9090909090909091,0.5263157894736842,10.0,190,0,403,0.031920671463012695,0.02753615379333496,0.004384517669677734
20,5000,2,sf,discrete,18,Standard PC,0.5185185185185185,0.875,0.3684210526315789,13.0,200,10,390,0.03240823745727539,0.029828310012817383,0.002579927444458008
20,5000,2,sf,discrete,18,DF-PC (Pure),0.5517241379310345,0.8,0.42105263157894735,13.0,190,0,390,0.030202627182006836,0.026713848114013672,0.003488779067993164
20,5000,2,sf,discrete,19,Standard PC,0.44444444444444436,0.75,0.3157894736842105,15.0,224,34,414,0.0375666618347168,0.03475379943847656,0.0028128623962402344
20,5000,2,sf,discrete,19,DF-PC (Pure),0.5,0.6153846153846154,0.42105263157894735,16.0,190,0,441,0.031233787536621094,0.02723073959350586,0.004003047943115234
20,5000,2,sf,discrete,20,Standard PC,0.3333333333333333,0.8,0.21052631578947367,16.0,203,13,393,0.03396892547607422,0.03128838539123535,0.002680540084838867
20,5000,2,sf,discrete,20,DF-PC (Pure),0.32,0.6666666666666666,0.21052631578947367,17.0,190,0,393,0.030419588088989258,0.026974201202392578,0.0034453868865966797
20,5000,2,sf,discrete,21,Standard PC,0.6428571428571429,1.0,0.47368421052631576,10.0,207,17,397,0.034063100814819336,0.03132033348083496,0.002742767333984375
20,5000,2,sf,discrete,21,DF-PC (Pure),0.6206896551724138,0.9,0.47368421052631576,11.0,190,0,412,0.0304107666015625,0.02682948112487793,0.0035812854766845703
20,5000,2,sf,discrete,22,Standard PC,0.34782608695652173,1.0,0.21052631578947367,15.0,192,2,382,0.030637741088867188,0.028086185455322266,0.002551555633544922
20,5000,2,sf,discrete,22,DF-PC (Pure),0.34782608695652173,1.0,0.21052631578947367,15.0,190,0,382,0.02988743782043457,0.026509523391723633,0.0033779144287109375
20,5000,2,sf,discrete,23,Standard PC,0.3846153846153846,0.7142857142857143,0.2631578947368421,16.0,194,4,384,0.03273510932922363,0.030027389526367188,0.0027077198028564453
20,5000,2,sf,discrete,23,DF-PC (Pure),0.37037037037037035,0.625,0.2631578947368421,17.0,190,0,384,0.030340909957885742,0.0269162654876709,0.0034246444702148438
20,5000,2,sf,discrete,24,Standard PC,0.4799999999999999,1.0,0.3157894736842105,13.0,192,2,382,0.030750513076782227,0.028199195861816406,0.0025513172149658203
20,5000,2,sf,discrete,24,DF-PC (Pure),0.4799999999999999,1.0,0.3157894736842105,13.0,190,0,382,0.030088186264038086,0.02673625946044922,0.003351926803588867
20,5000,2,sf,discrete,25,Standard PC,0.7333333333333334,1.0,0.5789473684210527,8.0,242,52,432,0.041464805603027344,0.03850412368774414,0.002960681915283203
20,5000,2,sf,discrete,25,DF-PC (Pure),0.7222222222222222,0.7647058823529411,0.6842105263157895,10.0,190,0,466,0.03140401840209961,0.02726578712463379,0.00413823127746582
20,5000,2,sf,discrete,26,Standard PC,0.7096774193548387,0.9166666666666666,0.5789473684210527,9.0,216,26,409,0.03550982475280762,0.032752037048339844,0.0027577877044677734
20,5000,2,sf,discrete,26,DF-PC (Pure),0.6666666666666667,0.7857142857142857,0.5789473684210527,11.0,193,3,412,0.03126955032348633,0.027457237243652344,0.0038123130798339844
20,5000,2,sf,discrete,27,Standard PC,0.5714285714285714,0.8888888888888888,0.42105263157894735,12.0,211,21,401,0.03434133529663086,0.031677961349487305,0.0026633739471435547
20,5000,2,sf,discrete,27,DF-PC (Pure),0.6,0.8181818181818182,0.47368421052631576,12.0,190,0,408,0.0304105281829834,0.026861906051635742,0.0035486221313476562
20,5000,2,sf,discrete,28,Standard PC,0.6428571428571429,1.0,0.47368421052631576,10.0,201,11,391,0.032906532287597656,0.030241727828979492,0.002664804458618164
20,5000,2,sf,discrete,28,DF-PC (Pure),0.6206896551724138,0.9,0.47368421052631576,11.0,190,0,395,0.03095531463623047,0.02727818489074707,0.0036771297454833984
20,5000,2,sf,discrete,29,Standard PC,0.3333333333333333,0.6666666666666666,0.2222222222222222,16.0,198,8,388,0.03299403190612793,0.03035759925842285,0.002636432647705078
20,5000,2,sf,discrete,29,DF-PC (Pure),0.30769230769230765,0.5,0.2222222222222222,18.0,190,0,388,0.029985666275024414,0.026604175567626953,0.003381490707397461
20,5000,2,sf,linear_sem,0,Standard PC,1.0,1.0,1.0,0.0,2702,2512,2943,0.27332377433776855,0.26222777366638184,0.011096000671386719
20,5000,2,sf,linear_sem,0,DF-PC (Pure),0.9743589743589743,0.95,1.0,1.0,276,86,2945,0.07471585273742676,0.025223970413208008,0.04949188232421875
20,5000,2,sf,linear_sem,1,Standard PC,1.0,1.0,1.0,0.0,556,366,846,0.054210662841796875,0.05020332336425781,0.0040073394775390625
20,5000,2,sf,linear_sem,1,DF-PC (Pure),1.0,1.0,1.0,0.0,342,152,846,0.03791451454162598,0.030828237533569336,0.007086277008056641
20,5000,2,sf,linear_sem,2,Standard PC,1.0,1.0,1.0,0.0,911,721,1195,0.12668776512145996,0.1190633773803711,0.007624387741088867
20,5000,2,sf,linear_sem,2,DF-PC (Pure),1.0,1.0,1.0,0.0,545,355,1195,0.09720373153686523,0.07096433639526367,0.026239395141601562
20,5000,2,sf,linear_sem,3,Standard PC,0.8571428571428572,0.9375,0.7894736842105263,5.0,591,401,897,0.058509111404418945,0.05427861213684082,0.004230499267578125
20,5000,2,sf,linear_sem,3,DF-PC (Pure),0.8108108108108109,0.8333333333333334,0.7894736842105263,7.0,419,229,903,0.05661606788635254,0.04413414001464844,0.012481927871704102
20,5000,2,sf,linear_sem,4,Standard PC,1.0,1.0,1.0,0.0,2839,2649,3071,0.29440903663635254,0.28264617919921875,0.011762857437133789
20,5000,2,sf,linear_sem,4,DF-PC (Pure),0.9500000000000001,0.9047619047619048,1.0,2.0,517,327,3361,0.11724591255187988,0.051309823989868164,0.06593608856201172
20,5000,2,sf,linear_sem,5,Standard PC,0.9743589743589743,0.95,1.0,1.0,561,371,851,0.05531620979309082,0.05126070976257324,0.004055500030517578
20,5000,2,sf,linear_sem,5,DF-PC (Pure),0.9500000000000001,0.9047619047619048,1.0,2.0,357,167,856,0.040181636810302734,0.032390594482421875,0.007791042327880859
20,5000,2,sf,linear_sem,6,Standard PC,0.972972972972973,1.0,0.9473684210526315,1.0,867,677,1181,0.12449097633361816,0.11694121360778809,0.007549762725830078
20,5000,2,sf,linear_sem,6,DF-PC (Pure),0.972972972972973,1.0,0.9473684210526315,1.0,582,392,1181,0.10486650466918945,0.07888150215148926,0.025985002517700195
20,5000,2,sf,linear_sem,7,Standard PC,0.9473684210526316,0.9,1.0,2.0,11595,11405,11835,1.4218461513519287,1.3726496696472168,0.049196481704711914
20,5000,2,sf,linear_sem,7,DF-PC (Pure),0.9473684210526316,0.9,1.0,2.0,6376,6186,11835,1.2177507877349854,0.6721155643463135,0.5456352233886719
20,5000,2,sf,linear_sem,8,Standard PC,0.918918918918919,0.9444444444444444,0.8947368421052632,3.0,875,685,1197,0.12056803703308105,0.11315083503723145,0.007417201995849609
20,5000,2,sf,linear_sem,8,DF-PC (Pure),0.918918918918919,0.9444444444444444,0.8947368421052632,3.0,589,399,1198,0.10317111015319824,0.07617831230163574,0.0269927978515625
20,5000,2,sf,linear_sem,9,Standard PC,1.0,1.0,1.0,0.0,911,721,1189,0.1285688877105713,0.12103962898254395,0.007529258728027344
20,5000,2,sf,linear_sem,9,DF-PC (Pure),1.0,1.0,1.0,0.0,587,397,1189,0.10547590255737305,0.07786273956298828,0.027613162994384766
20,5000,2,sf,linear_sem,10,Standard PC,1.0,1.0,1.0,0.0,784,594,1045,0.07629823684692383,0.0715177059173584,0.00478053092956543
20,5000,2,sf,linear_sem,10,DF-PC (Pure),0.9743589743589743,0.95,1.0,1.0,389,199,1048,0.04710888862609863,0.03543376922607422,0.011675119400024414
20,5000,2,sf,linear_sem,11,Standard PC,0.9743589743589743,0.95,1.0,1.0,688,498,989,0.09844756126403809,0.09162354469299316,0.006824016571044922
20,5000,2,sf,linear_sem,11,DF-PC (Pure),0.9743589743589743,0.95,1.0,1.0,457,267,989,0.07700395584106445,0.059746742248535156,0.017257213592529297
20,5000,2,sf,linear_sem,12,Standard PC,0.9743589743589743,0.95,1.0,1.0,3125,2935,3404,0.426281213760376,0.40907740592956543,0.017203807830810547
20,5000,2,sf,linear_sem,12,DF-PC (Pure),0.9743589743589743,0.95,1.0,1.0,1794,1604,3404,0.3889198303222656,0.2386467456817627,0.15027308464050293
20,5000,2,sf,linear_sem,13,Standard PC,0.9444444444444444,1.0,0.8947368421052632,2.0,612,422,906,0.06041598320007324,0.056210994720458984,0.004204988479614258
20,5000,2,sf,linear_sem,13,DF-PC (Pure),0.9444444444444444,1.0,0.8947368421052632,2.0,406,216,906,0.04648566246032715,0.03703880310058594,0.009446859359741211
20,5000,2,sf,linear_sem,14,Standard PC,0.8823529411764706,1.0,0.7894736842105263,4.0,425,235,714,0.060022592544555664,0.054741621017456055,0.005280971527099609
20,5000,2,sf,linear_sem,14,DF-PC (Pure),0.8571428571428572,0.9375,0.7894736842105263,5.0,319,129,715,0.04968667030334473,0.04024934768676758,0.009437322616577148
20,5000,2,sf,linear_sem,15,Standard PC,1.0,1.0,1.0,0.0,1422,1232,1668,0.20292258262634277,0.19317340850830078,0.009749174118041992
20,5000,2,sf,linear_sem,15,DF-PC (Pure),0.9500000000000001,0.9047619047619048,1.0,2.0,264,74,1672,0.0712428092956543,0.03465890884399414,0.036583900451660156
20,5000,2,sf,linear_sem,16,Standard PC,1.0,1.0,1.0,0.0,528,338,846,0.052490949630737305,0.04841923713684082,0.004071712493896484
20,5000,2,sf,linear_sem,16,DF-PC (Pure),1.0,1.0,1.0,0.0,372,182,848,0.0416872501373291,0.03383183479309082,0.007855415344238281
20,5000,2,sf,linear_sem,17,Standard PC,1.0,1.0,1.0,0.0,2716,2526,2968,0.3857121467590332,0.37023138999938965,0.015480756759643555
20,5000,2,sf,linear_sem,17,DF-PC (Pure),0.9743589743589743,0.95,1.0,1.0,270,80,2974,0.11892175674438477,0.0347597599029541,0.08416199684143066
20,5000,2,sf,linear_sem,18,Standard PC,0.8125000000000001,1.0,0.6842105263157895,6.0,429,239,705,0.061881303787231445,0.05661344528198242,0.0052678585052490234
20,5000,2,sf,linear_sem,18,DF-PC (Pure),0.8125000000000001,1.0,0.6842105263157895,6.0,318,128,705,0.05108380317687988,0.041045427322387695,0.010038375854492188
20,5000,2,sf,linear_sem,19,Standard PC,0.9444444444444444,1.0,0.8947368421052632,2.0,669,479,968,0.06556558609008789,0.06110525131225586,0.004460334777832031
20,5000,2,sf,linear_sem,19,DF-PC (Pure),0.918918918918919,0.9444444444444444,0.8947368421052632,3.0,455,265,968,0.05244255065917969,0.041839599609375,0.010602951049804688
20,5000,2,sf,linear_sem,20,Standard PC,0.9743589743589743,0.95,1.0,1.0,2822,2632,3065,0.3605966567993164,0.34652280807495117,0.014073848724365234
20,5000,2,sf,linear_sem,20,DF-PC (Pure),0.9743589743589743,0.95,1.0,1.0,1522,1332,3065,0.33687448501586914,0.21117734909057617,0.12569713592529297
20,5000,2,sf,linear_sem,21,Standard PC,0.8823529411764706,1.0,0.7894736842105263,4.0,476,286,766,0.06728863716125488,0.06172680854797363,0.00556182861328125
20,5000,2,sf,linear_sem,21,DF-PC (Pure),0.8823529411764706,1.0,0.7894736842105263,4.0,360,170,766,0.05734515190124512,0.04598689079284668,0.011358261108398438
20,5000,2,sf,linear_sem,22,Standard PC,1.0,1.0,1.0,0.0,5490,5300,5743,0.5794847011566162,0.5586087703704834,0.020875930786132812
20,5000,2,sf,linear_sem,22,DF-PC (Pure),1.0,1.0,1.0,0.0,3068,2878,5746,0.5787217617034912,0.38672566413879395,0.19199609756469727
20,5000,2,sf,linear_sem,23,Standard PC,0.972972972972973,1.0,0.9473684210526315,1.0,917,727,1212,0.1296229362487793,0.1218712329864502,0.0077517032623291016
20,5000,2,sf,linear_sem,23,DF-PC (Pure),0.972972972972973,1.0,0.9473684210526315,1.0,616,426,1212,0.1090538501739502,0.08117294311523438,0.02788090705871582
20,5000,2,sf,linear_sem,24,Standard PC,1.0,1.0,1.0,0.0,2721,2531,2955,0.27052855491638184,0.2592811584472656,0.011247396469116211
20,5000,2,sf,linear_sem,24,DF-PC (Pure),1.0,1.0,1.0,0.0,276,86,2955,0.075225830078125,0.02564525604248047,0.04958057403564453
20,5000,2,sf,linear_sem,25,Standard PC,1.0,1.0,1.0,0.0,577,387,928,0.056578636169433594,0.0523223876953125,0.004256248474121094
20,5000,2,sf,linear_sem,25,DF-PC (Pure),1.0,1.0,1.0,0.0,383,193,928,0.0426633358001709,0.03459429740905762,0.008069038391113281
20,5000,2,sf,linear_sem,26,Standard PC,1.0,1.0,1.0,0.0,824,634,1051,0.08061599731445312,0.07578134536743164,0.004834651947021484
20,5000,2,sf,linear_sem,26,DF-PC (Pure),1.0,1.0,1.0,0.0,249,59,1051,0.03420901298522949,0.02268815040588379,0.011520862579345703
20,5000,2,sf,linear_sem,27,Standard PC,1.0,1.0,1.0,0.0,692,502,971,0.09554004669189453,0.08895206451416016,0.006587982177734375
20,5000,2,sf,linear_sem,27,DF-PC (Pure),1.0,1.0,1.0,0.0,469,279,971,0.0782473087310791,0.060193538665771484,0.018053770065307617
20,5000,2,sf,linear_sem,28,Standard PC,1.0,1.0,1.0,0.0,659,469,916,0.09397292137145996,0.08762931823730469,0.0063436031341552734
20,5000,2,sf,linear_sem,28,DF-PC (Pure),1.0,1.0,1.0,0.0,368,178,916,0.06468915939331055,0.049204349517822266,0.015484809875488281
20,5000,2,sf,linear_sem,29,Standard PC,1.0,1.0,1.0,0.0,11610,11420,11861,1.1702609062194824,1.1298935413360596,0.04036736488342285
20,5000,2,sf,linear_sem,29,DF-PC (Pure),1.0,1.0,1.0,0.0,6378,6188,11868,1.1587543487548828,0.7075905799865723,0.45116376876831055
20,5000,4,er,discrete,0,Standard PC,0.4615384615384615,1.0,0.3,28.0,278,88,475,0.04652810096740723,0.04350090026855469,0.003027200698852539
20,5000,4,er,discrete,0,DF-PC (Pure),0.6440677966101694,1.0,0.475,21.0,207,17,579,0.03540444374084473,0.029967308044433594,0.005437135696411133
20,5000,4,er,discrete,1,Standard PC,0.4905660377358491,1.0,0.325,27.0,270,80,460,0.04715991020202637,0.0439760684967041,0.0031838417053222656
20,5000,4,er,discrete,1,DF-PC (Pure),0.5614035087719298,0.9411764705882353,0.4,25.0,190,0,525,0.03280305862426758,0.028032779693603516,0.0047702789306640625
20,5000,4,er,discrete,2,Standard PC,0.6666666666666666,1.0,0.5,20.0,292,102,488,0.04917430877685547,0.04599452018737793,0.003179788589477539
20,5000,4,er,discrete,2,DF-PC (Pure),0.6774193548387099,0.9545454545454546,0.525,20.0,196,6,506,0.03231024742126465,0.027815818786621094,0.004494428634643555
20,5000,4,er,discrete,3,Standard PC,0.5714285714285715,1.0,0.4,24.0,310,120,506,0.05659222602844238,0.0531768798828125,0.003415346145629883
20,5000,4,er,discrete,3,DF-PC (Pure),0.6101694915254237,0.9473684210526315,0.45,23.0,196,6,567,0.034963130950927734,0.029835939407348633,0.0051271915435791016
20,5000,4,er,discrete,4,Standard PC,0.4615384615384615,1.0,0.3,28.0,248,58,441,0.0424036979675293,0.03955793380737305,0.00284576416015625
20,5000,4,er,discrete,4,DF-PC (Pure),0.5263157894736842,0.8823529411764706,0.375,27.0,193,3,466,0.032898664474487305,0.02872014045715332,0.004178524017333984
20,5000,4,er,discrete,5,Standard PC,0.5964912280701754,1.0,0.425,23.0,408,218,609,0.07223248481750488,0.06853890419006348,0.0036935806274414062
20,5000,4,er,discrete,5,DF-PC (Pure),0.7384615384615384,0.96,0.6,17.0,205,15,779,0.03745770454406738,0.029725074768066406,0.0077326297760009766
20,5000,4,er,discrete,6,Standard PC,0.5454545454545454,1.0,0.375,25.0,384,194,585,0.06963920593261719,0.06600832939147949,0.0036308765411376953
20,5000,4,er,discrete,6,DF-PC (Pure),0.6451612903225806,0.9090909090909091,0.5,22.0,213,23,982,0.04411578178405762,0.03220224380493164,0.011913537979125977
20,5000,4,er,discrete,7,Standard PC,0.5357142857142857,0.9375,0.375,26.0,503,313,708,0.09931230545043945,0.09494996070861816,0.004362344741821289
20,5000,4,er,discrete,7,DF-PC (Pure),0.6229508196721311,0.9047619047619048,0.475,23.0,260,70,757,0.05230212211608887,0.043480634689331055,0.008821487426757812
20,5000,4,er,discrete,8,Standard PC,0.4905660377358491,1.0,0.325,27.0,256,66,448,0.04363417625427246,0.04062175750732422,0.003012418746948242
20,5000,4,er,discrete,8,DF-PC (Pure),0.6206896551724138,1.0,0.45,22.0,193,3,490,0.03195953369140625,0.027567148208618164,0.004392385482788086
20,5000,4,er,discrete,9,Standard PC,0.48148148148148157,0.9285714285714286,0.325,28.0,336,146,528,0.05735135078430176,0.05396723747253418,0.003384113311767578
20,5000,4,er,discrete,9,DF-PC (Pure),0.7164179104477612,0.8888888888888888,0.6,19.0,193,3,1080,0.03857541084289551,0.0268094539642334,0.01176595687866211
20,5000,4,er,discrete,10,Standard PC,0.4615384615384615,1.0,0.3,28.0,243,53,434,0.04076695442199707,0.03780412673950195,0.002962827682495117
20,5000,4,er,discrete,10,DF-PC (Pure),0.5964912280701754,1.0,0.425,23.0,193,3,456,0.03165864944458008,0.027627229690551758,0.00403141975402832
20,5000,4,er,discrete,11,Standard PC,0.5714285714285715,1.0,0.4,24.0,267,77,459,0.07436895370483398,0.0693976879119873,0.00497126579284668
20,5000,4,er,discrete,11,DF-PC (Pure),0.6333333333333334,0.95,0.475,22.0,193,3,508,0.05025029182434082,0.04275155067443848,0.007498741149902344
20,5000,4,er,discrete,12,Standard PC,0.4905660377358491,1.0,0.325,27.0,337,147,534,0.05768847465515137,0.05442309379577637,0.003265380859375
20,5000,4,er,discrete,12,DF-PC (Pure),0.7499999999999999,1.0,0.6,16.0,206,16,776,0.03769397735595703,0.029912233352661133,0.0077817440032958984
20,5000,4,er,discrete,13,Standard PC,0.5964912280701754,1.0,0.425,23.0,293,103,484,0.07900047302246094,0.07411909103393555,0.004881381988525391
20,5000,4,er,discrete,13,DF-PC (Pure),0.7301587301587301,1.0,0.575,17.0,193,3,525,0.0493319034576416,0.0417780876159668,0.007553815841674805
20,5000,4,er,discrete,14,Standard PC,0.5714285714285715,1.0,0.4,24.0,275,85,468,0.07556867599487305,0.07040190696716309,0.005166769027709961
20,5000,4,er,discrete,14,DF-PC (Pure),0.71875,0.9583333333333334,0.575,18.0,193,3,574,0.05122852325439453,0.04257392883300781,0.008654594421386719
20,5000,4,er,discrete,15,Standard PC,0.5714285714285715,1.0,0.4,24.0,305,115,495,0.054299354553222656,0.0508885383605957,0.003410816192626953
20,5000,4,er,discrete,15,DF-PC (Pure),0.6451612903225806,0.9090909090909091,0.5,22.0,190,0,565,0.03310346603393555,0.027857542037963867,0.00524592399597168
20,5000,4,er,discrete,16,Standard PC,0.4905660377358491,1.0,0.325,27.0,268,78,464,0.045954227447509766,0.0428309440612793,0.0031232833862304688
20,5000,4,er,discrete,16,DF-PC (Pure),0.6101694915254237,0.9473684210526315,0.45,23.0,196,6,531,0.034009456634521484,0.029016971588134766,0.004992485046386719
20,5000,4,er,discrete,17,Standard PC,0.4905660377358491,1.0,0.325,27.0,312,122,508,0.05642127990722656,0.05312705039978027,0.003294229507446289
20,5000,4,er,discrete,17,DF-PC (Pure),0.6774193548387099,0.9545454545454546,0.525,20.0,196,6,722,0.03600263595581055,0.0287628173828125,0.007239818572998047
20,5000,4,er,discrete,18,Standard PC,0.4905660377358491,1.0,0.325,27.0,281,91,481,0.04741692543029785,0.04428863525390625,0.0031282901763916016
20,5000,4,er,discrete,18,DF-PC (Pure),0.5714285714285715,1.0,0.4,24.0,201,11,488,0.03324604034423828,0.028863906860351562,0.004382133483886719
20,5000,4,er,discrete,19,Standard PC,0.4,1.0,0.25,30.0,251,61,441,0.041985511779785156,0.039063215255737305,0.0029222965240478516
20,5000,4,er,discrete,19,DF-PC (Pure),0.6206896551724138,1.0,0.45,22.0,190,0,529,0.031211376190185547,0.026659727096557617,0.00455164909362793
20,5000,4,er,discrete,20,Standard PC,0.6206896551724138,1.0,0.45,22.0,302,112,501,0.05221438407897949,0.04884171485900879,0.003372669219970703
20,5000,4,er,discrete,20,DF-PC (Pure),0.6666666666666666,1.0,0.5,20.0,207,17,545,0.03473186492919922,0.0296175479888916,0.005114316940307617
20,5000,4,er,discrete,21,Standard PC,0.5185185185185185,1.0,0.35,26.0,257,67,454,0.04375028610229492,0.0407869815826416,0.0029633045196533203
20,5000,4,er,discrete,21,DF-PC (Pure),0.6440677966101694,1.0,0.475,21.0,198,8,481,0.033626556396484375,0.029106616973876953,0.004519939422607422
20,5000,4,er,discrete,22,Standard PC,0.4313725490196079,1.0,0.275,29.0,231,41,421,0.05918598175048828,0.05482077598571777,0.004365205764770508
20,5000,4,er,discrete,22,DF-PC (Pure),0.5614035087719298,0.9411764705882353,0.4,25.0,190,0,444,0.046990156173706055,0.04059648513793945,0.0063936710357666016
20,5000,4,er,discrete,23,Standard PC,0.48148148148148157,0.9285714285714286,0.325,28.0,232,42,422,0.03952193260192871,0.03656268119812012,0.0029592514038085938
20,5000,4,er,discrete,23,DF-PC (Pure),0.5862068965517241,0.9444444444444444,0.425,24.0,190,0,429,0.032151222229003906,0.02806568145751953,0.004085540771484375
20,5000,4,er,discrete,24,Standard PC,0.5185185185185185,1.0,0.35,26.0,255,65,451,0.08082151412963867,0.07537961006164551,0.005441904067993164
20,5000,4,er,discrete,24,DF-PC (Pure),0.6557377049180327,0.9523809523809523,0.5,21.0,196,6,542,0.060698747634887695,0.051946401596069336,0.00875234603881836
20,5000,4,er,discrete,25,Standard PC,0.4905660377358491,1.0,0.325,27.0,317,127,514,0.06184530258178711,0.058196306228637695,0.003648996353149414
20,5000,4,er,discrete,25,DF-PC (Pure),0.7499999999999999,1.0,0.6,16.0,202,12,717,0.03792214393615723,0.030593395233154297,0.00732874870300293
20,5000,4,er,discrete,26,Standard PC,0.4905660377358491,1.0,0.325,27.0,277,87,472,0.04634380340576172,0.04322934150695801,0.003114461898803711
20,5000,4,er,discrete,26,DF-PC (Pure),0.5862068965517241,0.9444444444444444,0.425,24.0,196,6,491,0.0320124626159668,0.02758932113647461,0.0044231414794921875
20,5000,4,er,discrete,27,Standard PC,0.392156862745098,0.9090909090909091,0.25,31.0,251,61,442,0.04442787170410156,0.04142189025878906,0.0030059814453125
20,5000,4,er,discrete,27,DF-PC (Pure),0.5862068965517241,0.9444444444444444,0.425,24.0,193,3,483,0.03410816192626953,0.029662370681762695,0.004445791244506836
20,5000,4,er,discrete,28,Standard PC,0.4905660377358491,1.0,0.325,27.0,263,73,453,0.04577445983886719,0.04265236854553223,0.003122091293334961
20,5000,4,er,discrete,28,DF-PC (Pure),0.5517241379310346,0.8888888888888888,0.4,26.0,190,0,494,0.03383183479309082,0.029221773147583008,0.0046100616455078125
20,5000,4,er,discrete,29,Standard PC,0.4905660377358491,1.0,0.325,27.0,272,82,464,0.04728126525878906,0.044116973876953125,0.0031642913818359375
20,5000,4,er,discrete,29,DF-PC (Pure),0.6101694915254237,0.9473684210526315,0.45,23.0,193,3,534,0.033098459243774414,0.028054475784301758,0.005043983459472656
20,5000,4,er,linear_sem,0,Standard PC,0.6478873239436619,0.7419354838709677,0.575,25.0,4032,3842,5431,0.39388060569763184,0.37531518936157227,0.01856541633605957
20,5000,4,er,linear_sem,0,DF-PC (Pure),0.6478873239436619,0.7419354838709677,0.575,25.0,3237,3047,5442,0.4766862392425537,0.3802499771118164,0.0964362621307373
20,5000,4,er,linear_sem,1,Standard PC,0.7826086956521738,0.9310344827586207,0.675,15.0,3403,3213,4872,0.33025169372558594,0.3145604133605957,0.015691280364990234
20,5000,4,er,linear_sem,1,DF-PC (Pure),0.7826086956521738,0.9310344827586207,0.675,15.0,2738,2548,4883,0.3564176559448242,0.2911651134490967,0.06525254249572754
20,5000,4,er,linear_sem,2,Standard PC,0.6363636363636364,0.8076923076923077,0.525,24.0,4490,4300,6491,0.4648172855377197,0.4432406425476074,0.021576642990112305
20,5000,4,er,linear_sem,2,DF-PC (Pure),0.6363636363636364,0.8076923076923077,0.525,24.0,3749,3559,6558,0.5930700302124023,0.48978495597839355,0.10328507423400879
20,5000,4,er,linear_sem,3,Standard PC,0.7647058823529412,0.9285714285714286,0.65,16.0,3699,3509,5563,0.43732547760009766,0.41655468940734863,0.020770788192749023
20,5000,4,er,linear_sem,3,DF-PC (Pure),0.7647058823529412,0.9285714285714286,0.65,16.0,3120,2930,5563,0.49957990646362305,0.41172289848327637,0.08785700798034668
20,5000,4,er,linear_sem,4,Standard PC,0.6666666666666665,0.75,0.6,24.0,4085,3895,5301,0.3955869674682617,0.37486863136291504,0.02071833610534668
20,5000,4,er,linear_sem,4,DF-PC (Pure),0.6666666666666665,0.75,0.6,24.0,2589,2399,5303,0.2982630729675293,0.23870086669921875,0.05956220626831055
20,5000,4,er,linear_sem,5,Standard PC,0.7887323943661972,0.9032258064516129,0.7,15.0,4055,3865,6028,0.4733469486236572,0.4510040283203125,0.022342920303344727
20,5000,4,er,linear_sem,5,DF-PC (Pure),0.7887323943661972,0.9032258064516129,0.7,15.0,3551,3361,6028,0.5652248859405518,0.4597318172454834,0.10549306869506836
20,5000,4,er,linear_sem,6,Standard PC,0.53125,0.7083333333333334,0.425,30.0,4004,3814,5997,0.40091538429260254,0.3813364505767822,0.019578933715820312
20,5000,4,er,linear_sem,6,DF-PC (Pure),0.53125,0.7083333333333334,0.425,30.0,3529,3339,5997,0.4663729667663574,0.4044203758239746,0.06195259094238281
20,5000,4,er,linear_sem,7,Standard PC,0.6666666666666667,0.8461538461538461,0.55,22.0,5886,5696,8603,0.5760929584503174,0.5487277507781982,0.02736520767211914
20,5000,4,er,linear_sem,7,DF-PC (Pure),0.6666666666666667,0.8461538461538461,0.55,22.0,5081,4891,8603,0.8973309993743896,0.7544896602630615,0.14284133911132812
20,5000,4,er,linear_sem,8,Standard PC,0.7076923076923077,0.92,0.575,19.0,4279,4089,6221,0.6008689403533936,0.573469877243042,0.027399063110351562
20,5000,4,er,linear_sem,8,DF-PC (Pure),0.7076923076923077,0.92,0.575,19.0,3600,3410,6221,0.574683666229248,0.4759230613708496,0.09876060485839844
20,5000,4,er,linear_sem,9,Standard PC,0.6268656716417911,0.7777777777777778,0.525,25.0,4858,4668,7105,0.47625064849853516,0.45369553565979004,0.022555112838745117
20,5000,4,er,linear_sem,9,DF-PC (Pure),0.6268656716417911,0.7777777777777778,0.525,25.0,4186,3996,7107,0.5311293601989746,0.4559445381164551,0.07518482208251953
20,5000,4,er,linear_sem,10,Standard PC,0.7536231884057972,0.896551724137931,0.65,17.0,4250,4060,5611,0.7012207508087158,0.6699893474578857,0.031231403350830078
20,5000,4,er,linear_sem,10,DF-PC (Pure),0.7536231884057972,0.896551724137931,0.65,17.0,3065,2875,5611,0.5892155170440674,0.48462700843811035,0.10458850860595703
20,5000,4,er,linear_sem,11,Standard PC,0.6,0.9,0.45,24.0,4296,4106,6228,0.7214279174804688,0.6942436695098877,0.027184247970581055
20,5000,4,er,linear_sem,11,DF-PC (Pure),0.6,0.9,0.45,24.0,3764,3574,6228,0.6069443225860596,0.5054793357849121,0.10146498680114746
20,5000,4,er,linear_sem,12,Standard PC,0.7761194029850746,0.9629629629629629,0.65,15.0,3838,3648,5401,0.6108379364013672,0.5862607955932617,0.02457714080810547
20,5000,4,er,linear_sem,12,DF-PC (Pure),0.7761194029850746,0.9629629629629629,0.65,15.0,3080,2890,5401,0.4935340881347656,0.4008347988128662,0.09269928932189941
20,5000,4,er,linear_sem,13,Standard PC,0.588235294117647,0.7142857142857143,0.5,28.0,4625,4435,6613,0.6334025859832764,0.6042435169219971,0.029159069061279297
20,5000,4,er,linear_sem,13,DF-PC (Pure),0.588235294117647,0.7142857142857143,0.5,28.0,3910,3720,6619,0.7112812995910645,0.5983994007110596,0.11288189888000488
20,5000,4,er,linear_sem,14,Standard PC,0.7671232876712328,0.8484848484848485,0.7,17.0,3187,2997,4623,0.44391465187072754,0.4225180149078369,0.021396636962890625
20,5000,4,er,linear_sem,14,DF-PC (Pure),0.7671232876712328,0.8484848484848485,0.7,17.0,2462,2272,4625,0.39003705978393555,0.3189396858215332,0.07109737396240234
20,5000,4,er,linear_sem,15,Standard PC,0.7352941176470589,0.8928571428571429,0.625,18.0,4720,4530,7234,0.5783529281616211,0.5507783889770508,0.027574539184570312
20,5000,4,er,linear_sem,15,DF-PC (Pure),0.7536231884057972,0.896551724137931,0.65,17.0,4343,4153,7246,0.5501391887664795,0.4637598991394043,0.0863792896270752
20,5000,4,er,linear_sem,16,Standard PC,0.625,0.8333333333333334,0.5,24.0,3736,3546,5509,0.5067789554595947,0.48256444931030273,0.024214506149291992
20,5000,4,er,linear_sem,16,DF-PC (Pure),0.6461538461538462,0.84,0.525,23.0,3084,2894,5537,0.5730223655700684,0.48174524307250977,0.0912771224975586
20,5000,4,er,linear_sem,17,Standard PC,0.696969696969697,0.8846153846153846,0.575,20.0,4818,4628,6830,0.4690101146697998,0.44754886627197266,0.02146124839782715
20,5000,4,er,linear_sem,17,DF-PC (Pure),0.696969696969697,0.8846153846153846,0.575,20.0,3992,3802,6830,0.6193184852600098,0.5029537677764893,0.11636471748352051
20,5000,4,er,linear_sem,18,Standard PC,0.676470588235294,0.8214285714285714,0.575,22.0,4243,4053,6845,0.671550989151001,0.6428165435791016,0.028734445571899414
20,5000,4,er,linear_sem,18,DF-PC (Pure),0.676470588235294,0.8214285714285714,0.575,22.0,3994,3804,6855,0.5013136863708496,0.425156831741333,0.0761568546295166
20,5000,4,er,linear_sem,19,Standard PC,0.5671641791044776,0.7037037037037037,0.475,29.0,4160,3970,5717,0.6493141651153564,0.6235620975494385,0.02575206756591797
20,5000,4,er,linear_sem,19,DF-PC (Pure),0.5671641791044776,0.7037037037037037,0.475,29.0,3358,3168,5734,0.43319129943847656,0.3604774475097656,0.07271385192871094
20,5000,4,er,linear_sem,20,Standard PC,0.676923076923077,0.88,0.55,21.0,3131,2941,4350,0.310837984085083,0.2961909770965576,0.01464700698852539
20,5000,4,er,linear_sem,20,DF-PC (Pure),0.6666666666666667,0.8461538461538461,0.55,22.0,2281,2091,4448,0.28024983406066895,0.23034405708312988,0.04990577697753906
20,5000,4,er,linear_sem,21,Standard PC,0.8115942028985508,0.9655172413793104,0.7,13.0,3481,3291,4836,0.3464980125427246,0.3306145668029785,0.015883445739746094
20,5000,4,er,linear_sem,21,DF-PC (Pure),0.8115942028985508,0.9655172413793104,0.7,13.0,2508,2318,4836,0.2929220199584961,0.24223923683166504,0.050682783126831055
20,5000,4,er,linear_sem,22,Standard PC,0.7142857142857143,0.8333333333333334,0.625,20.0,3571,3381,4740,0.48293256759643555,0.46042704582214355,0.022505521774291992
20,5000,4,er,linear_sem,22,DF-PC (Pure),0.7142857142857143,0.8333333333333334,0.625,20.0,2405,2215,4740,0.39069700241088867,0.3131077289581299,0.07758927345275879
20,5000,4,er,linear_sem,23,Standard PC,0.6440677966101694,1.0,0.475,21.0,5016,4826,7249,0.7261340618133545,0.6968498229980469,0.029284238815307617
20,5000,4,er,linear_sem,23,DF-PC (Pure),0.6440677966101694,1.0,0.475,21.0,4324,4134,7250,0.47071051597595215,0.3972046375274658,0.07350587844848633
20,5000,4,er,linear_sem,24,Standard PC,0.6666666666666667,0.8461538461538461,0.55,22.0,4124,3934,5900,0.4115762710571289,0.39194631576538086,0.019629955291748047
20,5000,4,er,linear_sem,24,DF-PC (Pure),0.6666666666666667,0.8461538461538461,0.55,22.0,3356,3166,5900,0.38077211380004883,0.3176898956298828,0.06308221817016602
20,5000,4,er,linear_sem,25,Standard PC,0.7941176470588236,0.9642857142857143,0.675,14.0,3747,3557,5297,0.529395580291748,0.5045075416564941,0.024888038635253906
20,5000,4,er,linear_sem,25,DF-PC (Pure),0.7941176470588236,0.9642857142857143,0.675,14.0,3022,2832,5319,0.37728214263916016,0.3159174919128418,0.06136465072631836
20,5000,4,er,linear_sem,26,Standard PC,0.7536231884057972,0.896551724137931,0.65,17.0,3844,3654,5241,0.5295979976654053,0.5055396556854248,0.02405834197998047
20,5000,4,er,linear_sem,26,DF-PC (Pure),0.7536231884057972,0.896551724137931,0.65,17.0,2700,2510,5245,0.40921950340270996,0.34735918045043945,0.06186032295227051
20,5000,4,er,linear_sem,27,Standard PC,0.6333333333333334,0.95,0.475,22.0,3977,3787,5944,0.5535523891448975,0.5271139144897461,0.026438474655151367
20,5000,4,er,linear_sem,27,DF-PC (Pure),0.6333333333333334,0.95,0.475,22.0,3518,3328,5944,0.5137648582458496,0.4284510612487793,0.08531379699707031
20,5000,4,er,linear_sem,28,Standard PC,0.71875,0.9583333333333334,0.575,18.0,2336,2146,3368,0.3203244209289551,0.3037087917327881,0.016615629196166992
20,5000,4,er,linear_sem,28,DF-PC (Pure),0.71875,0.9583333333333334,0.575,18.0,1693,1503,3384,0.27278780937194824,0.22086143493652344,0.051926374435424805
20,5000,4,er,linear_sem,29,Standard PC,0.787878787878788,1.0,0.65,14.0,3732,3542,5421,0.6260995864868164,0.600947380065918,0.025152206420898438
20,5000,4,er,linear_sem,29,DF-PC (Pure),0.787878787878788,1.0,0.65,14.0,3086,2896,5426,0.4859733581542969,0.4000675678253174,0.08590579032897949
20,5000,4,sf,discrete,0,Standard PC,0.35,1.0,0.21212121212121213,26.0,198,8,388,0.03190922737121582,0.029303789138793945,0.002605438232421875
20,5000,4,sf,discrete,0,DF-PC (Pure),0.3902439024390244,1.0,0.24242424242424243,25.0,190,0,388,0.03086066246032715,0.027333974838256836,0.0035266876220703125
20,5000,4,sf,discrete,1,Standard PC,0.489795918367347,0.9230769230769231,0.3333333333333333,25.0,247,57,443,0.04269146919250488,0.039621829986572266,0.003069639205932617
20,5000,4,sf,discrete,1,DF-PC (Pure),0.5283018867924528,0.8235294117647058,0.3888888888888889,25.0,196,6,469,0.03339195251464844,0.02899765968322754,0.0043942928314208984
20,5000,4,sf,discrete,2,Standard PC,0.4186046511627907,1.0,0.2647058823529412,25.0,218,28,408,0.03674030303955078,0.033979177474975586,0.0027611255645751953
20,5000,4,sf,discrete,2,DF-PC (Pure),0.4444444444444445,0.9090909090909091,0.29411764705882354,25.0,190,0,415,0.03093719482421875,0.027201175689697266,0.0037360191345214844
20,5000,4,sf,discrete,3,Standard PC,0.3720930232558139,1.0,0.22857142857142856,27.0,205,15,395,0.033298492431640625,0.030618667602539062,0.0026798248291015625
20,5000,4,sf,discrete,3,DF-PC (Pure),0.3720930232558139,1.0,0.22857142857142856,27.0,190,0,395,0.030384063720703125,0.02683401107788086,0.0035500526428222656
20,5000,4,sf,discrete,4,Standard PC,0.45454545454545453,1.0,0.29411764705882354,24.0,220,30,413,0.036582231521606445,0.03383016586303711,0.002752065658569336
20,5000,4,sf,discrete,4,DF-PC (Pure),0.5106382978723405,0.9230769230769231,0.35294117647058826,23.0,193,3,418,0.03156614303588867,0.027768850326538086,0.003797292709350586
20,5000,4,sf,discrete,5,Standard PC,0.5,1.0,0.3333333333333333,24.0,245,55,435,0.0643758773803711,0.059822797775268555,0.004553079605102539
20,5000,4,sf,discrete,5,DF-PC (Pure),0.5769230769230769,0.9375,0.4166666666666667,22.0,190,0,442,0.04835820198059082,0.04171466827392578,0.006643533706665039
20,5000,4,sf,discrete,6,Standard PC,0.5,1.0,0.3333333333333333,24.0,221,31,411,0.036540985107421875,0.03374147415161133,0.002799510955810547
20,5000,4,sf,discrete,6,DF-PC (Pure),0.56,1.0,0.3888888888888889,22.0,190,0,411,0.03035283088684082,0.02662205696105957,0.00373077392578125
20,5000,4,sf,discrete,7,Standard PC,0.43902439024390244,1.0,0.28125,23.0,209,19,399,0.03386187553405762,0.0312042236328125,0.002657651901245117
20,5000,4,sf,discrete,7,DF-PC (Pure),0.43902439024390244,1.0,0.28125,23.0,190,0,399,0.031072139739990234,0.027417659759521484,0.00365447998046875
20,5000,4,sf,discrete,8,Standard PC,0.4347826086956522,1.0,0.2777777777777778,26.0,209,19,402,0.03338217735290527,0.030807018280029297,0.0025751590728759766
20,5000,4,sf,discrete,8,DF-PC (Pure),0.44897959183673475,0.8461538461538461,0.3055555555555556,27.0,193,3,406,0.031010150909423828,0.027431011199951172,0.0035791397094726562
20,5000,4,sf,discrete,9,Standard PC,0.4255319148936171,0.9090909090909091,0.2777777777777778,27.0,211,21,401,0.03352761268615723,0.03091287612915039,0.002614736557006836
20,5000,4,sf,discrete,9,DF-PC (Pure),0.4255319148936171,0.9090909090909091,0.2777777777777778,27.0,190,0,401,0.02991938591003418,0.026390552520751953,0.0035288333892822266
20,5000,4,sf,discrete,10,Standard PC,0.24390243902439027,1.0,0.1388888888888889,31.0,194,4,384,0.03089141845703125,0.028425931930541992,0.002465486526489258
20,5000,4,sf,discrete,10,DF-PC (Pure),0.24390243902439027,1.0,0.1388888888888889,31.0,190,0,384,0.03036355972290039,0.02696990966796875,0.0033936500549316406
20,5000,4,sf,discrete,11,Standard PC,0.32558139534883723,1.0,0.19444444444444445,29.0,219,29,412,0.053956031799316406,0.049909114837646484,0.004046916961669922
20,5000,4,sf,discrete,11,DF-PC (Pure),0.4166666666666667,0.8333333333333334,0.2777777777777778,28.0,193,3,424,0.04767251014709473,0.04157853126525879,0.0060939788818359375
20,5000,4,sf,discrete,12,Standard PC,0.4347826086956522,1.0,0.2777777777777778,26.0,220,30,413,0.03572893142700195,0.033046722412109375,0.002682209014892578
20,5000,4,sf,discrete,12,DF-PC (Pure),0.44897959183673475,0.8461538461538461,0.3055555555555556,27.0,193,3,424,0.03157806396484375,0.027812480926513672,0.003765583038330078
20,5000,4,sf,discrete,13,Standard PC,0.3076923076923077,1.0,0.18181818181818182,27.0,213,23,403,0.034334421157836914,0.031775474548339844,0.0025589466094970703
20,5000,4,sf,discrete,13,DF-PC (Pure),0.3333333333333333,0.7777777777777778,0.21212121212121213,28.0,190,0,423,0.031044960021972656,0.027254104614257812,0.0037908554077148438
20,5000,4,sf,discrete,14,Standard PC,0.3636363636363636,1.0,0.2222222222222222,28.0,209,19,399,0.03431200981140137,0.03171896934509277,0.0025930404663085938
20,5000,4,sf,discrete,14,DF-PC (Pure),0.375,0.75,0.25,30.0,190,0,418,0.030795812606811523,0.027085304260253906,0.003710508346557617
20,5000,4,sf,discrete,15,Standard PC,0.4444444444444445,1.0,0.2857142857142857,25.0,228,38,421,0.037682533264160156,0.0348811149597168,0.0028014183044433594
20,5000,4,sf,discrete,15,DF-PC (Pure),0.43478260869565216,0.9090909090909091,0.2857142857142857,26.0,193,3,425,0.031899452209472656,0.027903318405151367,0.003996133804321289
20,5000,4,sf,discrete,16,Standard PC,0.4347826086956522,1.0,0.2777777777777778,26.0,220,30,413,0.037450313568115234,0.0347592830657959,0.002691030502319336
20,5000,4,sf,discrete,16,DF-PC (Pure),0.4255319148936171,0.9090909090909091,0.2777777777777778,27.0,193,3,414,0.03223919868469238,0.028606653213500977,0.0036325454711914062
20,5000,4,sf,discrete,17,Standard PC,0.4,1.0,0.25,27.0,214,24,404,0.0534822940826416,0.049379587173461914,0.0041027069091796875
20,5000,4,sf,discrete,17,DF-PC (Pure),0.5,1.0,0.3333333333333333,24.0,190,0,415,0.047255516052246094,0.04140639305114746,0.005849123001098633
20,5000,4,sf,discrete,18,Standard PC,0.40909090909090906,1.0,0.2571428571428571,26.0,217,27,407,0.03643798828125,0.033666372299194336,0.002771615982055664
20,5000,4,sf,discrete,18,DF-PC (Pure),0.41666666666666663,0.7692307692307693,0.2857142857142857,28.0,190,0,437,0.03139042854309082,0.027413606643676758,0.0039768218994140625
20,5000,4,sf,discrete,19,Standard PC,0.3636363636363636,1.0,0.2222222222222222,28.0,234,44,428,0.03983044624328613,0.03692364692687988,0.00290679931640625
20,5000,4,sf,discrete,19,DF-PC (Pure),0.42307692307692313,0.6875,0.3055555555555556,30.0,196,6,478,0.03260397911071777,0.028313875198364258,0.004290103912353516
20,5000,4,sf,discrete,20,Standard PC,0.47619047619047616,1.0,0.3125,22.0,251,61,441,0.04242992401123047,0.039406538009643555,0.003023386001586914
20,5000,4,sf,discrete,20,DF-PC (Pure),0.5714285714285714,0.8235294117647058,0.4375,21.0,190,0,487,0.03142285346984863,0.026996612548828125,0.004426240921020508
20,5000,4,sf,discrete,21,Standard PC,0.5882352941176471,1.0,0.4166666666666667,21.0,233,43,423,0.058568477630615234,0.054254770278930664,0.00431370735168457
20,5000,4,sf,discrete,21,DF-PC (Pure),0.6415094339622641,1.0,0.4722222222222222,19.0,190,0,429,0.04645967483520508,0.04022622108459473,0.0062334537506103516
20,5000,4,sf,discrete,22,Standard PC,0.45454545454545453,1.0,0.29411764705882354,24.0,222,32,412,0.05767416954040527,0.05325484275817871,0.0044193267822265625
20,5000,4,sf,discrete,22,DF-PC (Pure),0.489795918367347,0.8,0.35294117647058826,25.0,190,0,428,0.047280311584472656,0.04100990295410156,0.006270408630371094
20,5000,4,sf,discrete,23,Standard PC,0.4444444444444445,1.0,0.2857142857142857,25.0,209,19,399,0.034983158111572266,0.03230476379394531,0.002678394317626953
20,5000,4,sf,discrete,23,DF-PC (Pure),0.43478260869565216,0.9090909090909091,0.2857142857142857,26.0,190,0,399,0.030936717987060547,0.027269363403320312,0.0036673545837402344
20,5000,4,sf,discrete,24,Standard PC,0.3720930232558139,0.8888888888888888,0.23529411764705882,27.0,209,19,399,0.03395366668701172,0.03129243850708008,0.0026612281799316406
20,5000,4,sf,discrete,24,DF-PC (Pure),0.3555555555555555,0.7272727272727273,0.23529411764705882,29.0,190,0,403,0.030690908432006836,0.026942014694213867,0.0037488937377929688
20,5000,4,sf,discrete,25,Standard PC,0.3636363636363636,1.0,0.2222222222222222,28.0,207,17,397,0.0338134765625,0.031113386154174805,0.0027000904083251953
20,5000,4,sf,discrete,25,DF-PC (Pure),0.391304347826087,0.9,0.25,28.0,190,0,397,0.030396461486816406,0.02683424949645996,0.0035622119903564453
20,5000,4,sf,discrete,26,Standard PC,0.2857142857142857,1.0,0.16666666666666666,30.0,214,24,404,0.06260538101196289,0.058073997497558594,0.004531383514404297
20,5000,4,sf,discrete,26,DF-PC (Pure),0.3478260869565218,0.8,0.2222222222222222,30.0,190,0,413,0.055875301361083984,0.04926729202270508,0.006608009338378906
20,5000,4,sf,discrete,27,Standard PC,0.46808510638297873,1.0,0.3055555555555556,25.0,244,54,437,0.04057741165161133,0.03765368461608887,0.002923727035522461
20,5000,4,sf,discrete,27,DF-PC (Pure),0.48,0.8571428571428571,0.3333333333333333,26.0,193,3,457,0.031606435775756836,0.0275876522064209,0.0040187835693359375
20,5000,4,sf,discrete,28,Standard PC,0.21621621621621626,1.0,0.12121212121212122,29.0,200,10,390,0.032618045806884766,0.030046463012695312,0.002571582794189453
20,5000,4,sf,discrete,28,DF-PC (Pure),0.30000000000000004,0.8571428571428571,0.18181818181818182,28.0,190,0,390,0.030282258987426758,0.026827335357666016,0.003454923629760742
20,5000,4,sf,discrete,29,Standard PC,0.3720930232558139,0.8888888888888888,0.23529411764705882,27.0,210,20,403,0.03482413291931152,0.03215813636779785,0.002665996551513672
20,5000,4,sf,discrete,29,DF-PC (Pure),0.3555555555555555,0.7272727272727273,0.23529411764705882,29.0,193,3,408,0.0321812629699707,0.028408527374267578,0.003772735595703125
20,5000,4,sf,linear_sem,0,Standard PC,0.819672131147541,0.8928571428571429,0.7575757575757576,11.0,6934,6744,7385,0.8198158740997314,0.7915503978729248,0.02826547622680664
20,5000,4,sf,linear_sem,0,DF-PC (Pure),0.819672131147541,0.8928571428571429,0.7575757575757576,11.0,1062,872,7385,0.44333577156066895,0.14400029182434082,0.2993354797363281
20,5000,4,sf,linear_sem,1,Standard PC,0.5423728813559322,0.6956521739130435,0.4444444444444444,27.0,3175,2985,4369,0.31397414207458496,0.29926490783691406,0.014709234237670898
20,5000,4,sf,linear_sem,1,DF-PC (Pure),0.5666666666666667,0.7083333333333334,0.4722222222222222,26.0,2397,2207,4589,0.2740621566772461,0.22504305839538574,0.04901909828186035
20,5000,4,sf,linear_sem,2,Standard PC,0.7741935483870968,0.8571428571428571,0.7058823529411765,14.0,6477,6287,7163,0.6322979927062988,0.6076610088348389,0.02463698387145996
20,5000,4,sf,linear_sem,2,DF-PC (Pure),0.7936507936507937,0.8620689655172413,0.7352941176470589,13.0,1796,1606,7522,0.41284751892089844,0.18249082565307617,0.23035669326782227
20,5000,4,sf,linear_sem,3,Standard PC,0.7936507936507937,0.8928571428571429,0.7142857142857143,13.0,6569,6379,7250,0.6490740776062012,0.6235628128051758,0.02551126480102539
20,5000,4,sf,linear_sem,3,DF-PC (Pure),0.7936507936507937,0.8928571428571429,0.7142857142857143,13.0,2914,2724,7251,0.4051487445831299,0.2819211483001709,0.12322759628295898
20,5000,4,sf,linear_sem,4,Standard PC,0.819672131147541,0.9259259259259259,0.7352941176470589,11.0,2798,2608,3388,0.37863922119140625,0.3617091178894043,0.016930103302001953
20,5000,4,sf,linear_sem,4,DF-PC (Pure),0.819672131147541,0.9259259259259259,0.7352941176470589,11.0,1147,957,3388,0.21621942520141602,0.15274906158447266,0.06347036361694336
20,5000,4,sf,linear_sem,5,Standard PC,0.6984126984126984,0.8148148148148148,0.6111111111111112,19.0,3132,2942,3641,0.30132436752319336,0.28818511962890625,0.01313924789428711
20,5000,4,sf,linear_sem,5,DF-PC (Pure),0.6984126984126984,0.8148148148148148,0.6111111111111112,19.0,1052,862,3641,0.19953656196594238,0.12298035621643066,0.07655620574951172
20,5000,4,sf,linear_sem,6,Standard PC,0.7187499999999999,0.8214285714285714,0.6388888888888888,18.0,3273,3083,4035,0.4481937885284424,0.4296712875366211,0.01852250099182129
20,5000,4,sf,linear_sem,6,DF-PC (Pure),0.7076923076923076,0.7931034482758621,0.6388888888888888,19.0,1770,1580,4096,0.22862863540649414,0.17240524291992188,0.056223392486572266
20,5000,4,sf,linear_sem,7,Standard PC,0.7586206896551724,0.8461538461538461,0.6875,14.0,2164,1974,2641,0.29362916946411133,0.27996277809143066,0.013666391372680664
20,5000,4,sf,linear_sem,7,DF-PC (Pure),0.7586206896551724,0.8461538461538461,0.6875,14.0,965,775,2641,0.17618227005004883,0.1252117156982422,0.05097055435180664
20,5000,4,sf,linear_sem,8,Standard PC,0.6129032258064515,0.7307692307692307,0.5277777777777778,24.0,3043,2853,3881,0.3677854537963867,0.35136890411376953,0.016416549682617188
20,5000,4,sf,linear_sem,8,DF-PC (Pure),0.6129032258064515,0.7307692307692307,0.5277777777777778,24.0,1844,1654,3881,0.40195512771606445,0.3318190574645996,0.07013607025146484
20,5000,4,sf,linear_sem,9,Standard PC,0.6875000000000001,0.7857142857142857,0.6111111111111112,20.0,3134,2944,4002,0.30423760414123535,0.2903270721435547,0.013910531997680664
20,5000,4,sf,linear_sem,9,DF-PC (Pure),0.6875000000000001,0.7857142857142857,0.6111111111111112,20.0,2011,1821,4178,0.23681378364562988,0.187941312789917,0.04887247085571289
20,5000,4,sf,linear_sem,10,Standard PC,0.6206896551724137,0.8181818181818182,0.5,22.0,3140,2950,3844,0.3699312210083008,0.3560755252838135,0.013855695724487305
20,5000,4,sf,linear_sem,10,DF-PC (Pure),0.6206896551724137,0.8181818181818182,0.5,22.0,1586,1396,3863,0.25971484184265137,0.19544267654418945,0.06427216529846191
20,5000,4,sf,linear_sem,11,Standard PC,0.6206896551724137,0.8181818181818182,0.5,22.0,3308,3118,3988,0.4509403705596924,0.43166065216064453,0.01927971839904785
20,5000,4,sf,linear_sem,11,DF-PC (Pure),0.6206896551724137,0.8181818181818182,0.5,22.0,1587,1397,3988,0.36617136001586914,0.2831408977508545,0.08303046226501465
20,5000,4,sf,linear_sem,12,Standard PC,0.6440677966101694,0.8260869565217391,0.5277777777777778,21.0,2516,2326,3396,0.24208354949951172,0.23018550872802734,0.011898040771484375
20,5000,4,sf,linear_sem,12,DF-PC (Pure),0.6440677966101694,0.8260869565217391,0.5277777777777778,21.0,1892,1702,3396,0.21494841575622559,0.17597198486328125,0.038976430892944336
20,5000,4,sf,linear_sem,13,Standard PC,0.9,1.0,0.8181818181818182,6.0,4963,4773,5444,0.6872096061706543,0.6608486175537109,0.02636098861694336
20,5000,4,sf,linear_sem,13,DF-PC (Pure),0.9180327868852458,1.0,0.8484848484848485,5.0,2652,2462,6760,0.6021590232849121,0.3604757785797119,0.2416832447052002
20,5000,4,sf,linear_sem,14,Standard PC,0.6779661016949152,0.8695652173913043,0.5555555555555556,19.0,2750,2560,3471,0.37447237968444824,0.35695791244506836,0.017514467239379883
20,5000,4,sf,linear_sem,14,DF-PC (Pure),0.6779661016949152,0.8695652173913043,0.5555555555555556,19.0,1656,1466,3471,0.2838418483734131,0.21648740768432617,0.06735444068908691
20,5000,4,sf,linear_sem,15,Standard PC,0.73015873015873,0.8214285714285714,0.6571428571428571,17.0,2324,2134,2886,0.32152748107910156,0.3063054084777832,0.01522207260131836
20,5000,4,sf,linear_sem,15,DF-PC (Pure),0.73015873015873,0.8214285714285714,0.6571428571428571,17.0,1124,934,2895,0.19858026504516602,0.14986419677734375,0.048716068267822266
20,5000,4,sf,linear_sem,16,Standard PC,0.7058823529411765,0.75,0.6666666666666666,20.0,3633,3443,4447,0.4017751216888428,0.38411927223205566,0.01765584945678711
20,5000,4,sf,linear_sem,16,DF-PC (Pure),0.7058823529411765,0.75,0.6666666666666666,20.0,2328,2138,4488,0.42606353759765625,0.3119361400604248,0.11412739753723145
20,5000,4,sf,linear_sem,17,Standard PC,0.8387096774193548,1.0,0.7222222222222222,10.0,3126,2936,4086,0.423938512802124,0.40477752685546875,0.019160985946655273
20,5000,4,sf,linear_sem,17,DF-PC (Pure),0.8387096774193548,1.0,0.7222222222222222,10.0,2010,1820,4086,0.3307962417602539,0.26141953468322754,0.06937670707702637
20,5000,4,sf,linear_sem,18,Standard PC,0.7540983606557377,0.8846153846153846,0.6571428571428571,15.0,2207,2017,2814,0.3000032901763916,0.28572845458984375,0.014274835586547852
20,5000,4,sf,linear_sem,18,DF-PC (Pure),0.7741935483870968,0.8888888888888888,0.6857142857142857,14.0,1262,1072,2882,0.22533822059631348,0.16530919075012207,0.060029029846191406
20,5000,4,sf,linear_sem,19,Standard PC,0.8125000000000001,0.9285714285714286,0.7222222222222222,12.0,5564,5374,6373,0.7131502628326416,0.6855247020721436,0.027625560760498047
20,5000,4,sf,linear_sem,19,DF-PC (Pure),0.8125000000000001,0.9285714285714286,0.7222222222222222,12.0,2781,2591,6373,0.41179800033569336,0.32113170623779297,0.09066629409790039
20,5000,4,sf,linear_sem,20,Standard PC,0.8999999999999999,0.9642857142857143,0.84375,6.0,2943,2753,3378,0.3029201030731201,0.2897660732269287,0.013154029846191406
20,5000,4,sf,linear_sem,20,DF-PC (Pure),0.8852459016393444,0.9310344827586207,0.84375,7.0,706,516,3736,0.18474435806274414,0.13123130798339844,0.0535130500793457
20,5000,4,sf,linear_sem,21,Standard PC,0.6557377049180328,0.8,0.5555555555555556,21.0,2597,2407,3523,0.3618052005767822,0.344515323638916,0.01728987693786621
20,5000,4,sf,linear_sem,21,DF-PC (Pure),0.6557377049180328,0.8,0.5555555555555556,21.0,1784,1594,3525,0.39441466331481934,0.33850932121276855,0.05590534210205078
20,5000,4,sf,linear_sem,22,Standard PC,0.8000000000000002,0.9230769230769231,0.7058823529411765,12.0,2841,2651,3488,0.3917107582092285,0.374147891998291,0.0175628662109375
20,5000,4,sf,linear_sem,22,DF-PC (Pure),0.7796610169491526,0.92,0.6764705882352942,13.0,1540,1350,3537,0.26509809494018555,0.20363116264343262,0.06146693229675293
20,5000,4,sf,linear_sem,23,Standard PC,0.7000000000000001,0.84,0.6,18.0,3036,2846,3755,0.2943267822265625,0.2806220054626465,0.013704776763916016
20,5000,4,sf,linear_sem,23,DF-PC (Pure),0.7000000000000001,0.84,0.6,18.0,1702,1512,3755,0.20044374465942383,0.1582930088043213,0.04215073585510254
20,5000,4,sf,linear_sem,24,Standard PC,0.7272727272727274,0.9523809523809523,0.5882352941176471,15.0,2004,1814,2704,0.2852487564086914,0.27126455307006836,0.013984203338623047
20,5000,4,sf,linear_sem,24,DF-PC (Pure),0.7368421052631579,0.9130434782608695,0.6176470588235294,15.0,1396,1206,2758,0.24051260948181152,0.19081401824951172,0.049698591232299805
20,5000,4,sf,linear_sem,25,Standard PC,0.7575757575757577,0.8333333333333334,0.6944444444444444,16.0,6556,6366,7185,0.8163173198699951,0.7875487804412842,0.028768539428710938
20,5000,4,sf,linear_sem,25,DF-PC (Pure),0.746268656716418,0.8064516129032258,0.6944444444444444,17.0,1975,1785,7772,0.37186455726623535,0.2270650863647461,0.14479947090148926
20,5000,4,sf,linear_sem,26,Standard PC,0.6101694915254238,0.782608695652174,0.5,23.0,2732,2542,3550,0.26617884635925293,0.2537834644317627,0.012395381927490234
20,5000,4,sf,linear_sem,26,DF-PC (Pure),0.6101694915254238,0.782608695652174,0.5,23.0,1727,1537,3565,0.20339417457580566,0.1632251739501953,0.04016900062561035
20,5000,4,sf,linear_sem,27,Standard PC,0.5423728813559322,0.6956521739130435,0.4444444444444444,27.0,4367,4177,5473,0.5932073593139648,0.5684590339660645,0.02474832534790039
20,5000,4,sf,linear_sem,27,DF-PC (Pure),0.5423728813559322,0.6956521739130435,0.4444444444444444,27.0,2288,2098,5625,0.2782173156738281,0.22076797485351562,0.0574493408203125
20,5000,4,sf,linear_sem,28,Standard PC,0.8474576271186441,0.9615384615384616,0.7575757575757576,9.0,4695,4505,5145,0.5107343196868896,0.49036550521850586,0.02036881446838379
20,5000,4,sf,linear_sem,28,DF-PC (Pure),0.8333333333333334,0.9259259259259259,0.7575757575757576,10.0,2522,2332,5842,0.3513326644897461,0.2432096004486084,0.1081230640411377
20,5000,4,sf,linear_sem,29,Standard PC,0.7796610169491526,0.92,0.6764705882352942,13.0,3283,3093,3661,0.5395143032073975,0.517430305480957,0.02208399772644043
20,5000,4,sf,linear_sem,29,DF-PC (Pure),0.7868852459016393,0.8888888888888888,0.7058823529411765,13.0,1202,1012,5631,0.37009572982788086,0.19809985160827637,0.1719958782196045
20,10000,2,er,discrete,0,Standard PC,0.888888888888889,1.0,0.8,4.0,277,87,479,0.060334205627441406,0.05670881271362305,0.0036253929138183594
20,10000,2,er,discrete,0,DF-PC (Pure),0.8947368421052632,0.9444444444444444,0.85,4.0,202,12,535,0.04048490524291992,0.035153865814208984,0.0053310394287109375
20,10000,2,er,discrete,1,Standard PC,0.9189189189189189,1.0,0.85,3.0,278,88,476,0.05718827247619629,0.05367279052734375,0.003515481948852539
20,10000,2,er,discrete,1,DF-PC (Pure),0.9473684210526316,1.0,0.9,2.0,199,9,496,0.0377655029296875,0.03305339813232422,0.004712104797363281
20,10000,2,er,discrete,2,Standard PC,0.8,0.9333333333333333,0.7,7.0,277,87,477,0.056253671646118164,0.052797555923461914,0.00345611572265625
20,10000,2,er,discrete,2,DF-PC (Pure),0.8000000000000002,0.8,0.8,8.0,202,12,503,0.03766751289367676,0.03304171562194824,0.004625797271728516
20,10000,2,er,discrete,3,Standard PC,0.7499999999999999,1.0,0.6,8.0,235,45,425,0.044962406158447266,0.041942596435546875,0.0030198097229003906
20,10000,2,er,discrete,3,DF-PC (Pure),0.8571428571428571,1.0,0.75,5.0,190,0,428,0.03784966468811035,0.03357434272766113,0.004275321960449219
20,10000,2,er,discrete,4,Standard PC,0.8571428571428571,1.0,0.75,5.0,229,39,419,0.04618477821350098,0.04301714897155762,0.0031676292419433594
20,10000,2,er,discrete,4,DF-PC (Pure),0.8333333333333334,0.9375,0.75,6.0,190,0,423,0.03620457649230957,0.032147884368896484,0.004056692123413086
20,10000,2,er,discrete,5,Standard PC,0.888888888888889,1.0,0.8,4.0,302,112,497,0.06397056579589844,0.06032371520996094,0.0036468505859375
20,10000,2,er,discrete,5,DF-PC (Pure),0.9268292682926829,0.9047619047619048,0.95,3.0,196,6,582,0.03783679008483887,0.03230428695678711,0.005532503128051758
20,10000,2,er,discrete,6,Standard PC,0.888888888888889,1.0,0.8,4.0,280,90,476,0.057830810546875,0.05438947677612305,0.003441333770751953
20,10000,2,er,discrete,6,DF-PC (Pure),0.9230769230769231,0.9473684210526315,0.9,3.0,198,8,491,0.037155866622924805,0.032601118087768555,0.00455474853515625
20,10000,2,er,discrete,7,Standard PC,0.9189189189189189,1.0,0.85,3.0,280,90,485,0.05704355239868164,0.05352425575256348,0.003519296646118164
20,10000,2,er,discrete,7,DF-PC (Pure),0.9743589743589743,1.0,0.95,1.0,209,19,509,0.040169715881347656,0.035282135009765625,0.004887580871582031
20,10000,2,er,discrete,8,Standard PC,0.787878787878788,1.0,0.65,7.0,248,58,438,0.05032992362976074,0.0471043586730957,0.003225564956665039
20,10000,2,er,discrete,8,DF-PC (Pure),0.8333333333333334,0.9375,0.75,6.0,190,0,446,0.036710500717163086,0.032401323318481445,0.004309177398681641
20,10000,2,er,discrete,9,Standard PC,0.8235294117647058,1.0,0.7,6.0,265,75,463,0.05217313766479492,0.04887270927429199,0.0033004283905029297
20,10000,2,er,discrete,9,DF-PC (Pure),0.8717948717948718,0.8947368421052632,0.85,5.0,204,14,493,0.03945112228393555,0.03458809852600098,0.00486302375793457
20,10000,2,er,discrete,10,Standard PC,0.787878787878788,1.0,0.65,7.0,249,59,443,0.050852060317993164,0.04750871658325195,0.003343343734741211
20,10000,2,er,discrete,10,DF-PC (Pure),0.787878787878788,1.0,0.65,7.0,199,9,453,0.040879249572753906,0.03618431091308594,0.004694938659667969
20,10000,2,er,discrete,11,Standard PC,0.888888888888889,1.0,0.8,4.0,312,122,510,0.0646662712097168,0.06101059913635254,0.003655672073364258
20,10000,2,er,discrete,11,DF-PC (Pure),0.9,0.9,0.9,4.0,202,12,547,0.04105687141418457,0.03565096855163574,0.005405902862548828
20,10000,2,er,discrete,12,Standard PC,0.9473684210526316,1.0,0.9,2.0,299,109,500,0.06497812271118164,0.06129193305969238,0.003686189651489258
20,10000,2,er,discrete,12,DF-PC (Pure),0.975609756097561,0.9523809523809523,1.0,1.0,214,24,536,0.04506421089172363,0.03937172889709473,0.005692481994628906
20,10000,2,er,discrete,13,Standard PC,0.888888888888889,1.0,0.8,4.0,281,91,473,0.056769371032714844,0.05333685874938965,0.0034325122833251953
20,10000,2,er,discrete,13,DF-PC (Pure),0.8780487804878048,0.8571428571428571,0.9,5.0,193,3,501,0.038474321365356445,0.03337979316711426,0.0050945281982421875
20,10000,2,er,discrete,14,Standard PC,0.8571428571428571,1.0,0.75,5.0,290,100,490,0.057822465896606445,0.0544428825378418,0.0033795833587646484
20,10000,2,er,discrete,14,DF-PC (Pure),0.9230769230769231,0.9473684210526315,0.9,3.0,213,23,554,0.040495872497558594,0.035234689712524414,0.00526118278503418
20,10000,2,er,discrete,15,Standard PC,0.8235294117647058,1.0,0.7,6.0,320,130,517,0.10426497459411621,0.09908366203308105,0.005181312561035156
20,10000,2,er,discrete,15,DF-PC (Pure),0.9230769230769231,0.9473684210526315,0.9,3.0,202,12,555,0.05935335159301758,0.05090522766113281,0.008448123931884766
20,10000,2,er,discrete,16,Standard PC,0.9743589743589743,1.0,0.95,1.0,309,119,506,0.0799713134765625,0.07573914527893066,0.004232168197631836
20,10000,2,er,discrete,16,DF-PC (Pure),0.975609756097561,0.9523809523809523,1.0,1.0,202,12,536,0.04257535934448242,0.03723025321960449,0.00534510612487793
20,10000,2,er,discrete,17,Standard PC,0.7647058823529412,0.9285714285714286,0.65,8.0,270,80,467,0.057926177978515625,0.054317474365234375,0.00360870361328125
20,10000,2,er,discrete,17,DF-PC (Pure),0.8421052631578948,0.8888888888888888,0.8,6.0,199,9,483,0.040032148361206055,0.035221099853515625,0.00481104850769043
20,10000,2,er,discrete,18,Standard PC,0.8571428571428571,1.0,0.75,5.0,276,86,469,0.05987119674682617,0.05623292922973633,0.0036382675170898438
20,10000,2,er,discrete,18,DF-PC (Pure),0.761904761904762,0.7272727272727273,0.8,10.0,193,3,544,0.03750348091125488,0.03229951858520508,0.005203962326049805
20,10000,2,er,discrete,19,Standard PC,0.9743589743589743,1.0,0.95,1.0,280,90,470,0.10394716262817383,0.09800529479980469,0.005941867828369141
20,10000,2,er,discrete,19,DF-PC (Pure),1.0,1.0,1.0,0.0,190,0,498,0.06032848358154297,0.05280137062072754,0.00752711296081543
20,10000,2,er,discrete,20,Standard PC,0.7096774193548387,1.0,0.55,9.0,227,37,417,0.04403829574584961,0.04102015495300293,0.0030181407928466797
20,10000,2,er,discrete,20,DF-PC (Pure),0.6874999999999999,0.9166666666666666,0.55,10.0,190,0,417,0.03587031364440918,0.03179740905761719,0.004072904586791992
20,10000,2,er,discrete,21,Standard PC,0.8235294117647058,1.0,0.7,6.0,325,135,520,0.06957721710205078,0.06587052345275879,0.003706693649291992
20,10000,2,er,discrete,21,DF-PC (Pure),0.9230769230769231,0.9473684210526315,0.9,3.0,199,9,669,0.03929471969604492,0.03287911415100098,0.006415605545043945
20,10000,2,er,discrete,22,Standard PC,0.8571428571428571,1.0,0.75,5.0,231,41,421,0.04608297348022461,0.04289746284484863,0.0031855106353759766
20,10000,2,er,discrete,22,DF-PC (Pure),0.888888888888889,1.0,0.8,4.0,190,0,428,0.0357820987701416,0.031662940979003906,0.004119157791137695
20,10000,2,er,discrete,23,Standard PC,0.9473684210526316,1.0,0.9,2.0,262,72,455,0.05355954170227051,0.05016303062438965,0.0033965110778808594
20,10000,2,er,discrete,23,DF-PC (Pure),0.9230769230769231,0.9473684210526315,0.9,3.0,193,3,455,0.036324262619018555,0.03205132484436035,0.004272937774658203
20,10000,2,er,discrete,24,Standard PC,0.9743589743589743,1.0,0.95,1.0,281,91,476,0.05855607986450195,0.05492830276489258,0.003627777099609375
20,10000,2,er,discrete,24,DF-PC (Pure),1.0,1.0,1.0,0.0,201,11,505,0.0383145809173584,0.03337979316711426,0.004934787750244141
20,10000,2,er,discrete,25,Standard PC,0.9189189189189189,1.0,0.85,3.0,268,78,468,0.055460453033447266,0.05199003219604492,0.0034704208374023438
20,10000,2,er,discrete,25,DF-PC (Pure),0.8717948717948718,0.8947368421052632,0.85,5.0,204,14,484,0.03875279426574707,0.03398442268371582,0.00476837158203125
20,10000,2,er,discrete,26,Standard PC,1.0,1.0,1.0,0.0,286,96,476,0.06118893623352051,0.05745244026184082,0.0037364959716796875
20,10000,2,er,discrete,26,DF-PC (Pure),1.0,1.0,1.0,0.0,190,0,476,0.03666973114013672,0.03201484680175781,0.004654884338378906
20,10000,2,er,discrete,27,Standard PC,0.888888888888889,1.0,0.8,4.0,294,104,491,0.061376333236694336,0.0578610897064209,0.0035152435302734375
20,10000,2,er,discrete,27,DF-PC (Pure),0.8780487804878048,0.8571428571428571,0.9,5.0,204,14,583,0.04381871223449707,0.037897586822509766,0.005921125411987305
20,10000,2,er,discrete,28,Standard PC,0.9743589743589743,1.0,0.95,1.0,315,125,511,0.06635308265686035,0.0626213550567627,0.0037317276000976562
20,10000,2,er,discrete,28,DF-PC (Pure),0.9047619047619048,0.8636363636363636,0.95,4.0,196,6,558,0.03783106803894043,0.032465219497680664,0.005365848541259766
20,10000,2,er,discrete,29,Standard PC,0.8235294117647058,1.0,0.7,6.0,266,76,461,0.0547337532043457,0.05135011672973633,0.003383636474609375
20,10000,2,er,discrete,29,DF-PC (Pure),0.8421052631578948,0.8888888888888888,0.8,6.0,199,9,476,0.038869619369506836,0.034090280532836914,0.004779338836669922
20,10000,2,er,linear_sem,0,Standard PC,0.9743589743589743,1.0,0.95,1.0,804,614,1205,0.11135005950927734,0.10403108596801758,0.007318973541259766
20,10000,2,er,linear_sem,0,DF-PC (Pure),0.9047619047619048,0.8636363636363636,0.95,4.0,559,369,1246,0.08988833427429199,0.07155585289001465,0.018332481384277344
20,10000,2,er,linear_sem,1,Standard PC,1.0,1.0,1.0,0.0,914,724,1442,0.08889293670654297,0.08324980735778809,0.005643129348754883
20,10000,2,er,linear_sem,1,DF-PC (Pure),0.975609756097561,0.9523809523809523,1.0,1.0,792,602,1499,0.0873725414276123,0.07235193252563477,0.015020608901977539
20,10000,2,er,linear_sem,2,Standard PC,0.888888888888889,1.0,0.8,4.0,702,512,1105,0.06946516036987305,0.06477928161621094,0.004685878753662109
20,10000,2,er,linear_sem,2,DF-PC (Pure),0.8648648648648648,0.9411764705882353,0.8,5.0,534,344,1105,0.059847354888916016,0.04986834526062012,0.009979009628295898
20,10000,2,er,linear_sem,3,Standard PC,1.0,1.0,1.0,0.0,834,644,1262,0.08493995666503906,0.07963895797729492,0.005300998687744141
20,10000,2,er,linear_sem,3,DF-PC (Pure),1.0,1.0,1.0,0.0,621,431,1263,0.07095170021057129,0.0587465763092041,0.012205123901367188
20,10000,2,er,linear_sem,4,Standard PC,0.9743589743589743,1.0,0.95,1.0,579,389,867,0.05761861801147461,0.05354666709899902,0.004071950912475586
20,10000,2,er,linear_sem,4,DF-PC (Pure),0.9743589743589743,1.0,0.95,1.0,334,144,867,0.038068532943725586,0.03082561492919922,0.007242918014526367
20,10000,2,er,linear_sem,5,Standard PC,0.9268292682926829,0.9047619047619048,0.95,3.0,1213,1023,1990,0.12059688568115234,0.11332249641418457,0.0072743892669677734
20,10000,2,er,linear_sem,5,DF-PC (Pure),0.9268292682926829,0.9047619047619048,0.95,3.0,921,731,2002,0.10417056083679199,0.08664727210998535,0.01752328872680664
20,10000,2,er,linear_sem,6,Standard PC,0.9743589743589743,1.0,0.95,1.0,953,763,1572,0.09284520149230957,0.08693718910217285,0.005908012390136719
20,10000,2,er,linear_sem,6,DF-PC (Pure),0.9743589743589743,1.0,0.95,1.0,811,621,1572,0.0879218578338623,0.07360672950744629,0.014315128326416016
20,10000,2,er,linear_sem,7,Standard PC,1.0,1.0,1.0,0.0,675,485,1062,0.09430789947509766,0.0875709056854248,0.0067369937896728516
20,10000,2,er,linear_sem,7,DF-PC (Pure),1.0,1.0,1.0,0.0,462,272,1078,0.05130457878112793,0.04209160804748535,0.009212970733642578
20,10000,2,er,linear_sem,8,Standard PC,0.9473684210526316,1.0,0.9,2.0,767,577,1289,0.0748136043548584,0.06963729858398438,0.0051763057708740234
20,10000,2,er,linear_sem,8,DF-PC (Pure),0.9473684210526316,1.0,0.9,2.0,611,421,1289,0.06685328483581543,0.05581092834472656,0.011042356491088867
20,10000,2,er,linear_sem,9,Standard PC,0.9500000000000001,0.95,0.95,2.0,657,467,982,0.06920981407165527,0.06456756591796875,0.0046422481536865234
20,10000,2,er,linear_sem,9,DF-PC (Pure),0.9500000000000001,0.95,0.95,2.0,378,188,988,0.04484677314758301,0.03584456443786621,0.009002208709716797
20,10000,2,er,linear_sem,10,Standard PC,1.0,1.0,1.0,0.0,728,538,1057,0.07430434226989746,0.06941962242126465,0.0048847198486328125
20,10000,2,er,linear_sem,10,DF-PC (Pure),0.975609756097561,0.9523809523809523,1.0,1.0,435,245,1084,0.05187654495239258,0.04150080680847168,0.010375738143920898
20,10000,2,er,linear_sem,11,Standard PC,0.9473684210526316,1.0,0.9,2.0,952,762,1724,0.13316106796264648,0.12414979934692383,0.009011268615722656
20,10000,2,er,linear_sem,11,DF-PC (Pure),0.9473684210526316,1.0,0.9,2.0,904,714,1728,0.13703632354736328,0.11474370956420898,0.022292613983154297
20,10000,2,er,linear_sem,12,Standard PC,1.0,1.0,1.0,0.0,500,310,828,0.050286054611206055,0.046262502670288086,0.004023551940917969
20,10000,2,er,linear_sem,12,DF-PC (Pure),0.975609756097561,0.9523809523809523,1.0,1.0,387,197,828,0.04544377326965332,0.037438392639160156,0.008005380630493164
20,10000,2,er,linear_sem,13,Standard PC,0.9743589743589743,1.0,0.95,1.0,1094,904,1850,0.10679030418395996,0.10016512870788574,0.006625175476074219
20,10000,2,er,linear_sem,13,DF-PC (Pure),0.9500000000000001,0.95,0.95,2.0,959,769,1854,0.10386085510253906,0.08758926391601562,0.016271591186523438
20,10000,2,er,linear_sem,14,Standard PC,0.9473684210526316,1.0,0.9,2.0,491,301,803,0.04858827590942383,0.04474902153015137,0.003839254379272461
20,10000,2,er,linear_sem,14,DF-PC (Pure),0.9473684210526316,1.0,0.9,2.0,410,220,809,0.058396339416503906,0.04663658142089844,0.011759757995605469
20,10000,2,er,linear_sem,15,Standard PC,0.9473684210526316,1.0,0.9,2.0,1374,1184,2554,0.14183592796325684,0.13326501846313477,0.00857090950012207
20,10000,2,er,linear_sem,15,DF-PC (Pure),0.9230769230769231,0.9473684210526315,0.9,3.0,1301,1111,2580,0.14632821083068848,0.12501239776611328,0.021315813064575195
20,10000,2,er,linear_sem,16,Standard PC,1.0,1.0,1.0,0.0,735,545,1218,0.08038020133972168,0.0749044418334961,0.005475759506225586
20,10000,2,er,linear_sem,16,DF-PC (Pure),0.975609756097561,0.9523809523809523,1.0,1.0,559,369,1244,0.06641530990600586,0.0554656982421875,0.01094961166381836
20,10000,2,er,linear_sem,17,Standard PC,1.0,1.0,1.0,0.0,462,272,721,0.0610051155090332,0.05582451820373535,0.0051805973052978516
20,10000,2,er,linear_sem,17,DF-PC (Pure),0.975609756097561,0.9523809523809523,1.0,1.0,294,104,721,0.047797203063964844,0.03800487518310547,0.009792327880859375
20,10000,2,er,linear_sem,18,Standard PC,0.9473684210526316,1.0,0.9,2.0,846,656,1409,0.08487987518310547,0.07930254936218262,0.0055773258209228516
20,10000,2,er,linear_sem,18,DF-PC (Pure),0.9473684210526316,1.0,0.9,2.0,691,501,1409,0.0758657455444336,0.06318950653076172,0.012676239013671875
20,10000,2,er,linear_sem,19,Standard PC,1.0,1.0,1.0,0.0,649,459,1030,0.06513381004333496,0.06047773361206055,0.004656076431274414
20,10000,2,er,linear_sem,19,DF-PC (Pure),0.975609756097561,0.9523809523809523,1.0,1.0,471,281,1058,0.0530242919921875,0.04335284233093262,0.009671449661254883
20,10000,2,er,linear_sem,20,Standard PC,0.8947368421052632,0.9444444444444444,0.85,4.0,1701,1511,2032,0.23484086990356445,0.22382593154907227,0.011014938354492188
20,10000,2,er,linear_sem,20,DF-PC (Pure),0.8947368421052632,0.9444444444444444,0.85,4.0,596,406,2032,0.11057186126708984,0.07684922218322754,0.033722639083862305
20,10000,2,er,linear_sem,21,Standard PC,1.0,1.0,1.0,0.0,1143,953,1913,0.11375093460083008,0.10671401023864746,0.007036924362182617
20,10000,2,er,linear_sem,21,DF-PC (Pure),1.0,1.0,1.0,0.0,970,780,1916,0.15406012535095215,0.12548565864562988,0.028574466705322266
20,10000,2,er,linear_sem,22,Standard PC,1.0,1.0,1.0,0.0,559,369,843,0.07891678810119629,0.07286787033081055,0.006048917770385742
20,10000,2,er,linear_sem,22,DF-PC (Pure),0.975609756097561,0.9523809523809523,1.0,1.0,372,182,845,0.06045341491699219,0.04781627655029297,0.012637138366699219
20,10000,2,er,linear_sem,23,Standard PC,0.9743589743589743,1.0,0.95,1.0,671,481,1103,0.09415030479431152,0.08767247200012207,0.006477832794189453
20,10000,2,er,linear_sem,23,DF-PC (Pure),0.9743589743589743,1.0,0.95,1.0,512,322,1103,0.056111812591552734,0.04663395881652832,0.009477853775024414
20,10000,2,er,linear_sem,24,Standard PC,1.0,1.0,1.0,0.0,704,514,1088,0.07220149040222168,0.06734800338745117,0.004853487014770508
20,10000,2,er,linear_sem,24,DF-PC (Pure),1.0,1.0,1.0,0.0,471,281,1088,0.05446743965148926,0.04465079307556152,0.009816646575927734
20,10000,2,er,linear_sem,25,Standard PC,1.0,1.0,1.0,0.0,803,613,1291,0.0795135498046875,0.07424259185791016,0.005270957946777344
20,10000,2,er,linear_sem,25,DF-PC (Pure),1.0,1.0,1.0,0.0,596,406,1291,0.06642723083496094,0.055126190185546875,0.011301040649414062
20,10000,2,er,linear_sem,26,Standard PC,1.0,1.0,1.0,0.0,472,282,757,0.04665541648864746,0.04293680191040039,0.0037186145782470703
20,10000,2,er,linear_sem,26,DF-PC (Pure),1.0,1.0,1.0,0.0,344,154,757,0.0375523567199707,0.031023263931274414,0.006529092788696289
20,10000,2,er,linear_sem,27,Standard PC,1.0,1.0,1.0,0.0,791,601,1253,0.07838320732116699,0.07314729690551758,0.005235910415649414
20,10000,2,er,linear_sem,27,DF-PC (Pure),1.0,1.0,1.0,0.0,573,383,1253,0.06440520286560059,0.05339503288269043,0.011010169982910156
20,10000,2,er,linear_sem,28,Standard PC,0.9743589743589743,1.0,0.95,1.0,631,441,1016,0.0883479118347168,0.08172917366027832,0.0066187381744384766
20,10000,2,er,linear_sem,28,DF-PC (Pure),0.9743589743589743,1.0,0.95,1.0,483,293,1016,0.07693719863891602,0.06274890899658203,0.014188289642333984
20,10000,2,er,linear_sem,29,Standard PC,0.9473684210526316,1.0,0.9,2.0,450,260,727,0.04616427421569824,0.04248452186584473,0.0036797523498535156
20,10000,2,er,linear_sem,29,DF-PC (Pure),0.9743589743589743,1.0,0.95,1.0,321,131,727,0.03637409210205078,0.030020475387573242,0.006353616714477539
20,10000,2,sf,discrete,0,Standard PC,0.5925925925925926,1.0,0.42105263157894735,11.0,227,37,417,0.04526805877685547,0.04215550422668457,0.0031125545501708984
20,10000,2,sf,discrete,0,DF-PC (Pure),0.6451612903225806,0.8333333333333334,0.5263157894736842,11.0,190,0,472,0.03615856170654297,0.031211137771606445,0.0049474239349365234
20,10000,2,sf,discrete,1,Standard PC,0.8125000000000001,1.0,0.6842105263157895,6.0,241,51,431,0.048753976821899414,0.045443058013916016,0.0033109188079833984
20,10000,2,sf,discrete,1,DF-PC (Pure),0.8823529411764706,1.0,0.7894736842105263,4.0,190,0,431,0.03731989860534668,0.032942771911621094,0.004377126693725586
20,10000,2,sf,discrete,2,Standard PC,0.5714285714285714,0.8888888888888888,0.42105263157894735,12.0,212,22,402,0.04042387008666992,0.03760528564453125,0.002818584442138672
20,10000,2,sf,discrete,2,DF-PC (Pure),0.5714285714285714,0.8888888888888888,0.42105263157894735,12.0,190,0,402,0.03613781929016113,0.03217816352844238,0.00395965576171875
20,10000,2,sf,discrete,3,Standard PC,0.5925925925925926,1.0,0.42105263157894735,11.0,211,21,402,0.04224252700805664,0.03928184509277344,0.002960681915283203
20,10000,2,sf,discrete,3,DF-PC (Pure),0.5806451612903226,0.75,0.47368421052631576,13.0,193,3,432,0.053731679916381836,0.04728078842163086,0.0064508914947509766
20,10000,2,sf,discrete,4,Standard PC,0.39999999999999997,0.8333333333333334,0.2631578947368421,15.0,201,11,391,0.038416147232055664,0.03569388389587402,0.0027222633361816406
20,10000,2,sf,discrete,4,DF-PC (Pure),0.39999999999999997,0.8333333333333334,0.2631578947368421,15.0,190,0,391,0.034451961517333984,0.030794858932495117,0.003657102584838867
20,10000,2,sf,discrete,5,Standard PC,0.6896551724137931,1.0,0.5263157894736842,9.0,228,38,418,0.0460202693939209,0.04289674758911133,0.0031235218048095703
20,10000,2,sf,discrete,5,DF-PC (Pure),0.7333333333333334,1.0,0.5789473684210527,8.0,190,0,418,0.036890268325805664,0.03270220756530762,0.004188060760498047
20,10000,2,sf,discrete,6,Standard PC,0.6896551724137931,1.0,0.5263157894736842,9.0,213,23,408,0.0462191104888916,0.043061017990112305,0.003158092498779297
20,10000,2,sf,discrete,6,DF-PC (Pure),0.6451612903225806,0.8333333333333334,0.5263157894736842,11.0,196,6,413,0.0404658317565918,0.03616046905517578,0.004305362701416016
20,10000,2,sf,discrete,7,Standard PC,0.4347826086956522,1.0,0.2777777777777778,13.0,200,10,390,0.03912496566772461,0.03615093231201172,0.0029740333557128906
20,10000,2,sf,discrete,7,DF-PC (Pure),0.5384615384615385,0.875,0.3888888888888889,12.0,190,0,390,0.03634023666381836,0.03245210647583008,0.0038881301879882812
20,10000,2,sf,discrete,8,Standard PC,0.6896551724137931,1.0,0.5263157894736842,9.0,213,23,403,0.04464602470397949,0.04153752326965332,0.003108501434326172
20,10000,2,sf,discrete,8,DF-PC (Pure),0.7333333333333334,1.0,0.5789473684210527,8.0,190,0,409,0.03857541084289551,0.03437376022338867,0.004201650619506836
20,10000,2,sf,discrete,9,Standard PC,0.7741935483870968,1.0,0.631578947368421,7.0,240,50,430,0.04909563064575195,0.04601168632507324,0.003083944320678711
20,10000,2,sf,discrete,9,DF-PC (Pure),0.7741935483870968,1.0,0.631578947368421,7.0,190,0,430,0.03556704521179199,0.03150653839111328,0.004060506820678711
20,10000,2,sf,discrete,10,Standard PC,0.5925925925925926,1.0,0.42105263157894735,11.0,212,22,402,0.03892993927001953,0.03614020347595215,0.002789735794067383
20,10000,2,sf,discrete,10,DF-PC (Pure),0.5517241379310345,0.8,0.42105263157894735,13.0,190,0,416,0.03462076187133789,0.030647993087768555,0.003972768783569336
20,10000,2,sf,discrete,11,Standard PC,0.6428571428571429,1.0,0.47368421052631576,10.0,226,36,416,0.0436251163482666,0.04062294960021973,0.003002166748046875
20,10000,2,sf,discrete,11,DF-PC (Pure),0.7058823529411765,0.8,0.631578947368421,10.0,190,0,433,0.03497886657714844,0.030927419662475586,0.0040514469146728516
20,10000,2,sf,discrete,12,Standard PC,0.34782608695652173,1.0,0.21052631578947367,15.0,201,11,391,0.037020206451416016,0.03434443473815918,0.002675771713256836
20,10000,2,sf,discrete,12,DF-PC (Pure),0.39999999999999997,0.8333333333333334,0.2631578947368421,15.0,190,0,395,0.03452563285827637,0.030850648880004883,0.0036749839782714844
20,10000,2,sf,discrete,13,Standard PC,0.6896551724137931,1.0,0.5263157894736842,9.0,219,29,411,0.04105329513549805,0.038089752197265625,0.002963542938232422
20,10000,2,sf,discrete,13,DF-PC (Pure),0.8235294117647058,0.9333333333333333,0.7368421052631579,6.0,193,3,438,0.03581666946411133,0.03153419494628906,0.004282474517822266
20,10000,2,sf,discrete,14,Standard PC,0.6428571428571429,1.0,0.47368421052631576,10.0,205,15,395,0.04957127571105957,0.04615163803100586,0.003419637680053711
20,10000,2,sf,discrete,14,DF-PC (Pure),0.6206896551724138,0.9,0.47368421052631576,11.0,190,0,395,0.03631782531738281,0.03234577178955078,0.003972053527832031
20,10000,2,sf,discrete,15,Standard PC,0.7333333333333334,1.0,0.5789473684210527,8.0,217,27,407,0.06284546852111816,0.05841565132141113,0.004429817199707031
20,10000,2,sf,discrete,15,DF-PC (Pure),0.6875,0.8461538461538461,0.5789473684210527,10.0,190,0,415,0.05343270301818848,0.04706549644470215,0.006367206573486328
20,10000,2,sf,discrete,16,Standard PC,0.8125000000000001,1.0,0.6842105263157895,6.0,237,47,427,0.06985235214233398,0.06527304649353027,0.004579305648803711
20,10000,2,sf,discrete,16,DF-PC (Pure),0.8648648648648649,0.8888888888888888,0.8421052631578947,5.0,190,0,434,0.051752567291259766,0.045377492904663086,0.00637507438659668
20,10000,2,sf,discrete,17,Standard PC,0.6896551724137931,1.0,0.5263157894736842,9.0,212,22,405,0.04076552391052246,0.03778815269470215,0.0029773712158203125
20,10000,2,sf,discrete,17,DF-PC (Pure),0.6896551724137931,1.0,0.5263157894736842,9.0,193,3,405,0.03661155700683594,0.03270316123962402,0.003908395767211914
20,10000,2,sf,discrete,18,Standard PC,0.5925925925925926,1.0,0.42105263157894735,11.0,207,17,400,0.03938746452331543,0.03653764724731445,0.0028498172760009766
20,10000,2,sf,discrete,18,DF-PC (Pure),0.6,0.8181818181818182,0.47368421052631576,12.0,193,3,408,0.03652501106262207,0.03250932693481445,0.004015684127807617
20,10000,2,sf,discrete,19,Standard PC,0.5925925925925926,1.0,0.42105263157894735,11.0,213,23,403,0.039786577224731445,0.03696298599243164,0.0028235912322998047
20,10000,2,sf,discrete,19,DF-PC (Pure),0.6875,0.8461538461538461,0.5789473684210527,10.0,190,0,408,0.03522300720214844,0.031187772750854492,0.004035234451293945
20,10000,2,sf,discrete,20,Standard PC,0.4166666666666667,1.0,0.2631578947368421,14.0,212,22,402,0.0401921272277832,0.0374300479888916,0.0027620792388916016
20,10000,2,sf,discrete,20,DF-PC (Pure),0.42857142857142855,0.6666666666666666,0.3157894736842105,16.0,190,0,421,0.035416603088378906,0.03143477439880371,0.003981828689575195
20,10000,2,sf,discrete,21,Standard PC,0.6896551724137931,1.0,0.5263157894736842,9.0,221,31,411,0.041887760162353516,0.03885221481323242,0.0030355453491210938
20,10000,2,sf,discrete,21,DF-PC (Pure),0.7096774193548387,0.9166666666666666,0.5789473684210527,9.0,190,0,411,0.035666704177856445,0.03161144256591797,0.0040552616119384766
20,10000,2,sf,discrete,22,Standard PC,0.5185185185185185,0.875,0.3684210526315789,13.0,203,13,393,0.03880143165588379,0.03589367866516113,0.0029077529907226562
20,10000,2,sf,discrete,22,DF-PC (Pure),0.5185185185185185,0.875,0.3684210526315789,13.0,190,0,393,0.03638863563537598,0.03245735168457031,0.003931283950805664
20,10000,2,sf,discrete,23,Standard PC,0.5384615384615384,1.0,0.3684210526315789,12.0,196,6,386,0.037032365798950195,0.03426337242126465,0.002768993377685547
20,10000,2,sf,discrete,23,DF-PC (Pure),0.5384615384615384,1.0,0.3684210526315789,12.0,190,0,386,0.034295082092285156,0.030579328536987305,0.0037157535552978516
20,10000,2,sf,discrete,24,Standard PC,0.5384615384615384,1.0,0.3684210526315789,12.0,210,20,400,0.04044222831726074,0.03754997253417969,0.0028922557830810547
20,10000,2,sf,discrete,24,DF-PC (Pure),0.5,0.7777777777777778,0.3684210526315789,14.0,190,0,414,0.036695241928100586,0.03256583213806152,0.0041294097900390625
20,10000,2,sf,discrete,25,Standard PC,0.7499999999999999,0.9230769230769231,0.631578947368421,8.0,243,53,433,0.04786801338195801,0.044709205627441406,0.0031588077545166016
20,10000,2,sf,discrete,25,DF-PC (Pure),0.7777777777777778,0.8235294117647058,0.7368421052631579,8.0,190,0,461,0.03589129447937012,0.031508445739746094,0.0043828487396240234
20,10000,2,sf,discrete,26,Standard PC,0.7741935483870968,1.0,0.631578947368421,7.0,230,40,420,0.04419136047363281,0.04119229316711426,0.0029990673065185547
20,10000,2,sf,discrete,26,DF-PC (Pure),0.742857142857143,0.8125,0.6842105263157895,9.0,190,0,428,0.03556180000305176,0.031350135803222656,0.0042116641998291016
20,10000,2,sf,discrete,27,Standard PC,0.7333333333333334,1.0,0.5789473684210527,8.0,240,50,430,0.0457768440246582,0.042757272720336914,0.003019571304321289
20,10000,2,sf,discrete,27,DF-PC (Pure),0.6470588235294117,0.7333333333333333,0.5789473684210527,12.0,190,0,445,0.03449559211730957,0.030453205108642578,0.004042387008666992
20,10000,2,sf,discrete,28,Standard PC,0.6451612903225806,0.8333333333333334,0.5263157894736842,11.0,208,18,398,0.03930473327636719,0.036422014236450195,0.002882719039916992
20,10000,2,sf,discrete,28,DF-PC (Pure),0.625,0.7692307692307693,0.5263157894736842,12.0,190,0,398,0.03565859794616699,0.03180575370788574,0.00385284423828125
20,10000,2,sf,discrete,29,Standard PC,0.3636363636363636,1.0,0.2222222222222222,14.0,196,6,386,0.03718757629394531,0.03437447547912598,0.002813100814819336
20,10000,2,sf,discrete,29,DF-PC (Pure),0.4,0.7142857142857143,0.2777777777777778,15.0,190,0,386,0.03603076934814453,0.03228020668029785,0.0037505626678466797
20,10000,2,sf,linear_sem,0,Standard PC,1.0,1.0,1.0,0.0,2796,2606,3039,0.2800407409667969,0.2683079242706299,0.011732816696166992
20,10000,2,sf,linear_sem,0,DF-PC (Pure),1.0,1.0,1.0,0.0,280,90,3040,0.07557845115661621,0.0254061222076416,0.05017232894897461
20,10000,2,sf,linear_sem,1,Standard PC,1.0,1.0,1.0,0.0,564,374,857,0.05572795867919922,0.05162763595581055,0.004100322723388672
20,10000,2,sf,linear_sem,1,DF-PC (Pure),0.9743589743589743,0.95,1.0,1.0,347,157,857,0.03916573524475098,0.03142285346984863,0.007742881774902344
20,10000,2,sf,linear_sem,2,Standard PC,0.9743589743589743,0.95,1.0,1.0,922,732,1212,0.13396787643432617,0.12611865997314453,0.00784921646118164
20,10000,2,sf,linear_sem,2,DF-PC (Pure),0.9743589743589743,0.95,1.0,1.0,552,362,1212,0.10159444808959961,0.07515501976013184,0.026439428329467773
20,10000,2,sf,linear_sem,3,Standard PC,0.9142857142857143,1.0,0.8421052631578947,3.0,1412,1222,1717,0.13850831985473633,0.13153839111328125,0.006969928741455078
20,10000,2,sf,linear_sem,3,DF-PC (Pure),0.8888888888888888,0.9411764705882353,0.8421052631578947,4.0,871,681,1723,0.11857438087463379,0.0836629867553711,0.034911394119262695
20,10000,2,sf,linear_sem,4,Standard PC,1.0,1.0,1.0,0.0,2852,2662,3098,0.45923829078674316,0.4435410499572754,0.015697240829467773
20,10000,2,sf,linear_sem,4,DF-PC (Pure),1.0,1.0,1.0,0.0,368,178,3098,0.14105796813964844,0.047720909118652344,0.0933370590209961
20,10000,2,sf,linear_sem,5,Standard PC,1.0,1.0,1.0,0.0,554,364,841,0.05567002296447754,0.05159258842468262,0.004077434539794922
20,10000,2,sf,linear_sem,5,DF-PC (Pure),0.9743589743589743,0.95,1.0,1.0,346,156,846,0.0396428108215332,0.03164052963256836,0.008002281188964844
20,10000,2,sf,linear_sem,6,Standard PC,0.972972972972973,1.0,0.9473684210526315,1.0,864,674,1180,0.0885000228881836,0.0832664966583252,0.0052335262298583984
20,10000,2,sf,linear_sem,6,DF-PC (Pure),0.972972972972973,1.0,0.9473684210526315,1.0,582,392,1180,0.07639861106872559,0.05919170379638672,0.017206907272338867
20,10000,2,sf,linear_sem,7,Standard PC,1.0,1.0,1.0,0.0,11570,11380,11804,1.4118847846984863,1.36659574508667,0.045289039611816406
20,10000,2,sf,linear_sem,7,DF-PC (Pure),0.972972972972973,0.9473684210526315,1.0,1.0,6360,6170,11804,1.0929017066955566,0.6393077373504639,0.4535939693450928
20,10000,2,sf,linear_sem,8,Standard PC,0.9743589743589743,0.95,1.0,1.0,2725,2535,3033,0.27835893630981445,0.2669963836669922,0.011362552642822266
20,10000,2,sf,linear_sem,8,DF-PC (Pure),0.9743589743589743,0.95,1.0,1.0,1601,1411,3033,0.23817157745361328,0.1600496768951416,0.07812190055847168
20,10000,2,sf,linear_sem,9,Standard PC,1.0,1.0,1.0,0.0,914,724,1193,0.0911717414855957,0.08579349517822266,0.005378246307373047
20,10000,2,sf,linear_sem,9,DF-PC (Pure),1.0,1.0,1.0,0.0,588,398,1193,0.07402420043945312,0.05656242370605469,0.017461776733398438
20,10000,2,sf,linear_sem,10,Standard PC,0.9743589743589743,0.95,1.0,1.0,780,590,1035,0.11162924766540527,0.10463905334472656,0.006990194320678711
20,10000,2,sf,linear_sem,10,DF-PC (Pure),0.9743589743589743,0.95,1.0,1.0,379,189,1035,0.06962847709655762,0.051084041595458984,0.018544435501098633
20,10000,2,sf,linear_sem,11,Standard PC,1.0,1.0,1.0,0.0,692,502,994,0.06760931015014648,0.06302881240844727,0.004580497741699219
20,10000,2,sf,linear_sem,11,DF-PC (Pure),1.0,1.0,1.0,0.0,460,270,994,0.05298185348510742,0.04215383529663086,0.010828018188476562
20,10000,2,sf,linear_sem,12,Standard PC,1.0,1.0,1.0,0.0,3131,2941,3410,0.3071134090423584,0.29436540603637695,0.012748003005981445
20,10000,2,sf,linear_sem,12,DF-PC (Pure),1.0,1.0,1.0,0.0,1796,1606,3410,0.2584969997406006,0.17384576797485352,0.08465123176574707
20,10000,2,sf,linear_sem,13,Standard PC,1.0,1.0,1.0,0.0,742,552,1048,0.07643651962280273,0.07161402702331543,0.004822492599487305
20,10000,2,sf,linear_sem,13,DF-PC (Pure),1.0,1.0,1.0,0.0,465,275,1052,0.05622458457946777,0.04490232467651367,0.011322259902954102
20,10000,2,sf,linear_sem,14,Standard PC,0.9444444444444444,1.0,0.8947368421052632,2.0,510,320,801,0.05128812789916992,0.0473787784576416,0.00390934944152832
20,10000,2,sf,linear_sem,14,DF-PC (Pure),0.918918918918919,0.9444444444444444,0.8947368421052632,3.0,355,165,801,0.03996586799621582,0.03265571594238281,0.007310152053833008
20,10000,2,sf,linear_sem,15,Standard PC,0.9743589743589743,0.95,1.0,1.0,1412,1222,1650,0.1361832618713379,0.12941360473632812,0.006769657135009766
20,10000,2,sf,linear_sem,15,DF-PC (Pure),0.9743589743589743,0.95,1.0,1.0,258,68,1650,0.04329681396484375,0.023104190826416016,0.020192623138427734
20,10000,2,sf,linear_sem,16,Standard PC,1.0,1.0,1.0,0.0,491,301,782,0.050888776779174805,0.04697847366333008,0.0039103031158447266
20,10000,2,sf,linear_sem,16,DF-PC (Pure),1.0,1.0,1.0,0.0,344,154,782,0.04054117202758789,0.03340721130371094,0.007133960723876953
20,10000,2,sf,linear_sem,17,Standard PC,1.0,1.0,1.0,0.0,2716,2526,2968,0.3912956714630127,0.3759877681732178,0.015307903289794922
20,10000,2,sf,linear_sem,17,DF-PC (Pure),0.9743589743589743,0.95,1.0,1.0,269,79,2968,0.12277841567993164,0.036032676696777344,0.0867457389831543
20,10000,2,sf,linear_sem,18,Standard PC,0.8235294117647058,0.9333333333333333,0.7368421052631579,6.0,582,392,864,0.05837059020996094,0.05425262451171875,0.0041179656982421875
20,10000,2,sf,linear_sem,18,DF-PC (Pure),0.8235294117647058,0.9333333333333333,0.7368421052631579,6.0,399,209,864,0.045659542083740234,0.03667950630187988,0.008980035781860352
20,10000,2,sf,linear_sem,19,Standard PC,0.9444444444444444,1.0,0.8947368421052632,2.0,666,476,965,0.06741857528686523,0.06284523010253906,0.004573345184326172
20,10000,2,sf,linear_sem,19,DF-PC (Pure),0.9444444444444444,1.0,0.8947368421052632,2.0,455,265,965,0.053267478942871094,0.04252266883850098,0.010744810104370117
20,10000,2,sf,linear_sem,20,Standard PC,1.0,1.0,1.0,0.0,2817,2627,3058,0.28827691078186035,0.27660202980041504,0.011674880981445312
20,10000,2,sf,linear_sem,20,DF-PC (Pure),1.0,1.0,1.0,0.0,1520,1330,3058,0.2337477207183838,0.15696406364440918,0.07678365707397461
20,10000,2,sf,linear_sem,21,Standard PC,0.972972972972973,1.0,0.9473684210526315,1.0,1497,1307,1788,0.14516401290893555,0.1379988193511963,0.007165193557739258
20,10000,2,sf,linear_sem,21,DF-PC (Pure),0.972972972972973,1.0,0.9473684210526315,1.0,901,711,1788,0.14190244674682617,0.1000816822052002,0.04182076454162598
20,10000,2,sf,linear_sem,22,Standard PC,1.0,1.0,1.0,0.0,5651,5461,5906,0.657740592956543,0.633277177810669,0.024463415145874023
20,10000,2,sf,linear_sem,22,DF-PC (Pure),1.0,1.0,1.0,0.0,4411,4221,8826,0.6859707832336426,0.424365758895874,0.26160502433776855
20,10000,2,sf,linear_sem,23,Standard PC,1.0,1.0,1.0,0.0,1094,904,1398,0.10644149780273438,0.10056066513061523,0.005880832672119141
20,10000,2,sf,linear_sem,23,DF-PC (Pure),1.0,1.0,1.0,0.0,703,513,1398,0.08615565299987793,0.06581687927246094,0.020338773727416992
20,10000,2,sf,linear_sem,24,Standard PC,1.0,1.0,1.0,0.0,2719,2529,2951,0.2751941680908203,0.26375532150268555,0.011438846588134766
20,10000,2,sf,linear_sem,24,DF-PC (Pure),1.0,1.0,1.0,0.0,274,84,2951,0.07901906967163086,0.026171445846557617,0.05284762382507324
20,10000,2,sf,linear_sem,25,Standard PC,1.0,1.0,1.0,0.0,577,387,928,0.08123898506164551,0.0749974250793457,0.006241559982299805
20,10000,2,sf,linear_sem,25,DF-PC (Pure),1.0,1.0,1.0,0.0,383,193,928,0.061486244201660156,0.04909968376159668,0.012386560440063477
20,10000,2,sf,linear_sem,26,Standard PC,1.0,1.0,1.0,0.0,847,657,1083,0.08697342872619629,0.08192110061645508,0.005052328109741211
20,10000,2,sf,linear_sem,26,DF-PC (Pure),0.9500000000000001,0.9047619047619048,1.0,2.0,272,82,1086,0.03800773620605469,0.02511882781982422,0.012888908386230469
20,10000,2,sf,linear_sem,27,Standard PC,1.0,1.0,1.0,0.0,701,511,978,0.06955766677856445,0.0649864673614502,0.004571199417114258
20,10000,2,sf,linear_sem,27,DF-PC (Pure),0.9743589743589743,0.95,1.0,1.0,466,276,1083,0.05778861045837402,0.044078826904296875,0.013709783554077148
20,10000,2,sf,linear_sem,28,Standard PC,1.0,1.0,1.0,0.0,665,475,924,0.07697010040283203,0.07168984413146973,0.005280256271362305
20,10000,2,sf,linear_sem,28,DF-PC (Pure),0.9743589743589743,0.95,1.0,1.0,375,185,927,0.04445004463195801,0.03488445281982422,0.009565591812133789
20,10000,2,sf,linear_sem,29,Standard PC,1.0,1.0,1.0,0.0,11603,11413,11852,1.370100975036621,1.3259694576263428,0.04413151741027832
20,10000,2,sf,linear_sem,29,DF-PC (Pure),1.0,1.0,1.0,0.0,6373,6183,11852,1.1202785968780518,0.663393497467041,0.45688509941101074
20,10000,4,er,discrete,0,Standard PC,0.6206896551724138,1.0,0.45,22.0,397,207,604,0.08908295631408691,0.08496451377868652,0.004118442535400391
20,10000,4,er,discrete,0,DF-PC (Pure),0.6885245901639345,1.0,0.525,19.0,215,25,726,0.04496622085571289,0.03699660301208496,0.00796961784362793
20,10000,4,er,discrete,1,Standard PC,0.5454545454545454,1.0,0.375,25.0,328,138,523,0.06768965721130371,0.06406283378601074,0.0036268234252929688
20,10000,4,er,discrete,1,DF-PC (Pure),0.5901639344262294,0.8571428571428571,0.45,25.0,195,5,938,0.04195690155029297,0.03129124641418457,0.010665655136108398
20,10000,4,er,discrete,2,Standard PC,0.7096774193548387,1.0,0.55,18.0,310,120,509,0.0649867057800293,0.06121993064880371,0.003766775131225586
20,10000,4,er,discrete,2,DF-PC (Pure),0.7076923076923077,0.92,0.575,19.0,199,9,553,0.039344072341918945,0.033910274505615234,0.005433797836303711
20,10000,4,er,discrete,3,Standard PC,0.5964912280701754,1.0,0.425,23.0,349,159,552,0.07287454605102539,0.06917381286621094,0.003700733184814453
20,10000,4,er,discrete,3,DF-PC (Pure),0.634920634920635,0.8695652173913043,0.5,23.0,210,20,739,0.043860673904418945,0.03674888610839844,0.007111787796020508
20,10000,4,er,discrete,4,Standard PC,0.5454545454545454,1.0,0.375,25.0,318,128,518,0.06785416603088379,0.06419515609741211,0.0036590099334716797
20,10000,4,er,discrete,4,DF-PC (Pure),0.71875,0.9583333333333334,0.575,18.0,212,22,741,0.047110795974731445,0.03916358947753906,0.007947206497192383
20,10000,4,er,discrete,5,Standard PC,0.6666666666666666,1.0,0.5,20.0,582,392,793,0.1387944221496582,0.1334235668182373,0.0053708553314208984
20,10000,4,er,discrete,5,DF-PC (Pure),0.8333333333333334,0.9375,0.75,12.0,227,37,1809,0.07023143768310547,0.04294157028198242,0.027289867401123047
20,10000,4,er,discrete,6,Standard PC,0.6440677966101694,1.0,0.475,21.0,478,288,679,0.11061668395996094,0.1057596206665039,0.004857063293457031
20,10000,4,er,discrete,6,DF-PC (Pure),0.7887323943661972,0.9032258064516129,0.7,15.0,223,33,1323,0.05829000473022461,0.04182243347167969,0.016467571258544922
20,10000,4,er,discrete,7,Standard PC,0.6440677966101694,1.0,0.475,21.0,584,394,792,0.14161396026611328,0.13631200790405273,0.005301952362060547
20,10000,4,er,discrete,7,DF-PC (Pure),0.7462686567164178,0.9259259259259259,0.625,17.0,268,78,925,0.06623077392578125,0.05510306358337402,0.011127710342407227
20,10000,4,er,discrete,8,Standard PC,0.5964912280701754,1.0,0.425,23.0,380,190,580,0.0835268497467041,0.07948946952819824,0.004037380218505859
20,10000,4,er,discrete,8,DF-PC (Pure),0.6885245901639345,1.0,0.525,19.0,207,17,614,0.040808677673339844,0.03506278991699219,0.005745887756347656
20,10000,4,er,discrete,9,Standard PC,0.6206896551724138,1.0,0.45,22.0,583,393,790,0.13590717315673828,0.13057351112365723,0.005333662033081055
20,10000,4,er,discrete,9,DF-PC (Pure),0.821917808219178,0.9090909090909091,0.75,13.0,232,42,3184,0.09691619873046875,0.0434114933013916,0.05350470542907715
20,10000,4,er,discrete,10,Standard PC,0.5454545454545454,1.0,0.375,25.0,305,115,497,0.06246376037597656,0.0590214729309082,0.0034422874450683594
20,10000,4,er,discrete,10,DF-PC (Pure),0.71875,0.9583333333333334,0.575,18.0,193,3,619,0.03938579559326172,0.03249812126159668,0.006887674331665039
20,10000,4,er,discrete,11,Standard PC,0.6440677966101694,1.0,0.475,21.0,328,138,522,0.1041109561920166,0.09857964515686035,0.00553131103515625
20,10000,4,er,discrete,11,DF-PC (Pure),0.7384615384615384,0.96,0.6,17.0,196,6,633,0.05772757530212402,0.048174142837524414,0.00955343246459961
20,10000,4,er,discrete,12,Standard PC,0.6440677966101694,1.0,0.475,21.0,610,420,812,0.13999557495117188,0.13466954231262207,0.005326032638549805
20,10000,4,er,discrete,12,DF-PC (Pure),0.8285714285714285,0.9666666666666667,0.725,12.0,207,17,1205,0.05055117607116699,0.03587675094604492,0.01467442512512207
20,10000,4,er,discrete,13,Standard PC,0.7301587301587301,1.0,0.575,17.0,407,217,610,0.09310173988342285,0.0887441635131836,0.004357576370239258
20,10000,4,er,discrete,13,DF-PC (Pure),0.7941176470588236,0.9642857142857143,0.675,14.0,204,14,746,0.04340195655822754,0.035627126693725586,0.007774829864501953
20,10000,4,er,discrete,14,Standard PC,0.6666666666666666,1.0,0.5,20.0,344,154,543,0.07274723052978516,0.06877827644348145,0.003968954086303711
20,10000,4,er,discrete,14,DF-PC (Pure),0.787878787878788,1.0,0.65,14.0,202,12,573,0.04041004180908203,0.03469133377075195,0.005718708038330078
20,10000,4,er,discrete,15,Standard PC,0.6440677966101694,1.0,0.475,21.0,354,164,544,0.11942696571350098,0.11371445655822754,0.0057125091552734375
20,10000,4,er,discrete,15,DF-PC (Pure),0.7096774193548387,1.0,0.55,18.0,190,0,587,0.055625200271606445,0.046823740005493164,0.008801460266113281
20,10000,4,er,discrete,16,Standard PC,0.5714285714285715,1.0,0.4,24.0,286,96,485,0.061724185943603516,0.05784320831298828,0.0038809776306152344
20,10000,4,er,discrete,16,DF-PC (Pure),0.6885245901639345,1.0,0.525,19.0,202,12,572,0.04021620750427246,0.034607648849487305,0.005608558654785156
20,10000,4,er,discrete,17,Standard PC,0.5714285714285715,1.0,0.4,24.0,449,259,656,0.15879511833190918,0.1525254249572754,0.006269693374633789
20,10000,4,er,discrete,17,DF-PC (Pure),0.7692307692307693,1.0,0.625,15.0,223,33,796,0.07647919654846191,0.06169533729553223,0.014783859252929688
20,10000,4,er,discrete,18,Standard PC,0.5964912280701754,1.0,0.425,23.0,418,228,626,0.09218239784240723,0.08762192726135254,0.0045604705810546875
20,10000,4,er,discrete,18,DF-PC (Pure),0.7575757575757575,0.9615384615384616,0.625,16.0,245,55,929,0.05765414237976074,0.0475008487701416,0.01015329360961914
20,10000,4,er,discrete,19,Standard PC,0.5964912280701754,1.0,0.425,23.0,413,223,608,0.1421806812286377,0.1359694004058838,0.006211280822753906
20,10000,4,er,discrete,19,DF-PC (Pure),0.7352941176470589,0.8928571428571429,0.625,18.0,196,6,817,0.06407332420349121,0.04940295219421387,0.014670372009277344
20,10000,4,er,discrete,20,Standard PC,0.6666666666666666,1.0,0.5,20.0,389,199,592,0.09390687942504883,0.08884334564208984,0.005063533782958984
20,10000,4,er,discrete,20,DF-PC (Pure),0.6984126984126985,0.9565217391304348,0.55,19.0,241,51,740,0.0845026969909668,0.07053399085998535,0.013968706130981445
20,10000,4,er,discrete,21,Standard PC,0.5964912280701754,1.0,0.425,23.0,288,98,490,0.09019756317138672,0.08505511283874512,0.0051424503326416016
20,10000,4,er,discrete,21,DF-PC (Pure),0.6774193548387099,0.9545454545454546,0.525,20.0,203,13,545,0.0598149299621582,0.05160689353942871,0.008208036422729492
20,10000,4,er,discrete,22,Standard PC,0.6666666666666666,1.0,0.5,20.0,309,119,508,0.062151193618774414,0.05860400199890137,0.003547191619873047
20,10000,4,er,discrete,22,DF-PC (Pure),0.7301587301587301,1.0,0.575,17.0,199,9,512,0.03791165351867676,0.0330510139465332,0.004860639572143555
20,10000,4,er,discrete,23,Standard PC,0.6440677966101694,1.0,0.475,21.0,371,181,570,0.0820169448852539,0.07784390449523926,0.0041730403900146484
20,10000,4,er,discrete,23,DF-PC (Pure),0.8648648648648648,0.9411764705882353,0.8,10.0,205,15,1046,0.04815196990966797,0.03648734092712402,0.011664628982543945
20,10000,4,er,discrete,24,Standard PC,0.6206896551724138,1.0,0.45,22.0,322,132,522,0.10336923599243164,0.09810161590576172,0.005267620086669922
20,10000,4,er,discrete,24,DF-PC (Pure),0.7462686567164178,0.9259259259259259,0.625,17.0,207,17,692,0.046186208724975586,0.038865089416503906,0.00732111930847168
20,10000,4,er,discrete,25,Standard PC,0.7096774193548387,1.0,0.55,18.0,437,247,640,0.09728693962097168,0.09297871589660645,0.004308223724365234
20,10000,4,er,discrete,25,DF-PC (Pure),0.7575757575757575,0.9615384615384616,0.625,16.0,208,18,900,0.045105934143066406,0.03565168380737305,0.00945425033569336
20,10000,4,er,discrete,26,Standard PC,0.6440677966101694,1.0,0.475,21.0,331,141,532,0.07136344909667969,0.06746244430541992,0.0039010047912597656
20,10000,4,er,discrete,26,DF-PC (Pure),0.6774193548387099,0.9545454545454546,0.525,20.0,205,15,559,0.04127335548400879,0.03574848175048828,0.005524873733520508
20,10000,4,er,discrete,27,Standard PC,0.5714285714285715,1.0,0.4,24.0,364,174,561,0.08188271522521973,0.07780051231384277,0.004082202911376953
20,10000,4,er,discrete,27,DF-PC (Pure),0.6461538461538462,0.84,0.525,23.0,198,8,689,0.043305397033691406,0.03647923469543457,0.006826162338256836
20,10000,4,er,discrete,28,Standard PC,0.5454545454545454,1.0,0.375,25.0,299,109,495,0.06290578842163086,0.059409379959106445,0.003496408462524414
20,10000,4,er,discrete,28,DF-PC (Pure),0.6101694915254237,0.9473684210526315,0.45,23.0,199,9,533,0.03891921043395996,0.03399467468261719,0.0049245357513427734
20,10000,4,er,discrete,29,Standard PC,0.6206896551724138,1.0,0.45,22.0,315,125,505,0.06504368782043457,0.06141829490661621,0.0036253929138183594
20,10000,4,er,discrete,29,DF-PC (Pure),0.6885245901639345,1.0,0.525,19.0,190,0,534,0.03490328788757324,0.030120849609375,0.004782438278198242
20,10000,4,er,linear_sem,0,Standard PC,0.6086956521739131,0.7241379310344828,0.525,27.0,4703,4513,6366,0.512521505355835,0.4919445514678955,0.020576953887939453
20,10000,4,er,linear_sem,0,DF-PC (Pure),0.6086956521739131,0.7241379310344828,0.525,27.0,3680,3490,6373,0.4121565818786621,0.33695530891418457,0.07520127296447754
20,10000,4,er,linear_sem,1,Standard PC,0.7887323943661972,0.9032258064516129,0.7,15.0,3900,3710,5475,0.3867218494415283,0.3691730499267578,0.017548799514770508
20,10000,4,er,linear_sem,1,DF-PC (Pure),0.7887323943661972,0.9032258064516129,0.7,15.0,3138,2948,5475,0.36107683181762695,0.3012821674346924,0.05979466438293457
20,10000,4,er,linear_sem,2,Standard PC,0.6666666666666666,0.7931034482758621,0.575,23.0,5597,5407,7960,0.5457682609558105,0.5212221145629883,0.024546146392822266
20,10000,4,er,linear_sem,2,DF-PC (Pure),0.6666666666666666,0.7931034482758621,0.575,23.0,4534,4344,7960,0.5684311389923096,0.48505473136901855,0.08337640762329102
20,10000,4,er,linear_sem,3,Standard PC,0.8333333333333334,0.9375,0.75,12.0,4208,4018,6093,0.41701674461364746,0.39749574661254883,0.019520998001098633
20,10000,4,er,linear_sem,3,DF-PC (Pure),0.8333333333333334,0.9375,0.75,12.0,3557,3367,6139,0.4613332748413086,0.393949031829834,0.06738424301147461
20,10000,4,er,linear_sem,4,Standard PC,0.6285714285714286,0.7333333333333333,0.55,26.0,4784,4594,6169,0.5824196338653564,0.5597808361053467,0.022638797760009766
20,10000,4,er,linear_sem,4,DF-PC (Pure),0.619718309859155,0.7096774193548387,0.55,27.0,3173,2983,6212,0.5216267108917236,0.41471242904663086,0.10691428184509277
20,10000,4,er,linear_sem,5,Standard PC,0.7123287671232875,0.7878787878787878,0.65,21.0,4621,4431,6770,0.7126023769378662,0.6833868026733398,0.029215574264526367
20,10000,4,er,linear_sem,5,DF-PC (Pure),0.7123287671232875,0.7878787878787878,0.65,21.0,4036,3846,6770,0.6567435264587402,0.534740686416626,0.12200284004211426
20,10000,4,er,linear_sem,6,Standard PC,0.5294117647058824,0.6428571428571429,0.45,32.0,5131,4941,7426,0.7025604248046875,0.6704075336456299,0.03215289115905762
20,10000,4,er,linear_sem,6,DF-PC (Pure),0.5294117647058824,0.6428571428571429,0.45,32.0,4589,4399,7426,0.5717344284057617,0.49024176597595215,0.08149266242980957
20,10000,4,er,linear_sem,7,Standard PC,0.6567164179104479,0.8148148148148148,0.55,23.0,6375,6185,9402,0.7051723003387451,0.6761736869812012,0.028998613357543945
20,10000,4,er,linear_sem,7,DF-PC (Pure),0.6865671641791045,0.8518518518518519,0.575,21.0,5690,5500,9467,0.7429711818695068,0.6193146705627441,0.1236565113067627
20,10000,4,er,linear_sem,8,Standard PC,0.7428571428571429,0.8666666666666667,0.65,18.0,5216,5026,7543,0.6261589527130127,0.5994184017181396,0.026740550994873047
20,10000,4,er,linear_sem,8,DF-PC (Pure),0.7428571428571429,0.8666666666666667,0.65,18.0,4479,4289,7549,0.7154185771942139,0.593043327331543,0.1223752498626709
20,10000,4,er,linear_sem,9,Standard PC,0.6865671641791045,0.8518518518518519,0.575,21.0,5760,5570,8390,0.5568757057189941,0.530937671661377,0.025938034057617188
20,10000,4,er,linear_sem,9,DF-PC (Pure),0.6865671641791045,0.8518518518518519,0.575,21.0,5166,4976,8390,0.5697000026702881,0.47764134407043457,0.09205865859985352
20,10000,4,er,linear_sem,10,Standard PC,0.6571428571428571,0.7666666666666667,0.575,24.0,5230,5040,6780,0.706737756729126,0.6766324043273926,0.0301053524017334
20,10000,4,er,linear_sem,10,DF-PC (Pure),0.6571428571428571,0.7666666666666667,0.575,24.0,3658,3468,6780,0.5999014377593994,0.4810965061187744,0.118804931640625
20,10000,4,er,linear_sem,11,Standard PC,0.6229508196721311,0.9047619047619048,0.475,23.0,4780,4590,6997,0.4771909713745117,0.4549999237060547,0.02219104766845703
20,10000,4,er,linear_sem,11,DF-PC (Pure),0.6229508196721311,0.9047619047619048,0.475,23.0,4196,4006,6998,0.48546671867370605,0.40796422958374023,0.07750248908996582
20,10000,4,er,linear_sem,12,Standard PC,0.8059701492537313,1.0,0.675,13.0,4669,4479,6421,0.5021998882293701,0.47922682762145996,0.022973060607910156
20,10000,4,er,linear_sem,12,DF-PC (Pure),0.8059701492537313,1.0,0.675,13.0,3719,3529,6425,0.6174159049987793,0.5032052993774414,0.11421060562133789
20,10000,4,er,linear_sem,13,Standard PC,0.5970149253731343,0.7407407407407407,0.5,27.0,5670,5480,8098,0.7828726768493652,0.7518548965454102,0.031017780303955078
20,10000,4,er,linear_sem,13,DF-PC (Pure),0.5970149253731343,0.7407407407407407,0.5,27.0,4880,4690,8098,0.7866129875183105,0.6501367092132568,0.1364762783050537
20,10000,4,er,linear_sem,14,Standard PC,0.75,0.84375,0.675,18.0,3483,3293,5067,0.3489100933074951,0.33203649520874023,0.016873598098754883
20,10000,4,er,linear_sem,14,DF-PC (Pure),0.75,0.84375,0.675,18.0,2783,2593,5067,0.31334376335144043,0.2616291046142578,0.05171465873718262
20,10000,4,er,linear_sem,15,Standard PC,0.7058823529411764,0.8571428571428571,0.6,20.0,5709,5519,8575,0.6091556549072266,0.5832717418670654,0.025883913040161133
20,10000,4,er,linear_sem,15,DF-PC (Pure),0.7058823529411764,0.8571428571428571,0.6,20.0,5247,5057,8575,0.574155330657959,0.48280978202819824,0.09134554862976074
20,10000,4,er,linear_sem,16,Standard PC,0.676056338028169,0.7741935483870968,0.6,23.0,5345,5155,7631,0.7545862197875977,0.7209315299987793,0.03365468978881836
20,10000,4,er,linear_sem,16,DF-PC (Pure),0.676056338028169,0.7741935483870968,0.6,23.0,4597,4407,7670,0.7839236259460449,0.6585297584533691,0.12539386749267578
20,10000,4,er,linear_sem,17,Standard PC,0.7605633802816901,0.8709677419354839,0.675,17.0,6137,5947,8354,0.9318587779998779,0.8958110809326172,0.03604769706726074
20,10000,4,er,linear_sem,17,DF-PC (Pure),0.7605633802816901,0.8709677419354839,0.675,17.0,4964,4774,8365,0.8199892044067383,0.6563534736633301,0.1636357307434082
20,10000,4,er,linear_sem,18,Standard PC,0.6857142857142857,0.8,0.6,22.0,4920,4730,7799,0.7070457935333252,0.6734557151794434,0.033590078353881836
20,10000,4,er,linear_sem,18,DF-PC (Pure),0.7142857142857143,0.8333333333333334,0.625,20.0,4668,4478,7867,0.8277168273925781,0.7038919925689697,0.1238248348236084
20,10000,4,er,linear_sem,19,Standard PC,0.619718309859155,0.7096774193548387,0.55,27.0,5700,5510,7611,0.7900874614715576,0.7570688724517822,0.03301858901977539
20,10000,4,er,linear_sem,19,DF-PC (Pure),0.619718309859155,0.7096774193548387,0.55,27.0,4454,4264,7612,0.7154545783996582,0.5842678546905518,0.13118672370910645
20,10000,4,er,linear_sem,20,Standard PC,0.676470588235294,0.8214285714285714,0.575,22.0,3666,3476,5052,0.4984414577484131,0.4757263660430908,0.022715091705322266
20,10000,4,er,linear_sem,20,DF-PC (Pure),0.676470588235294,0.8214285714285714,0.575,22.0,2801,2611,5137,0.45159077644348145,0.36440443992614746,0.08718633651733398
20,10000,4,er,linear_sem,21,Standard PC,0.8611111111111113,0.96875,0.775,10.0,4477,4287,6121,0.6352584362030029,0.607724666595459,0.027533769607543945
20,10000,4,er,linear_sem,21,DF-PC (Pure),0.8611111111111113,0.96875,0.775,10.0,3209,3019,6126,0.5178267955780029,0.4198305606842041,0.09799623489379883
20,10000,4,er,linear_sem,22,Standard PC,0.7428571428571429,0.8666666666666667,0.65,18.0,4341,4151,5672,0.5990722179412842,0.5733060836791992,0.02576613426208496
20,10000,4,er,linear_sem,22,DF-PC (Pure),0.7428571428571429,0.8666666666666667,0.65,18.0,3007,2817,5816,0.503730058670044,0.39766979217529297,0.10606026649475098
20,10000,4,er,linear_sem,23,Standard PC,0.696969696969697,0.8846153846153846,0.575,20.0,6912,6722,9802,0.6834661960601807,0.6529662609100342,0.030499935150146484
20,10000,4,er,linear_sem,23,DF-PC (Pure),0.696969696969697,0.8846153846153846,0.575,20.0,6036,5846,9802,0.713019609451294,0.6066863536834717,0.10633325576782227
20,10000,4,er,linear_sem,24,Standard PC,0.6470588235294117,0.7857142857142857,0.55,24.0,5175,4985,7354,0.6603286266326904,0.6304275989532471,0.02990102767944336
20,10000,4,er,linear_sem,24,DF-PC (Pure),0.6567164179104479,0.8148148148148148,0.55,23.0,4416,4226,7441,0.8575432300567627,0.7243554592132568,0.13318777084350586
20,10000,4,er,linear_sem,25,Standard PC,0.7605633802816901,0.8709677419354839,0.675,17.0,4507,4317,6299,0.7014963626861572,0.6735928058624268,0.02790355682373047
20,10000,4,er,linear_sem,25,DF-PC (Pure),0.7605633802816901,0.8709677419354839,0.675,17.0,3762,3572,6299,0.5910851955413818,0.48616814613342285,0.10491704940795898
20,10000,4,er,linear_sem,26,Standard PC,0.8266666666666667,0.8857142857142857,0.775,13.0,4792,4602,6473,0.48598408699035645,0.4638807773590088,0.022103309631347656
20,10000,4,er,linear_sem,26,DF-PC (Pure),0.8266666666666667,0.8857142857142857,0.775,13.0,3458,3268,6474,0.4082515239715576,0.3331727981567383,0.07507872581481934
20,10000,4,er,linear_sem,27,Standard PC,0.6562500000000001,0.875,0.525,22.0,4649,4459,6967,0.5163755416870117,0.4926438331604004,0.023731708526611328
20,10000,4,er,linear_sem,27,DF-PC (Pure),0.6461538461538462,0.84,0.525,23.0,4159,3969,6991,0.4581165313720703,0.38677167892456055,0.07134485244750977
20,10000,4,er,linear_sem,28,Standard PC,0.7272727272727274,0.9230769230769231,0.6,18.0,3154,2964,4334,0.5051112174987793,0.4850146770477295,0.020096540451049805
20,10000,4,er,linear_sem,28,DF-PC (Pure),0.7272727272727274,0.9230769230769231,0.6,18.0,2329,2139,4334,0.37486982345581055,0.30289769172668457,0.07197213172912598
20,10000,4,er,linear_sem,29,Standard PC,0.7536231884057972,0.896551724137931,0.65,17.0,4799,4609,6869,0.6886255741119385,0.6582636833190918,0.03036189079284668
20,10000,4,er,linear_sem,29,DF-PC (Pure),0.7536231884057972,0.896551724137931,0.65,17.0,4039,3849,6869,0.46926450729370117,0.39542484283447266,0.07383966445922852
20,10000,4,sf,discrete,0,Standard PC,0.35,1.0,0.21212121212121213,26.0,205,15,395,0.03977680206298828,0.03690981864929199,0.002866983413696289
20,10000,4,sf,discrete,0,DF-PC (Pure),0.38095238095238093,0.8888888888888888,0.24242424242424243,26.0,190,0,414,0.03525567054748535,0.03130936622619629,0.0039463043212890625
20,10000,4,sf,discrete,1,Standard PC,0.5306122448979591,1.0,0.3611111111111111,23.0,285,95,481,0.058563947677612305,0.05507087707519531,0.003493070602416992
20,10000,4,sf,discrete,1,DF-PC (Pure),0.5818181818181818,0.8421052631578947,0.4444444444444444,23.0,196,6,525,0.03860831260681152,0.03343033790588379,0.005177974700927734
20,10000,4,sf,discrete,2,Standard PC,0.48888888888888893,1.0,0.3235294117647059,23.0,262,72,454,0.05255699157714844,0.04928779602050781,0.003269195556640625
20,10000,4,sf,discrete,2,DF-PC (Pure),0.5416666666666667,0.9285714285714286,0.38235294117647056,22.0,193,3,490,0.0364532470703125,0.031763553619384766,0.004689693450927734
20,10000,4,sf,discrete,3,Standard PC,0.4444444444444445,1.0,0.2857142857142857,25.0,223,33,413,0.04261517524719238,0.03962874412536621,0.002986431121826172
20,10000,4,sf,discrete,3,DF-PC (Pure),0.5000000000000001,0.9230769230769231,0.34285714285714286,24.0,190,0,417,0.03395342826843262,0.030118703842163086,0.0038347244262695312
20,10000,4,sf,discrete,4,Standard PC,0.5833333333333334,1.0,0.4117647058823529,20.0,225,35,418,0.04413199424743652,0.041037797927856445,0.003094196319580078
20,10000,4,sf,discrete,4,DF-PC (Pure),0.6122448979591837,1.0,0.4411764705882353,19.0,193,3,421,0.03763318061828613,0.03338980674743652,0.004243373870849609
20,10000,4,sf,discrete,5,Standard PC,0.5882352941176471,1.0,0.4166666666666667,21.0,277,87,469,0.05629467964172363,0.05289912223815918,0.003395557403564453
20,10000,4,sf,discrete,5,DF-PC (Pure),0.5925925925925926,0.8888888888888888,0.4444444444444444,22.0,193,3,478,0.0369420051574707,0.03235197067260742,0.004590034484863281
20,10000,4,sf,discrete,6,Standard PC,0.5306122448979591,1.0,0.3611111111111111,23.0,274,84,469,0.054207801818847656,0.05080461502075195,0.003403186798095703
20,10000,4,sf,discrete,6,DF-PC (Pure),0.631578947368421,0.8571428571428571,0.5,21.0,196,6,522,0.03831124305725098,0.03326225280761719,0.005048990249633789
20,10000,4,sf,discrete,7,Standard PC,0.47619047619047616,1.0,0.3125,22.0,213,23,403,0.04172849655151367,0.038759708404541016,0.0029687881469726562
20,10000,4,sf,discrete,7,DF-PC (Pure),0.5116279069767442,1.0,0.34375,21.0,190,0,403,0.034075260162353516,0.030216693878173828,0.0038585662841796875
20,10000,4,sf,discrete,8,Standard PC,0.46808510638297873,1.0,0.3055555555555556,25.0,217,27,410,0.041509389877319336,0.03856348991394043,0.0029458999633789062
20,10000,4,sf,discrete,8,DF-PC (Pure),0.5098039215686274,0.8666666666666667,0.3611111111111111,25.0,193,3,414,0.03629469871520996,0.03217744827270508,0.004117250442504883
20,10000,4,sf,discrete,9,Standard PC,0.4,1.0,0.25,27.0,229,39,419,0.04488348960876465,0.041902780532836914,0.0029807090759277344
20,10000,4,sf,discrete,9,DF-PC (Pure),0.5882352941176471,1.0,0.4166666666666667,21.0,190,0,435,0.03547406196594238,0.031389474868774414,0.004084587097167969
20,10000,4,sf,discrete,10,Standard PC,0.4,1.0,0.25,27.0,222,32,412,0.06309008598327637,0.058846235275268555,0.0042438507080078125
20,10000,4,sf,discrete,10,DF-PC (Pure),0.52,0.9285714285714286,0.3611111111111111,24.0,190,0,431,0.05202484130859375,0.045713186264038086,0.006311655044555664
20,10000,4,sf,discrete,11,Standard PC,0.46808510638297873,1.0,0.3055555555555556,25.0,244,54,440,0.07373309135437012,0.06906723976135254,0.004665851593017578
20,10000,4,sf,discrete,11,DF-PC (Pure),0.5283018867924528,0.8235294117647058,0.3888888888888889,25.0,196,6,480,0.0569615364074707,0.049432992935180664,0.007528543472290039
20,10000,4,sf,discrete,12,Standard PC,0.5,1.0,0.3333333333333333,24.0,249,59,447,0.05090451240539551,0.04752206802368164,0.003382444381713867
20,10000,4,sf,discrete,12,DF-PC (Pure),0.5660377358490566,0.8823529411764706,0.4166666666666667,23.0,199,9,510,0.0381622314453125,0.03310418128967285,0.0050580501556396484
20,10000,4,sf,discrete,13,Standard PC,0.35,1.0,0.21212121212121213,26.0,207,17,400,0.05932974815368652,0.0550684928894043,0.0042612552642822266
20,10000,4,sf,discrete,13,DF-PC (Pure),0.35,1.0,0.21212121212121213,26.0,193,3,400,0.05395078659057617,0.04792451858520508,0.006026268005371094
20,10000,4,sf,discrete,14,Standard PC,0.4347826086956522,1.0,0.2777777777777778,26.0,212,22,402,0.06298303604125977,0.05860280990600586,0.004380226135253906
20,10000,4,sf,discrete,14,DF-PC (Pure),0.43999999999999995,0.7857142857142857,0.3055555555555556,28.0,190,0,410,0.05345487594604492,0.04731392860412598,0.006140947341918945
20,10000,4,sf,discrete,15,Standard PC,0.5416666666666666,1.0,0.37142857142857144,22.0,228,38,418,0.04497981071472168,0.04186868667602539,0.003111124038696289
20,10000,4,sf,discrete,15,DF-PC (Pure),0.5490196078431373,0.875,0.4,23.0,190,0,442,0.03526735305786133,0.031033754348754883,0.004233598709106445
20,10000,4,sf,discrete,16,Standard PC,0.5,1.0,0.3333333333333333,24.0,248,58,441,0.04838395118713379,0.04522562026977539,0.0031583309173583984
20,10000,4,sf,discrete,16,DF-PC (Pure),0.5384615384615385,0.875,0.3888888888888889,24.0,193,3,466,0.0359034538269043,0.03151655197143555,0.00438690185546875
20,10000,4,sf,discrete,17,Standard PC,0.4347826086956522,1.0,0.2777777777777778,26.0,238,48,428,0.04729413986206055,0.044207096099853516,0.0030870437622070312
20,10000,4,sf,discrete,17,DF-PC (Pure),0.6037735849056604,0.9411764705882353,0.4444444444444444,21.0,190,0,439,0.036720991134643555,0.03249025344848633,0.0042307376861572266
20,10000,4,sf,discrete,18,Standard PC,0.4444444444444445,1.0,0.2857142857142857,25.0,223,33,413,0.04284548759460449,0.03985238075256348,0.0029931068420410156
20,10000,4,sf,discrete,18,DF-PC (Pure),0.4897959183673469,0.8571428571428571,0.34285714285714286,25.0,190,0,421,0.036583662033081055,0.03229999542236328,0.0042836666107177734
20,10000,4,sf,discrete,19,Standard PC,0.4347826086956522,1.0,0.2777777777777778,26.0,227,37,421,0.04703998565673828,0.04398798942565918,0.0030519962310791016
20,10000,4,sf,discrete,19,DF-PC (Pure),0.489795918367347,0.9230769230769231,0.3333333333333333,25.0,196,6,438,0.040392160415649414,0.036023616790771484,0.00436854362487793
20,10000,4,sf,discrete,20,Standard PC,0.5454545454545454,1.0,0.375,20.0,262,72,452,0.08367085456848145,0.07863831520080566,0.005032539367675781
20,10000,4,sf,discrete,20,DF-PC (Pure),0.5833333333333334,0.875,0.4375,20.0,190,0,516,0.05389070510864258,0.046085357666015625,0.007805347442626953
20,10000,4,sf,discrete,21,Standard PC,0.6415094339622641,1.0,0.4722222222222222,19.0,266,76,456,0.08402252197265625,0.07882285118103027,0.0051996707916259766
20,10000,4,sf,discrete,21,DF-PC (Pure),0.7142857142857143,1.0,0.5555555555555556,16.0,190,0,507,0.05478930473327637,0.04706573486328125,0.007723569869995117
20,10000,4,sf,discrete,22,Standard PC,0.6122448979591837,1.0,0.4411764705882353,19.0,244,54,434,0.05350494384765625,0.04966092109680176,0.003844022750854492
20,10000,4,sf,discrete,22,DF-PC (Pure),0.6415094339622641,0.8947368421052632,0.5,19.0,190,0,477,0.05541396141052246,0.047989845275878906,0.007424116134643555
20,10000,4,sf,discrete,23,Standard PC,0.4680851063829787,0.9166666666666666,0.3142857142857143,25.0,211,21,401,0.06143832206726074,0.05693197250366211,0.004506349563598633
20,10000,4,sf,discrete,23,DF-PC (Pure),0.4680851063829787,0.9166666666666666,0.3142857142857143,25.0,190,0,401,0.05208182334899902,0.04605722427368164,0.006024599075317383
20,10000,4,sf,discrete,24,Standard PC,0.4186046511627907,1.0,0.2647058823529412,25.0,221,31,411,0.04169607162475586,0.038709402084350586,0.0029866695404052734
20,10000,4,sf,discrete,24,DF-PC (Pure),0.5416666666666667,0.9285714285714286,0.38235294117647056,22.0,190,0,440,0.03454399108886719,0.030457735061645508,0.00408625602722168
20,10000,4,sf,discrete,25,Standard PC,0.4,1.0,0.25,27.0,219,29,409,0.041350364685058594,0.03838849067687988,0.002961874008178711
20,10000,4,sf,discrete,25,DF-PC (Pure),0.40816326530612246,0.7692307692307693,0.2777777777777778,29.0,190,0,412,0.03568124771118164,0.03169608116149902,0.003985166549682617
20,10000,4,sf,discrete,26,Standard PC,0.3636363636363636,1.0,0.2222222222222222,28.0,218,28,408,0.04535222053527832,0.04215884208679199,0.003193378448486328
20,10000,4,sf,discrete,26,DF-PC (Pure),0.38297872340425526,0.8181818181818182,0.25,29.0,190,0,415,0.03776907920837402,0.03361654281616211,0.004152536392211914
20,10000,4,sf,discrete,27,Standard PC,0.5,1.0,0.3333333333333333,24.0,267,77,459,0.052475929260253906,0.04918384552001953,0.003292083740234375
20,10000,4,sf,discrete,27,DF-PC (Pure),0.4444444444444444,0.6666666666666666,0.3333333333333333,30.0,193,3,512,0.036858320236206055,0.03205513954162598,0.004803180694580078
20,10000,4,sf,discrete,28,Standard PC,0.30000000000000004,0.8571428571428571,0.18181818181818182,28.0,206,16,396,0.06302094459533691,0.05825042724609375,0.004770517349243164
20,10000,4,sf,discrete,28,DF-PC (Pure),0.28571428571428575,0.6666666666666666,0.18181818181818182,30.0,190,0,416,0.05457663536071777,0.048145294189453125,0.0064313411712646484
20,10000,4,sf,discrete,29,Standard PC,0.38095238095238093,1.0,0.23529411764705882,26.0,202,12,392,0.03857254981994629,0.03568863868713379,0.0028839111328125
20,10000,4,sf,discrete,29,DF-PC (Pure),0.3720930232558139,0.8888888888888888,0.23529411764705882,27.0,190,0,392,0.03420424461364746,0.030441999435424805,0.0037622451782226562
20,10000,4,sf,linear_sem,0,Standard PC,0.8253968253968254,0.8666666666666667,0.7878787878787878,11.0,13765,13575,14334,1.478214979171753,1.42728853225708,0.05092644691467285
20,10000,4,sf,linear_sem,0,DF-PC (Pure),0.8125,0.8387096774193549,0.7878787878787878,12.0,2839,2649,14346,0.8493494987487793,0.29952144622802734,0.549828052520752
20,10000,4,sf,linear_sem,1,Standard PC,0.5396825396825397,0.6296296296296297,0.4722222222222222,29.0,4589,4399,6408,0.6286242008209229,0.6009294986724854,0.0276947021484375
20,10000,4,sf,linear_sem,1,DF-PC (Pure),0.53125,0.6071428571428571,0.4722222222222222,30.0,3613,3423,6912,0.5965971946716309,0.4720327854156494,0.12456440925598145
20,10000,4,sf,linear_sem,2,Standard PC,0.7936507936507937,0.8620689655172413,0.7352941176470589,13.0,7597,7407,8346,0.9040322303771973,0.8727667331695557,0.0312654972076416
20,10000,4,sf,linear_sem,2,DF-PC (Pure),0.7936507936507937,0.8620689655172413,0.7352941176470589,13.0,2624,2434,8346,0.5813469886779785,0.35099291801452637,0.23035407066345215
20,10000,4,sf,linear_sem,3,Standard PC,0.8307692307692307,0.9,0.7714285714285715,11.0,10231,10041,10998,1.2713181972503662,1.2256348133087158,0.04568338394165039
20,10000,4,sf,linear_sem,3,DF-PC (Pure),0.8181818181818182,0.8709677419354839,0.7714285714285715,12.0,5204,5014,11072,1.0225188732147217,0.6246023178100586,0.3979165554046631
20,10000,4,sf,linear_sem,4,Standard PC,0.819672131147541,0.9259259259259259,0.7352941176470589,11.0,3180,2990,3771,0.36152219772338867,0.3458597660064697,0.015662431716918945
20,10000,4,sf,linear_sem,4,DF-PC (Pure),0.819672131147541,0.9259259259259259,0.7352941176470589,11.0,1570,1380,3771,0.29786038398742676,0.2135937213897705,0.08426666259765625
20,10000,4,sf,linear_sem,5,Standard PC,0.78125,0.8928571428571429,0.6944444444444444,14.0,3780,3590,4255,0.5179522037506104,0.4970736503601074,0.02087855339050293
20,10000,4,sf,linear_sem,5,DF-PC (Pure),0.78125,0.8928571428571429,0.6944444444444444,14.0,1138,948,4455,0.25238990783691406,0.1509692668914795,0.10142064094543457
20,10000,4,sf,linear_sem,6,Standard PC,0.7384615384615385,0.8275862068965517,0.6666666666666666,17.0,3547,3357,4409,0.48829054832458496,0.4674687385559082,0.020821809768676758
20,10000,4,sf,linear_sem,6,DF-PC (Pure),0.7384615384615385,0.8275862068965517,0.6666666666666666,17.0,2080,1890,4409,0.44042110443115234,0.3492245674133301,0.09119653701782227
20,10000,4,sf,linear_sem,7,Standard PC,0.8064516129032259,0.8333333333333334,0.78125,12.0,4540,4350,5052,0.5385382175445557,0.5174987316131592,0.021039485931396484
20,10000,4,sf,linear_sem,7,DF-PC (Pure),0.7936507936507936,0.8064516129032258,0.78125,13.0,1331,1141,5132,0.20423316955566406,0.12250423431396484,0.08172893524169922
20,10000,4,sf,linear_sem,8,Standard PC,0.6451612903225806,0.7692307692307693,0.5555555555555556,22.0,3683,3493,4601,0.3712015151977539,0.3550386428833008,0.016162872314453125
20,10000,4,sf,linear_sem,8,DF-PC (Pure),0.6451612903225806,0.7692307692307693,0.5555555555555556,22.0,2191,2001,4604,0.26579713821411133,0.21329236030578613,0.052504777908325195
20,10000,4,sf,linear_sem,9,Standard PC,0.6363636363636365,0.7,0.5833333333333334,24.0,5211,5021,6208,0.4960482120513916,0.4750485420227051,0.020999670028686523
20,10000,4,sf,linear_sem,9,DF-PC (Pure),0.6363636363636365,0.7,0.5833333333333334,24.0,2925,2735,6209,0.42769622802734375,0.3443644046783447,0.08333182334899902
20,10000,4,sf,linear_sem,10,Standard PC,0.6129032258064515,0.7307692307692307,0.5277777777777778,24.0,4644,4454,5523,0.4463951587677002,0.4278113842010498,0.01858377456665039
20,10000,4,sf,linear_sem,10,DF-PC (Pure),0.6129032258064515,0.7307692307692307,0.5277777777777778,24.0,2327,2137,5572,0.2812526226043701,0.21532225608825684,0.06593036651611328
20,10000,4,sf,linear_sem,11,Standard PC,0.6333333333333333,0.7916666666666666,0.5277777777777778,22.0,4604,4414,5470,0.7117710113525391,0.6868577003479004,0.024913311004638672
20,10000,4,sf,linear_sem,11,DF-PC (Pure),0.6666666666666667,0.8333333333333334,0.5555555555555556,20.0,2400,2210,5953,0.4531533718109131,0.3193056583404541,0.13384771347045898
20,10000,4,sf,linear_sem,12,Standard PC,0.6984126984126984,0.8148148148148148,0.6111111111111112,19.0,3089,2899,3994,0.43071794509887695,0.41126155853271484,0.01945638656616211
20,10000,4,sf,linear_sem,12,DF-PC (Pure),0.6875000000000001,0.7857142857142857,0.6111111111111112,20.0,2384,2194,4015,0.4071156978607178,0.31717920303344727,0.08993649482727051
20,10000,4,sf,linear_sem,13,Standard PC,0.9180327868852458,1.0,0.8484848484848485,5.0,7896,7706,8417,1.078632116317749,1.0399024486541748,0.03872966766357422
20,10000,4,sf,linear_sem,13,DF-PC (Pure),0.9180327868852458,1.0,0.8484848484848485,5.0,3083,2893,8480,0.7426981925964355,0.41527724266052246,0.3274209499359131
20,10000,4,sf,linear_sem,14,Standard PC,0.6984126984126984,0.8148148148148148,0.6111111111111112,19.0,3591,3401,4383,0.3627772331237793,0.34710073471069336,0.015676498413085938
20,10000,4,sf,linear_sem,14,DF-PC (Pure),0.7187499999999999,0.8214285714285714,0.6388888888888888,18.0,2205,2015,5135,0.33519864082336426,0.23558306694030762,0.09961557388305664
20,10000,4,sf,linear_sem,15,Standard PC,0.73015873015873,0.8214285714285714,0.6571428571428571,17.0,2582,2392,3205,0.3499939441680908,0.3340277671813965,0.015966176986694336
20,10000,4,sf,linear_sem,15,DF-PC (Pure),0.73015873015873,0.8214285714285714,0.6571428571428571,17.0,1290,1100,3205,0.22704529762268066,0.16894102096557617,0.05810427665710449
20,10000,4,sf,linear_sem,16,Standard PC,0.7058823529411765,0.75,0.6666666666666666,20.0,4889,4699,5852,0.5554001331329346,0.5348565578460693,0.020543575286865234
20,10000,4,sf,linear_sem,16,DF-PC (Pure),0.6956521739130435,0.7272727272727273,0.6666666666666666,21.0,2857,2667,5959,0.3550417423248291,0.2761564254760742,0.07888531684875488
20,10000,4,sf,linear_sem,17,Standard PC,0.7999999999999999,0.896551724137931,0.7222222222222222,13.0,3800,3610,4781,0.5168948173522949,0.49474000930786133,0.022154808044433594
20,10000,4,sf,linear_sem,17,DF-PC (Pure),0.7999999999999999,0.896551724137931,0.7222222222222222,13.0,2268,2078,4781,0.3834877014160156,0.2969167232513428,0.08657097816467285
20,10000,4,sf,linear_sem,18,Standard PC,0.8253968253968255,0.9285714285714286,0.7428571428571429,11.0,3257,3067,3901,0.3202369213104248,0.3059053421020508,0.014331579208374023
20,10000,4,sf,linear_sem,18,DF-PC (Pure),0.8437500000000001,0.9310344827586207,0.7714285714285715,10.0,1634,1444,3908,0.4098827838897705,0.23967647552490234,0.17020630836486816
20,10000,4,sf,linear_sem,19,Standard PC,0.8059701492537312,0.8709677419354839,0.75,13.0,9264,9074,10244,0.9689931869506836,0.9340901374816895,0.03490304946899414
20,10000,4,sf,linear_sem,19,DF-PC (Pure),0.8059701492537312,0.8709677419354839,0.75,13.0,4539,4349,10244,0.5990803241729736,0.42672085762023926,0.17235946655273438
20,10000,4,sf,linear_sem,20,Standard PC,0.9180327868852458,0.9655172413793104,0.875,5.0,4964,4774,5413,0.6868698596954346,0.660620927810669,0.026248931884765625
20,10000,4,sf,linear_sem,20,DF-PC (Pure),0.9180327868852458,0.9655172413793104,0.875,5.0,772,582,5413,0.23625636100769043,0.10255312919616699,0.13370323181152344
20,10000,4,sf,linear_sem,21,Standard PC,0.6666666666666667,0.8333333333333334,0.5555555555555556,20.0,3116,2926,4158,0.48471593856811523,0.465059757232666,0.01965618133544922
20,10000,4,sf,linear_sem,21,DF-PC (Pure),0.6666666666666667,0.8333333333333334,0.5555555555555556,20.0,2124,1934,4170,0.34939074516296387,0.27816009521484375,0.07123064994812012
20,10000,4,sf,linear_sem,22,Standard PC,0.8000000000000002,0.9230769230769231,0.7058823529411765,12.0,3436,3246,4113,0.5590589046478271,0.5356764793395996,0.02338242530822754
20,10000,4,sf,linear_sem,22,DF-PC (Pure),0.7796610169491526,0.92,0.6764705882352942,13.0,1704,1514,4137,0.340501070022583,0.2635519504547119,0.0769491195678711
20,10000,4,sf,linear_sem,23,Standard PC,0.7586206896551724,0.9565217391304348,0.6285714285714286,14.0,3471,3281,4484,0.3438541889190674,0.32779812812805176,0.016056060791015625
20,10000,4,sf,linear_sem,23,DF-PC (Pure),0.7586206896551724,0.9565217391304348,0.6285714285714286,14.0,2181,1991,4484,0.3106875419616699,0.2437150478363037,0.06697249412536621
20,10000,4,sf,linear_sem,24,Standard PC,0.7272727272727274,0.9523809523809523,0.5882352941176471,15.0,3007,2817,3835,0.4077582359313965,0.38956332206726074,0.018194913864135742
20,10000,4,sf,linear_sem,24,DF-PC (Pure),0.7272727272727274,0.9523809523809523,0.5882352941176471,15.0,2001,1811,3835,0.3204615116119385,0.25364232063293457,0.0668191909790039
20,10000,4,sf,linear_sem,25,Standard PC,0.7575757575757577,0.8333333333333334,0.6944444444444444,16.0,7498,7308,8146,0.9233295917510986,0.8890185356140137,0.03431105613708496
20,10000,4,sf,linear_sem,25,DF-PC (Pure),0.7575757575757577,0.8333333333333334,0.6944444444444444,16.0,2051,1861,8151,0.35379934310913086,0.1873331069946289,0.16646623611450195
20,10000,4,sf,linear_sem,26,Standard PC,0.6,0.75,0.5,24.0,3875,3685,4832,0.44462013244628906,0.4251973628997803,0.01942276954650879
20,10000,4,sf,linear_sem,26,DF-PC (Pure),0.6,0.75,0.5,24.0,2634,2444,4950,0.30995893478393555,0.24632859230041504,0.06363034248352051
20,10000,4,sf,linear_sem,27,Standard PC,0.5806451612903226,0.6923076923076923,0.5,26.0,5228,5038,6417,0.8505191802978516,0.8155031204223633,0.03501605987548828
20,10000,4,sf,linear_sem,27,DF-PC (Pure),0.5806451612903226,0.6923076923076923,0.5,26.0,2662,2472,6450,0.5114023685455322,0.39788055419921875,0.11352181434631348
20,10000,4,sf,linear_sem,28,Standard PC,0.8474576271186441,0.9615384615384616,0.7575757575757576,9.0,4774,4584,5259,0.626795768737793,0.6034176349639893,0.02337813377380371
20,10000,4,sf,linear_sem,28,DF-PC (Pure),0.8474576271186441,0.9615384615384616,0.7575757575757576,9.0,2305,2115,5611,0.32088804244995117,0.22893476486206055,0.09195327758789062
20,10000,4,sf,linear_sem,29,Standard PC,0.8852459016393442,1.0,0.7941176470588235,7.0,5601,5411,6052,0.7521164417266846,0.7245237827301025,0.02759265899658203
20,10000,4,sf,linear_sem,29,DF-PC (Pure),0.8852459016393442,1.0,0.7941176470588235,7.0,1422,1232,6075,0.2730286121368408,0.13272905349731445,0.14029955863952637
30,1000,2,er,discrete,0,Standard PC,0.5,1.0,0.3333333333333333,20.0,458,23,893,0.0963904857635498,0.08914804458618164,0.007242441177368164
30,1000,2,er,discrete,0,DF-PC (Pure),0.47826086956521735,0.6875,0.36666666666666664,24.0,435,0,897,0.06357169151306152,0.05559086799621582,0.007980823516845703
30,1000,2,er,discrete,1,Standard PC,0.2702702702702703,0.7142857142857143,0.16666666666666666,27.0,467,32,902,0.0676114559173584,0.06176352500915527,0.005847930908203125
30,1000,2,er,discrete,1,DF-PC (Pure),0.43478260869565216,0.625,0.3333333333333333,26.0,435,0,924,0.06508278846740723,0.05676555633544922,0.008317232131958008
30,1000,2,er,discrete,2,Standard PC,0.5116279069767441,0.8461538461538461,0.36666666666666664,21.0,462,27,899,0.06999611854553223,0.06394267082214355,0.006053447723388672
30,1000,2,er,discrete,2,DF-PC (Pure),0.4897959183673469,0.631578947368421,0.4,25.0,438,3,923,0.0685281753540039,0.059661149978637695,0.008867025375366211
30,1000,2,er,discrete,3,Standard PC,0.47619047619047616,0.8333333333333334,0.3333333333333333,22.0,447,12,882,0.06517744064331055,0.059239864349365234,0.0059375762939453125
30,1000,2,er,discrete,3,DF-PC (Pure),0.47619047619047616,0.8333333333333334,0.3333333333333333,22.0,435,0,882,0.06481766700744629,0.056940555572509766,0.007877111434936523
30,1000,2,er,discrete,4,Standard PC,0.6046511627906976,1.0,0.43333333333333335,17.0,471,36,906,0.06835532188415527,0.06225872039794922,0.006096601486206055
30,1000,2,er,discrete,4,DF-PC (Pure),0.64,0.8,0.5333333333333333,18.0,435,0,919,0.06402468681335449,0.05563640594482422,0.008388280868530273
30,1000,2,er,discrete,5,Standard PC,0.4615384615384615,1.0,0.3,21.0,470,35,905,0.07884597778320312,0.07251834869384766,0.006327629089355469
30,1000,2,er,discrete,5,DF-PC (Pure),0.5,0.6666666666666666,0.4,24.0,435,0,954,0.06753015518188477,0.058112144470214844,0.009418010711669922
30,1000,2,er,discrete,6,Standard PC,0.5365853658536585,1.0,0.36666666666666664,19.0,480,45,918,0.06999945640563965,0.06376981735229492,0.0062296390533447266
30,1000,2,er,discrete,6,DF-PC (Pure),0.68,0.85,0.5666666666666667,16.0,438,3,941,0.06601262092590332,0.05739402770996094,0.008618593215942383
30,1000,2,er,discrete,7,Standard PC,0.5714285714285715,1.0,0.4,18.0,449,14,884,0.06685686111450195,0.06091737747192383,0.005939483642578125
30,1000,2,er,discrete,7,DF-PC (Pure),0.5909090909090909,0.9285714285714286,0.43333333333333335,18.0,435,0,884,0.06524252891540527,0.05732560157775879,0.007916927337646484
30,1000,2,er,discrete,8,Standard PC,0.17142857142857143,0.6,0.1,29.0,460,25,895,0.06680941581726074,0.06093764305114746,0.005871772766113281
30,1000,2,er,discrete,8,DF-PC (Pure),0.27906976744186046,0.46153846153846156,0.2,31.0,435,0,895,0.06560063362121582,0.05761861801147461,0.007982015609741211
30,1000,2,er,discrete,9,Standard PC,0.5714285714285715,1.0,0.4,18.0,498,63,938,0.07228708267211914,0.06610894203186035,0.006178140640258789
30,1000,2,er,discrete,9,DF-PC (Pure),0.8,0.88,0.7333333333333333,11.0,441,6,1001,0.11992740631103516,0.11065053939819336,0.009276866912841797
30,1000,2,er,discrete,10,Standard PC,0.21621621621621623,0.5714285714285714,0.13333333333333333,29.0,456,21,891,0.06650567054748535,0.060593605041503906,0.005912065505981445
30,1000,2,er,discrete,10,DF-PC (Pure),0.3809523809523809,0.6666666666666666,0.26666666666666666,26.0,435,0,911,0.06647801399230957,0.057953596115112305,0.008524417877197266
30,1000,2,er,discrete,11,Standard PC,0.4,0.8,0.26666666666666666,24.0,474,39,909,0.07116198539733887,0.06478762626647949,0.006374359130859375
30,1000,2,er,discrete,11,DF-PC (Pure),0.42553191489361697,0.5882352941176471,0.3333333333333333,27.0,435,0,930,0.06620931625366211,0.057584524154663086,0.008624792098999023
30,1000,2,er,discrete,12,Standard PC,0.4615384615384615,1.0,0.3,21.0,477,42,915,0.07125568389892578,0.0650794506072998,0.0061762332916259766
30,1000,2,er,discrete,12,DF-PC (Pure),0.5531914893617021,0.7647058823529411,0.43333333333333335,21.0,438,3,930,0.06537652015686035,0.05696272850036621,0.00841379165649414
30,1000,2,er,discrete,13,Standard PC,0.5,1.0,0.3333333333333333,20.0,489,54,926,0.07275629043579102,0.0664217472076416,0.006334543228149414
30,1000,2,er,discrete,13,DF-PC (Pure),0.5833333333333334,0.7777777777777778,0.4666666666666667,20.0,438,3,956,0.06516337394714355,0.056557655334472656,0.008605718612670898
30,1000,2,er,discrete,14,Standard PC,0.5,1.0,0.3333333333333333,20.0,453,18,888,0.06689929962158203,0.06087136268615723,0.006027936935424805
30,1000,2,er,discrete,14,DF-PC (Pure),0.5333333333333333,0.8,0.4,21.0,435,0,893,0.06353950500488281,0.05552864074707031,0.0080108642578125
30,1000,2,er,discrete,15,Standard PC,0.5,1.0,0.3333333333333333,20.0,455,20,890,0.06812262535095215,0.06225919723510742,0.0058634281158447266
30,1000,2,er,discrete,15,DF-PC (Pure),0.5,0.7857142857142857,0.36666666666666664,22.0,435,0,900,0.06705427169799805,0.05893087387084961,0.008123397827148438
30,1000,2,er,discrete,16,Standard PC,0.5,0.7857142857142857,0.36666666666666664,22.0,462,27,900,0.1006014347076416,0.09108781814575195,0.009513616561889648
30,1000,2,er,discrete,16,DF-PC (Pure),0.653061224489796,0.8421052631578947,0.5333333333333333,17.0,438,3,928,0.09804320335388184,0.08406424522399902,0.013978958129882812
30,1000,2,er,discrete,17,Standard PC,0.5365853658536585,1.0,0.36666666666666664,19.0,457,22,892,0.0679776668548584,0.061730384826660156,0.006247282028198242
30,1000,2,er,discrete,17,DF-PC (Pure),0.5454545454545455,0.8571428571428571,0.4,20.0,435,0,896,0.06416130065917969,0.05598902702331543,0.008172273635864258
30,1000,2,er,discrete,18,Standard PC,0.4210526315789474,1.0,0.26666666666666666,22.0,484,49,919,0.07006263732910156,0.06405997276306152,0.006002664566040039
30,1000,2,er,discrete,18,DF-PC (Pure),0.5306122448979592,0.6842105263157895,0.43333333333333335,23.0,435,0,991,0.06521821022033691,0.05612492561340332,0.009093284606933594
30,1000,2,er,discrete,19,Standard PC,0.4615384615384615,1.0,0.3,21.0,458,23,893,0.06883811950683594,0.06280231475830078,0.006035804748535156
30,1000,2,er,discrete,19,DF-PC (Pure),0.5217391304347827,0.75,0.4,22.0,435,0,902,0.06616067886352539,0.05795788764953613,0.008202791213989258
30,1000,2,er,discrete,20,Standard PC,0.33333333333333337,1.0,0.2,24.0,467,32,902,0.10307669639587402,0.09364676475524902,0.009429931640625
30,1000,2,er,discrete,20,DF-PC (Pure),0.5,0.6666666666666666,0.4,24.0,435,0,920,0.09735774993896484,0.08391118049621582,0.013446569442749023
30,1000,2,er,discrete,21,Standard PC,0.3684210526315789,0.875,0.23333333333333334,24.0,455,20,892,0.09970498085021973,0.09021568298339844,0.009489297866821289
30,1000,2,er,discrete,21,DF-PC (Pure),0.5116279069767441,0.8461538461538461,0.36666666666666664,21.0,438,3,903,0.09730911254882812,0.08408927917480469,0.013219833374023438
30,1000,2,er,discrete,22,Standard PC,0.5365853658536585,1.0,0.36666666666666664,19.0,460,25,895,0.06863808631896973,0.06244468688964844,0.006193399429321289
30,1000,2,er,discrete,22,DF-PC (Pure),0.5833333333333334,0.7777777777777778,0.4666666666666667,20.0,435,0,916,0.06457018852233887,0.05620074272155762,0.00836944580078125
30,1000,2,er,discrete,23,Standard PC,0.5365853658536585,1.0,0.36666666666666664,19.0,472,37,907,0.07004427909851074,0.0638427734375,0.006201505661010742
30,1000,2,er,discrete,23,DF-PC (Pure),0.5714285714285714,0.7368421052631579,0.4666666666666667,21.0,435,0,1070,0.06788110733032227,0.05745553970336914,0.010425567626953125
30,1000,2,er,discrete,24,Standard PC,0.5454545454545455,0.8571428571428571,0.4,20.0,474,39,909,0.10500502586364746,0.09516239166259766,0.009842634201049805
30,1000,2,er,discrete,24,DF-PC (Pure),0.5957446808510638,0.8235294117647058,0.4666666666666667,19.0,435,0,914,0.11214613914489746,0.09645700454711914,0.01568913459777832
30,1000,2,er,discrete,25,Standard PC,0.6222222222222223,0.9333333333333333,0.4666666666666667,17.0,480,45,915,0.07176947593688965,0.06544613838195801,0.006323337554931641
30,1000,2,er,discrete,25,DF-PC (Pure),0.7058823529411764,0.8571428571428571,0.6,15.0,435,0,922,0.06482553482055664,0.056340694427490234,0.008484840393066406
30,1000,2,er,discrete,26,Standard PC,0.6046511627906976,1.0,0.43333333333333335,17.0,471,36,907,0.06937861442565918,0.06317758560180664,0.006201028823852539
30,1000,2,er,discrete,26,DF-PC (Pure),0.653061224489796,0.8421052631578947,0.5333333333333333,17.0,438,3,924,0.06432175636291504,0.055986881256103516,0.008334875106811523
30,1000,2,er,discrete,27,Standard PC,0.4210526315789474,1.0,0.26666666666666666,22.0,460,25,895,0.06654620170593262,0.060648441314697266,0.0058977603912353516
30,1000,2,er,discrete,27,DF-PC (Pure),0.43478260869565216,0.625,0.3333333333333333,26.0,435,0,909,0.06626534461975098,0.05788135528564453,0.008383989334106445
30,1000,2,er,discrete,28,Standard PC,0.5365853658536585,1.0,0.36666666666666664,19.0,472,37,907,0.10410642623901367,0.09459209442138672,0.009514331817626953
30,1000,2,er,discrete,28,DF-PC (Pure),0.625,0.8333333333333334,0.5,18.0,435,0,914,0.09703516960144043,0.08372354507446289,0.013311624526977539
30,1000,2,er,discrete,29,Standard PC,0.4210526315789474,1.0,0.26666666666666666,22.0,453,18,888,0.07325935363769531,0.06681251525878906,0.00644683837890625
30,1000,2,er,discrete,29,DF-PC (Pure),0.4090909090909091,0.6428571428571429,0.3,26.0,435,0,888,0.06687593460083008,0.05814385414123535,0.008732080459594727
30,1000,2,er,linear_sem,0,Standard PC,0.9491525423728815,0.9655172413793104,0.9333333333333333,3.0,1238,803,2025,0.12272357940673828,0.11298871040344238,0.009734869003295898
30,1000,2,er,linear_sem,0,DF-PC (Pure),0.9491525423728815,0.9655172413793104,0.9333333333333333,3.0,879,444,2025,0.09619593620300293,0.07898902893066406,0.017206907272338867
30,1000,2,er,linear_sem,1,Standard PC,0.9655172413793104,1.0,0.9333333333333333,2.0,1229,794,1920,0.12869048118591309,0.11858773231506348,0.01010274887084961
30,1000,2,er,linear_sem,1,DF-PC (Pure),0.9655172413793104,1.0,0.9333333333333333,2.0,825,390,1920,0.0921323299407959,0.07493019104003906,0.017202138900756836
30,1000,2,er,linear_sem,2,Standard PC,0.9310344827586207,0.9642857142857143,0.9,4.0,1056,621,1769,0.15357446670532227,0.13966703414916992,0.013907432556152344
30,1000,2,er,linear_sem,2,DF-PC (Pure),0.9152542372881356,0.9310344827586207,0.9,5.0,812,377,1785,0.12960195541381836,0.10436320304870605,0.025238752365112305
30,1000,2,er,linear_sem,3,Standard PC,0.9655172413793104,1.0,0.9333333333333333,2.0,1148,713,1844,0.12109971046447754,0.11165738105773926,0.009442329406738281
30,1000,2,er,linear_sem,3,DF-PC (Pure),0.9491525423728815,0.9655172413793104,0.9333333333333333,3.0,754,319,1849,0.08631730079650879,0.07072210311889648,0.015595197677612305
30,1000,2,er,linear_sem,4,Standard PC,1.0,1.0,1.0,0.0,1000,565,1621,0.0996086597442627,0.09086251258850098,0.008746147155761719
30,1000,2,er,linear_sem,4,DF-PC (Pure),0.9836065573770492,0.967741935483871,1.0,1.0,723,288,1665,0.07962775230407715,0.06458020210266113,0.015047550201416016
30,1000,2,er,linear_sem,5,Standard PC,0.9090909090909091,1.0,0.8333333333333334,5.0,1262,827,2083,0.1262824535369873,0.1163637638092041,0.009918689727783203
30,1000,2,er,linear_sem,5,DF-PC (Pure),0.9285714285714286,1.0,0.8666666666666667,4.0,937,502,2129,0.10497665405273438,0.0864875316619873,0.01848912239074707
30,1000,2,er,linear_sem,6,Standard PC,0.8363636363636363,0.92,0.7666666666666667,9.0,1499,1064,2472,0.2092292308807373,0.1933116912841797,0.015917539596557617
30,1000,2,er,linear_sem,6,DF-PC (Pure),0.8070175438596491,0.8518518518518519,0.7666666666666667,11.0,1158,723,2497,0.1833183765411377,0.14869093894958496,0.034627437591552734
30,1000,2,er,linear_sem,7,Standard PC,1.0,1.0,1.0,0.0,1419,984,2413,0.14252781867980957,0.1314544677734375,0.01107335090637207
30,1000,2,er,linear_sem,7,DF-PC (Pure),0.9836065573770492,0.967741935483871,1.0,1.0,1109,674,2474,0.12557435035705566,0.10354971885681152,0.02202463150024414
30,1000,2,er,linear_sem,8,Standard PC,0.9090909090909091,1.0,0.8333333333333334,5.0,1161,726,1890,0.16660594940185547,0.1524345874786377,0.014171361923217773
30,1000,2,er,linear_sem,8,DF-PC (Pure),0.8928571428571429,0.9615384615384616,0.8333333333333334,6.0,862,427,1908,0.13832807540893555,0.11081910133361816,0.027508974075317383
30,1000,2,er,linear_sem,9,Standard PC,0.8771929824561403,0.9259259259259259,0.8333333333333334,7.0,1705,1270,2725,0.16837739944458008,0.15640640258789062,0.011970996856689453
30,1000,2,er,linear_sem,9,DF-PC (Pure),0.8620689655172413,0.8928571428571429,0.8333333333333334,8.0,1326,891,2726,0.15211939811706543,0.1249997615814209,0.02711963653564453
30,1000,2,er,linear_sem,10,Standard PC,0.8421052631578948,0.8888888888888888,0.8,9.0,1415,980,2468,0.1460099220275879,0.13485431671142578,0.01115560531616211
30,1000,2,er,linear_sem,10,DF-PC (Pure),0.8421052631578948,0.8888888888888888,0.8,9.0,1167,732,2468,0.13057541847229004,0.10983085632324219,0.02074456214904785
30,1000,2,er,linear_sem,11,Standard PC,0.8771929824561403,0.9259259259259259,0.8333333333333334,7.0,1496,1061,2532,0.15623068809509277,0.14484405517578125,0.011386632919311523
30,1000,2,er,linear_sem,11,DF-PC (Pure),0.8771929824561403,0.9259259259259259,0.8333333333333334,7.0,1164,729,2537,0.13429522514343262,0.11235284805297852,0.0219423770904541
30,1000,2,er,linear_sem,12,Standard PC,0.9285714285714286,1.0,0.8666666666666667,4.0,1808,1373,3130,0.20501160621643066,0.18944048881530762,0.015571117401123047
30,1000,2,er,linear_sem,12,DF-PC (Pure),0.912280701754386,0.9629629629629629,0.8666666666666667,5.0,1572,1137,3136,0.2843914031982422,0.23615360260009766,0.04823780059814453
30,1000,2,er,linear_sem,13,Standard PC,0.9310344827586207,0.9642857142857143,0.9,4.0,1769,1334,3111,0.18509292602539062,0.17211461067199707,0.012978315353393555
30,1000,2,er,linear_sem,13,DF-PC (Pure),0.9152542372881356,0.9310344827586207,0.9,5.0,1505,1070,3151,0.1745760440826416,0.14605164527893066,0.028524398803710938
30,1000,2,er,linear_sem,14,Standard PC,0.896551724137931,0.9285714285714286,0.8666666666666667,6.0,988,553,1587,0.14363694190979004,0.13048410415649414,0.013152837753295898
30,1000,2,er,linear_sem,14,DF-PC (Pure),0.9152542372881356,0.9310344827586207,0.9,5.0,715,280,1703,0.11856842041015625,0.09325742721557617,0.025310993194580078
30,1000,2,er,linear_sem,15,Standard PC,0.8214285714285715,0.8846153846153846,0.7666666666666667,10.0,1449,1014,2541,0.19910860061645508,0.1831674575805664,0.015941143035888672
30,1000,2,er,linear_sem,15,DF-PC (Pure),0.793103448275862,0.8214285714285714,0.7666666666666667,12.0,1197,762,2564,0.1898949146270752,0.15523958206176758,0.03465533256530762
30,1000,2,er,linear_sem,16,Standard PC,0.888888888888889,1.0,0.8,6.0,1456,1021,2374,0.20732569694519043,0.1911158561706543,0.016209840774536133
30,1000,2,er,linear_sem,16,DF-PC (Pure),0.8620689655172413,0.8928571428571429,0.8333333333333334,8.0,1063,628,2447,0.17084312438964844,0.13752388954162598,0.03331923484802246
30,1000,2,er,linear_sem,17,Standard PC,0.9836065573770492,0.967741935483871,1.0,1.0,989,554,1609,0.10006308555603027,0.09147524833679199,0.008587837219238281
30,1000,2,er,linear_sem,17,DF-PC (Pure),0.9523809523809523,0.9090909090909091,1.0,3.0,744,309,1678,0.08417153358459473,0.0687704086303711,0.015401124954223633
30,1000,2,er,linear_sem,18,Standard PC,0.912280701754386,0.9629629629629629,0.8666666666666667,5.0,2529,2094,4043,0.33179426193237305,0.31126999855041504,0.020524263381958008
30,1000,2,er,linear_sem,18,DF-PC (Pure),0.912280701754386,0.9629629629629629,0.8666666666666667,5.0,2036,1601,4043,0.26038050651550293,0.2176506519317627,0.042729854583740234
30,1000,2,er,linear_sem,19,Standard PC,0.9310344827586207,0.9642857142857143,0.9,4.0,1369,934,2201,0.19804716110229492,0.18239092826843262,0.015656232833862305
30,1000,2,er,linear_sem,19,DF-PC (Pure),0.9310344827586207,0.9642857142857143,0.9,4.0,992,557,2205,0.1603868007659912,0.12897324562072754,0.03141355514526367
30,1000,2,er,linear_sem,20,Standard PC,0.9666666666666667,0.9666666666666667,0.9666666666666667,2.0,1192,757,1846,0.17428183555603027,0.15987110137939453,0.014410734176635742
30,1000,2,er,linear_sem,20,DF-PC (Pure),0.9508196721311476,0.9354838709677419,0.9666666666666667,3.0,724,289,1849,0.12098360061645508,0.09507250785827637,0.02591109275817871
30,1000,2,er,linear_sem,21,Standard PC,0.9310344827586207,0.9642857142857143,0.9,4.0,1948,1513,3357,0.19643020629882812,0.182936429977417,0.013493776321411133
30,1000,2,er,linear_sem,21,DF-PC (Pure),0.9310344827586207,0.9642857142857143,0.9,4.0,1597,1162,3363,0.17998385429382324,0.1513218879699707,0.02866196632385254
30,1000,2,er,linear_sem,22,Standard PC,0.983050847457627,1.0,0.9666666666666667,1.0,1099,664,1698,0.1923232078552246,0.17618083953857422,0.01614236831665039
30,1000,2,er,linear_sem,22,DF-PC (Pure),0.983050847457627,1.0,0.9666666666666667,1.0,716,281,1704,0.14103960990905762,0.11296463012695312,0.028074979782104492
30,1000,2,er,linear_sem,23,Standard PC,0.9655172413793104,1.0,0.9333333333333333,2.0,1184,749,1958,0.1689150333404541,0.1546027660369873,0.014312267303466797
30,1000,2,er,linear_sem,23,DF-PC (Pure),0.9508196721311476,0.9354838709677419,0.9666666666666667,3.0,841,406,2018,0.13376498222351074,0.10715365409851074,0.026611328125
30,1000,2,er,linear_sem,24,Standard PC,0.983050847457627,1.0,0.9666666666666667,1.0,984,549,1700,0.14267563819885254,0.12925457954406738,0.013421058654785156
30,1000,2,er,linear_sem,24,DF-PC (Pure),0.9508196721311476,0.9354838709677419,0.9666666666666667,3.0,775,340,1744,0.1236717700958252,0.09971475601196289,0.023957014083862305
30,1000,2,er,linear_sem,25,Standard PC,0.912280701754386,0.9629629629629629,0.8666666666666667,5.0,928,493,1640,0.11283040046691895,0.10165572166442871,0.011174678802490234
30,1000,2,er,linear_sem,25,DF-PC (Pure),0.9310344827586207,0.9642857142857143,0.9,4.0,748,313,1650,0.1193852424621582,0.09707403182983398,0.02231121063232422
30,1000,2,er,linear_sem,26,Standard PC,0.9152542372881356,0.9310344827586207,0.9,5.0,1278,843,2240,0.14316105842590332,0.13178110122680664,0.01137995719909668
30,1000,2,er,linear_sem,26,DF-PC (Pure),0.8852459016393444,0.8709677419354839,0.9,7.0,989,554,2282,0.10871672630310059,0.09031224250793457,0.018404483795166016
30,1000,2,er,linear_sem,27,Standard PC,0.9666666666666667,0.9666666666666667,0.9666666666666667,2.0,1203,768,2072,0.1262357234954834,0.11612343788146973,0.010112285614013672
30,1000,2,er,linear_sem,27,DF-PC (Pure),0.9508196721311476,0.9354838709677419,0.9666666666666667,3.0,956,521,2079,0.11255693435668945,0.09200048446655273,0.02055644989013672
30,1000,2,er,linear_sem,28,Standard PC,0.9655172413793104,1.0,0.9333333333333333,2.0,1296,861,2207,0.1350102424621582,0.12397289276123047,0.011037349700927734
30,1000,2,er,linear_sem,28,DF-PC (Pure),0.9655172413793104,1.0,0.9333333333333333,2.0,995,560,2219,0.1092061996459961,0.09055972099304199,0.0186464786529541
30,1000,2,er,linear_sem,29,Standard PC,0.9285714285714286,1.0,0.8666666666666667,4.0,968,533,1572,0.1391737461090088,0.1262221336364746,0.01295161247253418
30,1000,2,er,linear_sem,29,DF-PC (Pure),0.912280701754386,0.9629629629629629,0.8666666666666667,5.0,672,237,1579,0.10827422142028809,0.08633160591125488,0.021942615509033203
30,1000,2,sf,discrete,0,Standard PC,0.25,0.8,0.14814814814814814,24.0,439,4,874,0.06574010848999023,0.05998826026916504,0.005751848220825195
30,1000,2,sf,discrete,0,DF-PC (Pure),0.23529411764705882,0.5714285714285714,0.14814814814814814,26.0,435,0,874,0.06612706184387207,0.0584254264831543,0.0077016353607177734
30,1000,2,sf,discrete,1,Standard PC,0.2352941176470588,0.8,0.13793103448275862,26.0,441,6,876,0.06269001960754395,0.057085275650024414,0.005604743957519531
30,1000,2,sf,discrete,1,DF-PC (Pure),0.31578947368421056,0.6666666666666666,0.20689655172413793,26.0,435,0,876,0.06362247467041016,0.055938005447387695,0.007684469223022461
30,1000,2,sf,discrete,2,Standard PC,0.17142857142857143,0.5,0.10344827586206896,29.0,460,25,895,0.12634968757629395,0.12046074867248535,0.005888938903808594
30,1000,2,sf,discrete,2,DF-PC (Pure),0.2608695652173913,0.35294117647058826,0.20689655172413793,34.0,435,0,904,0.06576323509216309,0.057473182678222656,0.00829005241394043
30,1000,2,sf,discrete,3,Standard PC,0.3783783783783784,0.875,0.2413793103448276,23.0,441,6,876,0.07360219955444336,0.06742691993713379,0.00617527961730957
30,1000,2,sf,discrete,3,DF-PC (Pure),0.45000000000000007,0.8181818181818182,0.3103448275862069,22.0,435,0,876,0.0644385814666748,0.05660557746887207,0.007833003997802734
30,1000,2,sf,discrete,4,Standard PC,0.29411764705882354,0.8333333333333334,0.17857142857142858,24.0,458,23,893,0.06572175025939941,0.0599822998046875,0.005739450454711914
30,1000,2,sf,discrete,4,DF-PC (Pure),0.46808510638297873,0.5789473684210527,0.39285714285714285,25.0,435,0,899,0.06552672386169434,0.057105302810668945,0.00842142105102539
30,1000,2,sf,discrete,5,Standard PC,0.3783783783783784,0.875,0.2413793103448276,23.0,450,15,885,0.06524443626403809,0.05939459800720215,0.0058498382568359375
30,1000,2,sf,discrete,5,DF-PC (Pure),0.3902439024390244,0.6666666666666666,0.27586206896551724,25.0,435,0,899,0.06373167037963867,0.055846214294433594,0.007885456085205078
30,1000,2,sf,discrete,6,Standard PC,0.46153846153846156,0.8181818181818182,0.32142857142857145,21.0,441,6,876,0.06435966491699219,0.05841946601867676,0.00594019889831543
30,1000,2,sf,discrete,6,DF-PC (Pure),0.48780487804878053,0.7692307692307693,0.35714285714285715,21.0,435,0,876,0.08227109909057617,0.07029581069946289,0.011975288391113281
30,1000,2,sf,discrete,7,Standard PC,0.27586206896551724,0.8,0.16666666666666666,21.0,439,4,874,0.0631561279296875,0.05741095542907715,0.0057451725006103516
30,1000,2,sf,discrete,7,DF-PC (Pure),0.25806451612903225,0.5714285714285714,0.16666666666666666,23.0,435,0,874,0.06638026237487793,0.05669212341308594,0.009688138961791992
30,1000,2,sf,discrete,8,Standard PC,0.06666666666666667,0.5,0.03571428571428571,28.0,445,10,880,0.06503701210021973,0.0593714714050293,0.00566554069519043
30,1000,2,sf,discrete,8,DF-PC (Pure),0.1142857142857143,0.2857142857142857,0.07142857142857142,31.0,435,0,885,0.0645143985748291,0.05670785903930664,0.007806539535522461
30,1000,2,sf,discrete,9,Standard PC,0.32432432432432434,0.75,0.20689655172413793,25.0,444,9,879,0.06440019607543945,0.0585637092590332,0.00583648681640625
30,1000,2,sf,discrete,9,DF-PC (Pure),0.3,0.5454545454545454,0.20689655172413793,28.0,435,0,883,0.06428909301757812,0.05633425712585449,0.007954835891723633
30,1000,2,sf,discrete,10,Standard PC,0.33333333333333326,0.8571428571428571,0.20689655172413793,24.0,444,9,879,0.06463170051574707,0.05889534950256348,0.005736351013183594
30,1000,2,sf,discrete,10,DF-PC (Pure),0.358974358974359,0.7,0.2413793103448276,25.0,435,0,883,0.06389689445495605,0.056028127670288086,0.007868766784667969
30,1000,2,sf,discrete,11,Standard PC,0.17647058823529413,0.6,0.10344827586206896,28.0,448,13,883,0.06619954109191895,0.06050515174865723,0.005694389343261719
30,1000,2,sf,discrete,11,DF-PC (Pure),0.1951219512195122,0.3333333333333333,0.13793103448275862,33.0,435,0,887,0.06519865989685059,0.05739784240722656,0.0078008174896240234
30,1000,2,sf,discrete,12,Standard PC,0.29411764705882354,0.8333333333333334,0.17857142857142858,24.0,448,13,883,0.06385254859924316,0.05809283256530762,0.005759716033935547
30,1000,2,sf,discrete,12,DF-PC (Pure),0.3684210526315789,0.7,0.25,24.0,435,0,892,0.06265497207641602,0.0548243522644043,0.007830619812011719
30,1000,2,sf,discrete,13,Standard PC,0.368421052631579,0.7777777777777778,0.2413793103448276,24.0,452,17,887,0.06605005264282227,0.06013059616088867,0.005919456481933594
30,1000,2,sf,discrete,13,DF-PC (Pure),0.3902439024390244,0.6666666666666666,0.27586206896551724,25.0,435,0,887,0.06350040435791016,0.05563473701477051,0.007865667343139648
30,1000,2,sf,discrete,14,Standard PC,0.3888888888888889,1.0,0.2413793103448276,22.0,449,14,884,0.06442904472351074,0.05863022804260254,0.005798816680908203
30,1000,2,sf,discrete,14,DF-PC (Pure),0.5116279069767441,0.7857142857142857,0.3793103448275862,21.0,435,0,884,0.06352758407592773,0.055800676345825195,0.007726907730102539
30,1000,2,sf,discrete,15,Standard PC,0.29411764705882354,1.0,0.1724137931034483,24.0,437,2,872,0.06352806091308594,0.05786633491516113,0.005661725997924805
30,1000,2,sf,discrete,15,DF-PC (Pure),0.34285714285714286,1.0,0.20689655172413793,23.0,435,0,872,0.0629584789276123,0.05540823936462402,0.007550239562988281
30,1000,2,sf,discrete,16,Standard PC,0.34285714285714286,1.0,0.20689655172413793,23.0,458,23,893,0.06740379333496094,0.06149864196777344,0.0059051513671875
30,1000,2,sf,discrete,16,DF-PC (Pure),0.4090909090909091,0.6,0.3103448275862069,26.0,435,0,902,0.06556940078735352,0.05745959281921387,0.008109807968139648
30,1000,2,sf,discrete,17,Standard PC,0.34285714285714286,1.0,0.20689655172413793,23.0,451,16,886,0.06586337089538574,0.059868574142456055,0.0059947967529296875
30,1000,2,sf,discrete,17,DF-PC (Pure),0.46511627906976755,0.7142857142857143,0.3448275862068966,23.0,435,0,896,0.06507039070129395,0.056830406188964844,0.008239984512329102
30,1000,2,sf,discrete,18,Standard PC,0.3125,1.0,0.18518518518518517,22.0,446,11,881,0.06552720069885254,0.05964350700378418,0.005883693695068359
30,1000,2,sf,discrete,18,DF-PC (Pure),0.37837837837837834,0.7,0.25925925925925924,23.0,435,0,885,0.0654449462890625,0.057253360748291016,0.008191585540771484
30,1000,2,sf,discrete,19,Standard PC,0.125,0.6666666666666666,0.06896551724137931,28.0,437,2,872,0.0633230209350586,0.05770254135131836,0.005620479583740234
30,1000,2,sf,discrete,19,DF-PC (Pure),0.1176470588235294,0.4,0.06896551724137931,30.0,435,0,872,0.06249117851257324,0.05498051643371582,0.007510662078857422
30,1000,2,sf,discrete,20,Standard PC,0.2285714285714286,0.6666666666666666,0.13793103448275862,27.0,437,2,872,0.09492278099060059,0.0857396125793457,0.009183168411254883
30,1000,2,sf,discrete,20,DF-PC (Pure),0.2222222222222222,0.5714285714285714,0.13793103448275862,28.0,435,0,872,0.09517645835876465,0.0828242301940918,0.012352228164672852
30,1000,2,sf,discrete,21,Standard PC,0.2352941176470588,0.8,0.13793103448275862,26.0,439,4,874,0.09751415252685547,0.08800005912780762,0.009514093399047852
30,1000,2,sf,discrete,21,DF-PC (Pure),0.2702702702702703,0.625,0.1724137931034483,27.0,435,0,874,0.09671282768249512,0.08405160903930664,0.012661218643188477
30,1000,2,sf,discrete,22,Standard PC,0.17142857142857143,0.375,0.1111111111111111,29.0,441,6,876,0.09682846069335938,0.08743453025817871,0.009393930435180664
30,1000,2,sf,discrete,22,DF-PC (Pure),0.2702702702702703,0.5,0.18518518518518517,27.0,435,0,876,0.09713315963745117,0.08441400527954102,0.012719154357910156
30,1000,2,sf,discrete,23,Standard PC,0.2777777777777778,0.7142857142857143,0.1724137931034483,26.0,439,4,874,0.09655046463012695,0.08709597587585449,0.009454488754272461
30,1000,2,sf,discrete,23,DF-PC (Pure),0.2702702702702703,0.625,0.1724137931034483,27.0,435,0,874,0.0982213020324707,0.08565592765808105,0.012565374374389648
30,1000,2,sf,discrete,24,Standard PC,0.25,1.0,0.14285714285714285,24.0,455,20,890,0.06758546829223633,0.06144976615905762,0.006135702133178711
30,1000,2,sf,discrete,24,DF-PC (Pure),0.27906976744186046,0.4,0.21428571428571427,31.0,435,0,917,0.0639653205871582,0.05578327178955078,0.008182048797607422
30,1000,2,sf,discrete,25,Standard PC,0.368421052631579,0.7777777777777778,0.2413793103448276,24.0,439,4,874,0.09592151641845703,0.08663058280944824,0.009290933609008789
30,1000,2,sf,discrete,25,DF-PC (Pure),0.368421052631579,0.7777777777777778,0.2413793103448276,24.0,435,0,874,0.0959327220916748,0.08345985412597656,0.012472867965698242
30,1000,2,sf,discrete,26,Standard PC,0.17142857142857143,0.5,0.10344827586206896,29.0,443,8,878,0.06573271751403809,0.05995917320251465,0.0057735443115234375
30,1000,2,sf,discrete,26,DF-PC (Pure),0.3076923076923077,0.6,0.20689655172413793,27.0,435,0,883,0.06559514999389648,0.05778813362121582,0.007807016372680664
30,1000,2,sf,discrete,27,Standard PC,0.34285714285714286,1.0,0.20689655172413793,23.0,453,18,888,0.10086345672607422,0.0914604663848877,0.009402990341186523
30,1000,2,sf,discrete,27,DF-PC (Pure),0.2926829268292683,0.5,0.20689655172413793,29.0,435,0,910,0.09745335578918457,0.08425045013427734,0.013202905654907227
30,1000,2,sf,discrete,28,Standard PC,0.33333333333333326,0.8571428571428571,0.20689655172413793,24.0,437,2,872,0.06449389457702637,0.05860424041748047,0.0058896541595458984
30,1000,2,sf,discrete,28,DF-PC (Pure),0.33333333333333326,0.8571428571428571,0.20689655172413793,24.0,435,0,872,0.06747126579284668,0.05932903289794922,0.008142232894897461
30,1000,2,sf,discrete,29,Standard PC,0.1875,0.42857142857142855,0.12,26.0,443,8,878,0.09731197357177734,0.08801722526550293,0.009294748306274414
30,1000,2,sf,discrete,29,DF-PC (Pure),0.22857142857142856,0.4,0.16,27.0,435,0,878,0.09816384315490723,0.08533906936645508,0.012824773788452148
30,1000,2,sf,linear_sem,0,Standard PC,1.0,1.0,1.0,0.0,5984,5549,6498,0.675316333770752,0.6463057994842529,0.029010534286499023
30,1000,2,sf,linear_sem,0,DF-PC (Pure),1.0,1.0,1.0,0.0,569,134,6498,0.3780980110168457,0.14242291450500488,0.23567509651184082
30,1000,2,sf,linear_sem,1,Standard PC,0.8163265306122449,1.0,0.6896551724137931,9.0,766,331,1346,0.07761621475219727,0.07004380226135254,0.0075724124908447266
30,1000,2,sf,linear_sem,1,DF-PC (Pure),0.823529411764706,0.9545454545454546,0.7241379310344828,9.0,626,191,1359,0.06732583045959473,0.055559635162353516,0.011766195297241211
30,1000,2,sf,linear_sem,2,Standard PC,0.9824561403508771,1.0,0.9655172413793104,1.0,6348,5913,6910,0.7830560207366943,0.7514207363128662,0.031635284423828125
30,1000,2,sf,linear_sem,2,DF-PC (Pure),0.9824561403508771,1.0,0.9655172413793104,1.0,836,401,6910,0.2500021457672119,0.0908212661743164,0.1591808795928955
30,1000,2,sf,linear_sem,3,Standard PC,0.9454545454545454,1.0,0.896551724137931,3.0,1987,1552,2619,0.24754929542541504,0.2357935905456543,0.011755704879760742
30,1000,2,sf,linear_sem,3,DF-PC (Pure),0.9454545454545454,1.0,0.896551724137931,3.0,1286,851,2619,0.2310352325439453,0.16386032104492188,0.06717491149902344
30,1000,2,sf,linear_sem,4,Standard PC,0.8571428571428571,1.0,0.75,7.0,967,532,1488,0.09988689422607422,0.09175395965576172,0.0081329345703125
30,1000,2,sf,linear_sem,4,DF-PC (Pure),0.8076923076923077,0.875,0.75,10.0,657,222,1519,0.07810783386230469,0.06275677680969238,0.015351057052612305
30,1000,2,sf,linear_sem,5,Standard PC,0.8846153846153846,1.0,0.7931034482758621,6.0,989,554,1546,0.11988973617553711,0.10900640487670898,0.010883331298828125
30,1000,2,sf,linear_sem,5,DF-PC (Pure),0.9056603773584906,1.0,0.8275862068965517,5.0,592,157,1591,0.10039687156677246,0.07607650756835938,0.024320363998413086
30,1000,2,sf,linear_sem,6,Standard PC,0.6976744186046512,1.0,0.5357142857142857,13.0,683,248,1268,0.07052850723266602,0.06318545341491699,0.0073430538177490234
30,1000,2,sf,linear_sem,6,DF-PC (Pure),0.6530612244897959,0.7619047619047619,0.5714285714285714,17.0,598,163,1292,0.06624054908752441,0.05479025840759277,0.01145029067993164
30,1000,2,sf,linear_sem,7,Standard PC,0.9361702127659574,0.9565217391304348,0.9166666666666666,3.0,2970,2535,3484,0.293259859085083,0.2784402370452881,0.014819622039794922
30,1000,2,sf,linear_sem,7,DF-PC (Pure),0.8979591836734694,0.88,0.9166666666666666,5.0,1798,1363,3484,0.378415584564209,0.2599918842315674,0.1184237003326416
30,1000,2,sf,linear_sem,8,Standard PC,0.7555555555555554,1.0,0.6071428571428571,11.0,792,357,1353,0.08490896224975586,0.07704472541809082,0.007864236831665039
30,1000,2,sf,linear_sem,8,DF-PC (Pure),0.7391304347826088,0.9444444444444444,0.6071428571428571,12.0,571,136,1355,0.06540727615356445,0.05247068405151367,0.012936592102050781
30,1000,2,sf,linear_sem,9,Standard PC,0.9473684210526316,0.9642857142857143,0.9310344827586207,3.0,3501,3066,4051,0.49036288261413574,0.46611952781677246,0.02424335479736328
30,1000,2,sf,linear_sem,9,DF-PC (Pure),0.9491525423728815,0.9333333333333333,0.9655172413793104,3.0,1944,1509,13015,0.7294881343841553,0.23794245719909668,0.4915456771850586
30,1000,2,sf,linear_sem,10,Standard PC,0.9259259259259259,1.0,0.8620689655172413,4.0,2041,1606,2544,0.28650808334350586,0.2688295841217041,0.017678499221801758
30,1000,2,sf,linear_sem,10,DF-PC (Pure),0.896551724137931,0.896551724137931,0.896551724137931,6.0,626,191,3984,0.19735264778137207,0.0820162296295166,0.11533641815185547
30,1000,2,sf,linear_sem,11,Standard PC,0.8627450980392156,1.0,0.7586206896551724,7.0,1189,754,1791,0.12453460693359375,0.11515378952026367,0.009380817413330078
30,1000,2,sf,linear_sem,11,DF-PC (Pure),0.8627450980392156,1.0,0.7586206896551724,7.0,850,415,1792,0.10645627975463867,0.08608055114746094,0.020375728607177734
30,1000,2,sf,linear_sem,12,Standard PC,0.7272727272727273,1.0,0.5714285714285714,12.0,749,314,1307,0.07758450508117676,0.06998109817504883,0.00760340690612793
30,1000,2,sf,linear_sem,12,DF-PC (Pure),0.6530612244897959,0.7619047619047619,0.5714285714285714,17.0,568,133,1317,0.06313085556030273,0.05156350135803223,0.011567354202270508
30,1000,2,sf,linear_sem,13,Standard PC,1.0,1.0,1.0,0.0,3602,3167,4159,0.5143849849700928,0.4854087829589844,0.0289762020111084
30,1000,2,sf,linear_sem,13,DF-PC (Pure),0.9666666666666666,0.9354838709677419,1.0,2.0,713,278,4163,0.21251678466796875,0.09392309188842773,0.11859369277954102
30,1000,2,sf,linear_sem,14,Standard PC,0.9454545454545454,1.0,0.896551724137931,3.0,1372,937,1929,0.13608360290527344,0.1263575553894043,0.00972604751586914
30,1000,2,sf,linear_sem,14,DF-PC (Pure),0.912280701754386,0.9285714285714286,0.896551724137931,5.0,709,274,1983,0.09000992774963379,0.06686186790466309,0.023148059844970703
30,1000,2,sf,linear_sem,15,Standard PC,0.9642857142857143,1.0,0.9310344827586207,2.0,1980,1545,2519,0.19961190223693848,0.18781661987304688,0.011795282363891602
30,1000,2,sf,linear_sem,15,DF-PC (Pure),0.9642857142857143,1.0,0.9310344827586207,2.0,596,161,2519,0.08349776268005371,0.055117130279541016,0.028380632400512695
30,1000,2,sf,linear_sem,16,Standard PC,0.9655172413793104,0.9655172413793104,0.9655172413793104,2.0,1201,766,1803,0.13744759559631348,0.12549066543579102,0.011956930160522461
30,1000,2,sf,linear_sem,16,DF-PC (Pure),0.9354838709677419,0.8787878787878788,1.0,4.0,783,348,1835,0.13481736183166504,0.10453319549560547,0.03028416633605957
30,1000,2,sf,linear_sem,17,Standard PC,0.9473684210526316,0.9642857142857143,0.9310344827586207,3.0,1903,1468,2434,0.19098734855651855,0.17928147315979004,0.011705875396728516
30,1000,2,sf,linear_sem,17,DF-PC (Pure),0.9310344827586207,0.9310344827586207,0.9310344827586207,4.0,597,162,2435,0.08863544464111328,0.05665397644042969,0.031981468200683594
30,1000,2,sf,linear_sem,18,Standard PC,0.8,1.0,0.6666666666666666,9.0,643,208,1176,0.0966496467590332,0.08571219444274902,0.01093745231628418
30,1000,2,sf,linear_sem,18,DF-PC (Pure),0.8,1.0,0.6666666666666666,9.0,556,121,1176,0.08917379379272461,0.07240557670593262,0.016768217086791992
30,1000,2,sf,linear_sem,19,Standard PC,0.7755102040816326,0.95,0.6551724137931034,11.0,903,468,1484,0.09395241737365723,0.08574914932250977,0.008203268051147461
30,1000,2,sf,linear_sem,19,DF-PC (Pure),0.7999999999999999,0.9523809523809523,0.6896551724137931,10.0,705,270,1504,0.08043670654296875,0.06549763679504395,0.014939069747924805
30,1000,2,sf,linear_sem,20,Standard PC,0.9259259259259259,1.0,0.8620689655172413,4.0,4258,3823,4784,0.6043140888214111,0.5773670673370361,0.026947021484375
30,1000,2,sf,linear_sem,20,DF-PC (Pure),0.9259259259259259,1.0,0.8620689655172413,4.0,612,177,4784,0.20845603942871094,0.07990622520446777,0.12854981422424316
30,1000,2,sf,linear_sem,21,Standard PC,0.7450980392156864,0.8636363636363636,0.6551724137931034,13.0,826,391,1390,0.08874988555908203,0.08066320419311523,0.008086681365966797
30,1000,2,sf,linear_sem,21,DF-PC (Pure),0.7450980392156864,0.8636363636363636,0.6551724137931034,13.0,573,138,1390,0.07031679153442383,0.05661606788635254,0.013700723648071289
30,1000,2,sf,linear_sem,22,Standard PC,0.9259259259259259,0.9259259259259259,0.9259259259259259,4.0,12006,11571,12525,1.4443848133087158,1.3876354694366455,0.05674934387207031
30,1000,2,sf,linear_sem,22,DF-PC (Pure),0.9285714285714286,0.896551724137931,0.9629629629629629,4.0,6693,6258,12589,2.0920193195343018,1.2697796821594238,0.8222396373748779
30,1000,2,sf,linear_sem,23,Standard PC,0.8679245283018867,0.9583333333333334,0.7931034482758621,7.0,2091,1656,2675,0.2494058609008789,0.23420166969299316,0.015204191207885742
30,1000,2,sf,linear_sem,23,DF-PC (Pure),0.8679245283018867,0.9583333333333334,0.7931034482758621,7.0,830,395,2675,0.1766660213470459,0.1092536449432373,0.0674123764038086
30,1000,2,sf,linear_sem,24,Standard PC,0.888888888888889,0.9230769230769231,0.8571428571428571,6.0,1458,1023,1985,0.19099211692810059,0.17810821533203125,0.012883901596069336
30,1000,2,sf,linear_sem,24,DF-PC (Pure),0.8771929824561403,0.8620689655172413,0.8928571428571429,7.0,797,362,2195,0.10420417785644531,0.0753028392791748,0.028901338577270508
30,1000,2,sf,linear_sem,25,Standard PC,0.9454545454545454,1.0,0.896551724137931,3.0,1096,661,1782,0.15880203247070312,0.14490175247192383,0.013900279998779297
30,1000,2,sf,linear_sem,25,DF-PC (Pure),0.9454545454545454,1.0,0.896551724137931,3.0,767,332,1788,0.09681987762451172,0.0795447826385498,0.017275094985961914
30,1000,2,sf,linear_sem,26,Standard PC,0.9824561403508771,1.0,0.9655172413793104,1.0,1458,1023,1969,0.18625116348266602,0.17339420318603516,0.01285696029663086
30,1000,2,sf,linear_sem,26,DF-PC (Pure),0.9655172413793104,0.9655172413793104,0.9655172413793104,2.0,614,179,1974,0.08207488059997559,0.05942559242248535,0.022649288177490234
30,1000,2,sf,linear_sem,27,Standard PC,1.0,1.0,1.0,0.0,3954,3519,4527,0.39722228050231934,0.3783760070800781,0.01884627342224121
30,1000,2,sf,linear_sem,27,DF-PC (Pure),0.983050847457627,0.9666666666666667,1.0,1.0,2342,1907,4532,0.3714165687561035,0.22779178619384766,0.14362478256225586
30,1000,2,sf,linear_sem,28,Standard PC,0.9454545454545454,1.0,0.896551724137931,3.0,3139,2704,3667,0.33037877082824707,0.31415724754333496,0.01622152328491211
30,1000,2,sf,linear_sem,28,DF-PC (Pure),0.9655172413793104,0.9655172413793104,0.9655172413793104,2.0,1807,1372,4046,0.2649970054626465,0.1794741153717041,0.08552289009094238
30,1000,2,sf,linear_sem,29,Standard PC,0.96,0.96,0.96,2.0,5841,5406,6345,0.5894498825073242,0.5642576217651367,0.0251922607421875
30,1000,2,sf,linear_sem,29,DF-PC (Pure),0.9433962264150945,0.8928571428571429,1.0,3.0,3302,2867,12486,0.774486780166626,0.33324265480041504,0.44124412536621094
30,1000,4,er,discrete,0,Standard PC,0.23529411764705882,1.0,0.13333333333333333,52.0,470,35,905,0.06883478164672852,0.06284809112548828,0.005986690521240234
30,1000,4,er,discrete,0,DF-PC (Pure),0.32911392405063294,0.6842105263157895,0.21666666666666667,53.0,435,0,920,0.06460952758789062,0.05605936050415039,0.008550167083740234
30,1000,4,er,discrete,1,Standard PC,0.23529411764705882,1.0,0.13333333333333333,52.0,473,38,908,0.07226943969726562,0.06625247001647949,0.006016969680786133
30,1000,4,er,discrete,1,DF-PC (Pure),0.32000000000000006,0.8,0.2,51.0,435,0,966,0.06739473342895508,0.05858945846557617,0.008805274963378906
30,1000,4,er,discrete,2,Standard PC,0.17910447761194032,0.8571428571428571,0.1,55.0,452,17,890,0.06610536575317383,0.06018233299255371,0.005923032760620117
30,1000,4,er,discrete,2,DF-PC (Pure),0.29729729729729726,0.7857142857142857,0.18333333333333332,52.0,438,3,891,0.07755041122436523,0.06840753555297852,0.009142875671386719
30,1000,4,er,discrete,3,Standard PC,0.33333333333333337,1.0,0.2,48.0,463,28,899,0.07012248039245605,0.06367373466491699,0.0064487457275390625
30,1000,4,er,discrete,3,DF-PC (Pure),0.3846153846153846,0.8333333333333334,0.25,48.0,438,3,923,0.06568670272827148,0.05726790428161621,0.008418798446655273
30,1000,4,er,discrete,4,Standard PC,0.33333333333333337,1.0,0.2,48.0,480,45,918,0.07140350341796875,0.0651545524597168,0.006248950958251953
30,1000,4,er,discrete,4,DF-PC (Pure),0.37037037037037035,0.7142857142857143,0.25,51.0,438,3,975,0.06612682342529297,0.057241201400756836,0.008885622024536133
30,1000,4,er,discrete,5,Standard PC,0.23529411764705882,1.0,0.13333333333333333,52.0,461,26,896,0.06647539138793945,0.060582876205444336,0.005892515182495117
30,1000,4,er,discrete,5,DF-PC (Pure),0.3466666666666666,0.8666666666666667,0.21666666666666667,49.0,435,0,905,0.06315183639526367,0.05517935752868652,0.007972478866577148
30,1000,4,er,discrete,6,Standard PC,0.2857142857142857,1.0,0.16666666666666666,50.0,469,34,904,0.06862521171569824,0.0626378059387207,0.005987405776977539
30,1000,4,er,discrete,6,DF-PC (Pure),0.27848101265822783,0.5789473684210527,0.18333333333333332,57.0,435,0,922,0.06376504898071289,0.05566263198852539,0.0081024169921875
30,1000,4,er,discrete,7,Standard PC,0.23529411764705882,1.0,0.13333333333333333,52.0,469,34,904,0.06839489936828613,0.06246662139892578,0.0059282779693603516
30,1000,4,er,discrete,7,DF-PC (Pure),0.34210526315789475,0.8125,0.21666666666666667,50.0,435,0,930,0.06634974479675293,0.05785560607910156,0.008494138717651367
30,1000,4,er,discrete,8,Standard PC,0.18181818181818182,1.0,0.1,54.0,445,10,880,0.06409168243408203,0.05836749076843262,0.005724191665649414
30,1000,4,er,discrete,8,DF-PC (Pure),0.2535211267605634,0.8181818181818182,0.15,53.0,435,0,885,0.06463789939880371,0.05663609504699707,0.00800180435180664
30,1000,4,er,discrete,9,Standard PC,0.2318840579710145,0.8888888888888888,0.13333333333333333,53.0,461,26,896,0.06966948509216309,0.06355834007263184,0.00611114501953125
30,1000,4,er,discrete,9,DF-PC (Pure),0.37333333333333335,0.9333333333333333,0.23333333333333334,47.0,435,0,900,0.06420707702636719,0.05542564392089844,0.00878143310546875
30,1000,4,er,discrete,10,Standard PC,0.2608695652173913,1.0,0.15,51.0,469,34,907,0.06832075119018555,0.06240034103393555,0.00592041015625
30,1000,4,er,discrete,10,DF-PC (Pure),0.39473684210526316,0.9375,0.25,46.0,438,3,935,0.06689953804016113,0.05837726593017578,0.008522272109985352
30,1000,4,er,discrete,11,Standard PC,0.30985915492957744,1.0,0.18333333333333332,49.0,505,70,945,0.07358288764953613,0.06740689277648926,0.006175994873046875
30,1000,4,er,discrete,11,DF-PC (Pure),0.3855421686746988,0.6956521739130435,0.26666666666666666,51.0,441,6,1049,0.06632685661315918,0.05682659149169922,0.009500265121459961
30,1000,4,er,discrete,12,Standard PC,0.18181818181818182,1.0,0.1,54.0,509,74,944,0.07433366775512695,0.06841135025024414,0.0059223175048828125
30,1000,4,er,discrete,12,DF-PC (Pure),0.34210526315789475,0.8125,0.21666666666666667,50.0,435,0,999,0.06559634208679199,0.05660820007324219,0.008988142013549805
30,1000,4,er,discrete,13,Standard PC,0.2608695652173913,1.0,0.15,51.0,482,47,920,0.07131099700927734,0.06513381004333496,0.006177186965942383
30,1000,4,er,discrete,13,DF-PC (Pure),0.4096385542168674,0.7391304347826086,0.2833333333333333,49.0,438,3,990,0.06556200981140137,0.056507110595703125,0.009054899215698242
30,1000,4,er,discrete,14,Standard PC,0.17647058823529416,0.75,0.1,56.0,458,23,893,0.06745076179504395,0.061377525329589844,0.0060732364654541016
30,1000,4,er,discrete,14,DF-PC (Pure),0.2465753424657534,0.6923076923076923,0.15,55.0,435,0,896,0.06902503967285156,0.06058502197265625,0.008440017700195312
30,1000,4,er,discrete,15,Standard PC,0.2535211267605634,0.8181818181818182,0.15,53.0,450,15,885,0.0650930404663086,0.05910634994506836,0.005986690521240234
30,1000,4,er,discrete,15,DF-PC (Pure),0.32432432432432434,0.8571428571428571,0.2,50.0,435,0,889,0.06363296508789062,0.05565619468688965,0.007976770401000977
30,1000,4,er,discrete,16,Standard PC,0.2571428571428572,0.9,0.15,52.0,472,37,907,0.07007145881652832,0.06391572952270508,0.006155729293823242
30,1000,4,er,discrete,16,DF-PC (Pure),0.35897435897435903,0.7777777777777778,0.23333333333333334,50.0,435,0,918,0.06417369842529297,0.055826425552368164,0.008347272872924805
30,1000,4,er,discrete,17,Standard PC,0.2028985507246377,0.7777777777777778,0.11666666666666667,55.0,472,37,907,0.10444188117980957,0.09496903419494629,0.009472846984863281
30,1000,4,er,discrete,17,DF-PC (Pure),0.4,0.8,0.26666666666666666,48.0,435,0,974,0.09935998916625977,0.08474230766296387,0.014617681503295898
30,1000,4,er,discrete,18,Standard PC,0.208955223880597,1.0,0.11666666666666667,53.0,456,21,891,0.0995779037475586,0.09025192260742188,0.009325981140136719
30,1000,4,er,discrete,18,DF-PC (Pure),0.2816901408450704,0.9090909090909091,0.16666666666666666,51.0,435,0,920,0.09701800346374512,0.08381843566894531,0.013199567794799805
30,1000,4,er,discrete,19,Standard PC,0.2535211267605634,0.8181818181818182,0.15,53.0,462,27,897,0.10289716720581055,0.09318137168884277,0.009715795516967773
30,1000,4,er,discrete,19,DF-PC (Pure),0.2933333333333333,0.7333333333333333,0.18333333333333332,53.0,435,0,917,0.09904003143310547,0.08546900749206543,0.013571023941040039
30,1000,4,er,discrete,20,Standard PC,0.06451612903225806,1.0,0.03333333333333333,58.0,437,2,872,0.06374287605285645,0.05795788764953613,0.0057849884033203125
30,1000,4,er,discrete,20,DF-PC (Pure),0.125,1.0,0.06666666666666667,56.0,435,0,872,0.06347990036010742,0.055628299713134766,0.007851600646972656
30,1000,4,er,discrete,21,Standard PC,0.3055555555555556,0.9166666666666666,0.18333333333333332,50.0,489,54,924,0.10965967178344727,0.09992027282714844,0.009739398956298828
30,1000,4,er,discrete,21,DF-PC (Pure),0.47619047619047616,0.8333333333333334,0.3333333333333333,44.0,435,0,973,0.0999300479888916,0.085357666015625,0.014572381973266602
30,1000,4,er,discrete,22,Standard PC,0.208955223880597,1.0,0.11666666666666667,53.0,458,23,893,0.06654930114746094,0.06059551239013672,0.005953788757324219
30,1000,4,er,discrete,22,DF-PC (Pure),0.35135135135135137,0.9285714285714286,0.21666666666666667,48.0,435,0,919,0.06548261642456055,0.05703163146972656,0.008450984954833984
30,1000,4,er,discrete,23,Standard PC,0.2816901408450704,0.9090909090909091,0.16666666666666666,51.0,473,38,908,0.06945490837097168,0.06320452690124512,0.0062503814697265625
30,1000,4,er,discrete,23,DF-PC (Pure),0.4146341463414634,0.7727272727272727,0.2833333333333333,48.0,435,0,928,0.06530165672302246,0.05670356750488281,0.008598089218139648
30,1000,4,er,discrete,24,Standard PC,0.2857142857142857,1.0,0.16666666666666666,50.0,519,84,956,0.08079767227172852,0.0744619369506836,0.006335735321044922
30,1000,4,er,discrete,24,DF-PC (Pure),0.5227272727272727,0.8214285714285714,0.38333333333333336,42.0,438,3,1009,0.06879353523254395,0.05940508842468262,0.009388446807861328
30,1000,4,er,discrete,25,Standard PC,0.20588235294117646,0.875,0.11666666666666667,54.0,460,25,895,0.06645727157592773,0.06056571006774902,0.005891561508178711
30,1000,4,er,discrete,25,DF-PC (Pure),0.29729729729729726,0.7857142857142857,0.18333333333333332,52.0,435,0,898,0.06514978408813477,0.0569915771484375,0.008158206939697266
30,1000,4,er,discrete,26,Standard PC,0.23529411764705882,1.0,0.13333333333333333,52.0,477,42,912,0.10500097274780273,0.09543728828430176,0.009563684463500977
30,1000,4,er,discrete,26,DF-PC (Pure),0.4,0.8,0.26666666666666666,48.0,435,0,943,0.09757614135742188,0.08353257179260254,0.014043569564819336
30,1000,4,er,discrete,27,Standard PC,0.2777777777777778,0.8333333333333334,0.16666666666666666,52.0,491,56,926,0.07361650466918945,0.0672597885131836,0.006356716156005859
30,1000,4,er,discrete,27,DF-PC (Pure),0.3116883116883117,0.7058823529411765,0.2,53.0,435,0,940,0.06593775749206543,0.057381391525268555,0.008556365966796875
30,1000,4,er,discrete,28,Standard PC,0.2608695652173913,1.0,0.15,51.0,453,18,888,0.09985709190368652,0.0904693603515625,0.009387731552124023
30,1000,4,er,discrete,28,DF-PC (Pure),0.3466666666666666,0.8666666666666667,0.21666666666666667,49.0,435,0,893,0.09753704071044922,0.0843057632446289,0.013231277465820312
30,1000,4,er,discrete,29,Standard PC,0.2571428571428572,0.9,0.15,52.0,462,27,902,0.10266876220703125,0.0931098461151123,0.009558916091918945
30,1000,4,er,discrete,29,DF-PC (Pure),0.273972602739726,0.7692307692307693,0.16666666666666666,53.0,441,6,904,0.09916138648986816,0.0858774185180664,0.013283967971801758
30,1000,4,er,linear_sem,0,Standard PC,0.5494505494505494,0.8064516129032258,0.4166666666666667,41.0,4618,4183,7444,0.6473863124847412,0.6118266582489014,0.035559654235839844
30,1000,4,er,linear_sem,0,DF-PC (Pure),0.5494505494505494,0.8064516129032258,0.4166666666666667,41.0,3651,3216,7457,0.6635656356811523,0.5614511966705322,0.10211443901062012
30,1000,4,er,linear_sem,1,Standard PC,0.625,0.8333333333333334,0.5,36.0,4350,3915,6344,0.5026311874389648,0.4790832996368408,0.023547887802124023
30,1000,4,er,linear_sem,1,DF-PC (Pure),0.625,0.8333333333333334,0.5,36.0,3070,2635,6384,0.47565698623657227,0.38158202171325684,0.09407496452331543
30,1000,4,er,linear_sem,2,Standard PC,0.7474747474747475,0.9487179487179487,0.6166666666666667,25.0,4574,4139,7072,0.4534626007080078,0.4281651973724365,0.02529740333557129
30,1000,4,er,linear_sem,2,DF-PC (Pure),0.7474747474747475,0.9487179487179487,0.6166666666666667,25.0,3440,3005,7142,0.6010019779205322,0.4994816780090332,0.10152029991149902
30,1000,4,er,linear_sem,3,Standard PC,0.6153846153846154,0.9032258064516129,0.4666666666666667,35.0,3586,3151,5349,0.35291075706481934,0.3328385353088379,0.020072221755981445
30,1000,4,er,linear_sem,3,DF-PC (Pure),0.6153846153846154,0.9032258064516129,0.4666666666666667,35.0,2537,2102,5393,0.471019983291626,0.399014949798584,0.07200503349304199
30,1000,4,er,linear_sem,4,Standard PC,0.653061224489796,0.8421052631578947,0.5333333333333333,34.0,5422,4987,8016,0.7220540046691895,0.6850249767303467,0.03702902793884277
30,1000,4,er,linear_sem,4,DF-PC (Pure),0.6666666666666667,0.8461538461538461,0.55,33.0,3863,3428,8172,0.6839816570281982,0.5724866390228271,0.1114950180053711
30,1000,4,er,linear_sem,5,Standard PC,0.5274725274725275,0.7741935483870968,0.4,43.0,5038,4603,7963,0.7712972164154053,0.732562780380249,0.03873443603515625
30,1000,4,er,linear_sem,5,DF-PC (Pure),0.5217391304347827,0.75,0.4,44.0,3928,3493,8028,1.1081643104553223,0.9805219173431396,0.12764239311218262
30,1000,4,er,linear_sem,6,Standard PC,0.6041666666666667,0.8055555555555556,0.48333333333333334,38.0,4861,4426,7136,0.6023201942443848,0.5698869228363037,0.032433271408081055
30,1000,4,er,linear_sem,6,DF-PC (Pure),0.5918367346938777,0.7631578947368421,0.48333333333333334,40.0,3628,3193,7297,0.5856962203979492,0.4752771854400635,0.11041903495788574
30,1000,4,er,linear_sem,7,Standard PC,0.7326732673267328,0.9024390243902439,0.6166666666666667,27.0,4583,4148,6661,0.5237255096435547,0.49431467056274414,0.029410839080810547
30,1000,4,er,linear_sem,7,DF-PC (Pure),0.7326732673267328,0.9024390243902439,0.6166666666666667,27.0,3164,2729,6705,0.513916015625,0.41278648376464844,0.10112953186035156
30,1000,4,er,linear_sem,8,Standard PC,0.62,0.775,0.5166666666666667,38.0,3919,3484,5927,0.38260602951049805,0.3606679439544678,0.021938085556030273
30,1000,4,er,linear_sem,8,DF-PC (Pure),0.62,0.775,0.5166666666666667,38.0,2694,2259,5937,0.43857407569885254,0.3575327396392822,0.08104133605957031
30,1000,4,er,linear_sem,9,Standard PC,0.6236559139784946,0.8787878787878788,0.48333333333333334,35.0,5267,4832,8651,0.7540502548217773,0.7124295234680176,0.041620731353759766
30,1000,4,er,linear_sem,9,DF-PC (Pure),0.6236559139784946,0.8787878787878788,0.48333333333333334,35.0,4469,4034,8658,0.849618673324585,0.7224948406219482,0.12712383270263672
30,1000,4,er,linear_sem,10,Standard PC,0.6458333333333335,0.8611111111111112,0.5166666666666667,34.0,5569,5134,9234,0.662959098815918,0.6276233196258545,0.03533577919006348
30,1000,4,er,linear_sem,10,DF-PC (Pure),0.6458333333333335,0.8611111111111112,0.5166666666666667,34.0,4744,4309,9283,0.7412559986114502,0.61474609375,0.1265099048614502
30,1000,4,er,linear_sem,11,Standard PC,0.5454545454545455,0.8571428571428571,0.4,40.0,5605,5170,8812,0.7583131790161133,0.718740701675415,0.03957247734069824
30,1000,4,er,linear_sem,11,DF-PC (Pure),0.5617977528089887,0.8620689655172413,0.4166666666666667,39.0,4360,3925,8821,0.5966529846191406,0.49851131439208984,0.09814167022705078
30,1000,4,er,linear_sem,12,Standard PC,0.574468085106383,0.7941176470588235,0.45,40.0,5173,4738,8209,0.5768585205078125,0.5480611324310303,0.028797388076782227
30,1000,4,er,linear_sem,12,DF-PC (Pure),0.574468085106383,0.7941176470588235,0.45,40.0,3974,3539,8238,0.4470810890197754,0.37190794944763184,0.07517313957214355
30,1000,4,er,linear_sem,13,Standard PC,0.64,0.8,0.5333333333333333,36.0,4675,4240,7552,0.5075891017913818,0.47679853439331055,0.03079056739807129
30,1000,4,er,linear_sem,13,DF-PC (Pure),0.64,0.8,0.5333333333333333,36.0,3560,3125,7552,0.8448920249938965,0.7378976345062256,0.1069943904876709
30,1000,4,er,linear_sem,14,Standard PC,0.803921568627451,0.9761904761904762,0.6833333333333333,20.0,4283,3848,6002,0.48289942741394043,0.46007585525512695,0.022823572158813477
30,1000,4,er,linear_sem,14,DF-PC (Pure),0.803921568627451,0.9761904761904762,0.6833333333333333,20.0,2643,2208,6105,0.3137834072113037,0.2542741298675537,0.05950927734375
30,1000,4,er,linear_sem,15,Standard PC,0.6808510638297872,0.9411764705882353,0.5333333333333333,30.0,5402,4967,8420,0.5591418743133545,0.5280444622039795,0.031097412109375
30,1000,4,er,linear_sem,15,DF-PC (Pure),0.6947368421052631,0.9428571428571428,0.55,29.0,4261,3826,8445,0.5645773410797119,0.48417115211486816,0.08040618896484375
30,1000,4,er,linear_sem,16,Standard PC,0.6185567010309277,0.8108108108108109,0.5,37.0,6145,5710,8789,0.9491345882415771,0.9055852890014648,0.043549299240112305
30,1000,4,er,linear_sem,16,DF-PC (Pure),0.6185567010309277,0.8108108108108109,0.5,37.0,4402,3967,8822,0.7208864688873291,0.5802903175354004,0.1405961513519287
30,1000,4,er,linear_sem,17,Standard PC,0.608695652173913,0.875,0.4666666666666667,36.0,5132,4697,7882,0.801220178604126,0.7624752521514893,0.03874492645263672
30,1000,4,er,linear_sem,17,DF-PC (Pure),0.608695652173913,0.875,0.4666666666666667,36.0,3950,3515,8004,0.6314136981964111,0.5152628421783447,0.1161508560180664
30,1000,4,er,linear_sem,18,Standard PC,0.6804123711340206,0.8918918918918919,0.55,31.0,6608,6173,10206,0.932283878326416,0.8846287727355957,0.04765510559082031
30,1000,4,er,linear_sem,18,DF-PC (Pure),0.6804123711340206,0.8918918918918919,0.55,31.0,5257,4822,10217,0.7425191402435303,0.6212928295135498,0.12122631072998047
30,1000,4,er,linear_sem,19,Standard PC,0.6382978723404256,0.8823529411764706,0.5,34.0,4657,4222,6898,0.9652159214019775,0.9238331317901611,0.041382789611816406
30,1000,4,er,linear_sem,19,DF-PC (Pure),0.631578947368421,0.8571428571428571,0.5,35.0,3223,2788,6974,0.6814985275268555,0.5701839923858643,0.11131453514099121
30,1000,4,er,linear_sem,20,Standard PC,0.6534653465346535,0.8048780487804879,0.55,35.0,5230,4795,7153,0.7371201515197754,0.6995820999145508,0.03753805160522461
30,1000,4,er,linear_sem,20,DF-PC (Pure),0.6534653465346535,0.8048780487804879,0.55,35.0,3478,3043,7222,0.4916954040527344,0.3980412483215332,0.09365415573120117
30,1000,4,er,linear_sem,21,Standard PC,0.7000000000000001,0.875,0.5833333333333334,30.0,6092,5657,9577,1.3690621852874756,1.320605754852295,0.048456430435180664
30,1000,4,er,linear_sem,21,DF-PC (Pure),0.7000000000000001,0.875,0.5833333333333334,30.0,4527,4092,9579,0.6805627346038818,0.5808191299438477,0.09974360466003418
30,1000,4,er,linear_sem,22,Standard PC,0.6593406593406593,0.967741935483871,0.5,31.0,4326,3891,6699,0.620344877243042,0.586374044418335,0.03397083282470703
30,1000,4,er,linear_sem,22,DF-PC (Pure),0.6593406593406593,0.967741935483871,0.5,31.0,3201,2766,6699,0.4208641052246094,0.3522465229034424,0.06861758232116699
30,1000,4,er,linear_sem,23,Standard PC,0.7010309278350515,0.918918918918919,0.5666666666666667,29.0,5754,5319,8995,0.8627040386199951,0.8200089931488037,0.042695045471191406
30,1000,4,er,linear_sem,23,DF-PC (Pure),0.7010309278350515,0.918918918918919,0.5666666666666667,29.0,4374,3939,9019,0.7550444602966309,0.6249175071716309,0.130126953125
30,1000,4,er,linear_sem,24,Standard PC,0.74,0.925,0.6166666666666667,26.0,4452,4017,6873,0.7372584342956543,0.7018799781799316,0.035378456115722656
30,1000,4,er,linear_sem,24,DF-PC (Pure),0.74,0.925,0.6166666666666667,26.0,3245,2810,6880,0.5068492889404297,0.4317629337310791,0.07508635520935059
30,1000,4,er,linear_sem,25,Standard PC,0.6,0.75,0.5,40.0,5128,4693,7973,0.7194361686706543,0.6802637577056885,0.03917241096496582
30,1000,4,er,linear_sem,25,DF-PC (Pure),0.6138613861386139,0.7560975609756098,0.5166666666666667,39.0,3940,3505,8050,0.47002077102661133,0.3922240734100342,0.07779669761657715
30,1000,4,er,linear_sem,26,Standard PC,0.7010309278350515,0.918918918918919,0.5666666666666667,29.0,6560,6125,10199,0.9405760765075684,0.8908886909484863,0.04968738555908203
30,1000,4,er,linear_sem,26,DF-PC (Pure),0.7010309278350515,0.918918918918919,0.5666666666666667,29.0,5214,4779,10227,0.7546558380126953,0.643622875213623,0.11103296279907227
30,1000,4,er,linear_sem,27,Standard PC,0.6595744680851064,0.9117647058823529,0.5166666666666667,32.0,6099,5664,10490,0.9199259281158447,0.8720755577087402,0.04785037040710449
30,1000,4,er,linear_sem,27,DF-PC (Pure),0.6595744680851064,0.9117647058823529,0.5166666666666667,32.0,5372,4937,10495,1.0079431533813477,0.8562841415405273,0.1516590118408203
30,1000,4,er,linear_sem,28,Standard PC,0.7346938775510204,0.9473684210526315,0.6,26.0,5119,4684,7841,0.7200615406036377,0.6813294887542725,0.038732051849365234
30,1000,4,er,linear_sem,28,DF-PC (Pure),0.7346938775510204,0.9473684210526315,0.6,26.0,3897,3462,7847,0.5348162651062012,0.4437859058380127,0.09103035926818848
30,1000,4,er,linear_sem,29,Standard PC,0.5806451612903226,0.8181818181818182,0.45,39.0,4064,3629,6419,0.4250333309173584,0.40042614936828613,0.024607181549072266
30,1000,4,er,linear_sem,29,DF-PC (Pure),0.574468085106383,0.7941176470588235,0.45,40.0,3138,2703,6603,0.3611924648284912,0.300640344619751,0.060552120208740234
30,1000,4,sf,discrete,0,Standard PC,0.2413793103448276,0.7,0.14583333333333334,44.0,451,16,888,0.06760621070861816,0.06146550178527832,0.006140708923339844
30,1000,4,sf,discrete,0,DF-PC (Pure),0.23333333333333336,0.5833333333333334,0.14583333333333334,46.0,438,3,890,0.0988776683807373,0.08569216728210449,0.013185501098632812
30,1000,4,sf,discrete,1,Standard PC,0.32352941176470584,0.9166666666666666,0.19642857142857142,46.0,471,36,906,0.06856131553649902,0.06239151954650879,0.006169795989990234
30,1000,4,sf,discrete,1,DF-PC (Pure),0.3513513513513514,0.7222222222222222,0.23214285714285715,48.0,435,0,925,0.06343412399291992,0.055129051208496094,0.008305072784423828
30,1000,4,sf,discrete,2,Standard PC,0.3050847457627119,1.0,0.18,41.0,471,36,909,0.06956648826599121,0.06336665153503418,0.006199836730957031
30,1000,4,sf,discrete,2,DF-PC (Pure),0.34782608695652173,0.631578947368421,0.24,45.0,438,3,920,0.06444239616394043,0.05612945556640625,0.00831294059753418
30,1000,4,sf,discrete,3,Standard PC,0.19999999999999998,0.75,0.11538461538461539,48.0,445,10,880,0.0697469711303711,0.06366229057312012,0.0060846805572509766
30,1000,4,sf,discrete,3,DF-PC (Pure),0.21875,0.5833333333333334,0.1346153846153846,50.0,435,0,880,0.06762218475341797,0.059615135192871094,0.008007049560546875
30,1000,4,sf,discrete,4,Standard PC,0.3582089552238806,0.8571428571428571,0.22641509433962265,43.0,480,45,915,0.07294106483459473,0.06663370132446289,0.006307363510131836
30,1000,4,sf,discrete,4,DF-PC (Pure),0.3835616438356165,0.7,0.2641509433962264,45.0,435,0,922,0.06473588943481445,0.05627703666687012,0.008458852767944336
30,1000,4,sf,discrete,5,Standard PC,0.3125,1.0,0.18518518518518517,44.0,457,22,892,0.0668942928314209,0.06082510948181152,0.006069183349609375
30,1000,4,sf,discrete,5,DF-PC (Pure),0.32352941176470584,0.7857142857142857,0.2037037037037037,46.0,435,0,896,0.06622862815856934,0.05782723426818848,0.00840139389038086
30,1000,4,sf,discrete,6,Standard PC,0.23333333333333334,0.875,0.1346153846153846,46.0,456,21,891,0.11372542381286621,0.10342288017272949,0.010302543640136719
30,1000,4,sf,discrete,6,DF-PC (Pure),0.3529411764705882,0.75,0.23076923076923078,44.0,435,0,895,0.11079692840576172,0.09650516510009766,0.014291763305664062
30,1000,4,sf,discrete,7,Standard PC,0.27118644067796605,0.8,0.16326530612244897,43.0,454,19,889,0.0660102367401123,0.060125112533569336,0.005885124206542969
30,1000,4,sf,discrete,7,DF-PC (Pure),0.31746031746031744,0.7142857142857143,0.20408163265306123,43.0,435,0,893,0.07112932205200195,0.06026148796081543,0.010867834091186523
30,1000,4,sf,discrete,8,Standard PC,0.2222222222222222,1.0,0.125,49.0,473,38,908,0.0680689811706543,0.06220674514770508,0.005862236022949219
30,1000,4,sf,discrete,8,DF-PC (Pure),0.3466666666666667,0.6842105263157895,0.23214285714285715,49.0,435,0,956,0.06331825256347656,0.05485892295837402,0.008459329605102539
30,1000,4,sf,discrete,9,Standard PC,0.25,1.0,0.14285714285714285,48.0,439,4,874,0.06460356712341309,0.058823347091674805,0.005780220031738281
30,1000,4,sf,discrete,9,DF-PC (Pure),0.24242424242424243,0.8,0.14285714285714285,50.0,435,0,874,0.06390094757080078,0.056233882904052734,0.007667064666748047
30,1000,4,sf,discrete,10,Standard PC,0.26229508196721313,1.0,0.1509433962264151,45.0,448,13,883,0.06786751747131348,0.061638832092285156,0.00622868537902832
30,1000,4,sf,discrete,10,DF-PC (Pure),0.25,0.7272727272727273,0.1509433962264151,48.0,435,0,892,0.06637692451477051,0.05810689926147461,0.008270025253295898
30,1000,4,sf,discrete,11,Standard PC,0.25806451612903225,0.8888888888888888,0.1509433962264151,46.0,455,20,890,0.06839609146118164,0.062394142150878906,0.006001949310302734
30,1000,4,sf,discrete,11,DF-PC (Pure),0.2647058823529412,0.6,0.16981132075471697,50.0,435,0,900,0.0676872730255127,0.05916023254394531,0.008527040481567383
30,1000,4,sf,discrete,12,Standard PC,0.15873015873015872,0.7142857142857143,0.08928571428571429,53.0,449,14,884,0.06368446350097656,0.05797982215881348,0.005704641342163086
30,1000,4,sf,discrete,12,DF-PC (Pure),0.15384615384615385,0.5555555555555556,0.08928571428571429,55.0,435,0,887,0.06237483024597168,0.05472922325134277,0.007645606994628906
30,1000,4,sf,discrete,13,Standard PC,0.23076923076923078,1.0,0.13043478260869565,40.0,443,8,878,0.09731602668762207,0.08815908432006836,0.009156942367553711
30,1000,4,sf,discrete,13,DF-PC (Pure),0.2545454545454546,0.7777777777777778,0.15217391304347827,41.0,435,0,878,0.09819579124450684,0.08546090126037598,0.01273488998413086
30,1000,4,sf,discrete,14,Standard PC,0.2857142857142857,1.0,0.16666666666666666,45.0,457,22,892,0.06764507293701172,0.061489105224609375,0.006155967712402344
30,1000,4,sf,discrete,14,DF-PC (Pure),0.3380281690140845,0.7058823529411765,0.2222222222222222,47.0,435,0,902,0.06775474548339844,0.059081315994262695,0.008673429489135742
30,1000,4,sf,discrete,15,Standard PC,0.22580645161290322,0.875,0.12962962962962962,48.0,460,25,895,0.06645345687866211,0.060503244400024414,0.005950212478637695
30,1000,4,sf,discrete,15,DF-PC (Pure),0.2318840579710145,0.5333333333333333,0.14814814814814814,53.0,435,0,941,0.0637962818145752,0.05554008483886719,0.008256196975708008
30,1000,4,sf,discrete,16,Standard PC,0.24615384615384617,0.8888888888888888,0.14285714285714285,49.0,445,10,880,0.06582498550415039,0.0596768856048584,0.006148099899291992
30,1000,4,sf,discrete,16,DF-PC (Pure),0.23880597014925373,0.7272727272727273,0.14285714285714285,51.0,435,0,880,0.06418776512145996,0.05622410774230957,0.00796365737915039
30,1000,4,sf,discrete,17,Standard PC,0.2903225806451613,1.0,0.16981132075471697,44.0,478,43,915,0.06872153282165527,0.06276249885559082,0.005959033966064453
30,1000,4,sf,discrete,17,DF-PC (Pure),0.30303030303030304,0.7692307692307693,0.18867924528301888,46.0,438,3,936,0.06554603576660156,0.05721330642700195,0.00833272933959961
30,1000,4,sf,discrete,18,Standard PC,0.3278688524590164,1.0,0.19607843137254902,41.0,451,16,886,0.06677889823913574,0.06091141700744629,0.005867481231689453
30,1000,4,sf,discrete,18,DF-PC (Pure),0.39999999999999997,0.9285714285714286,0.2549019607843137,39.0,435,0,891,0.06622862815856934,0.05820822715759277,0.008020401000976562
30,1000,4,sf,discrete,19,Standard PC,0.16666666666666669,0.7142857142857143,0.09433962264150944,50.0,445,10,880,0.0745842456817627,0.06632876396179199,0.008255481719970703
30,1000,4,sf,discrete,19,DF-PC (Pure),0.1904761904761905,0.6,0.11320754716981132,51.0,435,0,880,0.09702849388122559,0.08442258834838867,0.012605905532836914
30,1000,4,sf,discrete,20,Standard PC,0.25,0.7777777777777778,0.14893617021276595,42.0,459,24,894,0.10077142715454102,0.09120607376098633,0.009565353393554688
30,1000,4,sf,discrete,20,DF-PC (Pure),0.34375,0.6470588235294118,0.23404255319148937,42.0,435,0,904,0.09682130813598633,0.08354330062866211,0.013278007507324219
30,1000,4,sf,discrete,21,Standard PC,0.2857142857142857,0.9,0.16981132075471697,45.0,443,8,878,0.09660816192626953,0.08714628219604492,0.00946187973022461
30,1000,4,sf,discrete,21,DF-PC (Pure),0.28125,0.8181818181818182,0.16981132075471697,46.0,435,0,878,0.09545278549194336,0.082763671875,0.01268911361694336
30,1000,4,sf,discrete,22,Standard PC,0.20338983050847456,0.8571428571428571,0.11538461538461539,47.0,455,20,890,0.06576919555664062,0.0600132942199707,0.005755901336669922
30,1000,4,sf,discrete,22,DF-PC (Pure),0.3333333333333333,0.7857142857142857,0.21153846153846154,44.0,435,0,898,0.06558370590209961,0.05722236633300781,0.008361339569091797
30,1000,4,sf,discrete,23,Standard PC,0.2068965517241379,0.8571428571428571,0.11764705882352941,46.0,442,7,877,0.06585359573364258,0.05992603302001953,0.005927562713623047
30,1000,4,sf,discrete,23,DF-PC (Pure),0.20338983050847456,0.75,0.11764705882352941,47.0,435,0,881,0.06540107727050781,0.05752229690551758,0.007878780364990234
30,1000,4,sf,discrete,24,Standard PC,0.10344827586206896,0.6,0.05660377358490566,52.0,454,19,889,0.1163790225982666,0.1059730052947998,0.010406017303466797
30,1000,4,sf,discrete,24,DF-PC (Pure),0.1791044776119403,0.42857142857142855,0.11320754716981132,55.0,435,0,898,0.11626195907592773,0.10170984268188477,0.014552116394042969
30,1000,4,sf,discrete,25,Standard PC,0.27586206896551724,0.8888888888888888,0.16326530612244897,42.0,441,6,876,0.06510639190673828,0.05901503562927246,0.00609135627746582
30,1000,4,sf,discrete,25,DF-PC (Pure),0.27586206896551724,0.8888888888888888,0.16326530612244897,42.0,435,0,876,0.06540560722351074,0.057363033294677734,0.008042573928833008
30,1000,4,sf,discrete,26,Standard PC,0.19672131147540986,0.8571428571428571,0.1111111111111111,49.0,441,6,876,0.0665440559387207,0.06064152717590332,0.005902528762817383
30,1000,4,sf,discrete,26,DF-PC (Pure),0.21875,0.7,0.12962962962962962,50.0,435,0,876,0.06737852096557617,0.059517621994018555,0.007860898971557617
30,1000,4,sf,discrete,27,Standard PC,0.1639344262295082,1.0,0.08928571428571429,51.0,455,20,890,0.0653073787689209,0.05955934524536133,0.00574803352355957
30,1000,4,sf,discrete,27,DF-PC (Pure),0.2857142857142857,0.7142857142857143,0.17857142857142858,50.0,435,0,895,0.06276464462280273,0.05482840538024902,0.007936239242553711
30,1000,4,sf,discrete,28,Standard PC,0.11320754716981131,1.0,0.06,47.0,449,14,884,0.09839248657226562,0.08918142318725586,0.009211063385009766
30,1000,4,sf,discrete,28,DF-PC (Pure),0.16666666666666669,0.5,0.1,50.0,435,0,884,0.09651613235473633,0.0837254524230957,0.012790679931640625
30,1000,4,sf,discrete,29,Standard PC,0.21052631578947367,0.8571428571428571,0.12,45.0,441,6,876,0.06577157974243164,0.05959153175354004,0.0061800479888916016
30,1000,4,sf,discrete,29,DF-PC (Pure),0.26666666666666666,0.8,0.16,44.0,435,0,881,0.0665123462677002,0.05836820602416992,0.008144140243530273
30,1000,4,sf,linear_sem,0,Standard PC,0.7368421052631579,1.0,0.5833333333333334,20.0,3110,2675,4057,0.29437899589538574,0.2781989574432373,0.016180038452148438
30,1000,4,sf,linear_sem,0,DF-PC (Pure),0.7272727272727274,0.9655172413793104,0.5833333333333334,21.0,1647,1212,4374,0.19484663009643555,0.148423433303833,0.04642319679260254
30,1000,4,sf,linear_sem,1,Standard PC,0.5238095238095237,0.7857142857142857,0.39285714285714285,40.0,3333,2898,4910,0.3762397766113281,0.35729479789733887,0.018944978713989258
30,1000,4,sf,linear_sem,1,DF-PC (Pure),0.5111111111111111,0.6764705882352942,0.4107142857142857,44.0,2283,1848,9862,0.4223473072052002,0.2146291732788086,0.2077181339263916
30,1000,4,sf,linear_sem,2,Standard PC,0.5789473684210525,0.8461538461538461,0.44,32.0,1804,1369,2787,0.17807865142822266,0.1662442684173584,0.011834383010864258
30,1000,4,sf,linear_sem,2,DF-PC (Pure),0.5897435897435898,0.8214285714285714,0.46,32.0,1221,786,3317,0.14663076400756836,0.11405038833618164,0.03258037567138672
30,1000,4,sf,linear_sem,3,Standard PC,0.6097560975609756,0.8333333333333334,0.4807692307692308,32.0,2346,1911,3356,0.22681307792663574,0.21274805068969727,0.014065027236938477
30,1000,4,sf,linear_sem,3,DF-PC (Pure),0.6428571428571429,0.84375,0.5192307692307693,30.0,1365,930,3626,0.15906620025634766,0.12500405311584473,0.03406214714050293
30,1000,4,sf,linear_sem,4,Standard PC,0.7555555555555555,0.918918918918919,0.6415094339622641,22.0,3198,2763,4630,0.4223659038543701,0.39824867248535156,0.024117231369018555
30,1000,4,sf,linear_sem,4,DF-PC (Pure),0.7472527472527473,0.8947368421052632,0.6415094339622641,23.0,2018,1583,4651,0.3348543643951416,0.2659637928009033,0.06889057159423828
30,1000,4,sf,linear_sem,5,Standard PC,0.6896551724137931,0.9090909090909091,0.5555555555555556,27.0,3288,2853,4551,0.45714521408081055,0.4321897029876709,0.02495551109313965
30,1000,4,sf,linear_sem,5,DF-PC (Pure),0.6896551724137931,0.9090909090909091,0.5555555555555556,27.0,1971,1536,4560,0.3284027576446533,0.25815510749816895,0.07024765014648438
30,1000,4,sf,linear_sem,6,Standard PC,0.6823529411764707,0.8787878787878788,0.5576923076923077,27.0,2849,2414,3870,0.28394651412963867,0.26755475997924805,0.016391754150390625
30,1000,4,sf,linear_sem,6,DF-PC (Pure),0.6744186046511628,0.8529411764705882,0.5576923076923077,28.0,1493,1058,3996,0.18803977966308594,0.1472771167755127,0.04076266288757324
30,1000,4,sf,linear_sem,7,Standard PC,0.7380952380952381,0.8857142857142857,0.6326530612244898,22.0,3598,3163,4752,0.4278261661529541,0.4049675464630127,0.022858619689941406
30,1000,4,sf,linear_sem,7,DF-PC (Pure),0.7380952380952381,0.8857142857142857,0.6326530612244898,22.0,1868,1433,4922,0.272291898727417,0.20058536529541016,0.07170653343200684
30,1000,4,sf,linear_sem,8,Standard PC,0.6590909090909092,0.90625,0.5178571428571429,30.0,3589,3154,5382,0.4740104675292969,0.44887542724609375,0.025135040283203125
30,1000,4,sf,linear_sem,8,DF-PC (Pure),0.6593406593406593,0.8571428571428571,0.5357142857142857,31.0,2854,2419,6302,0.49494433403015137,0.37503623962402344,0.11990809440612793
30,1000,4,sf,linear_sem,9,Standard PC,0.6976744186046512,1.0,0.5357142857142857,26.0,3516,3081,5120,0.47487616539001465,0.44823265075683594,0.02664351463317871
30,1000,4,sf,linear_sem,9,DF-PC (Pure),0.7191011235955056,0.9696969696969697,0.5714285714285714,25.0,2365,1930,5320,0.4004325866699219,0.3173339366912842,0.0830986499786377
30,1000,4,sf,linear_sem,10,Standard PC,0.7209302325581395,0.9393939393939394,0.5849056603773585,24.0,3104,2669,4173,0.4263334274291992,0.4024238586425781,0.023909568786621094
30,1000,4,sf,linear_sem,10,DF-PC (Pure),0.7209302325581395,0.9393939393939394,0.5849056603773585,24.0,1838,1403,4173,0.30750060081481934,0.23955798149108887,0.06794261932373047
30,1000,4,sf,linear_sem,11,Standard PC,0.65,0.9629629629629629,0.49056603773584906,28.0,2301,1866,3248,0.24013853073120117,0.22594237327575684,0.014196157455444336
30,1000,4,sf,linear_sem,11,DF-PC (Pure),0.6585365853658537,0.9310344827586207,0.5094339622641509,28.0,1399,964,3437,0.16766738891601562,0.13383722305297852,0.03383016586303711
30,1000,4,sf,linear_sem,12,Standard PC,0.5934065934065934,0.7714285714285715,0.48214285714285715,37.0,5356,4921,6544,0.5175065994262695,0.49286365509033203,0.0246429443359375
30,1000,4,sf,linear_sem,12,DF-PC (Pure),0.5957446808510638,0.7368421052631579,0.5,38.0,2183,1748,7103,0.4924123287200928,0.32309484481811523,0.16931748390197754
30,1000,4,sf,linear_sem,13,Standard PC,0.7848101265822786,0.9393939393939394,0.6739130434782609,17.0,2403,1968,3287,0.2344217300415039,0.2202003002166748,0.014221429824829102
30,1000,4,sf,linear_sem,13,DF-PC (Pure),0.7999999999999999,0.9411764705882353,0.6956521739130435,16.0,1318,883,3311,0.15245628356933594,0.12058496475219727,0.03187131881713867
30,1000,4,sf,linear_sem,14,Standard PC,0.6746987951807228,0.9655172413793104,0.5185185185185185,27.0,1938,1503,3088,0.18989276885986328,0.17694830894470215,0.012944459915161133
30,1000,4,sf,linear_sem,14,DF-PC (Pure),0.6746987951807228,0.9655172413793104,0.5185185185185185,27.0,1431,996,3094,0.22671866416931152,0.18340039253234863,0.04331827163696289
30,1000,4,sf,linear_sem,15,Standard PC,0.845360824742268,0.9534883720930233,0.7592592592592593,15.0,4002,3567,5016,0.38921117782592773,0.36875414848327637,0.020457029342651367
30,1000,4,sf,linear_sem,15,DF-PC (Pure),0.8282828282828282,0.9111111111111111,0.7592592592592593,17.0,1690,1255,5089,0.30567193031311035,0.21602082252502441,0.08965110778808594
30,1000,4,sf,linear_sem,16,Standard PC,0.7916666666666667,0.95,0.6785714285714286,20.0,3759,3324,4797,0.4311971664428711,0.41117000579833984,0.02002716064453125
30,1000,4,sf,linear_sem,16,DF-PC (Pure),0.8080808080808081,0.9302325581395349,0.7142857142857143,19.0,1533,1098,5228,0.20082616806030273,0.1461808681488037,0.05464529991149902
30,1000,4,sf,linear_sem,17,Standard PC,0.5641025641025641,0.88,0.41509433962264153,34.0,2507,2072,4018,0.3492896556854248,0.32743167877197266,0.02185797691345215
30,1000,4,sf,linear_sem,17,DF-PC (Pure),0.5679012345679013,0.8214285714285714,0.4339622641509434,35.0,1973,1538,4168,0.3173024654388428,0.2573549747467041,0.05994749069213867
30,1000,4,sf,linear_sem,18,Standard PC,0.7529411764705882,0.9411764705882353,0.6274509803921569,21.0,2230,1795,3176,0.22697973251342773,0.21288847923278809,0.014091253280639648
30,1000,4,sf,linear_sem,18,DF-PC (Pure),0.735632183908046,0.8888888888888888,0.6274509803921569,23.0,1245,810,3199,0.21464300155639648,0.18272757530212402,0.03191542625427246
30,1000,4,sf,linear_sem,19,Standard PC,0.6352941176470588,0.84375,0.5094339622641509,31.0,3449,3014,4444,0.35056114196777344,0.331920862197876,0.01864027976989746
30,1000,4,sf,linear_sem,19,DF-PC (Pure),0.6136363636363636,0.7714285714285715,0.5094339622641509,34.0,1809,1374,4888,0.23347187042236328,0.1697840690612793,0.06368780136108398
30,1000,4,sf,linear_sem,20,Standard PC,0.7341772151898734,0.90625,0.6170212765957447,21.0,2090,1655,2967,0.20434808731079102,0.19121694564819336,0.013131141662597656
30,1000,4,sf,linear_sem,20,DF-PC (Pure),0.7160493827160493,0.8529411764705882,0.6170212765957447,23.0,1202,767,3162,0.14054656028747559,0.11135244369506836,0.029194116592407227
30,1000,4,sf,linear_sem,21,Standard PC,0.6153846153846154,0.7368421052631579,0.5283018867924528,35.0,13900,13465,14985,1.713193416595459,1.6492798328399658,0.06391358375549316
30,1000,4,sf,linear_sem,21,DF-PC (Pure),0.6086956521739131,0.717948717948718,0.5283018867924528,36.0,1570,1135,14993,0.7200567722320557,0.14642333984375,0.5736334323883057
30,1000,4,sf,linear_sem,22,Standard PC,0.7912087912087913,0.9230769230769231,0.6923076923076923,19.0,3098,2663,4291,0.4306607246398926,0.40521812438964844,0.02544260025024414
30,1000,4,sf,linear_sem,22,DF-PC (Pure),0.7912087912087913,0.9230769230769231,0.6923076923076923,19.0,1794,1359,4292,0.3167881965637207,0.26412129402160645,0.05266690254211426
30,1000,4,sf,linear_sem,23,Standard PC,0.6829268292682927,0.9032258064516129,0.5490196078431373,26.0,2995,2560,4129,0.4759697914123535,0.44884800910949707,0.027121782302856445
30,1000,4,sf,linear_sem,23,DF-PC (Pure),0.6904761904761905,0.8787878787878788,0.5686274509803921,26.0,1889,1454,4461,0.357119083404541,0.2810940742492676,0.07602500915527344
30,1000,4,sf,linear_sem,24,Standard PC,0.6588235294117648,0.875,0.5283018867924528,29.0,3806,3371,4945,0.5249454975128174,0.49745607376098633,0.027489423751831055
30,1000,4,sf,linear_sem,24,DF-PC (Pure),0.6818181818181818,0.8571428571428571,0.5660377358490566,28.0,1556,1121,5117,0.2923431396484375,0.2002696990966797,0.09207344055175781
30,1000,4,sf,linear_sem,25,Standard PC,0.6923076923076924,0.9310344827586207,0.5510204081632653,24.0,2125,1690,2989,0.300978422164917,0.281726598739624,0.01925182342529297
30,1000,4,sf,linear_sem,25,DF-PC (Pure),0.7088607594936709,0.9333333333333333,0.5714285714285714,23.0,1379,944,3099,0.2329261302947998,0.18151402473449707,0.051412105560302734
30,1000,4,sf,linear_sem,26,Standard PC,0.6352941176470588,0.8709677419354839,0.5,31.0,2972,2537,3958,0.41310596466064453,0.3896982669830322,0.023407697677612305
30,1000,4,sf,linear_sem,26,DF-PC (Pure),0.6206896551724137,0.8181818181818182,0.5,33.0,1593,1158,4010,0.2874486446380615,0.2086315155029297,0.07881712913513184
30,1000,4,sf,linear_sem,27,Standard PC,0.7608695652173912,0.9722222222222222,0.625,22.0,2978,2543,4058,0.3543846607208252,0.33450937271118164,0.019875288009643555
30,1000,4,sf,linear_sem,27,DF-PC (Pure),0.7872340425531915,0.9736842105263158,0.6607142857142857,20.0,1956,1521,4367,0.23108839988708496,0.18324851989746094,0.04783987998962402
30,1000,4,sf,linear_sem,28,Standard PC,0.7586206896551725,0.8918918918918919,0.66,21.0,4241,3806,5024,0.647869348526001,0.6189522743225098,0.02891707420349121
30,1000,4,sf,linear_sem,28,DF-PC (Pure),0.7692307692307692,0.8536585365853658,0.7,21.0,1594,1159,7376,0.28659510612487793,0.1641371250152588,0.12245798110961914
30,1000,4,sf,linear_sem,29,Standard PC,0.7407407407407407,0.967741935483871,0.6,21.0,2761,2326,3603,0.279634952545166,0.26415371894836426,0.015481233596801758
30,1000,4,sf,linear_sem,29,DF-PC (Pure),0.7469879518072288,0.9393939393939394,0.62,21.0,1385,950,3704,0.17947053909301758,0.1320507526397705,0.04741978645324707
30,2000,2,er,discrete,0,Standard PC,0.5714285714285715,1.0,0.4,18.0,471,36,908,0.0722494125366211,0.06612038612365723,0.006129026412963867
30,2000,2,er,discrete,0,DF-PC (Pure),0.653061224489796,0.8421052631578947,0.5333333333333333,17.0,438,3,937,0.06893420219421387,0.06047558784484863,0.008458614349365234
30,2000,2,er,discrete,1,Standard PC,0.5365853658536585,1.0,0.36666666666666664,19.0,492,57,927,0.07401347160339355,0.06777143478393555,0.006242036819458008
30,2000,2,er,discrete,1,DF-PC (Pure),0.46808510638297873,0.6470588235294118,0.36666666666666664,25.0,435,0,982,0.06497478485107422,0.05624818801879883,0.00872659683227539
30,2000,2,er,discrete,2,Standard PC,0.7234042553191489,1.0,0.5666666666666667,13.0,489,54,924,0.07396149635314941,0.06729865074157715,0.006662845611572266
30,2000,2,er,discrete,2,DF-PC (Pure),0.7169811320754716,0.8260869565217391,0.6333333333333333,15.0,435,0,1011,0.06653237342834473,0.05713343620300293,0.009398937225341797
30,2000,2,er,discrete,3,Standard PC,0.4878048780487804,0.9090909090909091,0.3333333333333333,21.0,469,34,904,0.07083272933959961,0.06475973129272461,0.006072998046875
30,2000,2,er,discrete,3,DF-PC (Pure),0.5957446808510638,0.8235294117647058,0.4666666666666667,19.0,435,0,930,0.06514620780944824,0.05682730674743652,0.008318901062011719
30,2000,2,er,discrete,4,Standard PC,0.7499999999999999,1.0,0.6,12.0,491,56,926,0.07349514961242676,0.06717586517333984,0.006319284439086914
30,2000,2,er,discrete,4,DF-PC (Pure),0.8148148148148148,0.9166666666666666,0.7333333333333333,10.0,435,0,941,0.06615114212036133,0.05763530731201172,0.00851583480834961
30,2000,2,er,discrete,5,Standard PC,0.5909090909090909,0.9285714285714286,0.43333333333333335,18.0,475,40,910,0.07121658325195312,0.06499361991882324,0.006222963333129883
30,2000,2,er,discrete,5,DF-PC (Pure),0.6666666666666667,0.8888888888888888,0.5333333333333333,16.0,435,0,937,0.0662233829498291,0.057634592056274414,0.008588790893554688
30,2000,2,er,discrete,6,Standard PC,0.7499999999999999,1.0,0.6,12.0,499,64,939,0.07711148262023926,0.07049202919006348,0.006619453430175781
30,2000,2,er,discrete,6,DF-PC (Pure),0.7692307692307692,0.9090909090909091,0.6666666666666666,12.0,441,6,951,0.06706666946411133,0.05823850631713867,0.008828163146972656
30,2000,2,er,discrete,7,Standard PC,0.6363636363636364,1.0,0.4666666666666667,16.0,478,43,913,0.07180166244506836,0.06553196907043457,0.006269693374633789
30,2000,2,er,discrete,7,DF-PC (Pure),0.7307692307692307,0.8636363636363636,0.6333333333333333,14.0,435,0,955,0.06552958488464355,0.0568087100982666,0.008720874786376953
30,2000,2,er,discrete,8,Standard PC,0.41025641025641024,0.8888888888888888,0.26666666666666666,23.0,475,40,910,0.07146334648132324,0.06533384323120117,0.00612950325012207
30,2000,2,er,discrete,8,DF-PC (Pure),0.5306122448979592,0.6842105263157895,0.43333333333333335,23.0,435,0,949,0.06540727615356445,0.05703163146972656,0.00837564468383789
30,2000,2,er,discrete,9,Standard PC,0.7755102040816326,1.0,0.6333333333333333,11.0,528,93,969,0.07959413528442383,0.07292318344116211,0.006670951843261719
30,2000,2,er,discrete,9,DF-PC (Pure),0.8771929824561403,0.9259259259259259,0.8333333333333334,7.0,441,6,1050,0.07004737854003906,0.05991721153259277,0.010130167007446289
30,2000,2,er,discrete,10,Standard PC,0.4615384615384615,1.0,0.3,21.0,472,37,907,0.07120347023010254,0.06506729125976562,0.006136178970336914
30,2000,2,er,discrete,10,DF-PC (Pure),0.6666666666666667,0.8888888888888888,0.5333333333333333,16.0,435,0,939,0.06627869606018066,0.05780649185180664,0.008472204208374023
30,2000,2,er,discrete,11,Standard PC,0.45000000000000007,0.9,0.3,22.0,502,67,937,0.07535719871520996,0.06905865669250488,0.006298542022705078
30,2000,2,er,discrete,11,DF-PC (Pure),0.631578947368421,0.6666666666666666,0.6,21.0,435,0,1041,0.06605100631713867,0.056647300720214844,0.009403705596923828
30,2000,2,er,discrete,12,Standard PC,0.6222222222222223,0.9333333333333333,0.4666666666666667,17.0,514,79,955,0.07979798316955566,0.07313942909240723,0.0066585540771484375
30,2000,2,er,discrete,12,DF-PC (Pure),0.7307692307692307,0.8636363636363636,0.6333333333333333,14.0,441,6,1042,0.06960129737854004,0.059706926345825195,0.009894371032714844
30,2000,2,er,discrete,13,Standard PC,0.8,1.0,0.6666666666666666,10.0,528,93,968,0.12201452255249023,0.11144542694091797,0.010569095611572266
30,2000,2,er,discrete,13,DF-PC (Pure),0.8727272727272728,0.96,0.8,7.0,441,6,983,0.10257887840270996,0.08791542053222656,0.014663457870483398
30,2000,2,er,discrete,14,Standard PC,0.6046511627906976,1.0,0.43333333333333335,17.0,473,38,910,0.07080340385437012,0.06470727920532227,0.0060961246490478516
30,2000,2,er,discrete,14,DF-PC (Pure),0.653061224489796,0.8421052631578947,0.5333333333333333,17.0,438,3,926,0.06719803810119629,0.05856728553771973,0.008630752563476562
30,2000,2,er,discrete,15,Standard PC,0.608695652173913,0.875,0.4666666666666667,18.0,515,80,956,0.1176156997680664,0.10750579833984375,0.010109901428222656
30,2000,2,er,discrete,15,DF-PC (Pure),0.6206896551724138,0.6428571428571429,0.6,22.0,441,6,1036,0.10227727890014648,0.08696293830871582,0.015314340591430664
30,2000,2,er,discrete,16,Standard PC,0.6956521739130436,1.0,0.5333333333333333,14.0,489,54,930,0.0737001895904541,0.06728196144104004,0.0064182281494140625
30,2000,2,er,discrete,16,DF-PC (Pure),0.7547169811320754,0.8695652173913043,0.6666666666666666,13.0,441,6,954,0.0668642520904541,0.057920217514038086,0.008944034576416016
30,2000,2,er,discrete,17,Standard PC,0.6363636363636364,1.0,0.4666666666666667,16.0,494,59,929,0.07397580146789551,0.06768107414245605,0.006294727325439453
30,2000,2,er,discrete,17,DF-PC (Pure),0.6153846153846153,0.7272727272727273,0.5333333333333333,20.0,435,0,983,0.06712985038757324,0.058225393295288086,0.008904457092285156
30,2000,2,er,discrete,18,Standard PC,0.5581395348837209,0.9230769230769231,0.4,19.0,548,113,986,0.125654935836792,0.11556887626647949,0.0100860595703125
30,2000,2,er,discrete,18,DF-PC (Pure),0.7636363636363636,0.84,0.7,13.0,438,3,1456,0.11360883712768555,0.08685517311096191,0.026753664016723633
30,2000,2,er,discrete,19,Standard PC,0.5365853658536585,1.0,0.36666666666666664,19.0,474,39,911,0.11041665077209473,0.10063886642456055,0.00977778434753418
30,2000,2,er,discrete,19,DF-PC (Pure),0.653061224489796,0.8421052631578947,0.5333333333333333,17.0,438,3,950,0.08971333503723145,0.07927703857421875,0.010436296463012695
30,2000,2,er,discrete,20,Standard PC,0.5,1.0,0.3333333333333333,20.0,471,36,909,0.07034540176391602,0.06409835815429688,0.006247043609619141
30,2000,2,er,discrete,20,DF-PC (Pure),0.6122448979591837,0.7894736842105263,0.5,19.0,438,3,927,0.06751751899719238,0.0587921142578125,0.008725404739379883
30,2000,2,er,discrete,21,Standard PC,0.6046511627906976,1.0,0.43333333333333335,17.0,485,50,920,0.07337737083435059,0.06707000732421875,0.006307363510131836
30,2000,2,er,discrete,21,DF-PC (Pure),0.7599999999999999,0.95,0.6333333333333333,12.0,435,0,998,0.06885981559753418,0.059516191482543945,0.009343624114990234
30,2000,2,er,discrete,22,Standard PC,0.7234042553191489,1.0,0.5666666666666667,13.0,466,31,901,0.07039737701416016,0.06387543678283691,0.006521940231323242
30,2000,2,er,discrete,22,DF-PC (Pure),0.7083333333333334,0.9444444444444444,0.5666666666666667,14.0,435,0,901,0.06640100479125977,0.05771470069885254,0.008686304092407227
30,2000,2,er,discrete,23,Standard PC,0.6808510638297872,0.9411764705882353,0.5333333333333333,15.0,500,65,940,0.07756471633911133,0.07090282440185547,0.006661891937255859
30,2000,2,er,discrete,23,DF-PC (Pure),0.7924528301886793,0.9130434782608695,0.7,11.0,441,6,988,0.06944751739501953,0.05990457534790039,0.00954294204711914
30,2000,2,er,discrete,24,Standard PC,0.6666666666666666,1.0,0.5,15.0,486,51,921,0.07451796531677246,0.06832671165466309,0.006191253662109375
30,2000,2,er,discrete,24,DF-PC (Pure),0.7058823529411764,0.8571428571428571,0.6,15.0,435,0,943,0.0674595832824707,0.05889391899108887,0.008565664291381836
30,2000,2,er,discrete,25,Standard PC,0.7234042553191489,1.0,0.5666666666666667,13.0,503,68,938,0.11494016647338867,0.10471129417419434,0.010228872299194336
30,2000,2,er,discrete,25,DF-PC (Pure),0.7636363636363636,0.84,0.7,13.0,435,0,980,0.08378124237060547,0.07318639755249023,0.010594844818115234
30,2000,2,er,discrete,26,Standard PC,0.6666666666666666,1.0,0.5,15.0,503,68,938,0.08607792854309082,0.07916522026062012,0.006912708282470703
30,2000,2,er,discrete,26,DF-PC (Pure),0.7368421052631577,0.7777777777777778,0.7,15.0,435,0,976,0.0662679672241211,0.05721783638000488,0.009050130844116211
30,2000,2,er,discrete,27,Standard PC,0.5714285714285715,1.0,0.4,18.0,521,86,960,0.07996892929077148,0.07335400581359863,0.0066149234771728516
30,2000,2,er,discrete,27,DF-PC (Pure),0.7777777777777777,0.875,0.7,12.0,441,6,1140,0.07660341262817383,0.06303596496582031,0.013567447662353516
30,2000,2,er,discrete,28,Standard PC,0.6046511627906976,1.0,0.43333333333333335,17.0,509,74,947,0.11670374870300293,0.1065828800201416,0.010120868682861328
30,2000,2,er,discrete,28,DF-PC (Pure),0.8679245283018869,1.0,0.7666666666666667,7.0,441,6,1008,0.10180163383483887,0.08690214157104492,0.014899492263793945
30,2000,2,er,discrete,29,Standard PC,0.4878048780487804,0.9090909090909091,0.3333333333333333,21.0,459,24,894,0.06974101066589355,0.06347393989562988,0.006267070770263672
30,2000,2,er,discrete,29,DF-PC (Pure),0.5652173913043479,0.8125,0.43333333333333335,20.0,435,0,959,0.06716465950012207,0.058240413665771484,0.008924245834350586
30,2000,2,er,linear_sem,0,Standard PC,0.9655172413793104,1.0,0.9333333333333333,2.0,1291,856,2087,0.17122626304626465,0.16120409965515137,0.010022163391113281
30,2000,2,er,linear_sem,0,DF-PC (Pure),0.9655172413793104,1.0,0.9333333333333333,2.0,902,467,2087,0.10002970695495605,0.08228731155395508,0.017742395401000977
30,2000,2,er,linear_sem,1,Standard PC,0.9666666666666667,0.9666666666666667,0.9666666666666667,2.0,1462,1027,2185,0.14234614372253418,0.1321122646331787,0.010233879089355469
30,2000,2,er,linear_sem,1,DF-PC (Pure),0.9523809523809523,0.9090909090909091,1.0,3.0,930,495,2269,0.10487675666809082,0.0838773250579834,0.020999431610107422
30,2000,2,er,linear_sem,2,Standard PC,0.9333333333333333,0.9333333333333333,0.9333333333333333,4.0,1235,800,2061,0.12696242332458496,0.11694049835205078,0.01002192497253418
30,2000,2,er,linear_sem,2,DF-PC (Pure),0.9333333333333333,0.9333333333333333,0.9333333333333333,4.0,976,541,2061,0.10786795616149902,0.08934903144836426,0.018518924713134766
30,2000,2,er,linear_sem,3,Standard PC,1.0,1.0,1.0,0.0,1266,831,1990,0.1257796287536621,0.11608171463012695,0.009697914123535156
30,2000,2,er,linear_sem,3,DF-PC (Pure),0.9836065573770492,0.967741935483871,1.0,1.0,787,352,2015,0.08887124061584473,0.0718538761138916,0.017017364501953125
30,2000,2,er,linear_sem,4,Standard PC,1.0,1.0,1.0,0.0,1011,576,1636,0.10190033912658691,0.09322071075439453,0.008679628372192383
30,2000,2,er,linear_sem,4,DF-PC (Pure),0.9836065573770492,0.967741935483871,1.0,1.0,731,296,1663,0.08097958564758301,0.06624555587768555,0.014734029769897461
30,2000,2,er,linear_sem,5,Standard PC,0.9090909090909091,1.0,0.8333333333333334,5.0,1410,975,2382,0.13982868194580078,0.12938594818115234,0.010442733764648438
30,2000,2,er,linear_sem,5,DF-PC (Pure),0.9285714285714286,1.0,0.8666666666666667,4.0,1070,635,2407,0.11681509017944336,0.09720563888549805,0.019609451293945312
30,2000,2,er,linear_sem,6,Standard PC,0.8679245283018869,1.0,0.7666666666666667,7.0,1640,1205,2671,0.22537612915039062,0.20852398872375488,0.016852140426635742
30,2000,2,er,linear_sem,6,DF-PC (Pure),0.8363636363636363,0.92,0.7666666666666667,9.0,1257,822,2691,0.19995355606079102,0.16244983673095703,0.037503719329833984
30,2000,2,er,linear_sem,7,Standard PC,0.983050847457627,1.0,0.9666666666666667,1.0,1450,1015,2450,0.144195556640625,0.13332295417785645,0.010872602462768555
30,2000,2,er,linear_sem,7,DF-PC (Pure),0.9666666666666667,0.9666666666666667,0.9666666666666667,2.0,1099,664,2465,0.11915874481201172,0.09923768043518066,0.019921064376831055
30,2000,2,er,linear_sem,8,Standard PC,0.9473684210526316,1.0,0.9,3.0,1476,1041,2302,0.16775155067443848,0.15444040298461914,0.013311147689819336
30,2000,2,er,linear_sem,8,DF-PC (Pure),0.896551724137931,0.9285714285714286,0.8666666666666667,6.0,1025,590,2315,0.16401028633117676,0.13206791877746582,0.03194236755371094
30,2000,2,er,linear_sem,9,Standard PC,0.9285714285714286,1.0,0.8666666666666667,4.0,1809,1374,2848,0.25662684440612793,0.23877596855163574,0.017850875854492188
30,2000,2,er,linear_sem,9,DF-PC (Pure),0.912280701754386,0.9629629629629629,0.8666666666666667,5.0,1380,945,2850,0.2231295108795166,0.17934513092041016,0.043784379959106445
30,2000,2,er,linear_sem,10,Standard PC,0.912280701754386,0.9629629629629629,0.8666666666666667,5.0,1859,1424,2992,0.2691836357116699,0.2502927780151367,0.018890857696533203
30,2000,2,er,linear_sem,10,DF-PC (Pure),0.9152542372881356,0.9310344827586207,0.9,5.0,1406,971,3044,0.22789216041564941,0.1850755214691162,0.0428166389465332
30,2000,2,er,linear_sem,11,Standard PC,0.8771929824561403,0.9259259259259259,0.8333333333333334,7.0,1716,1281,2811,0.17115378379821777,0.15918564796447754,0.011968135833740234
30,2000,2,er,linear_sem,11,DF-PC (Pure),0.8620689655172413,0.8928571428571429,0.8333333333333334,8.0,1293,858,2829,0.1426997184753418,0.11866188049316406,0.024037837982177734
30,2000,2,er,linear_sem,12,Standard PC,0.9655172413793104,1.0,0.9333333333333333,2.0,2041,1606,3412,0.24525046348571777,0.23172783851623535,0.013522624969482422
30,2000,2,er,linear_sem,12,DF-PC (Pure),0.9333333333333333,0.9333333333333333,0.9333333333333333,4.0,1740,1305,3460,0.26821351051330566,0.21753740310668945,0.05067610740661621
30,2000,2,er,linear_sem,13,Standard PC,0.9666666666666667,0.9666666666666667,0.9666666666666667,2.0,1927,1492,3341,0.1916952133178711,0.17853856086730957,0.013156652450561523
30,2000,2,er,linear_sem,13,DF-PC (Pure),0.9666666666666667,0.9666666666666667,0.9666666666666667,2.0,1592,1157,3357,0.17525243759155273,0.14711642265319824,0.028136014938354492
30,2000,2,er,linear_sem,14,Standard PC,0.896551724137931,0.9285714285714286,0.8666666666666667,6.0,1144,709,1732,0.14151978492736816,0.12986183166503906,0.011657953262329102
30,2000,2,er,linear_sem,14,DF-PC (Pure),0.8524590163934426,0.8387096774193549,0.8666666666666667,9.0,729,294,1761,0.12425899505615234,0.0976102352142334,0.026648759841918945
30,2000,2,er,linear_sem,15,Standard PC,0.8363636363636363,0.92,0.7666666666666667,9.0,1584,1149,2748,0.15809416770935059,0.14663243293762207,0.011461734771728516
30,2000,2,er,linear_sem,15,DF-PC (Pure),0.8214285714285715,0.8846153846153846,0.7666666666666667,10.0,1343,908,2777,0.1469733715057373,0.12340784072875977,0.02356553077697754
30,2000,2,er,linear_sem,16,Standard PC,0.8771929824561403,0.9259259259259259,0.8333333333333334,7.0,1666,1231,2607,0.22259950637817383,0.20664310455322266,0.015956401824951172
30,2000,2,er,linear_sem,16,DF-PC (Pure),0.8620689655172413,0.8928571428571429,0.8333333333333334,8.0,1131,696,2647,0.1821908950805664,0.14809870719909668,0.03409218788146973
30,2000,2,er,linear_sem,17,Standard PC,1.0,1.0,1.0,0.0,1003,568,1636,0.10079550743103027,0.09215426445007324,0.008641242980957031
30,2000,2,er,linear_sem,17,DF-PC (Pure),1.0,1.0,1.0,0.0,705,270,1637,0.07819414138793945,0.06398510932922363,0.01420903205871582
30,2000,2,er,linear_sem,18,Standard PC,0.9285714285714286,1.0,0.8666666666666667,4.0,3174,2739,4908,0.4441797733306885,0.4185013771057129,0.025678396224975586
30,2000,2,er,linear_sem,18,DF-PC (Pure),0.896551724137931,0.9285714285714286,0.8666666666666667,6.0,2589,2154,4933,0.3744175434112549,0.3077819347381592,0.0666356086730957
30,2000,2,er,linear_sem,19,Standard PC,0.9152542372881356,0.9310344827586207,0.9,5.0,1580,1145,2457,0.22564411163330078,0.20887255668640137,0.016771554946899414
30,2000,2,er,linear_sem,19,DF-PC (Pure),0.9152542372881356,0.9310344827586207,0.9,5.0,1106,671,2458,0.17695999145507812,0.1419391632080078,0.03502082824707031
30,2000,2,er,linear_sem,20,Standard PC,0.9666666666666667,0.9666666666666667,0.9666666666666667,2.0,1302,867,1993,0.1346147060394287,0.12429594993591309,0.010318756103515625
30,2000,2,er,linear_sem,20,DF-PC (Pure),0.9206349206349207,0.8787878787878788,0.9666666666666667,5.0,781,346,2061,0.09168648719787598,0.07303476333618164,0.018651723861694336
30,2000,2,er,linear_sem,21,Standard PC,0.9310344827586207,0.9642857142857143,0.9,4.0,2070,1635,3490,0.29317283630371094,0.2726314067840576,0.02054142951965332
30,2000,2,er,linear_sem,21,DF-PC (Pure),0.9310344827586207,0.9642857142857143,0.9,4.0,1668,1233,3527,0.2837369441986084,0.19059205055236816,0.09314489364624023
30,2000,2,er,linear_sem,22,Standard PC,0.9666666666666667,0.9666666666666667,0.9666666666666667,2.0,1174,739,1802,0.14157843589782715,0.12961244583129883,0.01196599006652832
30,2000,2,er,linear_sem,22,DF-PC (Pure),0.9508196721311476,0.9354838709677419,0.9666666666666667,3.0,768,333,1820,0.12612509727478027,0.09963035583496094,0.026494741439819336
30,2000,2,er,linear_sem,23,Standard PC,0.9655172413793104,1.0,0.9333333333333333,2.0,1151,716,1926,0.12231945991516113,0.11259794235229492,0.009721517562866211
30,2000,2,er,linear_sem,23,DF-PC (Pure),0.9354838709677419,0.90625,0.9666666666666667,4.0,839,404,1957,0.09671664237976074,0.07955288887023926,0.017163753509521484
30,2000,2,er,linear_sem,24,Standard PC,0.967741935483871,0.9375,1.0,2.0,1130,695,1886,0.16649246215820312,0.15147042274475098,0.015022039413452148
30,2000,2,er,linear_sem,24,DF-PC (Pure),0.9523809523809523,0.9090909090909091,1.0,3.0,817,382,1927,0.12899065017700195,0.10452628135681152,0.02446436882019043
30,2000,2,er,linear_sem,25,Standard PC,0.9666666666666667,0.9666666666666667,0.9666666666666667,2.0,1081,646,1862,0.15526247024536133,0.1410973072052002,0.014165163040161133
30,2000,2,er,linear_sem,25,DF-PC (Pure),0.9508196721311476,0.9354838709677419,0.9666666666666667,3.0,864,429,1880,0.1370081901550293,0.11052370071411133,0.02648448944091797
30,2000,2,er,linear_sem,26,Standard PC,0.9655172413793104,1.0,0.9333333333333333,2.0,1313,878,2317,0.1483621597290039,0.13496851921081543,0.013393640518188477
30,2000,2,er,linear_sem,26,DF-PC (Pure),0.9655172413793104,1.0,0.9333333333333333,2.0,1048,613,2317,0.1638789176940918,0.13399767875671387,0.02988123893737793
30,2000,2,er,linear_sem,27,Standard PC,0.9666666666666667,0.9666666666666667,0.9666666666666667,2.0,1219,784,2090,0.17497611045837402,0.15991425514221191,0.01506185531616211
30,2000,2,er,linear_sem,27,DF-PC (Pure),0.9666666666666667,0.9666666666666667,0.9666666666666667,2.0,961,526,2090,0.1310899257659912,0.10870242118835449,0.02238750457763672
30,2000,2,er,linear_sem,28,Standard PC,0.9655172413793104,1.0,0.9333333333333333,2.0,1408,973,2309,0.1415882110595703,0.13073945045471191,0.010848760604858398
30,2000,2,er,linear_sem,28,DF-PC (Pure),0.9032258064516129,0.875,0.9333333333333333,6.0,1001,566,2526,0.11427116394042969,0.09180378913879395,0.022467374801635742
30,2000,2,er,linear_sem,29,Standard PC,0.9666666666666667,0.9666666666666667,0.9666666666666667,2.0,1174,739,1794,0.15174436569213867,0.1398608684539795,0.01188349723815918
30,2000,2,er,linear_sem,29,DF-PC (Pure),0.9508196721311476,0.9354838709677419,0.9666666666666667,3.0,730,295,1825,0.08217954635620117,0.06570172309875488,0.01647782325744629
30,2000,2,sf,discrete,0,Standard PC,0.25,0.8,0.14814814814814814,24.0,458,23,893,0.06987738609313965,0.06393814086914062,0.0059392452239990234
30,2000,2,sf,discrete,0,DF-PC (Pure),0.3414634146341463,0.5,0.25925925925925924,27.0,435,0,962,0.0680532455444336,0.05919313430786133,0.008860111236572266
30,2000,2,sf,discrete,1,Standard PC,0.4736842105263158,1.0,0.3103448275862069,20.0,446,11,881,0.06526684761047363,0.059455156326293945,0.0058116912841796875
30,2000,2,sf,discrete,1,DF-PC (Pure),0.4285714285714286,0.6923076923076923,0.3103448275862069,24.0,435,0,885,0.06359004974365234,0.05594038963317871,0.007649660110473633
30,2000,2,sf,discrete,2,Standard PC,0.32432432432432434,0.75,0.20689655172413793,25.0,448,13,883,0.0656588077545166,0.05991363525390625,0.0057451725006103516
30,2000,2,sf,discrete,2,DF-PC (Pure),0.2926829268292683,0.5,0.20689655172413793,29.0,435,0,904,0.06531977653503418,0.05734586715698242,0.007973909378051758
30,2000,2,sf,discrete,3,Standard PC,0.42105263157894735,0.8888888888888888,0.27586206896551724,22.0,450,15,885,0.06618905067443848,0.06030440330505371,0.005884647369384766
30,2000,2,sf,discrete,3,DF-PC (Pure),0.4545454545454545,0.6666666666666666,0.3448275862068966,24.0,435,0,899,0.06447887420654297,0.05647420883178711,0.00800466537475586
30,2000,2,sf,discrete,4,Standard PC,0.4210526315789473,0.8,0.2857142857142857,22.0,443,8,878,0.07599830627441406,0.06973052024841309,0.0062677860260009766
30,2000,2,sf,discrete,4,DF-PC (Pure),0.4102564102564102,0.7272727272727273,0.2857142857142857,23.0,435,0,878,0.06586360931396484,0.057947635650634766,0.007915973663330078
30,2000,2,sf,discrete,5,Standard PC,0.4736842105263158,1.0,0.3103448275862069,20.0,451,16,886,0.06727218627929688,0.06139993667602539,0.005872249603271484
30,2000,2,sf,discrete,5,DF-PC (Pure),0.5116279069767441,0.7857142857142857,0.3793103448275862,21.0,435,0,886,0.06554245948791504,0.05759382247924805,0.007948637008666992
30,2000,2,sf,discrete,6,Standard PC,0.5263157894736842,1.0,0.35714285714285715,18.0,463,28,898,0.07273483276367188,0.0665135383605957,0.006221294403076172
30,2000,2,sf,discrete,6,DF-PC (Pure),0.4782608695652174,0.6111111111111112,0.39285714285714285,24.0,435,0,923,0.06848335266113281,0.0598447322845459,0.008638620376586914
30,2000,2,sf,discrete,7,Standard PC,0.375,0.75,0.25,20.0,451,16,886,0.08521771430969238,0.07651829719543457,0.008699417114257812
30,2000,2,sf,discrete,7,DF-PC (Pure),0.3783783783783784,0.5384615384615384,0.2916666666666667,23.0,435,0,891,0.09938716888427734,0.08627939224243164,0.013107776641845703
30,2000,2,sf,discrete,8,Standard PC,0.24242424242424243,0.8,0.14285714285714285,25.0,453,18,888,0.06755995750427246,0.061730146408081055,0.005829811096191406
30,2000,2,sf,discrete,8,DF-PC (Pure),0.35000000000000003,0.5833333333333334,0.25,26.0,435,0,893,0.06773853302001953,0.05949664115905762,0.008241891860961914
30,2000,2,sf,discrete,9,Standard PC,0.33333333333333326,0.8571428571428571,0.20689655172413793,24.0,443,8,878,0.0657205581665039,0.059766530990600586,0.00595402717590332
30,2000,2,sf,discrete,9,DF-PC (Pure),0.3076923076923077,0.6,0.20689655172413793,27.0,435,0,878,0.06541657447814941,0.05752372741699219,0.007892847061157227
30,2000,2,sf,discrete,10,Standard PC,0.5000000000000001,0.9090909090909091,0.3448275862068966,20.0,443,8,878,0.06631994247436523,0.06028556823730469,0.006034374237060547
30,2000,2,sf,discrete,10,DF-PC (Pure),0.4878048780487806,0.8333333333333334,0.3448275862068966,21.0,435,0,878,0.06974673271179199,0.06103515625,0.008711576461791992
30,2000,2,sf,discrete,11,Standard PC,0.2424242424242424,1.0,0.13793103448275862,25.0,439,4,874,0.06539368629455566,0.05960273742675781,0.0057909488677978516
30,2000,2,sf,discrete,11,DF-PC (Pure),0.2222222222222222,0.5714285714285714,0.13793103448275862,28.0,435,0,874,0.06518363952636719,0.05747509002685547,0.007708549499511719
30,2000,2,sf,discrete,12,Standard PC,0.46153846153846156,0.8181818181818182,0.32142857142857145,21.0,443,8,878,0.06483888626098633,0.05897045135498047,0.005868434906005859
30,2000,2,sf,discrete,12,DF-PC (Pure),0.46153846153846156,0.8181818181818182,0.32142857142857145,21.0,435,0,878,0.06441330909729004,0.05649542808532715,0.00791788101196289
30,2000,2,sf,discrete,13,Standard PC,0.4324324324324324,1.0,0.27586206896551724,21.0,458,23,893,0.06756329536437988,0.06153726577758789,0.006026029586791992
30,2000,2,sf,discrete,13,DF-PC (Pure),0.4878048780487806,0.8333333333333334,0.3448275862068966,21.0,435,0,903,0.06772828102111816,0.057433128356933594,0.01029515266418457
30,2000,2,sf,discrete,14,Standard PC,0.4615384615384615,0.9,0.3103448275862069,21.0,455,20,890,0.06658291816711426,0.060727596282958984,0.0058553218841552734
30,2000,2,sf,discrete,14,DF-PC (Pure),0.5454545454545454,0.8,0.41379310344827586,20.0,435,0,893,0.06433415412902832,0.05639934539794922,0.007934808731079102
30,2000,2,sf,discrete,15,Standard PC,0.4736842105263158,1.0,0.3103448275862069,20.0,476,41,911,0.10799908638000488,0.09848356246948242,0.009515523910522461
30,2000,2,sf,discrete,15,DF-PC (Pure),0.6666666666666667,0.7727272727272727,0.5862068965517241,17.0,435,0,931,0.09962177276611328,0.08578753471374512,0.013834238052368164
30,2000,2,sf,discrete,16,Standard PC,0.4615384615384615,0.9,0.3103448275862069,21.0,447,12,882,0.06634402275085449,0.060413360595703125,0.005930662155151367
30,2000,2,sf,discrete,16,DF-PC (Pure),0.5238095238095238,0.8461538461538461,0.3793103448275862,20.0,435,0,887,0.06573009490966797,0.05780601501464844,0.007924079895019531
30,2000,2,sf,discrete,17,Standard PC,0.47619047619047616,0.7692307692307693,0.3448275862068966,22.0,457,22,892,0.06749677658081055,0.061608076095581055,0.005888700485229492
30,2000,2,sf,discrete,17,DF-PC (Pure),0.5217391304347826,0.7058823529411765,0.41379310344827586,22.0,435,0,897,0.0651860237121582,0.05706620216369629,0.008119821548461914
30,2000,2,sf,discrete,18,Standard PC,0.4444444444444444,0.8888888888888888,0.2962962962962963,20.0,453,18,888,0.0686802864074707,0.06264352798461914,0.0060367584228515625
30,2000,2,sf,discrete,18,DF-PC (Pure),0.5128205128205128,0.8333333333333334,0.37037037037037035,19.0,435,0,896,0.06568765640258789,0.05748176574707031,0.008205890655517578
30,2000,2,sf,discrete,19,Standard PC,0.29411764705882354,1.0,0.1724137931034483,24.0,441,6,876,0.06634640693664551,0.06057167053222656,0.005774736404418945
30,2000,2,sf,discrete,19,DF-PC (Pure),0.4324324324324324,1.0,0.27586206896551724,21.0,435,0,876,0.06588411331176758,0.05804634094238281,0.007837772369384766
30,2000,2,sf,discrete,20,Standard PC,0.42105263157894735,0.8888888888888888,0.27586206896551724,22.0,443,8,878,0.06449484825134277,0.05870699882507324,0.005787849426269531
30,2000,2,sf,discrete,20,DF-PC (Pure),0.4,0.7272727272727273,0.27586206896551724,24.0,435,0,878,0.06387901306152344,0.05623960494995117,0.007639408111572266
30,2000,2,sf,discrete,21,Standard PC,0.4615384615384615,0.9,0.3103448275862069,21.0,442,7,877,0.07107806205749512,0.06447911262512207,0.006598949432373047
30,2000,2,sf,discrete,21,DF-PC (Pure),0.45000000000000007,0.8181818181818182,0.3103448275862069,22.0,435,0,881,0.06633520126342773,0.05807828903198242,0.008256912231445312
30,2000,2,sf,discrete,22,Standard PC,0.25,0.8,0.14814814814814814,24.0,443,8,878,0.10045742988586426,0.09097790718078613,0.009479522705078125
30,2000,2,sf,discrete,22,DF-PC (Pure),0.2777777777777778,0.5555555555555556,0.18518518518518517,26.0,435,0,883,0.09870600700378418,0.0856928825378418,0.013013124465942383
30,2000,2,sf,discrete,23,Standard PC,0.368421052631579,0.7777777777777778,0.2413793103448276,24.0,439,4,874,0.0672614574432373,0.06141781806945801,0.005843639373779297
30,2000,2,sf,discrete,23,DF-PC (Pure),0.368421052631579,0.7777777777777778,0.2413793103448276,24.0,435,0,874,0.0669093132019043,0.0590975284576416,0.007811784744262695
30,2000,2,sf,discrete,24,Standard PC,0.5128205128205129,0.9090909090909091,0.35714285714285715,19.0,465,30,900,0.07012152671813965,0.06392550468444824,0.006196022033691406
30,2000,2,sf,discrete,24,DF-PC (Pure),0.4782608695652174,0.6111111111111112,0.39285714285714285,24.0,435,0,926,0.0655660629272461,0.057134389877319336,0.008431673049926758
30,2000,2,sf,discrete,25,Standard PC,0.5128205128205129,1.0,0.3448275862068966,19.0,463,28,900,0.10008382797241211,0.0921030044555664,0.007980823516845703
30,2000,2,sf,discrete,25,DF-PC (Pure),0.5777777777777777,0.8125,0.4482758620689655,19.0,438,3,910,0.06659078598022461,0.057671546936035156,0.008919239044189453
30,2000,2,sf,discrete,26,Standard PC,0.28571428571428575,0.8333333333333334,0.1724137931034483,25.0,450,15,885,0.10078001022338867,0.09146666526794434,0.009313344955444336
30,2000,2,sf,discrete,26,DF-PC (Pure),0.380952380952381,0.6153846153846154,0.27586206896551724,26.0,435,0,901,0.09868311882019043,0.08556866645812988,0.013114452362060547
30,2000,2,sf,discrete,27,Standard PC,0.32432432432432434,0.75,0.20689655172413793,25.0,459,24,894,0.10237932205200195,0.09306955337524414,0.009309768676757812
30,2000,2,sf,discrete,27,DF-PC (Pure),0.37209302325581395,0.5714285714285714,0.27586206896551724,27.0,435,0,910,0.07393479347229004,0.06519341468811035,0.008741378784179688
30,2000,2,sf,discrete,28,Standard PC,0.5238095238095238,0.8461538461538461,0.3793103448275862,20.0,459,24,894,0.06778717041015625,0.061673641204833984,0.006113529205322266
30,2000,2,sf,discrete,28,DF-PC (Pure),0.5333333333333333,0.75,0.41379310344827586,21.0,435,0,897,0.06572413444519043,0.05739164352416992,0.008332490921020508
30,2000,2,sf,discrete,29,Standard PC,0.25806451612903225,0.6666666666666666,0.16,23.0,443,8,878,0.06609463691711426,0.060324907302856445,0.0057697296142578125
30,2000,2,sf,discrete,29,DF-PC (Pure),0.28571428571428575,0.5,0.2,25.0,435,0,878,0.06522130966186523,0.05746889114379883,0.007752418518066406
30,2000,2,sf,linear_sem,0,Standard PC,0.9818181818181818,0.9642857142857143,1.0,1.0,5976,5541,6487,0.6209194660186768,0.5938498973846436,0.027069568634033203
30,2000,2,sf,linear_sem,0,DF-PC (Pure),0.9818181818181818,0.9642857142857143,1.0,1.0,559,124,6487,0.38581252098083496,0.07320713996887207,0.3126053810119629
30,2000,2,sf,linear_sem,1,Standard PC,0.8363636363636363,0.8846153846153846,0.7931034482758621,9.0,868,433,1450,0.1288602352142334,0.11621761322021484,0.012642621994018555
30,2000,2,sf,linear_sem,1,DF-PC (Pure),0.8421052631578947,0.8571428571428571,0.8275862068965517,9.0,671,236,1496,0.11019158363342285,0.0875847339630127,0.022606849670410156
30,2000,2,sf,linear_sem,2,Standard PC,0.9491525423728815,0.9333333333333333,0.9655172413793104,3.0,6401,5966,7003,0.6417832374572754,0.6147611141204834,0.027022123336791992
30,2000,2,sf,linear_sem,2,DF-PC (Pure),0.9491525423728815,0.9333333333333333,0.9655172413793104,3.0,1193,758,7003,0.3176097869873047,0.11852884292602539,0.1990809440612793
30,2000,2,sf,linear_sem,3,Standard PC,0.9642857142857143,1.0,0.9310344827586207,2.0,3697,3262,4351,0.5311427116394043,0.5054872035980225,0.025655508041381836
30,2000,2,sf,linear_sem,3,DF-PC (Pure),0.9473684210526316,0.9642857142857143,0.9310344827586207,3.0,2180,1745,4468,0.45771217346191406,0.30072450637817383,0.15698766708374023
30,2000,2,sf,linear_sem,4,Standard PC,0.9433962264150945,1.0,0.8928571428571429,3.0,1847,1412,2374,0.18502306938171387,0.1735079288482666,0.011515140533447266
30,2000,2,sf,linear_sem,4,DF-PC (Pure),0.9090909090909091,0.9259259259259259,0.8928571428571429,5.0,794,359,2410,0.1074683666229248,0.07591843605041504,0.031549930572509766
30,2000,2,sf,linear_sem,5,Standard PC,0.9642857142857143,1.0,0.9310344827586207,2.0,1243,808,1807,0.12095165252685547,0.111724853515625,0.009226799011230469
30,2000,2,sf,linear_sem,5,DF-PC (Pure),0.9642857142857143,1.0,0.9310344827586207,2.0,655,220,1823,0.07598090171813965,0.05862855911254883,0.01735234260559082
30,2000,2,sf,linear_sem,6,Standard PC,0.8085106382978724,1.0,0.6785714285714286,9.0,840,405,1476,0.12439489364624023,0.11213207244873047,0.012262821197509766
30,2000,2,sf,linear_sem,6,DF-PC (Pure),0.7450980392156864,0.8260869565217391,0.6785714285714286,13.0,714,279,1585,0.11519932746887207,0.09154701232910156,0.023652315139770508
30,2000,2,sf,linear_sem,7,Standard PC,0.9787234042553191,1.0,0.9583333333333334,1.0,5840,5405,6358,0.8234360218048096,0.790522575378418,0.0329134464263916
30,2000,2,sf,linear_sem,7,DF-PC (Pure),0.9787234042553191,1.0,0.9583333333333334,1.0,1809,1374,6360,0.4246077537536621,0.17900586128234863,0.24560189247131348
30,2000,2,sf,linear_sem,8,Standard PC,0.782608695652174,1.0,0.6428571428571429,10.0,842,407,1427,0.1231527328491211,0.11105751991271973,0.012095212936401367
30,2000,2,sf,linear_sem,8,DF-PC (Pure),0.75,0.9,0.6428571428571429,12.0,598,163,1428,0.09915375709533691,0.07749056816101074,0.021663188934326172
30,2000,2,sf,linear_sem,9,Standard PC,0.983050847457627,0.9666666666666667,1.0,1.0,6351,5916,6900,0.8841798305511475,0.8477604389190674,0.03641939163208008
30,2000,2,sf,linear_sem,9,DF-PC (Pure),0.983050847457627,0.9666666666666667,1.0,1.0,3475,3040,6905,0.5438845157623291,0.34697413444519043,0.19691038131713867
30,2000,2,sf,linear_sem,10,Standard PC,0.9824561403508771,1.0,0.9655172413793104,1.0,6393,5958,6920,0.6713142395019531,0.6425228118896484,0.028791427612304688
30,2000,2,sf,linear_sem,10,DF-PC (Pure),0.9655172413793104,0.9655172413793104,0.9655172413793104,2.0,654,219,6926,0.19995403289794922,0.06358575820922852,0.1363682746887207
30,2000,2,sf,linear_sem,11,Standard PC,0.888888888888889,0.96,0.8275862068965517,6.0,1488,1053,2091,0.1465301513671875,0.13605856895446777,0.010471582412719727
30,2000,2,sf,linear_sem,11,DF-PC (Pure),0.8928571428571429,0.9259259259259259,0.8620689655172413,6.0,1005,570,2664,0.1352691650390625,0.09639930725097656,0.03886985778808594
30,2000,2,sf,linear_sem,12,Standard PC,0.8076923076923077,0.875,0.75,10.0,1797,1362,2376,0.18273663520812988,0.1712806224822998,0.011456012725830078
30,2000,2,sf,linear_sem,12,DF-PC (Pure),0.7924528301886793,0.84,0.75,11.0,1168,733,2376,0.15537500381469727,0.11325216293334961,0.042122840881347656
30,2000,2,sf,linear_sem,13,Standard PC,0.983050847457627,0.9666666666666667,1.0,1.0,3654,3219,4238,0.36310362815856934,0.3451406955718994,0.017962932586669922
30,2000,2,sf,linear_sem,13,DF-PC (Pure),0.983050847457627,0.9666666666666667,1.0,1.0,881,446,4238,0.15052175521850586,0.08235764503479004,0.06816411018371582
30,2000,2,sf,linear_sem,14,Standard PC,0.9642857142857143,1.0,0.9310344827586207,2.0,1409,974,1988,0.20180368423461914,0.18689370155334473,0.014909982681274414
30,2000,2,sf,linear_sem,14,DF-PC (Pure),0.9491525423728815,0.9333333333333333,0.9655172413793104,3.0,876,441,2601,0.15394210815429688,0.1049036979675293,0.04903841018676758
30,2000,2,sf,linear_sem,15,Standard PC,0.9655172413793104,0.9655172413793104,0.9655172413793104,2.0,3196,2761,3735,0.3296022415161133,0.3135683536529541,0.01603388786315918
30,2000,2,sf,linear_sem,15,DF-PC (Pure),0.983050847457627,0.9666666666666667,1.0,1.0,595,160,6532,0.17695331573486328,0.054837703704833984,0.1221156120300293
30,2000,2,sf,linear_sem,16,Standard PC,1.0,1.0,1.0,0.0,1140,705,1741,0.11760473251342773,0.10797762870788574,0.009627103805541992
30,2000,2,sf,linear_sem,16,DF-PC (Pure),0.983050847457627,0.9666666666666667,1.0,1.0,810,375,1790,0.0943593978881836,0.07518839836120605,0.01917099952697754
30,2000,2,sf,linear_sem,17,Standard PC,0.9824561403508771,1.0,0.9655172413793104,1.0,3262,2827,3801,0.45282459259033203,0.4299499988555908,0.02287459373474121
30,2000,2,sf,linear_sem,17,DF-PC (Pure),0.9824561403508771,1.0,0.9655172413793104,1.0,606,171,3801,0.17737150192260742,0.07819771766662598,0.09917378425598145
30,2000,2,sf,linear_sem,18,Standard PC,0.8,1.0,0.6666666666666666,9.0,673,238,1213,0.10065841674804688,0.08952140808105469,0.011137008666992188
30,2000,2,sf,linear_sem,18,DF-PC (Pure),0.7755102040816326,0.8636363636363636,0.7037037037037037,11.0,564,129,1250,0.09069132804870605,0.07282638549804688,0.01786494255065918
30,2000,2,sf,linear_sem,19,Standard PC,0.8461538461538461,0.9565217391304348,0.7586206896551724,8.0,1778,1343,2392,0.2519207000732422,0.2353980541229248,0.016522645950317383
30,2000,2,sf,linear_sem,19,DF-PC (Pure),0.8461538461538461,0.9565217391304348,0.7586206896551724,8.0,1198,763,2392,0.22418522834777832,0.15973854064941406,0.06444668769836426
30,2000,2,sf,linear_sem,20,Standard PC,0.9259259259259259,1.0,0.8620689655172413,4.0,6034,5599,6573,0.6098225116729736,0.5828545093536377,0.026968002319335938
30,2000,2,sf,linear_sem,20,DF-PC (Pure),0.912280701754386,0.9285714285714286,0.896551724137931,5.0,596,161,13016,0.4623861312866211,0.05455136299133301,0.4078347682952881
30,2000,2,sf,linear_sem,21,Standard PC,0.7692307692307693,0.8695652173913043,0.6896551724137931,12.0,1095,660,1682,0.152632474899292,0.13926100730895996,0.013371467590332031
30,2000,2,sf,linear_sem,21,DF-PC (Pure),0.7547169811320755,0.8333333333333334,0.6896551724137931,13.0,840,405,1688,0.14621210098266602,0.11093521118164062,0.03527688980102539
30,2000,2,sf,linear_sem,22,Standard PC,0.9629629629629629,0.9629629629629629,0.9629629629629629,2.0,12078,11643,12599,1.2616417407989502,1.2160136699676514,0.04562807083129883
30,2000,2,sf,linear_sem,22,DF-PC (Pure),0.9285714285714286,0.896551724137931,0.9629629629629629,4.0,6690,6255,12599,1.4914741516113281,0.762068510055542,0.7294056415557861
30,2000,2,sf,linear_sem,23,Standard PC,0.8461538461538461,0.9565217391304348,0.7586206896551724,8.0,1840,1405,2433,0.2586936950683594,0.24212002754211426,0.016573667526245117
30,2000,2,sf,linear_sem,23,DF-PC (Pure),0.8148148148148148,0.88,0.7586206896551724,10.0,598,163,2682,0.1359264850616455,0.07639145851135254,0.05953502655029297
30,2000,2,sf,linear_sem,24,Standard PC,0.9090909090909091,0.9259259259259259,0.8928571428571429,5.0,1820,1385,2347,0.18548369407653809,0.17230725288391113,0.013176441192626953
30,2000,2,sf,linear_sem,24,DF-PC (Pure),0.896551724137931,0.8666666666666667,0.9285714285714286,6.0,814,379,4147,0.3057739734649658,0.10834693908691406,0.19742703437805176
30,2000,2,sf,linear_sem,25,Standard PC,1.0,1.0,1.0,0.0,1306,871,2016,0.13652920722961426,0.12636804580688477,0.010161161422729492
30,2000,2,sf,linear_sem,25,DF-PC (Pure),0.9666666666666666,0.9354838709677419,1.0,2.0,875,440,2017,0.11589431762695312,0.0941476821899414,0.02174663543701172
30,2000,2,sf,linear_sem,26,Standard PC,1.0,1.0,1.0,0.0,2058,1623,2570,0.29164624214172363,0.2738683223724365,0.01777791976928711
30,2000,2,sf,linear_sem,26,DF-PC (Pure),0.9508196721311475,0.90625,1.0,3.0,686,251,2585,0.14687228202819824,0.08979582786560059,0.057076454162597656
30,2000,2,sf,linear_sem,27,Standard PC,1.0,1.0,1.0,0.0,3951,3516,4524,0.40021467208862305,0.38036108016967773,0.019853591918945312
30,2000,2,sf,linear_sem,27,DF-PC (Pure),1.0,1.0,1.0,0.0,2334,1899,4524,0.3222160339355469,0.22313451766967773,0.09908151626586914
30,2000,2,sf,linear_sem,28,Standard PC,0.9642857142857143,1.0,0.9310344827586207,2.0,3439,3004,3978,0.34769177436828613,0.33055901527404785,0.01713275909423828
30,2000,2,sf,linear_sem,28,DF-PC (Pure),0.9473684210526316,0.9642857142857143,0.9310344827586207,3.0,1834,1399,3987,0.3010389804840088,0.21730327606201172,0.08373570442199707
30,2000,2,sf,linear_sem,29,Standard PC,0.9615384615384615,0.9259259259259259,1.0,2.0,11992,11557,12506,1.2540881633758545,1.206923246383667,0.0471649169921875
30,2000,2,sf,linear_sem,29,DF-PC (Pure),0.9259259259259259,0.8620689655172413,1.0,4.0,6648,6213,12512,1.3494133949279785,0.7191271781921387,0.6302862167358398
30,2000,4,er,discrete,0,Standard PC,0.32876712328767127,0.9230769230769231,0.2,49.0,494,59,929,0.07575130462646484,0.06943964958190918,0.006311655044555664
30,2000,4,er,discrete,0,DF-PC (Pure),0.3950617283950617,0.7619047619047619,0.26666666666666666,49.0,435,0,981,0.06671595573425293,0.05777764320373535,0.008938312530517578
30,2000,4,er,discrete,1,Standard PC,0.2608695652173913,1.0,0.15,51.0,543,108,978,0.12487602233886719,0.1149446964263916,0.009931325912475586
30,2000,4,er,discrete,1,DF-PC (Pure),0.46341463414634154,0.8636363636363636,0.31666666666666665,44.0,435,0,1021,0.10079598426818848,0.08540010452270508,0.015395879745483398
30,2000,4,er,discrete,2,Standard PC,0.30985915492957744,1.0,0.18333333333333332,49.0,484,49,919,0.10950779914855957,0.0996084213256836,0.009899377822875977
30,2000,4,er,discrete,2,DF-PC (Pure),0.5301204819277108,0.9565217391304348,0.36666666666666664,39.0,435,0,951,0.10051846504211426,0.08586978912353516,0.014648675918579102
30,2000,4,er,discrete,3,Standard PC,0.4,1.0,0.25,45.0,488,53,925,0.07338333129882812,0.0670461654663086,0.006337165832519531
30,2000,4,er,discrete,3,DF-PC (Pure),0.4999999999999999,0.875,0.35,42.0,438,3,991,0.06826639175415039,0.058953046798706055,0.009313344955444336
30,2000,4,er,discrete,4,Standard PC,0.33333333333333337,1.0,0.2,48.0,527,92,965,0.07873868942260742,0.07245111465454102,0.006287574768066406
30,2000,4,er,discrete,4,DF-PC (Pure),0.5176470588235295,0.88,0.36666666666666664,41.0,441,6,1134,0.06869935989379883,0.05799508094787598,0.010704278945922852
30,2000,4,er,discrete,5,Standard PC,0.33333333333333337,1.0,0.2,48.0,485,50,920,0.07280898094177246,0.06666684150695801,0.006142139434814453
30,2000,4,er,discrete,5,DF-PC (Pure),0.48192771084337344,0.8695652173913043,0.3333333333333333,43.0,435,0,937,0.06595325469970703,0.05752086639404297,0.008432388305664062
30,2000,4,er,discrete,6,Standard PC,0.37837837837837834,1.0,0.23333333333333334,46.0,473,38,908,0.07125329971313477,0.06505346298217773,0.006199836730957031
30,2000,4,er,discrete,6,DF-PC (Pure),0.4556962025316456,0.9473684210526315,0.3,43.0,435,0,922,0.06659078598022461,0.05823397636413574,0.008356809616088867
30,2000,4,er,discrete,7,Standard PC,0.35135135135135137,0.9285714285714286,0.21666666666666667,48.0,496,61,931,0.07456398010253906,0.06824707984924316,0.0063169002532958984
30,2000,4,er,discrete,7,DF-PC (Pure),0.49411764705882355,0.84,0.35,43.0,435,0,985,0.06624197959899902,0.057333946228027344,0.00890803337097168
30,2000,4,er,discrete,8,Standard PC,0.2608695652173913,1.0,0.15,51.0,489,54,924,0.07232093811035156,0.0662224292755127,0.006098508834838867
30,2000,4,er,discrete,8,DF-PC (Pure),0.419753086419753,0.8095238095238095,0.2833333333333333,47.0,435,0,1014,0.06571102142333984,0.05654144287109375,0.009169578552246094
30,2000,4,er,discrete,9,Standard PC,0.30985915492957744,1.0,0.18333333333333332,49.0,465,30,900,0.06860470771789551,0.06263160705566406,0.005973100662231445
30,2000,4,er,discrete,9,DF-PC (Pure),0.4556962025316456,0.9473684210526315,0.3,43.0,435,0,904,0.0650947093963623,0.056877851486206055,0.00821685791015625
30,2000,4,er,discrete,10,Standard PC,0.37333333333333335,0.9333333333333333,0.23333333333333334,47.0,503,68,938,0.07456254959106445,0.06837344169616699,0.006189107894897461
30,2000,4,er,discrete,10,DF-PC (Pure),0.4146341463414634,0.7727272727272727,0.2833333333333333,48.0,435,0,962,0.06572985649108887,0.056740522384643555,0.008989334106445312
30,2000,4,er,discrete,11,Standard PC,0.4,1.0,0.25,45.0,539,104,980,0.08539152145385742,0.0789175033569336,0.006474018096923828
30,2000,4,er,discrete,11,DF-PC (Pure),0.5227272727272727,0.8214285714285714,0.38333333333333336,42.0,441,6,1402,0.07587838172912598,0.060784339904785156,0.01509404182434082
30,2000,4,er,discrete,12,Standard PC,0.39473684210526316,0.9375,0.25,46.0,568,133,1005,0.08691620826721191,0.08020806312561035,0.0067081451416015625
30,2000,4,er,discrete,12,DF-PC (Pure),0.5176470588235295,0.88,0.36666666666666664,41.0,438,3,1407,0.12529444694519043,0.057228803634643555,0.06806564331054688
30,2000,4,er,discrete,13,Standard PC,0.3684210526315789,0.875,0.23333333333333334,48.0,531,96,974,0.08054757118225098,0.07394123077392578,0.006606340408325195
30,2000,4,er,discrete,13,DF-PC (Pure),0.5111111111111111,0.7666666666666667,0.38333333333333336,44.0,444,9,1037,0.07050824165344238,0.0607759952545166,0.009732246398925781
30,2000,4,er,discrete,14,Standard PC,0.30985915492957744,1.0,0.18333333333333332,49.0,508,73,943,0.07485413551330566,0.06870698928833008,0.006147146224975586
30,2000,4,er,discrete,14,DF-PC (Pure),0.3950617283950617,0.7619047619047619,0.26666666666666666,49.0,435,0,1062,0.06653642654418945,0.05704331398010254,0.009493112564086914
30,2000,4,er,discrete,15,Standard PC,0.39473684210526316,0.9375,0.25,46.0,499,64,944,0.07705140113830566,0.07063508033752441,0.00641632080078125
30,2000,4,er,discrete,15,DF-PC (Pure),0.4578313253012049,0.8260869565217391,0.31666666666666665,45.0,447,12,1135,0.1065521240234375,0.08808684349060059,0.018465280532836914
30,2000,4,er,discrete,16,Standard PC,0.3561643835616438,1.0,0.21666666666666667,47.0,502,67,937,0.07727241516113281,0.07093596458435059,0.0063364505767822266
30,2000,4,er,discrete,16,DF-PC (Pure),0.48192771084337344,0.8695652173913043,0.3333333333333333,43.0,435,0,1006,0.06841325759887695,0.05915999412536621,0.009253263473510742
30,2000,4,er,discrete,17,Standard PC,0.3561643835616438,1.0,0.21666666666666667,47.0,526,91,961,0.07919836044311523,0.07276415824890137,0.006434202194213867
30,2000,4,er,discrete,17,DF-PC (Pure),0.5681818181818182,0.8928571428571429,0.4166666666666667,38.0,435,0,1158,0.06805920600891113,0.057257652282714844,0.010801553726196289
30,2000,4,er,discrete,18,Standard PC,0.3055555555555556,0.9166666666666666,0.18333333333333332,50.0,513,78,951,0.07905268669128418,0.07260966300964355,0.006443023681640625
30,2000,4,er,discrete,18,DF-PC (Pure),0.5238095238095238,0.9166666666666666,0.36666666666666664,40.0,438,3,1043,0.06911087036132812,0.05938839912414551,0.009722471237182617
30,2000,4,er,discrete,19,Standard PC,0.3561643835616438,1.0,0.21666666666666667,47.0,490,55,925,0.07451891899108887,0.06820559501647949,0.006313323974609375
30,2000,4,er,discrete,19,DF-PC (Pure),0.4358974358974359,0.9444444444444444,0.2833333333333333,44.0,435,0,934,0.06736922264099121,0.05866503715515137,0.008704185485839844
30,2000,4,er,discrete,20,Standard PC,0.18181818181818182,1.0,0.1,54.0,440,5,875,0.09942507743835449,0.09009742736816406,0.00932765007019043
30,2000,4,er,discrete,20,DF-PC (Pure),0.2285714285714286,0.8,0.13333333333333333,54.0,435,0,881,0.09845662117004395,0.08570313453674316,0.012753486633300781
30,2000,4,er,discrete,21,Standard PC,0.4810126582278481,1.0,0.31666666666666665,41.0,541,106,978,0.08716630935668945,0.08007359504699707,0.007092714309692383
30,2000,4,er,discrete,21,DF-PC (Pure),0.5909090909090909,0.9285714285714286,0.43333333333333335,36.0,438,3,1213,0.07107686996459961,0.05949854850769043,0.01157832145690918
30,2000,4,er,discrete,22,Standard PC,0.3055555555555556,0.9166666666666666,0.18333333333333332,50.0,486,51,921,0.0744931697845459,0.06805825233459473,0.006434917449951172
30,2000,4,er,discrete,22,DF-PC (Pure),0.3902439024390244,0.7272727272727273,0.26666666666666666,50.0,435,0,950,0.06732487678527832,0.05853867530822754,0.008786201477050781
30,2000,4,er,discrete,23,Standard PC,0.3466666666666666,0.8666666666666667,0.21666666666666667,49.0,474,39,909,0.07273578643798828,0.06629037857055664,0.006445407867431641
30,2000,4,er,discrete,23,DF-PC (Pure),0.379746835443038,0.7894736842105263,0.25,49.0,435,0,937,0.0691835880279541,0.05997061729431152,0.009212970733642578
30,2000,4,er,discrete,24,Standard PC,0.5185185185185185,1.0,0.35,39.0,536,101,973,0.08251547813415527,0.07580399513244629,0.006711483001708984
30,2000,4,er,discrete,24,DF-PC (Pure),0.5909090909090909,0.9285714285714286,0.43333333333333335,36.0,438,3,1009,0.06883645057678223,0.059372901916503906,0.00946354866027832
30,2000,4,er,discrete,25,Standard PC,0.32876712328767127,0.9230769230769231,0.2,49.0,494,59,929,0.11260700225830078,0.10261940956115723,0.009987592697143555
30,2000,4,er,discrete,25,DF-PC (Pure),0.36585365853658536,0.6818181818181818,0.25,52.0,435,0,1000,0.10021376609802246,0.08539915084838867,0.014814615249633789
30,2000,4,er,discrete,26,Standard PC,0.33333333333333337,1.0,0.2,48.0,552,117,987,0.12735962867736816,0.11708545684814453,0.010274171829223633
30,2000,4,er,discrete,26,DF-PC (Pure),0.5555555555555556,0.8333333333333334,0.4166666666666667,40.0,435,0,1090,0.10313057899475098,0.08649754524230957,0.016633033752441406
30,2000,4,er,discrete,27,Standard PC,0.4,1.0,0.25,45.0,561,126,999,0.1314084529876709,0.12089920043945312,0.010509252548217773
30,2000,4,er,discrete,27,DF-PC (Pure),0.5454545454545455,0.8571428571428571,0.4,40.0,438,3,1192,0.10718989372253418,0.0876765251159668,0.019513368606567383
30,2000,4,er,discrete,28,Standard PC,0.30985915492957744,1.0,0.18333333333333332,49.0,498,63,933,0.07573747634887695,0.06930017471313477,0.0064373016357421875
30,2000,4,er,discrete,28,DF-PC (Pure),0.5121951219512195,0.9545454545454546,0.35,40.0,435,0,976,0.06723165512084961,0.05799674987792969,0.009234905242919922
30,2000,4,er,discrete,29,Standard PC,0.32876712328767127,0.9230769230769231,0.2,49.0,470,35,907,0.11015748977661133,0.10025501251220703,0.009902477264404297
30,2000,4,er,discrete,29,DF-PC (Pure),0.379746835443038,0.7894736842105263,0.25,49.0,438,3,921,0.10431814193725586,0.09021234512329102,0.014105796813964844
30,2000,4,er,linear_sem,0,Standard PC,0.6382978723404256,0.8823529411764706,0.5,34.0,6323,5888,9583,0.6247556209564209,0.5925748348236084,0.0321807861328125
30,2000,4,er,linear_sem,0,DF-PC (Pure),0.6382978723404256,0.8823529411764706,0.5,34.0,5063,4628,9657,0.789769172668457,0.6499991416931152,0.1397700309753418
30,2000,4,er,linear_sem,1,Standard PC,0.6534653465346535,0.8048780487804879,0.55,35.0,5544,5109,8115,0.6741557121276855,0.6388888359069824,0.035266876220703125
30,2000,4,er,linear_sem,1,DF-PC (Pure),0.6534653465346535,0.8048780487804879,0.55,35.0,4129,3694,8124,0.6706452369689941,0.5433504581451416,0.12729477882385254
30,2000,4,er,linear_sem,2,Standard PC,0.7474747474747475,0.9487179487179487,0.6166666666666667,25.0,5719,5284,8533,0.6790752410888672,0.6430690288543701,0.03600621223449707
30,2000,4,er,linear_sem,2,DF-PC (Pure),0.7474747474747475,0.9487179487179487,0.6166666666666667,25.0,4255,3820,8555,0.7671477794647217,0.6414129734039307,0.12573480606079102
30,2000,4,er,linear_sem,3,Standard PC,0.6382978723404256,0.8823529411764706,0.5,34.0,5119,4684,7476,0.6596541404724121,0.6255228519439697,0.03413128852844238
30,2000,4,er,linear_sem,3,DF-PC (Pure),0.6382978723404256,0.8823529411764706,0.5,34.0,3772,3337,7511,0.6066362857818604,0.49372124671936035,0.1129150390625
30,2000,4,er,linear_sem,4,Standard PC,0.64,0.8,0.5333333333333333,36.0,7281,6846,10574,1.0762083530426025,1.0271410942077637,0.04906725883483887
30,2000,4,er,linear_sem,4,DF-PC (Pure),0.6336633663366336,0.7804878048780488,0.5333333333333333,37.0,5387,4952,10602,0.8547134399414062,0.6931169033050537,0.16159653663635254
30,2000,4,er,linear_sem,5,Standard PC,0.5591397849462365,0.7878787878787878,0.43333333333333335,41.0,6293,5858,9690,0.8731293678283691,0.8280849456787109,0.0450444221496582
30,2000,4,er,linear_sem,5,DF-PC (Pure),0.5591397849462365,0.7878787878787878,0.43333333333333335,41.0,4838,4403,9691,0.7685132026672363,0.6315665245056152,0.1369466781616211
30,2000,4,er,linear_sem,6,Standard PC,0.653061224489796,0.8421052631578947,0.5333333333333333,34.0,6957,6522,9916,0.7742905616760254,0.7345781326293945,0.03971242904663086
30,2000,4,er,linear_sem,6,DF-PC (Pure),0.653061224489796,0.8421052631578947,0.5333333333333333,34.0,5351,4916,9945,0.9441773891448975,0.7849459648132324,0.15923142433166504
30,2000,4,er,linear_sem,7,Standard PC,0.7961165048543688,0.9534883720930233,0.6833333333333333,21.0,5147,4712,7465,0.7591028213500977,0.71846604347229,0.04063677787780762
30,2000,4,er,linear_sem,7,DF-PC (Pure),0.7884615384615384,0.9318181818181818,0.6833333333333333,22.0,3607,3172,7514,0.73897385597229,0.6070005893707275,0.1319732666015625
30,2000,4,er,linear_sem,8,Standard PC,0.6326530612244898,0.8157894736842105,0.5166666666666667,36.0,5126,4691,7641,0.8007512092590332,0.7620792388916016,0.03867197036743164
30,2000,4,er,linear_sem,8,DF-PC (Pure),0.6326530612244898,0.8157894736842105,0.5166666666666667,36.0,3794,3359,7711,0.6111674308776855,0.49588966369628906,0.11527776718139648
30,2000,4,er,linear_sem,9,Standard PC,0.6597938144329898,0.8648648648648649,0.5333333333333333,33.0,7108,6673,11052,0.7934484481811523,0.7559232711791992,0.037525177001953125
30,2000,4,er,linear_sem,9,DF-PC (Pure),0.6597938144329898,0.8648648648648649,0.5333333333333333,33.0,5968,5533,11054,1.0576567649841309,0.8830244541168213,0.17463231086730957
30,2000,4,er,linear_sem,10,Standard PC,0.5684210526315789,0.7714285714285715,0.45,41.0,7006,6571,11280,0.7918083667755127,0.7507317066192627,0.04107666015625
30,2000,4,er,linear_sem,10,DF-PC (Pure),0.5684210526315789,0.7714285714285715,0.45,41.0,5953,5518,11285,0.9558918476104736,0.7924690246582031,0.1634228229522705
30,2000,4,er,linear_sem,11,Standard PC,0.608695652173913,0.875,0.4666666666666667,36.0,6088,5653,9624,0.8491113185882568,0.8032186031341553,0.04589271545410156
30,2000,4,er,linear_sem,11,DF-PC (Pure),0.6170212765957447,0.8529411764705882,0.48333333333333334,36.0,4938,4503,9695,0.8715434074401855,0.7335419654846191,0.1380014419555664
30,2000,4,er,linear_sem,12,Standard PC,0.5858585858585859,0.7435897435897436,0.48333333333333334,41.0,6158,5723,9602,0.9681351184844971,0.9166915416717529,0.05144357681274414
30,2000,4,er,linear_sem,12,DF-PC (Pure),0.5858585858585859,0.7435897435897436,0.48333333333333334,41.0,4909,4474,9608,0.790703535079956,0.6463675498962402,0.14433598518371582
30,2000,4,er,linear_sem,13,Standard PC,0.64,0.8,0.5333333333333333,36.0,6268,5833,9776,0.7959065437316895,0.7531623840332031,0.04274415969848633
30,2000,4,er,linear_sem,13,DF-PC (Pure),0.64,0.8,0.5333333333333333,36.0,5047,4612,9788,0.9012172222137451,0.6703269481658936,0.23089027404785156
30,2000,4,er,linear_sem,14,Standard PC,0.8190476190476191,0.9555555555555556,0.7166666666666667,19.0,5427,4992,7370,0.8257560729980469,0.7877435684204102,0.03801250457763672
30,2000,4,er,linear_sem,14,DF-PC (Pure),0.822429906542056,0.9361702127659575,0.7333333333333333,19.0,3227,2792,7456,0.5381162166595459,0.4211413860321045,0.1169748306274414
30,2000,4,er,linear_sem,15,Standard PC,0.74,0.925,0.6166666666666667,26.0,7145,6710,11064,0.9780211448669434,0.9265766143798828,0.05144453048706055
30,2000,4,er,linear_sem,15,DF-PC (Pure),0.74,0.925,0.6166666666666667,26.0,5884,5449,11089,1.0049729347229004,0.840684175491333,0.16428875923156738
30,2000,4,er,linear_sem,16,Standard PC,0.673469387755102,0.868421052631579,0.55,32.0,7691,7256,10641,0.885565996170044,0.842726469039917,0.04283952713012695
30,2000,4,er,linear_sem,16,DF-PC (Pure),0.6666666666666667,0.8461538461538461,0.55,33.0,5576,5141,10816,1.0165817737579346,0.8404428958892822,0.17613887786865234
30,2000,4,er,linear_sem,17,Standard PC,0.5957446808510638,0.8235294117647058,0.4666666666666667,38.0,6981,6546,10341,0.9677693843841553,0.918982744216919,0.04878664016723633
30,2000,4,er,linear_sem,17,DF-PC (Pure),0.5894736842105264,0.8,0.4666666666666667,39.0,5322,4887,10407,0.8496167659759521,0.6933951377868652,0.15622162818908691
30,2000,4,er,linear_sem,18,Standard PC,0.6874999999999999,0.9166666666666666,0.55,30.0,8465,8030,12648,1.2523677349090576,1.1940226554870605,0.05834507942199707
30,2000,4,er,linear_sem,18,DF-PC (Pure),0.6804123711340206,0.8918918918918919,0.55,31.0,6826,6391,12676,1.202228307723999,0.9965407848358154,0.2056875228881836
30,2000,4,er,linear_sem,19,Standard PC,0.6874999999999999,0.9166666666666666,0.55,30.0,6530,6095,9157,0.9211575984954834,0.8762674331665039,0.04489016532897949
30,2000,4,er,linear_sem,19,DF-PC (Pure),0.6804123711340206,0.8918918918918919,0.55,31.0,4496,4061,9288,0.630772590637207,0.4670603275299072,0.1637122631072998
30,2000,4,er,linear_sem,20,Standard PC,0.7047619047619048,0.8222222222222222,0.6166666666666667,31.0,7008,6573,9287,1.0352306365966797,0.9890117645263672,0.0462188720703125
30,2000,4,er,linear_sem,20,DF-PC (Pure),0.7047619047619048,0.8222222222222222,0.6166666666666667,31.0,4705,4270,9423,0.9135451316833496,0.73586106300354,0.17768406867980957
30,2000,4,er,linear_sem,21,Standard PC,0.7070707070707071,0.8974358974358975,0.5833333333333334,29.0,7804,7369,11904,1.2328546047210693,1.1716156005859375,0.061239004135131836
30,2000,4,er,linear_sem,21,DF-PC (Pure),0.7070707070707071,0.8974358974358975,0.5833333333333334,29.0,6138,5703,11907,0.6811122894287109,0.5695474147796631,0.11156487464904785
30,2000,4,er,linear_sem,22,Standard PC,0.6666666666666667,0.9393939393939394,0.5166666666666667,31.0,5617,5182,8376,0.8447036743164062,0.8037002086639404,0.04100346565246582
30,2000,4,er,linear_sem,22,DF-PC (Pure),0.6666666666666667,0.9393939393939394,0.5166666666666667,31.0,4128,3693,8393,0.6640670299530029,0.5417776107788086,0.12228941917419434
30,2000,4,er,linear_sem,23,Standard PC,0.6868686868686869,0.8717948717948718,0.5666666666666667,31.0,7047,6612,10676,1.1036593914031982,1.0503606796264648,0.0532987117767334
30,2000,4,er,linear_sem,23,DF-PC (Pure),0.68,0.85,0.5666666666666667,32.0,5426,4991,10726,0.9731616973876953,0.8047711849212646,0.16839051246643066
30,2000,4,er,linear_sem,24,Standard PC,0.75,0.8863636363636364,0.65,26.0,5774,5339,8687,0.9240102767944336,0.880948543548584,0.04306173324584961
30,2000,4,er,linear_sem,24,DF-PC (Pure),0.75,0.8863636363636364,0.65,26.0,4249,3814,8714,0.4687163829803467,0.38675832748413086,0.08195805549621582
30,2000,4,er,linear_sem,25,Standard PC,0.6391752577319588,0.8378378378378378,0.5166666666666667,35.0,6662,6227,10009,0.8661887645721436,0.8231494426727295,0.04303932189941406
30,2000,4,er,linear_sem,25,DF-PC (Pure),0.6391752577319588,0.8378378378378378,0.5166666666666667,35.0,5122,4687,10115,0.6339788436889648,0.5376031398773193,0.09637570381164551
30,2000,4,er,linear_sem,26,Standard PC,0.6868686868686869,0.8717948717948718,0.5666666666666667,31.0,8066,7631,12479,1.12933349609375,1.0713751316070557,0.057958364486694336
30,2000,4,er,linear_sem,26,DF-PC (Pure),0.6868686868686869,0.8717948717948718,0.5666666666666667,31.0,6625,6190,12487,1.122408390045166,0.9436993598937988,0.1787090301513672
30,2000,4,er,linear_sem,27,Standard PC,0.7142857142857143,0.9210526315789473,0.5833333333333334,28.0,7689,7254,12606,1.0769281387329102,1.020949363708496,0.05597877502441406
30,2000,4,er,linear_sem,27,DF-PC (Pure),0.7142857142857143,0.9210526315789473,0.5833333333333334,28.0,6759,6324,12636,0.9955811500549316,0.8480989933013916,0.14748215675354004
30,2000,4,er,linear_sem,28,Standard PC,0.7422680412371134,0.972972972972973,0.6,25.0,6523,6088,9882,1.0839407444000244,1.028242826461792,0.05569791793823242
30,2000,4,er,linear_sem,28,DF-PC (Pure),0.7422680412371134,0.972972972972973,0.6,25.0,5216,4781,9882,0.7567307949066162,0.6457726955413818,0.11095809936523438
30,2000,4,er,linear_sem,29,Standard PC,0.5894736842105264,0.8,0.4666666666666667,39.0,5437,5002,8183,0.7575323581695557,0.717449426651001,0.04008293151855469
30,2000,4,er,linear_sem,29,DF-PC (Pure),0.5894736842105264,0.8,0.4666666666666667,39.0,4269,3834,8266,0.5617275238037109,0.4330105781555176,0.12871694564819336
30,2000,4,sf,discrete,0,Standard PC,0.33333333333333337,0.8333333333333334,0.20833333333333334,40.0,474,39,912,0.07126450538635254,0.06495261192321777,0.006311893463134766
30,2000,4,sf,discrete,0,DF-PC (Pure),0.36363636363636365,0.6666666666666666,0.25,42.0,438,3,920,0.06693100929260254,0.058417558670043945,0.008513450622558594
30,2000,4,sf,discrete,1,Standard PC,0.4225352112676056,1.0,0.26785714285714285,41.0,502,67,942,0.07478618621826172,0.06831932067871094,0.006466865539550781
30,2000,4,sf,discrete,1,DF-PC (Pure),0.475,0.7916666666666666,0.3392857142857143,42.0,440,5,971,0.06603407859802246,0.05731511116027832,0.00871896743774414
30,2000,4,sf,discrete,2,Standard PC,0.41269841269841273,1.0,0.26,37.0,478,43,916,0.0748598575592041,0.06865167617797852,0.006208181381225586
30,2000,4,sf,discrete,2,DF-PC (Pure),0.4117647058823529,0.7777777777777778,0.28,40.0,438,3,944,0.07022905349731445,0.0615236759185791,0.008705377578735352
30,2000,4,sf,discrete,3,Standard PC,0.2903225806451613,0.9,0.17307692307692307,44.0,447,12,882,0.0662083625793457,0.05998587608337402,0.00622248649597168
30,2000,4,sf,discrete,3,DF-PC (Pure),0.2769230769230769,0.6923076923076923,0.17307692307692307,47.0,435,0,882,0.0642695426940918,0.056423187255859375,0.007846355438232422
30,2000,4,sf,discrete,4,Standard PC,0.45070422535211263,0.8888888888888888,0.3018867924528302,39.0,483,48,918,0.07373619079589844,0.06714534759521484,0.006590843200683594
30,2000,4,sf,discrete,4,DF-PC (Pure),0.47368421052631576,0.782608695652174,0.33962264150943394,40.0,435,0,926,0.0665273666381836,0.057924509048461914,0.00860285758972168
30,2000,4,sf,discrete,5,Standard PC,0.3125,1.0,0.18518518518518517,44.0,457,22,892,0.0711514949798584,0.06505846977233887,0.006093025207519531
30,2000,4,sf,discrete,5,DF-PC (Pure),0.34285714285714286,0.75,0.2222222222222222,46.0,435,0,892,0.06485939025878906,0.0568089485168457,0.00805044174194336
30,2000,4,sf,discrete,6,Standard PC,0.3939393939393939,0.9285714285714286,0.25,40.0,464,29,899,0.07093405723571777,0.06456398963928223,0.006370067596435547
30,2000,4,sf,discrete,6,DF-PC (Pure),0.39436619718309857,0.7368421052631579,0.2692307692307692,43.0,435,0,906,0.06568264961242676,0.05734395980834961,0.008338689804077148
30,2000,4,sf,discrete,7,Standard PC,0.36065573770491804,0.9166666666666666,0.22448979591836735,39.0,449,14,884,0.06815838813781738,0.06197357177734375,0.006184816360473633
30,2000,4,sf,discrete,7,DF-PC (Pure),0.3870967741935484,0.9230769230769231,0.24489795918367346,38.0,435,0,884,0.0666966438293457,0.05861616134643555,0.008080482482910156
30,2000,4,sf,discrete,8,Standard PC,0.39436619718309857,0.9333333333333333,0.25,43.0,497,62,932,0.07647490501403809,0.0698854923248291,0.006589412689208984
30,2000,4,sf,discrete,8,DF-PC (Pure),0.4675324675324676,0.8571428571428571,0.32142857142857145,41.0,435,0,945,0.0666961669921875,0.05804848670959473,0.008647680282592773
30,2000,4,sf,discrete,9,Standard PC,0.30303030303030304,1.0,0.17857142857142858,46.0,463,28,901,0.06822919845581055,0.06225419044494629,0.005975008010864258
30,2000,4,sf,discrete,9,DF-PC (Pure),0.3783783783783784,0.7777777777777778,0.25,46.0,438,3,914,0.06500530242919922,0.056787729263305664,0.008217573165893555
30,2000,4,sf,discrete,10,Standard PC,0.36923076923076925,1.0,0.22641509433962265,41.0,456,21,894,0.06950545310974121,0.06335926055908203,0.00614619255065918
30,2000,4,sf,discrete,10,DF-PC (Pure),0.3582089552238806,0.8571428571428571,0.22641509433962265,43.0,438,3,901,0.06583452224731445,0.05759310722351074,0.008241415023803711
30,2000,4,sf,discrete,11,Standard PC,0.2903225806451613,1.0,0.16981132075471697,44.0,461,26,896,0.10498404502868652,0.09523415565490723,0.009749889373779297
30,2000,4,sf,discrete,11,DF-PC (Pure),0.3478260869565218,0.75,0.22641509433962265,45.0,435,0,918,0.10013604164123535,0.08653926849365234,0.013596773147583008
30,2000,4,sf,discrete,12,Standard PC,0.21875,0.875,0.125,50.0,449,14,884,0.06670498847961426,0.06072211265563965,0.005982875823974609
30,2000,4,sf,discrete,12,DF-PC (Pure),0.23529411764705882,0.6666666666666666,0.14285714285714285,52.0,435,0,884,0.06503534317016602,0.057157278060913086,0.00787806510925293
30,2000,4,sf,discrete,13,Standard PC,0.29629629629629634,1.0,0.17391304347826086,38.0,456,21,891,0.06951594352722168,0.06330633163452148,0.006209611892700195
30,2000,4,sf,discrete,13,DF-PC (Pure),0.3103448275862069,0.75,0.1956521739130435,40.0,435,0,898,0.06600785255432129,0.05786848068237305,0.008139371871948242
30,2000,4,sf,discrete,14,Standard PC,0.35820895522388063,0.9230769230769231,0.2222222222222222,43.0,492,57,927,0.11403799057006836,0.10403800010681152,0.009999990463256836
30,2000,4,sf,discrete,14,DF-PC (Pure),0.35443037974683544,0.56,0.25925925925925924,51.0,435,0,951,0.10067462921142578,0.08655452728271484,0.014120101928710938
30,2000,4,sf,discrete,15,Standard PC,0.25,0.8,0.14814814814814814,48.0,457,22,892,0.06720638275146484,0.06124067306518555,0.005965709686279297
30,2000,4,sf,discrete,15,DF-PC (Pure),0.2608695652173913,0.6,0.16666666666666666,51.0,435,0,900,0.0643765926361084,0.05647468566894531,0.007901906967163086
30,2000,4,sf,discrete,16,Standard PC,0.2686567164179105,0.8181818181818182,0.16071428571428573,49.0,449,14,884,0.08683085441589355,0.07779264450073242,0.009038209915161133
30,2000,4,sf,discrete,16,DF-PC (Pure),0.26086956521739135,0.6923076923076923,0.16071428571428573,51.0,435,0,884,0.09762382507324219,0.08483529090881348,0.012788534164428711
30,2000,4,sf,discrete,17,Standard PC,0.3125,0.9090909090909091,0.18867924528301888,44.0,478,43,913,0.07425832748413086,0.06794285774230957,0.006315469741821289
30,2000,4,sf,discrete,17,DF-PC (Pure),0.3142857142857143,0.6470588235294118,0.20754716981132076,48.0,435,0,935,0.0657341480255127,0.05729246139526367,0.008441686630249023
30,2000,4,sf,discrete,18,Standard PC,0.40625,1.0,0.2549019607843137,38.0,475,40,910,0.07277226448059082,0.06637310981750488,0.0063991546630859375
30,2000,4,sf,discrete,18,DF-PC (Pure),0.48648648648648657,0.782608695652174,0.35294117647058826,38.0,435,0,945,0.06741452217102051,0.05846452713012695,0.008949995040893555
30,2000,4,sf,discrete,19,Standard PC,0.14035087719298245,1.0,0.07547169811320754,49.0,441,6,876,0.0678105354309082,0.06160545349121094,0.006205081939697266
30,2000,4,sf,discrete,19,DF-PC (Pure),0.22580645161290322,0.7777777777777778,0.1320754716981132,48.0,435,0,876,0.11997294425964355,0.11143755912780762,0.008535385131835938
30,2000,4,sf,discrete,20,Standard PC,0.3508771929824561,1.0,0.2127659574468085,37.0,469,34,904,0.07115483283996582,0.06479334831237793,0.006361484527587891
30,2000,4,sf,discrete,20,DF-PC (Pure),0.4615384615384616,0.8333333333333334,0.3191489361702128,35.0,435,0,915,0.0774385929107666,0.0655217170715332,0.011916875839233398
30,2000,4,sf,discrete,21,Standard PC,0.34375000000000006,1.0,0.20754716981132076,42.0,447,12,882,0.06794857978820801,0.06199932098388672,0.005949258804321289
30,2000,4,sf,discrete,21,DF-PC (Pure),0.33333333333333337,0.8461538461538461,0.20754716981132076,44.0,435,0,882,0.06890606880187988,0.06065559387207031,0.00825047492980957
30,2000,4,sf,discrete,22,Standard PC,0.34920634920634924,1.0,0.21153846153846154,41.0,479,44,914,0.10848402976989746,0.098785400390625,0.009698629379272461
30,2000,4,sf,discrete,22,DF-PC (Pure),0.4444444444444444,0.8,0.3076923076923077,40.0,435,0,928,0.09922575950622559,0.08555436134338379,0.013671398162841797
30,2000,4,sf,discrete,23,Standard PC,0.39999999999999997,0.9285714285714286,0.2549019607843137,39.0,460,25,895,0.07056236267089844,0.06432914733886719,0.00623321533203125
30,2000,4,sf,discrete,23,DF-PC (Pure),0.4057971014492754,0.7777777777777778,0.27450980392156865,41.0,435,0,899,0.06772565841674805,0.05926060676574707,0.008465051651000977
30,2000,4,sf,discrete,24,Standard PC,0.22580645161290322,0.7777777777777778,0.1320754716981132,48.0,472,37,907,0.10823535919189453,0.09831809997558594,0.009917259216308594
30,2000,4,sf,discrete,24,DF-PC (Pure),0.24999999999999994,0.47368421052631576,0.16981132075471697,54.0,435,0,922,0.09971880912780762,0.08600735664367676,0.01371145248413086
30,2000,4,sf,discrete,25,Standard PC,0.30508474576271183,0.9,0.1836734693877551,41.0,454,19,889,0.10153436660766602,0.09191155433654785,0.009622812271118164
30,2000,4,sf,discrete,25,DF-PC (Pure),0.28571428571428575,0.6428571428571429,0.1836734693877551,45.0,435,0,896,0.09868645668029785,0.08566951751708984,0.013016939163208008
30,2000,4,sf,discrete,26,Standard PC,0.22580645161290322,0.875,0.12962962962962962,48.0,461,26,896,0.06838345527648926,0.06238985061645508,0.00599360466003418
30,2000,4,sf,discrete,26,DF-PC (Pure),0.26865671641791045,0.6923076923076923,0.16666666666666666,49.0,435,0,900,0.06467103958129883,0.05658555030822754,0.008085489273071289
30,2000,4,sf,discrete,27,Standard PC,0.2985074626865672,0.9090909090909091,0.17857142857142858,47.0,451,16,886,0.06748390197753906,0.06134176254272461,0.006142139434814453
30,2000,4,sf,discrete,27,DF-PC (Pure),0.2857142857142857,0.7142857142857143,0.17857142857142858,50.0,435,0,886,0.0669095516204834,0.05881977081298828,0.008089780807495117
30,2000,4,sf,discrete,28,Standard PC,0.21428571428571425,1.0,0.12,44.0,446,11,881,0.0658273696899414,0.059969425201416016,0.005857944488525391
30,2000,4,sf,discrete,28,DF-PC (Pure),0.19999999999999998,0.6,0.12,48.0,435,0,885,0.0643458366394043,0.056671857833862305,0.007673978805541992
30,2000,4,sf,discrete,29,Standard PC,0.1754385964912281,0.7142857142857143,0.1,47.0,463,28,898,0.07248210906982422,0.06648612022399902,0.005995988845825195
30,2000,4,sf,discrete,29,DF-PC (Pure),0.2647058823529412,0.5,0.18,50.0,435,0,906,0.07048678398132324,0.06196737289428711,0.008519411087036133
30,2000,4,sf,linear_sem,0,Standard PC,0.7848101265822784,1.0,0.6458333333333334,17.0,4371,3936,5470,0.5325217247009277,0.5065758228302002,0.02594590187072754
30,2000,4,sf,linear_sem,0,DF-PC (Pure),0.8,1.0,0.6666666666666666,16.0,2148,1713,5497,0.39032959938049316,0.2839524745941162,0.10637712478637695
30,2000,4,sf,linear_sem,1,Standard PC,0.5909090909090908,0.8125,0.4642857142857143,36.0,4486,4051,6457,0.43730902671813965,0.4134483337402344,0.023860692977905273
30,2000,4,sf,linear_sem,1,DF-PC (Pure),0.5842696629213484,0.7878787878787878,0.4642857142857143,37.0,3182,2747,6525,0.35868406295776367,0.29326748847961426,0.06541657447814941
30,2000,4,sf,linear_sem,2,Standard PC,0.625,0.8333333333333334,0.5,30.0,2714,2279,3832,0.26126527786254883,0.24580121040344238,0.015464067459106445
30,2000,4,sf,linear_sem,2,DF-PC (Pure),0.6585365853658537,0.84375,0.54,28.0,1741,1306,4788,0.21480917930603027,0.15839362144470215,0.056415557861328125
30,2000,4,sf,linear_sem,3,Standard PC,0.6746987951807228,0.9032258064516129,0.5384615384615384,27.0,4095,3660,5284,0.39043736457824707,0.3706519603729248,0.019785404205322266
30,2000,4,sf,linear_sem,3,DF-PC (Pure),0.6588235294117647,0.8484848484848485,0.5384615384615384,29.0,1984,1549,5290,0.23305678367614746,0.1795804500579834,0.05347633361816406
30,2000,4,sf,linear_sem,4,Standard PC,0.8421052631578947,0.9523809523809523,0.7547169811320755,15.0,6857,6422,8437,0.9408359527587891,0.9018692970275879,0.03896665573120117
30,2000,4,sf,linear_sem,4,DF-PC (Pure),0.8333333333333334,0.9302325581395349,0.7547169811320755,16.0,3424,2989,8501,0.7807226181030273,0.528296947479248,0.2524256706237793
30,2000,4,sf,linear_sem,5,Standard PC,0.7173913043478262,0.868421052631579,0.6111111111111112,26.0,6701,6266,8069,0.6458859443664551,0.6164278984069824,0.029458045959472656
30,2000,4,sf,linear_sem,5,DF-PC (Pure),0.7173913043478262,0.868421052631579,0.6111111111111112,26.0,2848,2413,8069,0.399674654006958,0.26865077018737793,0.13102388381958008
30,2000,4,sf,linear_sem,6,Standard PC,0.7252747252747251,0.8461538461538461,0.6346153846153846,25.0,4783,4348,5884,0.468109130859375,0.4451878070831299,0.022921323776245117
30,2000,4,sf,linear_sem,6,DF-PC (Pure),0.7021276595744681,0.7857142857142857,0.6346153846153846,28.0,2623,2188,7670,0.37898707389831543,0.252117395401001,0.12686967849731445
30,2000,4,sf,linear_sem,7,Standard PC,0.6593406593406593,0.7142857142857143,0.6122448979591837,31.0,5100,4665,6321,0.695096492767334,0.6615734100341797,0.0335230827331543
30,2000,4,sf,linear_sem,7,DF-PC (Pure),0.6521739130434783,0.6976744186046512,0.6122448979591837,32.0,2222,1787,6433,0.40741610527038574,0.2891502380371094,0.11826586723327637
30,2000,4,sf,linear_sem,8,Standard PC,0.651685393258427,0.8787878787878788,0.5178571428571429,31.0,5114,4679,7159,0.6630649566650391,0.6300010681152344,0.03306388854980469
30,2000,4,sf,linear_sem,8,DF-PC (Pure),0.6666666666666667,0.8823529411764706,0.5357142857142857,30.0,3480,3045,7328,0.6507229804992676,0.5277516841888428,0.1229712963104248
30,2000,4,sf,linear_sem,9,Standard PC,0.6813186813186813,0.8857142857142857,0.5535714285714286,29.0,5021,4586,6836,0.47716331481933594,0.4524860382080078,0.024677276611328125
30,2000,4,sf,linear_sem,9,DF-PC (Pure),0.6813186813186813,0.8857142857142857,0.5535714285714286,29.0,3343,2908,7063,0.3802173137664795,0.3056063652038574,0.07461094856262207
30,2000,4,sf,linear_sem,10,Standard PC,0.7209302325581395,0.9393939393939394,0.5849056603773585,24.0,4018,3583,5238,0.5544016361236572,0.5238521099090576,0.03054952621459961
30,2000,4,sf,linear_sem,10,DF-PC (Pure),0.7209302325581395,0.9393939393939394,0.5849056603773585,24.0,2277,1842,5252,0.38435935974121094,0.2977166175842285,0.08664274215698242
30,2000,4,sf,linear_sem,11,Standard PC,0.7073170731707317,1.0,0.5471698113207547,24.0,3544,3109,4634,0.34987330436706543,0.33142709732055664,0.01844620704650879
30,2000,4,sf,linear_sem,11,DF-PC (Pure),0.6904761904761905,0.9354838709677419,0.5471698113207547,26.0,2030,1595,4678,0.24056577682495117,0.19066214561462402,0.04990363121032715
30,2000,4,sf,linear_sem,12,Standard PC,0.6170212765957447,0.7631578947368421,0.5178571428571429,36.0,6696,6261,8169,0.985095739364624,0.9437129497528076,0.041382789611816406
30,2000,4,sf,linear_sem,12,DF-PC (Pure),0.6105263157894737,0.7435897435897436,0.5178571428571429,37.0,3527,3092,9641,0.5716209411621094,0.3908731937408447,0.18074774742126465
30,2000,4,sf,linear_sem,13,Standard PC,0.8395061728395062,0.9714285714285714,0.7391304347826086,13.0,4007,3572,4983,0.3887157440185547,0.368682861328125,0.020032882690429688
30,2000,4,sf,linear_sem,13,DF-PC (Pure),0.8292682926829269,0.9444444444444444,0.7391304347826086,14.0,1947,1512,5523,0.3261702060699463,0.23108386993408203,0.09508633613586426
30,2000,4,sf,linear_sem,14,Standard PC,0.7209302325581396,0.96875,0.5740740740740741,24.0,3031,2596,4349,0.29983067512512207,0.28304195404052734,0.016788721084594727
30,2000,4,sf,linear_sem,14,DF-PC (Pure),0.7272727272727272,0.9411764705882353,0.5925925925925926,24.0,2110,1675,4534,0.23980164527893066,0.19617700576782227,0.0436246395111084
30,2000,4,sf,linear_sem,15,Standard PC,0.8163265306122449,0.9090909090909091,0.7407407407407407,18.0,5906,5471,7109,0.8053441047668457,0.7677457332611084,0.037598371505737305
30,2000,4,sf,linear_sem,15,DF-PC (Pure),0.8282828282828282,0.9111111111111111,0.7592592592592593,17.0,2589,2154,7459,0.5539522171020508,0.408099889755249,0.14585232734680176
30,2000,4,sf,linear_sem,16,Standard PC,0.75,0.9,0.6428571428571429,24.0,4296,3861,5509,0.6761147975921631,0.6448929309844971,0.031221866607666016
30,2000,4,sf,linear_sem,16,DF-PC (Pure),0.7422680412371134,0.8780487804878049,0.6428571428571429,25.0,1999,1564,5834,0.3612325191497803,0.2638545036315918,0.09737801551818848
30,2000,4,sf,linear_sem,17,Standard PC,0.5897435897435898,0.92,0.4339622641509434,32.0,3535,3100,5246,0.49030256271362305,0.46318936347961426,0.02711319923400879
30,2000,4,sf,linear_sem,17,DF-PC (Pure),0.6,0.8888888888888888,0.4528301886792453,32.0,2495,2060,5329,0.40613365173339844,0.32700276374816895,0.07913088798522949
30,2000,4,sf,linear_sem,18,Standard PC,0.7499999999999999,0.8918918918918919,0.6470588235294118,22.0,3282,2847,4378,0.3575124740600586,0.337435245513916,0.020077228546142578
30,2000,4,sf,linear_sem,18,DF-PC (Pure),0.7499999999999999,0.8918918918918919,0.6470588235294118,22.0,1663,1228,4394,0.20413470268249512,0.15823149681091309,0.04590320587158203
30,2000,4,sf,linear_sem,19,Standard PC,0.6744186046511628,0.8787878787878788,0.5471698113207547,28.0,4993,4558,6237,0.4926462173461914,0.46792078018188477,0.02472543716430664
30,2000,4,sf,linear_sem,19,DF-PC (Pure),0.6744186046511628,0.8787878787878788,0.5471698113207547,28.0,2868,2433,6242,0.41762852668762207,0.3394649028778076,0.07816362380981445
30,2000,4,sf,linear_sem,20,Standard PC,0.7951807228915662,0.9166666666666666,0.7021276595744681,17.0,3429,2994,4429,0.3921678066253662,0.373715877532959,0.018451929092407227
30,2000,4,sf,linear_sem,20,DF-PC (Pure),0.7857142857142857,0.8918918918918919,0.7021276595744681,18.0,1737,1302,4623,0.21133041381835938,0.16323590278625488,0.04809451103210449
30,2000,4,sf,linear_sem,21,Standard PC,0.673469387755102,0.7333333333333333,0.6226415094339622,32.0,28403,27968,29619,3.166719913482666,3.048048496246338,0.11867141723632812
30,2000,4,sf,linear_sem,21,DF-PC (Pure),0.6732673267326733,0.7083333333333334,0.6415094339622641,33.0,1993,1558,29741,1.7249493598937988,0.22707033157348633,1.4978790283203125
30,2000,4,sf,linear_sem,22,Standard PC,0.7608695652173914,0.875,0.6730769230769231,22.0,3540,3105,4881,0.409832239151001,0.3862745761871338,0.023557662963867188
30,2000,4,sf,linear_sem,22,DF-PC (Pure),0.7526881720430108,0.8536585365853658,0.6730769230769231,23.0,2084,1649,4888,0.4184122085571289,0.3345065116882324,0.08390569686889648
30,2000,4,sf,linear_sem,23,Standard PC,0.674698795180723,0.875,0.5490196078431373,27.0,3796,3361,5054,0.5256063938140869,0.4980008602142334,0.027605533599853516
30,2000,4,sf,linear_sem,23,DF-PC (Pure),0.6506024096385543,0.84375,0.5294117647058824,29.0,2434,1999,5037,0.4114816188812256,0.3193473815917969,0.09213423728942871
30,2000,4,sf,linear_sem,24,Standard PC,0.6888888888888889,0.8378378378378378,0.5849056603773585,28.0,8743,8308,10011,1.1426877975463867,1.0961472988128662,0.04654049873352051
30,2000,4,sf,linear_sem,24,DF-PC (Pure),0.6666666666666667,0.8108108108108109,0.5660377358490566,30.0,2187,1752,10079,0.41434574127197266,0.23755288124084473,0.17679286003112793
30,2000,4,sf,linear_sem,25,Standard PC,0.7228915662650602,0.8823529411764706,0.6122448979591837,23.0,3143,2708,4113,0.3130371570587158,0.29579758644104004,0.01723957061767578
30,2000,4,sf,linear_sem,25,DF-PC (Pure),0.7209302325581396,0.8378378378378378,0.6326530612244898,24.0,1986,1551,4743,0.248093843460083,0.18983936309814453,0.05825448036193848
30,2000,4,sf,linear_sem,26,Standard PC,0.6206896551724137,0.8181818181818182,0.5,33.0,3574,3139,4630,0.3447306156158447,0.32619738578796387,0.01853322982788086
30,2000,4,sf,linear_sem,26,DF-PC (Pure),0.6206896551724137,0.8181818181818182,0.5,33.0,2187,1752,4672,0.31913065910339355,0.2594938278198242,0.059636831283569336
30,2000,4,sf,linear_sem,27,Standard PC,0.8041237113402062,0.9512195121951219,0.6964285714285714,19.0,4658,4223,5996,0.6027657985687256,0.5734283924102783,0.029337406158447266
30,2000,4,sf,linear_sem,27,DF-PC (Pure),0.8041237113402062,0.9512195121951219,0.6964285714285714,19.0,2542,2107,6006,0.3338286876678467,0.2329554557800293,0.10087323188781738
30,2000,4,sf,linear_sem,28,Standard PC,0.7865168539325842,0.8974358974358975,0.7,19.0,6083,5648,6999,0.943122386932373,0.9032256603240967,0.03989672660827637
30,2000,4,sf,linear_sem,28,DF-PC (Pure),0.7912087912087912,0.8780487804878049,0.72,19.0,2806,2371,8518,0.4197695255279541,0.268557071685791,0.15121245384216309
30,2000,4,sf,linear_sem,29,Standard PC,0.7710843373493975,0.9696969696969697,0.64,19.0,4533,4098,5487,0.8155581951141357,0.7798197269439697,0.035738468170166016
30,2000,4,sf,linear_sem,29,DF-PC (Pure),0.7710843373493975,0.9696969696969697,0.64,19.0,2075,1640,5487,0.43999433517456055,0.32085585594177246,0.11913847923278809
30,5000,2,er,discrete,0,Standard PC,0.7499999999999999,1.0,0.6,12.0,537,102,980,0.09280014038085938,0.08543252944946289,0.007367610931396484
30,5000,2,er,discrete,0,DF-PC (Pure),0.7636363636363636,0.84,0.7,13.0,452,17,1046,0.07634329795837402,0.06632089614868164,0.010022401809692383
30,5000,2,er,discrete,1,Standard PC,0.7083333333333334,0.9444444444444444,0.5666666666666667,14.0,513,78,953,0.0839393138885498,0.07710146903991699,0.0068378448486328125
30,5000,2,er,discrete,1,DF-PC (Pure),0.6792452830188679,0.782608695652174,0.6,17.0,444,9,967,0.0724644660949707,0.06314635276794434,0.009318113327026367
30,5000,2,er,discrete,2,Standard PC,0.7499999999999999,1.0,0.6,12.0,529,94,971,0.08905029296875,0.0821688175201416,0.0068814754486083984
30,5000,2,er,discrete,2,DF-PC (Pure),0.8,0.88,0.7333333333333333,11.0,444,9,1046,0.1064903736114502,0.09084177017211914,0.015648603439331055
30,5000,2,er,discrete,3,Standard PC,0.6046511627906976,1.0,0.43333333333333335,17.0,491,56,926,0.08039379119873047,0.07381129264831543,0.006582498550415039
30,5000,2,er,discrete,3,DF-PC (Pure),0.7547169811320754,0.8695652173913043,0.6666666666666666,13.0,435,0,946,0.07125020027160645,0.06214761734008789,0.009102582931518555
30,5000,2,er,discrete,4,Standard PC,0.846153846153846,1.0,0.7333333333333333,8.0,578,143,1019,0.09770989418029785,0.09028768539428711,0.007422208786010742
30,5000,2,er,discrete,4,DF-PC (Pure),0.870967741935484,0.84375,0.9,8.0,447,12,1104,0.07747340202331543,0.06660604476928711,0.01086735725402832
30,5000,2,er,discrete,5,Standard PC,0.7755102040816326,1.0,0.6333333333333333,11.0,554,119,994,0.0914311408996582,0.08442068099975586,0.007010459899902344
30,5000,2,er,discrete,5,DF-PC (Pure),0.896551724137931,0.9285714285714286,0.8666666666666667,6.0,441,6,1105,0.07277560234069824,0.062482357025146484,0.010293245315551758
30,5000,2,er,discrete,6,Standard PC,0.8679245283018869,1.0,0.7666666666666667,7.0,546,111,991,0.13957977294921875,0.1284017562866211,0.011178016662597656
30,5000,2,er,discrete,6,DF-PC (Pure),0.8813559322033899,0.896551724137931,0.8666666666666667,7.0,450,15,1061,0.11414527893066406,0.0974431037902832,0.01670217514038086
30,5000,2,er,discrete,7,Standard PC,0.846153846153846,1.0,0.7333333333333333,8.0,523,88,964,0.08945965766906738,0.08243727684020996,0.007022380828857422
30,5000,2,er,discrete,7,DF-PC (Pure),0.8620689655172413,0.8928571428571429,0.8333333333333334,8.0,441,6,1010,0.07548761367797852,0.06591391563415527,0.009573698043823242
30,5000,2,er,discrete,8,Standard PC,0.6222222222222223,0.9333333333333333,0.4666666666666667,17.0,488,53,923,0.08045125007629395,0.07377195358276367,0.0066792964935302734
30,5000,2,er,discrete,8,DF-PC (Pure),0.7307692307692307,0.8636363636363636,0.6333333333333333,14.0,435,0,964,0.07219696044921875,0.06300210952758789,0.00919485092163086
30,5000,2,er,discrete,9,Standard PC,0.8518518518518519,0.9583333333333334,0.7666666666666667,8.0,604,169,1045,0.10402536392211914,0.09639477729797363,0.007630586624145508
30,5000,2,er,discrete,9,DF-PC (Pure),0.8524590163934426,0.8387096774193549,0.8666666666666667,9.0,441,6,1185,0.07517671585083008,0.06342601776123047,0.01175069808959961
30,5000,2,er,discrete,10,Standard PC,0.846153846153846,1.0,0.7333333333333333,8.0,552,117,987,0.09409785270690918,0.0867164134979248,0.007381439208984375
30,5000,2,er,discrete,10,DF-PC (Pure),0.8852459016393444,0.8709677419354839,0.9,7.0,435,0,1117,0.07409381866455078,0.06325125694274902,0.010842561721801758
30,5000,2,er,discrete,11,Standard PC,0.6938775510204083,0.8947368421052632,0.5666666666666667,15.0,499,64,934,0.08107686042785645,0.07434606552124023,0.006730794906616211
30,5000,2,er,discrete,11,DF-PC (Pure),0.7037037037037038,0.7916666666666666,0.6333333333333333,16.0,435,0,950,0.07129549980163574,0.0622103214263916,0.00908517837524414
30,5000,2,er,discrete,12,Standard PC,0.7843137254901961,0.9523809523809523,0.6666666666666666,11.0,593,158,1036,0.10451936721801758,0.0967092514038086,0.007810115814208984
30,5000,2,er,discrete,12,DF-PC (Pure),0.793103448275862,0.8214285714285714,0.7666666666666667,12.0,447,12,1448,0.08120059967041016,0.06449222564697266,0.0167083740234375
30,5000,2,er,discrete,13,Standard PC,0.846153846153846,1.0,0.7333333333333333,8.0,557,122,995,0.09338951110839844,0.08623123168945312,0.0071582794189453125
30,5000,2,er,discrete,13,DF-PC (Pure),0.8727272727272728,0.96,0.8,7.0,438,3,999,0.07115769386291504,0.0618894100189209,0.00926828384399414
30,5000,2,er,discrete,14,Standard PC,0.7755102040816326,1.0,0.6333333333333333,11.0,500,65,935,0.08081984519958496,0.0741879940032959,0.0066318511962890625
30,5000,2,er,discrete,14,DF-PC (Pure),0.8301886792452831,0.9565217391304348,0.7333333333333333,9.0,435,0,980,0.08042693138122559,0.06723642349243164,0.013190507888793945
30,5000,2,er,discrete,15,Standard PC,0.7755102040816326,1.0,0.6333333333333333,11.0,569,134,1015,0.09705114364624023,0.08984208106994629,0.007209062576293945
30,5000,2,er,discrete,15,DF-PC (Pure),0.7666666666666667,0.7666666666666667,0.7666666666666667,14.0,450,15,1099,0.0772099494934082,0.06658172607421875,0.010628223419189453
30,5000,2,er,discrete,16,Standard PC,0.8235294117647058,1.0,0.7,9.0,517,82,955,0.0853891372680664,0.07848644256591797,0.0069026947021484375
30,5000,2,er,discrete,16,DF-PC (Pure),0.8363636363636363,0.92,0.7666666666666667,9.0,438,3,1029,0.07286906242370605,0.06284475326538086,0.010024309158325195
30,5000,2,er,discrete,17,Standard PC,0.7234042553191489,1.0,0.5666666666666667,13.0,508,73,943,0.08306407928466797,0.07619500160217285,0.006869077682495117
30,5000,2,er,discrete,17,DF-PC (Pure),0.7142857142857142,0.7692307692307693,0.6666666666666666,16.0,435,0,993,0.07145547866821289,0.0618288516998291,0.009626626968383789
30,5000,2,er,discrete,18,Standard PC,0.7499999999999999,1.0,0.6,12.0,667,232,1109,0.17876458168029785,0.16719579696655273,0.011568784713745117
30,5000,2,er,discrete,18,DF-PC (Pure),0.8363636363636363,0.92,0.7666666666666667,9.0,447,12,1202,0.11861300468444824,0.09859561920166016,0.020017385482788086
30,5000,2,er,discrete,19,Standard PC,0.7234042553191489,1.0,0.5666666666666667,13.0,553,118,991,0.14144039154052734,0.1305255889892578,0.010914802551269531
30,5000,2,er,discrete,19,DF-PC (Pure),0.8000000000000002,0.8,0.8,12.0,438,3,1083,0.11003303527832031,0.09336566925048828,0.01666736602783203
30,5000,2,er,discrete,20,Standard PC,0.6956521739130436,1.0,0.5333333333333333,14.0,507,72,943,0.12880611419677734,0.11821246147155762,0.010593652725219727
30,5000,2,er,discrete,20,DF-PC (Pure),0.6923076923076923,0.8181818181818182,0.6,16.0,438,3,967,0.10983729362487793,0.09493470191955566,0.014902591705322266
30,5000,2,er,discrete,21,Standard PC,0.7755102040816326,1.0,0.6333333333333333,11.0,576,141,1015,0.12036824226379395,0.11241579055786133,0.007952451705932617
30,5000,2,er,discrete,21,DF-PC (Pure),0.7857142857142856,0.8461538461538461,0.7333333333333333,12.0,441,6,1068,0.0764768123626709,0.06634855270385742,0.010128259658813477
30,5000,2,er,discrete,22,Standard PC,0.7843137254901961,0.9523809523809523,0.6666666666666666,11.0,512,77,947,0.08505749702453613,0.07818722724914551,0.006870269775390625
30,5000,2,er,discrete,22,DF-PC (Pure),0.7241379310344827,0.75,0.7,16.0,435,0,995,0.0735938549041748,0.06411528587341309,0.009478569030761719
30,5000,2,er,discrete,23,Standard PC,0.8301886792452831,0.9565217391304348,0.7333333333333333,9.0,506,71,946,0.08329558372497559,0.0764615535736084,0.0068340301513671875
30,5000,2,er,discrete,23,DF-PC (Pure),0.8148148148148148,0.9166666666666666,0.7333333333333333,10.0,444,9,952,0.07422995567321777,0.06505966186523438,0.009170293807983398
30,5000,2,er,discrete,24,Standard PC,0.8518518518518519,0.9583333333333334,0.7666666666666667,8.0,533,98,977,0.08880424499511719,0.08144497871398926,0.00735926628112793
30,5000,2,er,discrete,24,DF-PC (Pure),0.8666666666666667,0.8666666666666667,0.8666666666666667,8.0,444,9,1000,0.07337307929992676,0.06377863883972168,0.009594440460205078
30,5000,2,er,discrete,25,Standard PC,0.8,1.0,0.6666666666666666,10.0,539,104,980,0.09094047546386719,0.08385086059570312,0.0070896148681640625
30,5000,2,er,discrete,25,DF-PC (Pure),0.7796610169491527,0.7931034482758621,0.7666666666666667,13.0,441,6,1065,0.07223773002624512,0.062323808670043945,0.009913921356201172
30,5000,2,er,discrete,26,Standard PC,0.888888888888889,1.0,0.8,6.0,532,97,969,0.08893036842346191,0.081634521484375,0.007295846939086914
30,5000,2,er,discrete,26,DF-PC (Pure),0.9491525423728815,0.9655172413793104,0.9333333333333333,3.0,438,3,1022,0.07348227500915527,0.06367897987365723,0.009803295135498047
30,5000,2,er,discrete,27,Standard PC,0.8235294117647058,1.0,0.7,9.0,597,162,1037,0.10161852836608887,0.09434795379638672,0.0072705745697021484
30,5000,2,er,discrete,27,DF-PC (Pure),0.8064516129032259,0.78125,0.8333333333333334,12.0,441,6,1275,0.07628250122070312,0.06378436088562012,0.012498140335083008
30,5000,2,er,discrete,28,Standard PC,0.8679245283018869,1.0,0.7666666666666667,7.0,569,134,1006,0.09813070297241211,0.09077858924865723,0.007352113723754883
30,5000,2,er,discrete,28,DF-PC (Pure),0.8387096774193549,0.8125,0.8666666666666667,10.0,438,3,1124,0.0742943286895752,0.06352424621582031,0.010770082473754883
30,5000,2,er,discrete,29,Standard PC,0.6363636363636364,1.0,0.4666666666666667,16.0,480,45,915,0.08002519607543945,0.07356667518615723,0.0064585208892822266
30,5000,2,er,discrete,29,DF-PC (Pure),0.6666666666666667,0.8888888888888888,0.5333333333333333,16.0,435,0,940,0.07263922691345215,0.06385087966918945,0.008788347244262695
30,5000,2,er,linear_sem,0,Standard PC,0.983050847457627,1.0,0.9666666666666667,1.0,1513,1078,2407,0.1515953540802002,0.1405477523803711,0.011047601699829102
30,5000,2,er,linear_sem,0,DF-PC (Pure),0.9508196721311476,0.9354838709677419,0.9666666666666667,3.0,1037,602,2431,0.11727046966552734,0.09650754928588867,0.020762920379638672
30,5000,2,er,linear_sem,1,Standard PC,0.983050847457627,1.0,0.9666666666666667,1.0,1470,1035,2221,0.14635992050170898,0.13563060760498047,0.010729312896728516
30,5000,2,er,linear_sem,1,DF-PC (Pure),0.9666666666666667,0.9666666666666667,0.9666666666666667,2.0,981,546,2253,0.10962414741516113,0.08853888511657715,0.021085262298583984
30,5000,2,er,linear_sem,2,Standard PC,0.983050847457627,1.0,0.9666666666666667,1.0,1537,1102,2436,0.21903681755065918,0.20238947868347168,0.0166473388671875
30,5000,2,er,linear_sem,2,DF-PC (Pure),0.9666666666666667,0.9666666666666667,0.9666666666666667,2.0,1136,701,2458,0.18472576141357422,0.1471090316772461,0.037616729736328125
30,5000,2,er,linear_sem,3,Standard PC,0.9836065573770492,0.967741935483871,1.0,1.0,1296,861,2042,0.17032742500305176,0.15621423721313477,0.014113187789916992
30,5000,2,er,linear_sem,3,DF-PC (Pure),0.9523809523809523,0.9090909090909091,1.0,3.0,813,378,2069,0.1328904628753662,0.10434150695800781,0.0285489559173584
30,5000,2,er,linear_sem,4,Standard PC,1.0,1.0,1.0,0.0,1017,582,1650,0.14553236961364746,0.1322803497314453,0.013252019882202148
30,5000,2,er,linear_sem,4,DF-PC (Pure),1.0,1.0,1.0,0.0,745,310,1654,0.11963176727294922,0.0958559513092041,0.023775815963745117
30,5000,2,er,linear_sem,5,Standard PC,0.9655172413793104,1.0,0.9333333333333333,2.0,1649,1214,2691,0.1646556854248047,0.15281152725219727,0.011844158172607422
30,5000,2,er,linear_sem,5,DF-PC (Pure),0.9491525423728815,0.9655172413793104,0.9333333333333333,3.0,1211,776,2701,0.1345231533050537,0.1116480827331543,0.022875070571899414
30,5000,2,er,linear_sem,6,Standard PC,0.9090909090909091,1.0,0.8333333333333334,5.0,1756,1321,2825,0.1727161407470703,0.16074013710021973,0.011976003646850586
30,5000,2,er,linear_sem,6,DF-PC (Pure),0.8771929824561403,0.9259259259259259,0.8333333333333334,7.0,1362,927,2870,0.15131068229675293,0.1253664493560791,0.025944232940673828
30,5000,2,er,linear_sem,7,Standard PC,1.0,1.0,1.0,0.0,1440,1005,2449,0.15036749839782715,0.1391735076904297,0.011193990707397461
30,5000,2,er,linear_sem,7,DF-PC (Pure),0.9836065573770492,0.967741935483871,1.0,1.0,1093,658,2454,0.12188291549682617,0.10152506828308105,0.020357847213745117
30,5000,2,er,linear_sem,8,Standard PC,0.9491525423728815,0.9655172413793104,0.9333333333333333,3.0,1656,1221,2497,0.16366243362426758,0.1522200107574463,0.011442422866821289
30,5000,2,er,linear_sem,8,DF-PC (Pure),0.9032258064516129,0.875,0.9333333333333333,6.0,1121,686,2603,0.12805604934692383,0.10290217399597168,0.02515387535095215
30,5000,2,er,linear_sem,9,Standard PC,0.9473684210526316,1.0,0.9,3.0,1960,1525,3020,0.1921854019165039,0.1794419288635254,0.012743473052978516
30,5000,2,er,linear_sem,9,DF-PC (Pure),0.9473684210526316,1.0,0.9,3.0,1520,1085,3020,0.17001080513000488,0.139068603515625,0.030942201614379883
30,5000,2,er,linear_sem,10,Standard PC,0.9508196721311476,0.9354838709677419,0.9666666666666667,3.0,2074,1639,3246,0.2060534954071045,0.1924455165863037,0.013607978820800781
30,5000,2,er,linear_sem,10,DF-PC (Pure),0.9508196721311476,0.9354838709677419,0.9666666666666667,3.0,1533,1098,3246,0.17102646827697754,0.1403365135192871,0.03068995475769043
30,5000,2,er,linear_sem,11,Standard PC,0.8620689655172413,0.8928571428571429,0.8333333333333334,8.0,1777,1342,2952,0.2504386901855469,0.23240947723388672,0.018029212951660156
30,5000,2,er,linear_sem,11,DF-PC (Pure),0.912280701754386,0.9629629629629629,0.8666666666666667,5.0,1418,983,3047,0.22527766227722168,0.1831352710723877,0.042142391204833984
30,5000,2,er,linear_sem,12,Standard PC,0.9655172413793104,1.0,0.9333333333333333,2.0,2080,1645,3511,0.2918415069580078,0.27185964584350586,0.019981861114501953
30,5000,2,er,linear_sem,12,DF-PC (Pure),0.9655172413793104,1.0,0.9333333333333333,2.0,1811,1376,3515,0.2855367660522461,0.23392438888549805,0.05161237716674805
30,5000,2,er,linear_sem,13,Standard PC,0.9666666666666667,0.9666666666666667,0.9666666666666667,2.0,1925,1490,3357,0.27342653274536133,0.2536766529083252,0.019749879837036133
30,5000,2,er,linear_sem,13,DF-PC (Pure),0.9666666666666667,0.9666666666666667,0.9666666666666667,2.0,1610,1175,3357,0.25069475173950195,0.20680809020996094,0.043886661529541016
30,5000,2,er,linear_sem,14,Standard PC,1.0,1.0,1.0,0.0,1437,1002,2077,0.14428496360778809,0.13371944427490234,0.010565519332885742
30,5000,2,er,linear_sem,14,DF-PC (Pure),0.9836065573770492,0.967741935483871,1.0,1.0,890,455,2269,0.10484147071838379,0.08254480361938477,0.022296667098999023
30,5000,2,er,linear_sem,15,Standard PC,0.8363636363636363,0.92,0.7666666666666667,9.0,2160,1725,3537,0.29887890815734863,0.2787439823150635,0.020134925842285156
30,5000,2,er,linear_sem,15,DF-PC (Pure),0.8214285714285715,0.8846153846153846,0.7666666666666667,10.0,1793,1358,3559,0.2833552360534668,0.23245453834533691,0.05090069770812988
30,5000,2,er,linear_sem,16,Standard PC,0.8928571428571429,0.9615384615384616,0.8333333333333334,6.0,1768,1333,2747,0.177687406539917,0.16554522514343262,0.012142181396484375
30,5000,2,er,linear_sem,16,DF-PC (Pure),0.8620689655172413,0.8928571428571429,0.8333333333333334,8.0,1280,845,2857,0.1451270580291748,0.11974024772644043,0.025386810302734375
30,5000,2,er,linear_sem,17,Standard PC,1.0,1.0,1.0,0.0,1018,583,1664,0.14682984352111816,0.13341879844665527,0.01341104507446289
30,5000,2,er,linear_sem,17,DF-PC (Pure),1.0,1.0,1.0,0.0,717,282,1673,0.11567044258117676,0.09243154525756836,0.0232388973236084
30,5000,2,er,linear_sem,18,Standard PC,0.9473684210526316,1.0,0.9,3.0,3304,2869,5126,0.3244788646697998,0.3056173324584961,0.01886153221130371
30,5000,2,er,linear_sem,18,DF-PC (Pure),0.9473684210526316,1.0,0.9,3.0,2635,2200,5126,0.2988088130950928,0.24801993370056152,0.05078887939453125
30,5000,2,er,linear_sem,19,Standard PC,1.0,1.0,1.0,0.0,1895,1460,2809,0.18694281578063965,0.17456388473510742,0.012378931045532227
30,5000,2,er,linear_sem,19,DF-PC (Pure),0.9836065573770492,0.967741935483871,1.0,1.0,1296,861,2813,0.1470193862915039,0.11869120597839355,0.02832818031311035
30,5000,2,er,linear_sem,20,Standard PC,0.9836065573770492,0.967741935483871,1.0,1.0,1369,934,2090,0.13747763633728027,0.12721633911132812,0.010261297225952148
30,5000,2,er,linear_sem,20,DF-PC (Pure),0.967741935483871,0.9375,1.0,2.0,841,406,2101,0.09563279151916504,0.07730507850646973,0.018327713012695312
30,5000,2,er,linear_sem,21,Standard PC,0.9655172413793104,1.0,0.9333333333333333,2.0,2300,1865,3837,0.23029088973999023,0.21514034271240234,0.01515054702758789
30,5000,2,er,linear_sem,21,DF-PC (Pure),0.9655172413793104,1.0,0.9333333333333333,2.0,1880,1445,3861,0.2060995101928711,0.17318034172058105,0.03291916847229004
30,5000,2,er,linear_sem,22,Standard PC,0.983050847457627,1.0,0.9666666666666667,1.0,1225,790,1871,0.12248373031616211,0.11278414726257324,0.009699583053588867
30,5000,2,er,linear_sem,22,DF-PC (Pure),0.9666666666666667,0.9666666666666667,0.9666666666666667,2.0,790,355,1909,0.09007024765014648,0.0726172924041748,0.01745295524597168
30,5000,2,er,linear_sem,23,Standard PC,1.0,1.0,1.0,0.0,1169,734,1949,0.1792128086090088,0.16425180435180664,0.014961004257202148
30,5000,2,er,linear_sem,23,DF-PC (Pure),0.9836065573770492,0.967741935483871,1.0,1.0,840,405,1950,0.1564030647277832,0.12794804573059082,0.028455018997192383
30,5000,2,er,linear_sem,24,Standard PC,1.0,1.0,1.0,0.0,1081,646,1857,0.1100611686706543,0.10074877738952637,0.00931239128112793
30,5000,2,er,linear_sem,24,DF-PC (Pure),1.0,1.0,1.0,0.0,853,418,1861,0.0948338508605957,0.07885217666625977,0.015981674194335938
30,5000,2,er,linear_sem,25,Standard PC,0.9666666666666667,0.9666666666666667,0.9666666666666667,2.0,1124,689,1912,0.16445446014404297,0.14979004859924316,0.014664411544799805
30,5000,2,er,linear_sem,25,DF-PC (Pure),0.9666666666666667,0.9666666666666667,0.9666666666666667,2.0,871,436,1925,0.13924312591552734,0.11249065399169922,0.026752471923828125
30,5000,2,er,linear_sem,26,Standard PC,0.9491525423728815,0.9655172413793104,0.9333333333333333,3.0,1300,865,2304,0.18363022804260254,0.16996169090270996,0.013668537139892578
30,5000,2,er,linear_sem,26,DF-PC (Pure),0.9491525423728815,0.9655172413793104,0.9333333333333333,3.0,1033,598,2304,0.11232519149780273,0.09364676475524902,0.01867842674255371
30,5000,2,er,linear_sem,27,Standard PC,0.983050847457627,1.0,0.9666666666666667,1.0,1583,1148,2627,0.1594710350036621,0.1477506160736084,0.011720418930053711
30,5000,2,er,linear_sem,27,DF-PC (Pure),0.983050847457627,1.0,0.9666666666666667,1.0,1165,730,2664,0.12924981117248535,0.10752177238464355,0.021728038787841797
30,5000,2,er,linear_sem,28,Standard PC,0.983050847457627,1.0,0.9666666666666667,1.0,1567,1132,2642,0.16176438331604004,0.15006375312805176,0.011700630187988281
30,5000,2,er,linear_sem,28,DF-PC (Pure),0.9666666666666667,0.9666666666666667,0.9666666666666667,2.0,1257,822,2663,0.13629984855651855,0.11350893974304199,0.022790908813476562
30,5000,2,er,linear_sem,29,Standard PC,1.0,1.0,1.0,0.0,1202,767,1838,0.1600050926208496,0.1478569507598877,0.012148141860961914
30,5000,2,er,linear_sem,29,DF-PC (Pure),0.9836065573770492,0.967741935483871,1.0,1.0,741,306,1844,0.08367109298706055,0.06721854209899902,0.016452550888061523
30,5000,2,sf,discrete,0,Standard PC,0.5641025641025641,0.9166666666666666,0.4074074074074074,17.0,492,57,927,0.07994294166564941,0.07355403900146484,0.00638890266418457
30,5000,2,sf,discrete,0,DF-PC (Pure),0.46808510638297873,0.55,0.4074074074074074,25.0,435,0,1010,0.07091522216796875,0.06157088279724121,0.009344339370727539
30,5000,2,sf,discrete,1,Standard PC,0.6190476190476191,1.0,0.4482758620689655,16.0,463,28,898,0.07444477081298828,0.06826519966125488,0.0061795711517333984
30,5000,2,sf,discrete,1,DF-PC (Pure),0.5777777777777777,0.8125,0.4482758620689655,19.0,435,0,913,0.07046794891357422,0.06212878227233887,0.008339166641235352
30,5000,2,sf,discrete,2,Standard PC,0.5128205128205129,1.0,0.3448275862068966,19.0,475,40,910,0.07761311531066895,0.07128214836120605,0.006330966949462891
30,5000,2,sf,discrete,2,DF-PC (Pure),0.4888888888888889,0.6875,0.3793103448275862,23.0,435,0,1078,0.07278776168823242,0.06218123435974121,0.010606527328491211
30,5000,2,sf,discrete,3,Standard PC,0.5581395348837208,0.8571428571428571,0.41379310344827586,19.0,457,22,895,0.07468533515930176,0.06823921203613281,0.006446123123168945
30,5000,2,sf,discrete,3,DF-PC (Pure),0.5652173913043479,0.7647058823529411,0.4482758620689655,20.0,438,3,900,0.07248902320861816,0.06393098831176758,0.008558034896850586
30,5000,2,sf,discrete,4,Standard PC,0.4736842105263158,0.9,0.32142857142857145,20.0,444,9,879,0.06963419914245605,0.06362366676330566,0.006010532379150391
30,5000,2,sf,discrete,4,DF-PC (Pure),0.46153846153846156,0.8181818181818182,0.32142857142857145,21.0,435,0,883,0.06984519958496094,0.061608076095581055,0.008237123489379883
30,5000,2,sf,discrete,5,Standard PC,0.6190476190476191,1.0,0.4482758620689655,16.0,476,41,914,0.07822990417480469,0.07172632217407227,0.006503582000732422
30,5000,2,sf,discrete,5,DF-PC (Pure),0.6122448979591838,0.75,0.5172413793103449,19.0,438,3,932,0.07250142097473145,0.06358790397644043,0.008913516998291016
30,5000,2,sf,discrete,6,Standard PC,0.5853658536585366,0.9230769230769231,0.42857142857142855,17.0,450,15,885,0.10998845100402832,0.10011911392211914,0.00986933708190918
30,5000,2,sf,discrete,6,DF-PC (Pure),0.5581395348837209,0.8,0.42857142857142855,19.0,435,0,889,0.10581207275390625,0.0926060676574707,0.013206005096435547
30,5000,2,sf,discrete,7,Standard PC,0.5142857142857142,0.8181818181818182,0.375,17.0,443,8,878,0.0717782974243164,0.06546950340270996,0.006308794021606445
30,5000,2,sf,discrete,7,DF-PC (Pure),0.5142857142857142,0.8181818181818182,0.375,17.0,435,0,878,0.07009482383728027,0.06181001663208008,0.008284807205200195
30,5000,2,sf,discrete,8,Standard PC,0.4736842105263158,0.9,0.32142857142857145,20.0,453,18,888,0.07216143608093262,0.06595945358276367,0.006201982498168945
30,5000,2,sf,discrete,8,DF-PC (Pure),0.55,0.9166666666666666,0.39285714285714285,18.0,435,0,894,0.0710608959197998,0.0627894401550293,0.008271455764770508
30,5000,2,sf,discrete,9,Standard PC,0.3783783783783784,0.875,0.2413793103448276,23.0,446,11,881,0.07218170166015625,0.06580853462219238,0.006373167037963867
30,5000,2,sf,discrete,9,DF-PC (Pure),0.35,0.6363636363636364,0.2413793103448276,26.0,435,0,885,0.0704958438873291,0.06220126152038574,0.00829458236694336
30,5000,2,sf,discrete,10,Standard PC,0.4615384615384615,0.9,0.3103448275862069,21.0,456,21,891,0.09750151634216309,0.08820319175720215,0.009298324584960938
30,5000,2,sf,discrete,10,DF-PC (Pure),0.4347826086956522,0.5882352941176471,0.3448275862068966,26.0,435,0,895,0.105010986328125,0.09157323837280273,0.013437747955322266
30,5000,2,sf,discrete,11,Standard PC,0.1176470588235294,0.4,0.06896551724137931,30.0,453,18,888,0.07379508018493652,0.06763601303100586,0.006159067153930664
30,5000,2,sf,discrete,11,DF-PC (Pure),0.20512820512820515,0.4,0.13793103448275862,31.0,435,0,913,0.07258987426757812,0.06394529342651367,0.008644580841064453
30,5000,2,sf,discrete,12,Standard PC,0.5263157894736842,1.0,0.35714285714285715,18.0,459,24,894,0.07454419136047363,0.0682516098022461,0.006292581558227539
30,5000,2,sf,discrete,12,DF-PC (Pure),0.46511627906976744,0.6666666666666666,0.35714285714285715,23.0,435,0,894,0.07086586952209473,0.062421560287475586,0.00844430923461914
30,5000,2,sf,discrete,13,Standard PC,0.5365853658536586,0.9166666666666666,0.3793103448275862,19.0,468,33,903,0.07689166069030762,0.07044124603271484,0.0064504146575927734
30,5000,2,sf,discrete,13,DF-PC (Pure),0.5116279069767441,0.7857142857142857,0.3793103448275862,21.0,435,0,907,0.07273387908935547,0.06415057182312012,0.008583307266235352
30,5000,2,sf,discrete,14,Standard PC,0.6363636363636364,0.9333333333333333,0.4827586206896552,16.0,463,28,898,0.07355213165283203,0.06721377372741699,0.006338357925415039
30,5000,2,sf,discrete,14,DF-PC (Pure),0.6956521739130435,0.9411764705882353,0.5517241379310345,14.0,435,0,902,0.07179903984069824,0.06302261352539062,0.008776426315307617
30,5000,2,sf,discrete,15,Standard PC,0.7391304347826086,1.0,0.5862068965517241,12.0,507,72,942,0.12485527992248535,0.11451315879821777,0.010342121124267578
30,5000,2,sf,discrete,15,DF-PC (Pure),0.6785714285714286,0.7037037037037037,0.6551724137931034,18.0,435,0,979,0.10728907585144043,0.0924232006072998,0.014865875244140625
30,5000,2,sf,discrete,16,Standard PC,0.6363636363636364,0.9333333333333333,0.4827586206896552,16.0,499,64,934,0.08527016639709473,0.07856035232543945,0.0067098140716552734
30,5000,2,sf,discrete,16,DF-PC (Pure),0.5660377358490567,0.625,0.5172413793103449,23.0,435,0,982,0.07564663887023926,0.0661468505859375,0.009499788284301758
30,5000,2,sf,discrete,17,Standard PC,0.5853658536585366,1.0,0.41379310344827586,17.0,486,51,924,0.07948589324951172,0.0727682113647461,0.006717681884765625
30,5000,2,sf,discrete,17,DF-PC (Pure),0.5818181818181819,0.6153846153846154,0.5517241379310345,23.0,438,3,999,0.07558560371398926,0.06564450263977051,0.00994110107421875
30,5000,2,sf,discrete,18,Standard PC,0.6153846153846153,1.0,0.4444444444444444,15.0,480,45,915,0.0797119140625,0.0731058120727539,0.006606101989746094
30,5000,2,sf,discrete,18,DF-PC (Pure),0.5652173913043478,0.6842105263157895,0.48148148148148145,20.0,435,0,939,0.07297849655151367,0.06401181221008301,0.008966684341430664
30,5000,2,sf,discrete,19,Standard PC,0.5853658536585366,1.0,0.41379310344827586,17.0,470,35,905,0.07561635971069336,0.06917071342468262,0.006445646286010742
30,5000,2,sf,discrete,19,DF-PC (Pure),0.5777777777777777,0.8125,0.4482758620689655,19.0,435,0,909,0.07375717163085938,0.06504368782043457,0.008713483810424805
30,5000,2,sf,discrete,20,Standard PC,0.42105263157894735,0.8888888888888888,0.27586206896551724,22.0,461,26,896,0.0761256217956543,0.06964707374572754,0.006478548049926758
30,5000,2,sf,discrete,20,DF-PC (Pure),0.5,0.7333333333333333,0.3793103448275862,22.0,435,0,938,0.07079672813415527,0.061989784240722656,0.008806943893432617
30,5000,2,sf,discrete,21,Standard PC,0.5000000000000001,0.9090909090909091,0.3448275862068966,20.0,455,20,890,0.07638716697692871,0.06987404823303223,0.006513118743896484
30,5000,2,sf,discrete,21,DF-PC (Pure),0.5909090909090909,0.8666666666666667,0.4482758620689655,18.0,435,0,900,0.07416725158691406,0.06543493270874023,0.008732318878173828
30,5000,2,sf,discrete,22,Standard PC,0.24242424242424243,0.6666666666666666,0.14814814814814814,25.0,451,16,886,0.111663818359375,0.10204052925109863,0.009623289108276367
30,5000,2,sf,discrete,22,DF-PC (Pure),0.3157894736842105,0.5454545454545454,0.2222222222222222,26.0,435,0,889,0.09594607353210449,0.08575582504272461,0.010190248489379883
30,5000,2,sf,discrete,23,Standard PC,0.4324324324324324,1.0,0.27586206896551724,21.0,464,29,899,0.09078288078308105,0.0839693546295166,0.006813526153564453
30,5000,2,sf,discrete,23,DF-PC (Pure),0.4090909090909091,0.6,0.3103448275862069,26.0,435,0,914,0.07473444938659668,0.06595420837402344,0.008780241012573242
30,5000,2,sf,discrete,24,Standard PC,0.55,0.9166666666666666,0.39285714285714285,18.0,450,15,885,0.1079869270324707,0.09833836555480957,0.009648561477661133
30,5000,2,sf,discrete,24,DF-PC (Pure),0.5365853658536585,0.8461538461538461,0.39285714285714285,19.0,435,0,885,0.10452413558959961,0.09171104431152344,0.012813091278076172
30,5000,2,sf,discrete,25,Standard PC,0.6363636363636364,0.9333333333333333,0.4827586206896552,16.0,476,41,911,0.07779145240783691,0.07132339477539062,0.006468057632446289
30,5000,2,sf,discrete,25,DF-PC (Pure),0.608695652173913,0.8235294117647058,0.4827586206896552,18.0,435,0,933,0.07094001770019531,0.06214094161987305,0.008799076080322266
30,5000,2,sf,discrete,26,Standard PC,0.4615384615384615,0.9,0.3103448275862069,21.0,456,21,891,0.0728147029876709,0.06648468971252441,0.006330013275146484
30,5000,2,sf,discrete,26,DF-PC (Pure),0.5,0.7333333333333333,0.3793103448275862,22.0,435,0,896,0.0693356990814209,0.0610806941986084,0.0082550048828125
30,5000,2,sf,discrete,27,Standard PC,0.3783783783783784,0.875,0.2413793103448276,23.0,459,24,896,0.07544541358947754,0.06917905807495117,0.006266355514526367
30,5000,2,sf,discrete,27,DF-PC (Pure),0.4615384615384615,0.9,0.3103448275862069,21.0,438,3,905,0.07243633270263672,0.06406450271606445,0.008371829986572266
30,5000,2,sf,discrete,28,Standard PC,0.5499999999999999,1.0,0.3793103448275862,18.0,471,36,909,0.0773162841796875,0.0709373950958252,0.006378889083862305
30,5000,2,sf,discrete,28,DF-PC (Pure),0.5217391304347826,0.7058823529411765,0.41379310344827586,22.0,438,3,932,0.07205700874328613,0.06324577331542969,0.008811235427856445
30,5000,2,sf,discrete,29,Standard PC,0.3225806451612903,0.8333333333333334,0.2,21.0,444,9,882,0.0733036994934082,0.06713724136352539,0.0061664581298828125
30,5000,2,sf,discrete,29,DF-PC (Pure),0.34285714285714286,0.6,0.24,23.0,438,3,882,0.07301545143127441,0.0648040771484375,0.008211374282836914
30,5000,2,sf,linear_sem,0,Standard PC,1.0,1.0,1.0,0.0,6076,5641,6609,0.6264615058898926,0.6007177829742432,0.025743722915649414
30,5000,2,sf,linear_sem,0,DF-PC (Pure),0.9473684210526316,0.9,1.0,3.0,664,229,6676,0.25255274772644043,0.06206822395324707,0.19048452377319336
30,5000,2,sf,linear_sem,1,Standard PC,0.9642857142857143,1.0,0.9310344827586207,2.0,1074,639,1683,0.10749077796936035,0.09848737716674805,0.009003400802612305
30,5000,2,sf,linear_sem,1,DF-PC (Pure),0.9473684210526316,0.9642857142857143,0.9310344827586207,3.0,697,262,1688,0.0783088207244873,0.0632779598236084,0.015030860900878906
30,5000,2,sf,linear_sem,2,Standard PC,0.983050847457627,0.9666666666666667,1.0,1.0,7009,6574,7613,0.7542757987976074,0.7250213623046875,0.029254436492919922
30,5000,2,sf,linear_sem,2,DF-PC (Pure),0.9508196721311475,0.90625,1.0,3.0,3437,3002,7625,0.5696067810058594,0.3417847156524658,0.22782206535339355
30,5000,2,sf,linear_sem,3,Standard PC,1.0,1.0,1.0,0.0,6291,5856,7017,0.7921273708343506,0.7596011161804199,0.032526254653930664
30,5000,2,sf,linear_sem,3,DF-PC (Pure),1.0,1.0,1.0,0.0,3622,3187,7021,0.8683128356933594,0.5107932090759277,0.35751962661743164
30,5000,2,sf,linear_sem,4,Standard PC,0.9818181818181818,1.0,0.9642857142857143,1.0,3500,3065,4020,0.48166656494140625,0.45786309242248535,0.0238034725189209
30,5000,2,sf,linear_sem,4,DF-PC (Pure),0.9818181818181818,1.0,0.9642857142857143,1.0,787,352,4020,0.21681499481201172,0.10154604911804199,0.11526894569396973
30,5000,2,sf,linear_sem,5,Standard PC,0.9655172413793104,0.9655172413793104,0.9655172413793104,2.0,1943,1508,2517,0.2273871898651123,0.21292781829833984,0.014459371566772461
30,5000,2,sf,linear_sem,5,DF-PC (Pure),0.9655172413793104,0.9655172413793104,0.9655172413793104,2.0,690,255,2517,0.13906502723693848,0.09177517890930176,0.04728984832763672
30,5000,2,sf,linear_sem,6,Standard PC,0.782608695652174,1.0,0.6428571428571429,10.0,746,311,1369,0.0766608715057373,0.0690314769744873,0.00762939453125
30,5000,2,sf,linear_sem,6,DF-PC (Pure),0.7659574468085106,0.9473684210526315,0.6428571428571429,11.0,663,228,1375,0.07354545593261719,0.06123161315917969,0.0123138427734375
30,5000,2,sf,linear_sem,7,Standard PC,0.9600000000000001,0.9230769230769231,1.0,2.0,11984,11549,12504,1.2057523727416992,1.1591856479644775,0.04656672477722168
30,5000,2,sf,linear_sem,7,DF-PC (Pure),0.9600000000000001,0.9230769230769231,1.0,2.0,6668,6233,12507,1.2295691967010498,0.6790492534637451,0.5505199432373047
30,5000,2,sf,linear_sem,8,Standard PC,0.7755102040816326,0.9047619047619048,0.6785714285714286,11.0,867,432,1450,0.1261303424835205,0.11388087272644043,0.012249469757080078
30,5000,2,sf,linear_sem,8,DF-PC (Pure),0.7755102040816326,0.9047619047619048,0.6785714285714286,11.0,604,169,1450,0.09972405433654785,0.07794904708862305,0.021775007247924805
30,5000,2,sf,linear_sem,9,Standard PC,1.0,1.0,1.0,0.0,6418,5983,7004,0.6514525413513184,0.6225764751434326,0.028876066207885742
30,5000,2,sf,linear_sem,9,DF-PC (Pure),1.0,1.0,1.0,0.0,3679,3244,7052,0.8733067512512207,0.4851391315460205,0.3881676197052002
30,5000,2,sf,linear_sem,10,Standard PC,1.0,1.0,1.0,0.0,7093,6658,7614,1.1113853454589844,1.0706720352172852,0.04071331024169922
30,5000,2,sf,linear_sem,10,DF-PC (Pure),0.9666666666666666,0.9354838709677419,1.0,2.0,1112,677,13641,0.6352295875549316,0.16766762733459473,0.4675619602203369
30,5000,2,sf,linear_sem,11,Standard PC,0.9259259259259259,1.0,0.8620689655172413,4.0,2194,1759,2819,0.2824268341064453,0.2646510601043701,0.017775774002075195
30,5000,2,sf,linear_sem,11,DF-PC (Pure),0.9259259259259259,1.0,0.8620689655172413,4.0,1396,961,2830,0.25961828231811523,0.18452048301696777,0.07509779930114746
30,5000,2,sf,linear_sem,12,Standard PC,0.8163265306122449,0.9523809523809523,0.7142857142857143,9.0,1816,1381,2405,0.33391332626342773,0.3172481060028076,0.016665220260620117
30,5000,2,sf,linear_sem,12,DF-PC (Pure),0.7843137254901961,0.8695652173913043,0.7142857142857143,11.0,1793,1358,3613,0.37560319900512695,0.24895429611206055,0.1266489028930664
30,5000,2,sf,linear_sem,13,Standard PC,0.983050847457627,0.9666666666666667,1.0,1.0,3666,3231,4257,0.534869909286499,0.5091326236724854,0.025737285614013672
30,5000,2,sf,linear_sem,13,DF-PC (Pure),0.9508196721311475,0.90625,1.0,3.0,825,390,4281,0.25481462478637695,0.12821578979492188,0.12659883499145508
30,5000,2,sf,linear_sem,14,Standard PC,1.0,1.0,1.0,0.0,3240,2805,3834,0.4499170780181885,0.42678141593933105,0.023135662078857422
30,5000,2,sf,linear_sem,14,DF-PC (Pure),1.0,1.0,1.0,0.0,1896,1461,3834,0.3903348445892334,0.25492024421691895,0.13541460037231445
30,5000,2,sf,linear_sem,15,Standard PC,1.0,1.0,1.0,0.0,6032,5597,6572,0.6288003921508789,0.6032283306121826,0.02557206153869629
30,5000,2,sf,linear_sem,15,DF-PC (Pure),0.9354838709677419,0.8787878787878788,1.0,4.0,594,159,6585,0.17763543128967285,0.05508852005004883,0.12254691123962402
30,5000,2,sf,linear_sem,16,Standard PC,1.0,1.0,1.0,0.0,1107,672,1717,0.15689706802368164,0.14303278923034668,0.013864278793334961
30,5000,2,sf,linear_sem,16,DF-PC (Pure),1.0,1.0,1.0,0.0,789,354,1717,0.12965703010559082,0.10106086730957031,0.028596162796020508
30,5000,2,sf,linear_sem,17,Standard PC,1.0,1.0,1.0,0.0,6073,5638,6611,0.6016848087310791,0.5756716728210449,0.02601313591003418
30,5000,2,sf,linear_sem,17,DF-PC (Pure),1.0,1.0,1.0,0.0,615,180,6611,0.17905640602111816,0.05556058883666992,0.12349581718444824
30,5000,2,sf,linear_sem,18,Standard PC,0.851063829787234,1.0,0.7407407407407407,7.0,717,282,1255,0.10575556755065918,0.09398841857910156,0.011767148971557617
30,5000,2,sf,linear_sem,18,DF-PC (Pure),0.8163265306122449,0.9090909090909091,0.7407407407407407,9.0,562,127,1264,0.09002494812011719,0.0721437931060791,0.017881155014038086
30,5000,2,sf,linear_sem,19,Standard PC,0.9056603773584906,1.0,0.8275862068965517,5.0,1869,1434,2495,0.26073193550109863,0.2435131072998047,0.017218828201293945
30,5000,2,sf,linear_sem,19,DF-PC (Pure),0.9056603773584906,1.0,0.8275862068965517,5.0,1232,797,2497,0.22537446022033691,0.15922832489013672,0.0661461353302002
30,5000,2,sf,linear_sem,20,Standard PC,0.983050847457627,0.9666666666666667,1.0,1.0,6348,5913,6894,0.6191437244415283,0.5925283432006836,0.026615381240844727
30,5000,2,sf,linear_sem,20,DF-PC (Pure),0.983050847457627,0.9666666666666667,1.0,1.0,1143,708,6894,0.2790250778198242,0.10991621017456055,0.16910886764526367
30,5000,2,sf,linear_sem,21,Standard PC,0.7999999999999999,0.9523809523809523,0.6896551724137931,10.0,1087,652,1670,0.15482711791992188,0.14159059524536133,0.013236522674560547
30,5000,2,sf,linear_sem,21,DF-PC (Pure),0.7999999999999999,0.9523809523809523,0.6896551724137931,10.0,836,401,1670,0.14209771156311035,0.10731744766235352,0.034780263900756836
30,5000,2,sf,linear_sem,22,Standard PC,0.9818181818181818,0.9642857142857143,1.0,1.0,12250,11815,12775,1.377720594406128,1.329300880432129,0.04841971397399902
30,5000,2,sf,linear_sem,22,DF-PC (Pure),0.9642857142857143,0.9310344827586207,1.0,2.0,6696,6261,12987,1.2271137237548828,0.706794023513794,0.5203197002410889
30,5000,2,sf,linear_sem,23,Standard PC,0.8571428571428572,0.8888888888888888,0.8275862068965517,8.0,3437,3002,4044,0.4948306083679199,0.47030186653137207,0.02452874183654785
30,5000,2,sf,linear_sem,23,DF-PC (Pure),0.8571428571428572,0.8888888888888888,0.8275862068965517,8.0,1807,1372,4048,0.40416431427001953,0.2536473274230957,0.15051698684692383
30,5000,2,sf,linear_sem,24,Standard PC,1.0,1.0,1.0,0.0,6365,5930,6889,0.7883541584014893,0.7567269802093506,0.03162717819213867
30,5000,2,sf,linear_sem,24,DF-PC (Pure),0.9824561403508771,0.9655172413793104,1.0,1.0,788,353,6889,0.20931315422058105,0.07464122772216797,0.13467192649841309
30,5000,2,sf,linear_sem,25,Standard PC,0.9824561403508771,1.0,0.9655172413793104,1.0,1296,861,2018,0.2219867706298828,0.2039799690246582,0.01800680160522461
30,5000,2,sf,linear_sem,25,DF-PC (Pure),0.9824561403508771,1.0,0.9655172413793104,1.0,881,446,2018,0.16444993019104004,0.13053464889526367,0.03391528129577637
30,5000,2,sf,linear_sem,26,Standard PC,0.983050847457627,0.9666666666666667,1.0,1.0,2057,1622,2571,0.2864837646484375,0.26872706413269043,0.01775670051574707
30,5000,2,sf,linear_sem,26,DF-PC (Pure),0.9666666666666666,0.9354838709677419,1.0,2.0,751,316,2675,0.15920066833496094,0.09862685203552246,0.06057381629943848
30,5000,2,sf,linear_sem,27,Standard PC,0.983050847457627,0.9666666666666667,1.0,1.0,4036,3601,4639,0.4049508571624756,0.38521814346313477,0.01973271369934082
30,5000,2,sf,linear_sem,27,DF-PC (Pure),0.9354838709677419,0.8787878787878788,1.0,4.0,2374,1939,4671,0.39156365394592285,0.23897647857666016,0.1525871753692627
30,5000,2,sf,linear_sem,28,Standard PC,0.983050847457627,0.9666666666666667,1.0,1.0,6372,5937,6905,0.8747801780700684,0.8379833698272705,0.03679680824279785
30,5000,2,sf,linear_sem,28,DF-PC (Pure),0.983050847457627,0.9666666666666667,1.0,1.0,3357,2922,6908,0.8257627487182617,0.45084285736083984,0.3749198913574219
30,5000,2,sf,linear_sem,29,Standard PC,1.0,1.0,1.0,0.0,11967,11532,12476,1.741750717163086,1.6795997619628906,0.06215095520019531
30,5000,2,sf,linear_sem,29,DF-PC (Pure),0.9803921568627451,0.9615384615384616,1.0,1.0,6633,6198,12476,1.7850210666656494,0.9124670028686523,0.8725540637969971
30,5000,4,er,discrete,0,Standard PC,0.4810126582278481,1.0,0.31666666666666665,41.0,563,128,998,0.09385108947753906,0.08686470985412598,0.006986379623413086
30,5000,4,er,discrete,0,DF-PC (Pure),0.5777777777777778,0.8666666666666667,0.43333333333333335,38.0,435,0,1066,0.07325029373168945,0.06326413154602051,0.009986162185668945
30,5000,4,er,discrete,1,Standard PC,0.39473684210526316,0.9375,0.25,46.0,617,182,1056,0.10500502586364746,0.09790277481079102,0.007102251052856445
30,5000,4,er,discrete,1,DF-PC (Pure),0.5555555555555556,0.8333333333333334,0.4166666666666667,40.0,441,6,1189,0.07526063919067383,0.06417489051818848,0.011085748672485352
30,5000,4,er,discrete,2,Standard PC,0.5,1.0,0.3333333333333333,40.0,598,163,1047,0.0984501838684082,0.09133362770080566,0.007116556167602539
30,5000,4,er,discrete,2,DF-PC (Pure),0.6874999999999999,0.9166666666666666,0.55,30.0,459,24,1270,0.07727599143981934,0.06525087356567383,0.012025117874145508
30,5000,4,er,discrete,3,Standard PC,0.4615384615384615,1.0,0.3,42.0,531,96,966,0.08602738380432129,0.07930874824523926,0.006718635559082031
30,5000,4,er,discrete,3,DF-PC (Pure),0.5617977528089887,0.8620689655172413,0.4166666666666667,39.0,435,0,1049,0.07072949409484863,0.0610198974609375,0.009709596633911133
30,5000,4,er,discrete,4,Standard PC,0.5185185185185185,1.0,0.35,39.0,608,173,1050,0.10333061218261719,0.09601521492004395,0.007315397262573242
30,5000,4,er,discrete,4,DF-PC (Pure),0.6222222222222223,0.9333333333333333,0.4666666666666667,34.0,449,14,1286,0.07683324813842773,0.06430482864379883,0.012528419494628906
30,5000,4,er,discrete,5,Standard PC,0.4415584415584416,1.0,0.2833333333333333,43.0,541,106,982,0.08966398239135742,0.08267402648925781,0.006989955902099609
30,5000,4,er,discrete,5,DF-PC (Pure),0.5681818181818182,0.8928571428571429,0.4166666666666667,38.0,444,9,1077,0.07750892639160156,0.06696796417236328,0.010540962219238281
30,5000,4,er,discrete,6,Standard PC,0.4615384615384615,1.0,0.3,42.0,521,86,959,0.08650779724121094,0.07977533340454102,0.006732463836669922
30,5000,4,er,discrete,6,DF-PC (Pure),0.5116279069767441,0.8461538461538461,0.36666666666666664,42.0,438,3,1060,0.07342767715454102,0.0633535385131836,0.010074138641357422
30,5000,4,er,discrete,7,Standard PC,0.4615384615384615,1.0,0.3,42.0,610,175,1047,0.10317850112915039,0.09578943252563477,0.007389068603515625
30,5000,4,er,discrete,7,DF-PC (Pure),0.6382978723404256,0.8823529411764706,0.5,34.0,438,3,1229,0.0747528076171875,0.06306791305541992,0.011684894561767578
30,5000,4,er,discrete,8,Standard PC,0.4155844155844156,0.9411764705882353,0.26666666666666666,45.0,559,124,994,0.09615182876586914,0.08915829658508301,0.006993532180786133
30,5000,4,er,discrete,8,DF-PC (Pure),0.5813953488372093,0.9615384615384616,0.4166666666666667,36.0,435,0,1164,0.07506608963012695,0.06370854377746582,0.011357545852661133
30,5000,4,er,discrete,9,Standard PC,0.5301204819277108,0.9565217391304348,0.36666666666666664,39.0,603,168,1046,0.10320377349853516,0.0957334041595459,0.007470369338989258
30,5000,4,er,discrete,9,DF-PC (Pure),0.6804123711340206,0.8918918918918919,0.55,31.0,449,14,1211,0.07781863212585449,0.06609892845153809,0.011719703674316406
30,5000,4,er,discrete,10,Standard PC,0.5,1.0,0.3333333333333333,40.0,554,119,991,0.09431862831115723,0.08704686164855957,0.007271766662597656
30,5000,4,er,discrete,10,DF-PC (Pure),0.5909090909090909,0.9285714285714286,0.43333333333333335,36.0,438,3,1058,0.07250094413757324,0.06250834465026855,0.009992599487304688
30,5000,4,er,discrete,11,Standard PC,0.5882352941176471,1.0,0.4166666666666667,35.0,782,347,1239,0.14722776412963867,0.13859939575195312,0.008628368377685547
30,5000,4,er,discrete,11,DF-PC (Pure),0.68,0.85,0.5666666666666667,32.0,489,54,1742,0.09966182708740234,0.0778803825378418,0.021781444549560547
30,5000,4,er,discrete,12,Standard PC,0.5185185185185185,1.0,0.35,39.0,1023,588,1478,0.1935887336730957,0.1840066909790039,0.009582042694091797
30,5000,4,er,discrete,12,DF-PC (Pure),0.6808510638297872,0.9411764705882353,0.5333333333333333,30.0,510,75,2834,0.11966514587402344,0.08042287826538086,0.03924226760864258
30,5000,4,er,discrete,13,Standard PC,0.5882352941176471,1.0,0.4166666666666667,35.0,636,201,1080,0.10843062400817871,0.1008613109588623,0.007569313049316406
30,5000,4,er,discrete,13,DF-PC (Pure),0.673469387755102,0.868421052631579,0.55,32.0,444,9,1697,0.08381390571594238,0.06481742858886719,0.018996477127075195
30,5000,4,er,discrete,14,Standard PC,0.5,1.0,0.3333333333333333,40.0,521,86,959,0.13349294662475586,0.12236428260803223,0.011128664016723633
30,5000,4,er,discrete,14,DF-PC (Pure),0.5348837209302326,0.8846153846153846,0.38333333333333336,40.0,438,3,1001,0.10976147651672363,0.09456062316894531,0.01520085334777832
30,5000,4,er,discrete,15,Standard PC,0.5185185185185185,1.0,0.35,39.0,617,182,1065,0.10484886169433594,0.09738373756408691,0.0074651241302490234
30,5000,4,er,discrete,15,DF-PC (Pure),0.608695652173913,0.875,0.4666666666666667,36.0,450,15,1456,0.0799703598022461,0.06504106521606445,0.01492929458618164
30,5000,4,er,discrete,16,Standard PC,0.5,1.0,0.3333333333333333,40.0,594,159,1035,0.10319137573242188,0.09576940536499023,0.007421970367431641
30,5000,4,er,discrete,16,DF-PC (Pure),0.5806451612903226,0.8181818181818182,0.45,39.0,441,6,1195,0.07943320274353027,0.06769824028015137,0.011734962463378906
30,5000,4,er,discrete,17,Standard PC,0.5365853658536585,1.0,0.36666666666666664,38.0,631,196,1072,0.10895466804504395,0.10123896598815918,0.007715702056884766
30,5000,4,er,discrete,17,DF-PC (Pure),0.6808510638297872,0.9411764705882353,0.5333333333333333,30.0,444,9,1344,0.07769560813903809,0.06459355354309082,0.013102054595947266
30,5000,4,er,discrete,18,Standard PC,0.4358974358974359,0.9444444444444444,0.2833333333333333,44.0,628,193,1063,0.10849642753601074,0.10094881057739258,0.007547616958618164
30,5000,4,er,discrete,18,DF-PC (Pure),0.6736842105263158,0.9142857142857143,0.5333333333333333,31.0,435,0,1233,0.0741739273071289,0.06264567375183105,0.011528253555297852
30,5000,4,er,discrete,19,Standard PC,0.5185185185185185,1.0,0.35,39.0,564,129,999,0.14927196502685547,0.13790488243103027,0.011367082595825195
30,5000,4,er,discrete,19,DF-PC (Pure),0.5,0.7857142857142857,0.36666666666666664,44.0,438,3,1158,0.11470818519592285,0.09537959098815918,0.019328594207763672
30,5000,4,er,discrete,20,Standard PC,0.4,1.0,0.25,45.0,486,51,921,0.08280134201049805,0.0759124755859375,0.006888866424560547
30,5000,4,er,discrete,20,DF-PC (Pure),0.4691358024691357,0.9047619047619048,0.31666666666666665,43.0,435,0,943,0.07346272468566895,0.06419587135314941,0.009266853332519531
30,5000,4,er,discrete,21,Standard PC,0.6046511627906976,1.0,0.43333333333333335,34.0,760,325,1201,0.20392727851867676,0.19133472442626953,0.012592554092407227
30,5000,4,er,discrete,21,DF-PC (Pure),0.7450980392156863,0.9047619047619048,0.6333333333333333,26.0,444,9,2339,0.14652442932128906,0.09526419639587402,0.05126023292541504
30,5000,4,er,discrete,22,Standard PC,0.4810126582278481,1.0,0.31666666666666665,41.0,551,116,988,0.09684443473815918,0.08946418762207031,0.007380247116088867
30,5000,4,er,discrete,22,DF-PC (Pure),0.6,0.9,0.45,36.0,438,3,1116,0.07508420944213867,0.06427955627441406,0.01080465316772461
30,5000,4,er,discrete,23,Standard PC,0.4415584415584416,1.0,0.2833333333333333,43.0,531,96,966,0.13523507118225098,0.12444329261779785,0.010791778564453125
30,5000,4,er,discrete,23,DF-PC (Pure),0.608695652173913,0.875,0.4666666666666667,36.0,435,0,1192,0.1121816635131836,0.09330511093139648,0.01887655258178711
30,5000,4,er,discrete,24,Standard PC,0.5882352941176471,1.0,0.4166666666666667,35.0,606,171,1050,0.18347501754760742,0.1701827049255371,0.013292312622070312
30,5000,4,er,discrete,24,DF-PC (Pure),0.6521739130434783,0.9375,0.5,32.0,444,9,1082,0.1291189193725586,0.11111235618591309,0.018006563186645508
30,5000,4,er,discrete,25,Standard PC,0.4358974358974359,0.9444444444444444,0.2833333333333333,44.0,591,156,1033,0.15195107460021973,0.14099407196044922,0.010957002639770508
30,5000,4,er,discrete,25,DF-PC (Pure),0.5934065934065934,0.8709677419354839,0.45,37.0,447,12,1298,0.11710715293884277,0.09582018852233887,0.021286964416503906
30,5000,4,er,discrete,26,Standard PC,0.5977011494252873,0.9629629629629629,0.43333333333333335,35.0,685,250,1127,0.12225651741027832,0.11391115188598633,0.008345365524291992
30,5000,4,er,discrete,26,DF-PC (Pure),0.7200000000000001,0.9,0.6,28.0,444,9,1804,0.08742594718933105,0.06744003295898438,0.01998591423034668
30,5000,4,er,discrete,27,Standard PC,0.5185185185185185,1.0,0.35,39.0,742,307,1187,0.1387033462524414,0.13024687767028809,0.00845646858215332
30,5000,4,er,discrete,27,DF-PC (Pure),0.7000000000000001,0.875,0.5833333333333334,30.0,452,17,3567,0.14928960800170898,0.06874799728393555,0.08054161071777344
30,5000,4,er,discrete,28,Standard PC,0.4749999999999999,0.95,0.31666666666666665,42.0,615,180,1053,0.19759488105773926,0.1840825080871582,0.013512372970581055
30,5000,4,er,discrete,28,DF-PC (Pure),0.5957446808510638,0.8235294117647058,0.4666666666666667,38.0,438,3,1421,0.1437828540802002,0.1163949966430664,0.02738785743713379
30,5000,4,er,discrete,29,Standard PC,0.4810126582278481,1.0,0.31666666666666665,41.0,509,74,946,0.12769222259521484,0.11711263656616211,0.010579586029052734
30,5000,4,er,discrete,29,DF-PC (Pure),0.5476190476190476,0.9583333333333334,0.38333333333333336,38.0,438,3,975,0.10396218299865723,0.09195423126220703,0.012007951736450195
30,5000,4,er,linear_sem,0,Standard PC,0.6464646464646464,0.8205128205128205,0.5333333333333333,35.0,10901,10466,15672,1.3902626037597656,1.3286850452423096,0.061577558517456055
30,5000,4,er,linear_sem,0,DF-PC (Pure),0.6464646464646464,0.8205128205128205,0.5333333333333333,35.0,9001,8566,15747,1.4315564632415771,1.1772334575653076,0.25432300567626953
30,5000,4,er,linear_sem,1,Standard PC,0.62,0.775,0.5166666666666667,38.0,8020,7585,11165,0.8844799995422363,0.8419914245605469,0.04248857498168945
30,5000,4,er,linear_sem,1,DF-PC (Pure),0.62,0.775,0.5166666666666667,38.0,6109,5674,11183,1.068091869354248,0.8079774379730225,0.2601144313812256
30,5000,4,er,linear_sem,2,Standard PC,0.7450980392156863,0.9047619047619048,0.6333333333333333,26.0,9340,8905,13094,1.2757885456085205,1.2159204483032227,0.05986809730529785
30,5000,4,er,linear_sem,2,DF-PC (Pure),0.7450980392156863,0.9047619047619048,0.6333333333333333,26.0,7328,6893,13194,1.2653160095214844,1.0489141941070557,0.2164018154144287
30,5000,4,er,linear_sem,3,Standard PC,0.6666666666666667,0.8461538461538461,0.55,33.0,6730,6295,9441,0.7202858924865723,0.6874265670776367,0.03285932540893555
30,5000,4,er,linear_sem,3,DF-PC (Pure),0.6666666666666667,0.8461538461538461,0.55,33.0,4758,4323,9445,0.5420193672180176,0.44771528244018555,0.09430408477783203
30,5000,4,er,linear_sem,4,Standard PC,0.7692307692307692,0.9090909090909091,0.6666666666666666,24.0,9929,9494,13905,0.9542355537414551,0.9082272052764893,0.04600834846496582
30,5000,4,er,linear_sem,4,DF-PC (Pure),0.7692307692307692,0.9090909090909091,0.6666666666666666,24.0,7397,6962,13905,1.1501247882843018,0.9548890590667725,0.1952357292175293
30,5000,4,er,linear_sem,5,Standard PC,0.6326530612244898,0.8157894736842105,0.5166666666666667,36.0,9145,8710,13253,0.9019787311553955,0.8578841686248779,0.04409456253051758
30,5000,4,er,linear_sem,5,DF-PC (Pure),0.6262626262626263,0.7948717948717948,0.5166666666666667,37.0,7186,6751,13424,0.8461811542510986,0.6647651195526123,0.18141603469848633
30,5000,4,er,linear_sem,6,Standard PC,0.6796116504854369,0.813953488372093,0.5833333333333334,33.0,9931,9496,13847,1.2778217792510986,1.2207181453704834,0.057103633880615234
30,5000,4,er,linear_sem,6,DF-PC (Pure),0.6857142857142857,0.8,0.6,33.0,7957,7522,14024,1.1144092082977295,0.9087073802947998,0.2057018280029297
30,5000,4,er,linear_sem,7,Standard PC,0.8,0.9333333333333333,0.7,21.0,6426,5991,9066,0.7013981342315674,0.6653485298156738,0.036049604415893555
30,5000,4,er,linear_sem,7,DF-PC (Pure),0.8,0.9333333333333333,0.7,21.0,4500,4065,9068,0.7919318675994873,0.6481842994689941,0.14374756813049316
30,5000,4,er,linear_sem,8,Standard PC,0.6534653465346535,0.8048780487804879,0.55,35.0,7811,7376,10906,0.7768971920013428,0.7390141487121582,0.03788304328918457
30,5000,4,er,linear_sem,8,DF-PC (Pure),0.6534653465346535,0.8048780487804879,0.55,35.0,5785,5350,10984,0.7259373664855957,0.6029999256134033,0.12293744087219238
30,5000,4,er,linear_sem,9,Standard PC,0.62,0.775,0.5166666666666667,38.0,9660,9225,14303,1.43037748336792,1.3662548065185547,0.06412267684936523
30,5000,4,er,linear_sem,9,DF-PC (Pure),0.62,0.775,0.5166666666666667,38.0,8126,7691,14337,1.319756031036377,1.0890820026397705,0.23067402839660645
30,5000,4,er,linear_sem,10,Standard PC,0.6458333333333335,0.8611111111111112,0.5166666666666667,34.0,9480,9045,14628,1.3242988586425781,1.2602059841156006,0.06409287452697754
30,5000,4,er,linear_sem,10,DF-PC (Pure),0.6458333333333335,0.8611111111111112,0.5166666666666667,34.0,8313,7878,14630,1.3855233192443848,1.164602279663086,0.22092103958129883
30,5000,4,er,linear_sem,11,Standard PC,0.6,0.9,0.45,36.0,8485,8050,12682,0.8890666961669922,0.847553014755249,0.041513681411743164
30,5000,4,er,linear_sem,11,DF-PC (Pure),0.5934065934065934,0.8709677419354839,0.45,37.0,6815,6380,12683,0.7787213325500488,0.6497609615325928,0.12896037101745605
30,5000,4,er,linear_sem,12,Standard PC,0.6470588235294117,0.7857142857142857,0.55,36.0,8466,8031,12618,1.1635863780975342,1.1053149700164795,0.05827140808105469
30,5000,4,er,linear_sem,12,DF-PC (Pure),0.6470588235294117,0.7857142857142857,0.55,36.0,6707,6272,12621,1.1374118328094482,0.9408535957336426,0.19655823707580566
30,5000,4,er,linear_sem,13,Standard PC,0.6470588235294117,0.7857142857142857,0.55,36.0,8943,8508,13382,0.8892085552215576,0.8451042175292969,0.04410433769226074
30,5000,4,er,linear_sem,13,DF-PC (Pure),0.6470588235294117,0.7857142857142857,0.55,36.0,7339,6904,13400,0.9036104679107666,0.7676231861114502,0.1359872817993164
30,5000,4,er,linear_sem,14,Standard PC,0.8598130841121495,0.9787234042553191,0.7666666666666667,15.0,6923,6488,9206,0.7687880992889404,0.7334048748016357,0.03538322448730469
30,5000,4,er,linear_sem,14,DF-PC (Pure),0.8598130841121495,0.9787234042553191,0.7666666666666667,15.0,4414,3979,9332,0.7279477119445801,0.5715587139129639,0.1563889980316162
30,5000,4,er,linear_sem,15,Standard PC,0.7142857142857143,0.9210526315789473,0.5833333333333334,28.0,9035,8600,13749,1.2543461322784424,1.19277024269104,0.061575889587402344
30,5000,4,er,linear_sem,15,DF-PC (Pure),0.7142857142857143,0.9210526315789473,0.5833333333333334,28.0,7619,7184,13902,1.2877049446105957,1.0756144523620605,0.21209049224853516
30,5000,4,er,linear_sem,16,Standard PC,0.6732673267326732,0.8292682926829268,0.5666666666666667,33.0,10500,10065,14183,1.708416223526001,1.6328296661376953,0.07558655738830566
30,5000,4,er,linear_sem,16,DF-PC (Pure),0.6732673267326732,0.8292682926829268,0.5666666666666667,33.0,7694,7259,14189,1.3145661354064941,1.087085485458374,0.22748064994812012
30,5000,4,er,linear_sem,17,Standard PC,0.64,0.8,0.5333333333333333,36.0,9606,9171,14023,1.0897173881530762,1.0375070571899414,0.052210330963134766
30,5000,4,er,linear_sem,17,DF-PC (Pure),0.64,0.8,0.5333333333333333,36.0,7637,7202,14037,0.9988706111907959,0.7829508781433105,0.21591973304748535
30,5000,4,er,linear_sem,18,Standard PC,0.7000000000000001,0.875,0.5833333333333334,30.0,10856,10421,15918,1.398648977279663,1.3320653438568115,0.06658363342285156
30,5000,4,er,linear_sem,18,DF-PC (Pure),0.6930693069306931,0.8536585365853658,0.5833333333333334,31.0,8825,8390,15918,1.3125216960906982,1.0923545360565186,0.2201671600341797
30,5000,4,er,linear_sem,19,Standard PC,0.6990291262135923,0.8372093023255814,0.6,31.0,8692,8257,11891,1.4009239673614502,1.3353476524353027,0.06557631492614746
30,5000,4,er,linear_sem,19,DF-PC (Pure),0.6990291262135923,0.8372093023255814,0.6,31.0,6129,5694,11912,1.1977894306182861,0.9870126247406006,0.21077680587768555
30,5000,4,er,linear_sem,20,Standard PC,0.7522935779816514,0.8367346938775511,0.6833333333333333,27.0,9162,8727,11985,1.3287553787231445,1.2751858234405518,0.05356955528259277
30,5000,4,er,linear_sem,20,DF-PC (Pure),0.7454545454545455,0.82,0.6833333333333333,28.0,6391,5956,12159,0.7410783767700195,0.6046288013458252,0.13644957542419434
30,5000,4,er,linear_sem,21,Standard PC,0.7254901960784315,0.8809523809523809,0.6166666666666667,28.0,9008,8573,13644,0.9562718868255615,0.9111030101776123,0.04516887664794922
30,5000,4,er,linear_sem,21,DF-PC (Pure),0.7254901960784315,0.8809523809523809,0.6166666666666667,28.0,7190,6755,13659,1.010955572128296,0.840212345123291,0.17074322700500488
30,5000,4,er,linear_sem,22,Standard PC,0.6868686868686869,0.8717948717948718,0.5666666666666667,31.0,8391,7956,11770,1.2421059608459473,1.1800768375396729,0.062029123306274414
30,5000,4,er,linear_sem,22,DF-PC (Pure),0.6868686868686869,0.8717948717948718,0.5666666666666667,31.0,6450,6015,11778,1.1224544048309326,0.928537130355835,0.19391727447509766
30,5000,4,er,linear_sem,23,Standard PC,0.7378640776699028,0.8837209302325582,0.6333333333333333,27.0,9396,8961,13755,1.4788429737091064,1.410994291305542,0.06784868240356445
30,5000,4,er,linear_sem,23,DF-PC (Pure),0.7378640776699028,0.8837209302325582,0.6333333333333333,27.0,7317,6882,13761,1.1645030975341797,0.9544963836669922,0.2100067138671875
30,5000,4,er,linear_sem,24,Standard PC,0.7809523809523808,0.9111111111111111,0.6833333333333333,23.0,7444,7009,10994,1.2113375663757324,1.1500401496887207,0.06129741668701172
30,5000,4,er,linear_sem,24,DF-PC (Pure),0.7809523809523808,0.9111111111111111,0.6833333333333333,23.0,5443,5008,10999,1.0945148468017578,0.9111230373382568,0.18339180946350098
30,5000,4,er,linear_sem,25,Standard PC,0.6213592233009709,0.7441860465116279,0.5333333333333333,39.0,9829,9394,13959,1.1458983421325684,1.09132719039917,0.05457115173339844
30,5000,4,er,linear_sem,25,DF-PC (Pure),0.6213592233009709,0.7441860465116279,0.5333333333333333,39.0,7690,7255,13959,0.9287078380584717,0.7809126377105713,0.1477952003479004
30,5000,4,er,linear_sem,26,Standard PC,0.75,0.8863636363636364,0.65,26.0,10741,10306,15874,1.7868752479553223,1.70330810546875,0.08356714248657227
30,5000,4,er,linear_sem,26,DF-PC (Pure),0.75,0.8863636363636364,0.65,26.0,9066,8631,15884,1.6036756038665771,1.337982177734375,0.26569342613220215
30,5000,4,er,linear_sem,27,Standard PC,0.6938775510204083,0.8947368421052632,0.5666666666666667,30.0,9524,9089,15045,1.6031816005706787,1.5173916816711426,0.08578991889953613
30,5000,4,er,linear_sem,27,DF-PC (Pure),0.6868686868686869,0.8717948717948718,0.5666666666666667,31.0,8525,8090,15242,1.3120527267456055,1.1226952075958252,0.18935751914978027
30,5000,4,er,linear_sem,28,Standard PC,0.7572815533980582,0.9069767441860465,0.65,25.0,8264,7829,11951,1.185314655303955,1.131425380706787,0.05388927459716797
30,5000,4,er,linear_sem,28,DF-PC (Pure),0.7572815533980582,0.9069767441860465,0.65,25.0,6529,6094,12037,0.9953837394714355,0.8162217140197754,0.17916202545166016
30,5000,4,er,linear_sem,29,Standard PC,0.6105263157894737,0.8285714285714286,0.48333333333333334,37.0,8444,8009,12137,1.220146656036377,1.1655476093292236,0.05459904670715332
30,5000,4,er,linear_sem,29,DF-PC (Pure),0.6105263157894737,0.8285714285714286,0.48333333333333334,37.0,6692,6257,12137,0.8684940338134766,0.7218711376190186,0.146622896194458
30,5000,4,sf,discrete,0,Standard PC,0.4262295081967213,1.0,0.2708333333333333,35.0,471,36,906,0.07519149780273438,0.06881380081176758,0.006377696990966797
30,5000,4,sf,discrete,0,DF-PC (Pure),0.44776119402985076,0.7894736842105263,0.3125,37.0,435,0,932,0.06959390640258789,0.061066627502441406,0.008527278900146484
30,5000,4,sf,discrete,1,Standard PC,0.5194805194805194,0.9523809523809523,0.35714285714285715,37.0,513,78,950,0.08464193344116211,0.0777885913848877,0.006853342056274414
30,5000,4,sf,discrete,1,DF-PC (Pure),0.55,0.9166666666666666,0.39285714285714285,36.0,438,3,1001,0.0709989070892334,0.06154274940490723,0.009456157684326172
30,5000,4,sf,discrete,2,Standard PC,0.4776119402985075,0.9411764705882353,0.32,35.0,502,67,940,0.08248066902160645,0.0758829116821289,0.006597757339477539
30,5000,4,sf,discrete,2,DF-PC (Pure),0.4507042253521127,0.7619047619047619,0.32,39.0,438,3,961,0.07134675979614258,0.062311410903930664,0.009035348892211914
30,5000,4,sf,discrete,3,Standard PC,0.42424242424242425,1.0,0.2692307692307692,38.0,463,28,898,0.0776376724243164,0.07108545303344727,0.006552219390869141
30,5000,4,sf,discrete,3,DF-PC (Pure),0.4057971014492754,0.8235294117647058,0.2692307692307692,41.0,435,0,907,0.0724174976348877,0.06389760971069336,0.008519887924194336
30,5000,4,sf,discrete,4,Standard PC,0.5866666666666668,1.0,0.41509433962264153,31.0,569,134,1010,0.12430024147033691,0.11402559280395508,0.010274648666381836
30,5000,4,sf,discrete,4,DF-PC (Pure),0.5977011494252874,0.7647058823529411,0.49056603773584906,35.0,441,6,1110,0.11043262481689453,0.09359598159790039,0.01683664321899414
30,5000,4,sf,discrete,5,Standard PC,0.3823529411764706,0.9285714285714286,0.24074074074074073,42.0,468,33,906,0.07686924934387207,0.07043910026550293,0.006430149078369141
30,5000,4,sf,discrete,5,DF-PC (Pure),0.3835616438356165,0.7368421052631579,0.25925925925925924,45.0,438,3,936,0.07168197631835938,0.06296658515930176,0.008715391159057617
30,5000,4,sf,discrete,6,Standard PC,0.44776119402985076,1.0,0.28846153846153844,37.0,492,57,927,0.12471175193786621,0.11420226097106934,0.010509490966796875
30,5000,4,sf,discrete,6,DF-PC (Pure),0.5526315789473685,0.875,0.40384615384615385,34.0,435,0,956,0.11023426055908203,0.0956108570098877,0.014623403549194336
30,5000,4,sf,discrete,7,Standard PC,0.4444444444444445,1.0,0.2857142857142857,35.0,479,44,914,0.07793235778808594,0.0715172290802002,0.006415128707885742
30,5000,4,sf,discrete,7,DF-PC (Pure),0.4857142857142857,0.8095238095238095,0.3469387755102041,36.0,435,0,940,0.07026147842407227,0.06150674819946289,0.008754730224609375
30,5000,4,sf,discrete,8,Standard PC,0.4864864864864865,1.0,0.32142857142857145,38.0,529,94,964,0.08834671974182129,0.0812833309173584,0.007063388824462891
30,5000,4,sf,discrete,8,DF-PC (Pure),0.525,0.875,0.375,38.0,435,0,999,0.07095122337341309,0.061582088470458984,0.009369134902954102
30,5000,4,sf,discrete,9,Standard PC,0.4444444444444445,1.0,0.2857142857142857,40.0,494,59,930,0.08145976066589355,0.07496047019958496,0.006499290466308594
30,5000,4,sf,discrete,9,DF-PC (Pure),0.4634146341463415,0.7307692307692307,0.3392857142857143,44.0,438,3,1007,0.07275843620300293,0.06327438354492188,0.009484052658081055
30,5000,4,sf,discrete,10,Standard PC,0.4571428571428572,0.9411764705882353,0.3018867924528302,38.0,485,50,920,0.08025598526000977,0.0736079216003418,0.006648063659667969
30,5000,4,sf,discrete,10,DF-PC (Pure),0.47368421052631576,0.782608695652174,0.33962264150943394,40.0,435,0,942,0.0707552433013916,0.06175637245178223,0.008998870849609375
30,5000,4,sf,discrete,11,Standard PC,0.34375000000000006,1.0,0.20754716981132076,42.0,462,27,897,0.07784891128540039,0.07117700576782227,0.006671905517578125
30,5000,4,sf,discrete,11,DF-PC (Pure),0.4057971014492754,0.875,0.2641509433962264,41.0,435,0,909,0.07281613349914551,0.06400227546691895,0.008813858032226562
30,5000,4,sf,discrete,12,Standard PC,0.27692307692307694,1.0,0.16071428571428573,47.0,462,27,897,0.07387351989746094,0.06757020950317383,0.006303310394287109
30,5000,4,sf,discrete,12,DF-PC (Pure),0.34285714285714286,0.8571428571428571,0.21428571428571427,46.0,435,0,907,0.06943631172180176,0.061124324798583984,0.008311986923217773
30,5000,4,sf,discrete,13,Standard PC,0.5161290322580645,1.0,0.34782608695652173,30.0,490,55,927,0.08080029487609863,0.07419228553771973,0.006608009338378906
30,5000,4,sf,discrete,13,DF-PC (Pure),0.5538461538461538,0.9473684210526315,0.391304347826087,29.0,438,3,990,0.07269477844238281,0.06297135353088379,0.009723424911499023
30,5000,4,sf,discrete,14,Standard PC,0.4722222222222222,0.9444444444444444,0.3148148148148148,38.0,474,39,911,0.07788968086242676,0.07110309600830078,0.0067865848541259766
30,5000,4,sf,discrete,14,DF-PC (Pure),0.5066666666666666,0.9047619047619048,0.35185185185185186,37.0,438,3,937,0.0722658634185791,0.06320548057556152,0.009060382843017578
30,5000,4,sf,discrete,15,Standard PC,0.3125,1.0,0.18518518518518517,44.0,461,26,899,0.07526969909667969,0.06882119178771973,0.006448507308959961
30,5000,4,sf,discrete,15,DF-PC (Pure),0.2941176470588235,0.7142857142857143,0.18518518518518517,48.0,438,3,903,0.07150983810424805,0.06301617622375488,0.008493661880493164
30,5000,4,sf,discrete,16,Standard PC,0.3283582089552239,1.0,0.19642857142857142,45.0,498,63,935,0.08345723152160645,0.07651758193969727,0.00693964958190918
30,5000,4,sf,discrete,16,DF-PC (Pure),0.3947368421052632,0.75,0.26785714285714285,46.0,438,3,1043,0.07412433624267578,0.06417417526245117,0.00995016098022461
30,5000,4,sf,discrete,17,Standard PC,0.36923076923076925,1.0,0.22641509433962265,41.0,501,66,938,0.0827484130859375,0.07607674598693848,0.0066716670989990234
30,5000,4,sf,discrete,17,DF-PC (Pure),0.3888888888888889,0.7368421052631579,0.2641509433962264,44.0,438,3,973,0.07249999046325684,0.06322622299194336,0.009273767471313477
30,5000,4,sf,discrete,18,Standard PC,0.5633802816901409,1.0,0.39215686274509803,31.0,505,70,945,0.12676548957824707,0.11597204208374023,0.010793447494506836
30,5000,4,sf,discrete,18,DF-PC (Pure),0.5789473684210527,0.88,0.43137254901960786,32.0,444,9,994,0.11305046081542969,0.09737610816955566,0.015674352645874023
30,5000,4,sf,discrete,19,Standard PC,0.22222222222222224,0.7,0.1320754716981132,49.0,451,16,886,0.10985851287841797,0.09979534149169922,0.01006317138671875
30,5000,4,sf,discrete,19,DF-PC (Pure),0.2647058823529412,0.6,0.16981132075471697,50.0,435,0,894,0.10691046714782715,0.09330034255981445,0.013610124588012695
30,5000,4,sf,discrete,20,Standard PC,0.5079365079365079,1.0,0.3404255319148936,31.0,519,84,955,0.08886599540710449,0.08150005340576172,0.0073659420013427734
30,5000,4,sf,discrete,20,DF-PC (Pure),0.591549295774648,0.875,0.44680851063829785,29.0,438,3,996,0.07421255111694336,0.06446981430053711,0.00974273681640625
30,5000,4,sf,discrete,21,Standard PC,0.36923076923076925,1.0,0.22641509433962265,41.0,462,27,897,0.11310410499572754,0.10307955741882324,0.010024547576904297
30,5000,4,sf,discrete,21,DF-PC (Pure),0.3714285714285715,0.7647058823529411,0.24528301886792453,44.0,435,0,906,0.10653042793273926,0.0928652286529541,0.013665199279785156
30,5000,4,sf,discrete,22,Standard PC,0.5352112676056338,1.0,0.36538461538461536,33.0,515,80,950,0.1351466178894043,0.12400984764099121,0.011136770248413086
30,5000,4,sf,discrete,22,DF-PC (Pure),0.5454545454545454,0.84,0.40384615384615385,35.0,435,0,988,0.10902142524719238,0.09379291534423828,0.015228509902954102
30,5000,4,sf,discrete,23,Standard PC,0.47761194029850745,1.0,0.3137254901960784,35.0,479,44,914,0.08086919784545898,0.0739748477935791,0.006894350051879883
30,5000,4,sf,discrete,23,DF-PC (Pure),0.5,0.8571428571428571,0.35294117647058826,36.0,435,0,949,0.07446002960205078,0.06486010551452637,0.009599924087524414
30,5000,4,sf,discrete,24,Standard PC,0.36363636363636365,0.9230769230769231,0.22641509433962265,42.0,493,58,928,0.07987618446350098,0.07329487800598145,0.006581306457519531
30,5000,4,sf,discrete,24,DF-PC (Pure),0.3733333333333333,0.6363636363636364,0.2641509433962264,47.0,435,0,964,0.06997132301330566,0.061090946197509766,0.008880376815795898
30,5000,4,sf,discrete,25,Standard PC,0.36065573770491804,0.9166666666666666,0.22448979591836735,39.0,468,33,903,0.11192655563354492,0.10242271423339844,0.009503841400146484
30,5000,4,sf,discrete,25,DF-PC (Pure),0.3939393939393939,0.7647058823529411,0.2653061224489796,40.0,435,0,928,0.18661761283874512,0.17281603813171387,0.01380157470703125
30,5000,4,sf,discrete,26,Standard PC,0.3125,1.0,0.18518518518518517,44.0,465,30,900,0.07818841934204102,0.0717616081237793,0.006426811218261719
30,5000,4,sf,discrete,26,DF-PC (Pure),0.3478260869565218,0.8,0.2222222222222222,45.0,435,0,916,0.07267069816589355,0.06412148475646973,0.008549213409423828
30,5000,4,sf,discrete,27,Standard PC,0.3714285714285714,0.9285714285714286,0.23214285714285715,44.0,467,32,902,0.07690572738647461,0.0700995922088623,0.006806135177612305
30,5000,4,sf,discrete,27,DF-PC (Pure),0.3421052631578948,0.65,0.23214285714285715,50.0,435,0,910,0.06944417953491211,0.06082653999328613,0.008617639541625977
30,5000,4,sf,discrete,28,Standard PC,0.26666666666666666,0.8,0.16,44.0,442,7,877,0.07249283790588379,0.06626725196838379,0.0062255859375
30,5000,4,sf,discrete,28,DF-PC (Pure),0.29508196721311475,0.8181818181818182,0.18,43.0,435,0,881,0.070709228515625,0.06256365776062012,0.008145570755004883
30,5000,4,sf,discrete,29,Standard PC,0.36065573770491804,1.0,0.22,39.0,452,17,887,0.07269883155822754,0.0663766860961914,0.006322145462036133
30,5000,4,sf,discrete,29,DF-PC (Pure),0.38095238095238093,0.9230769230769231,0.24,39.0,435,0,891,0.07078933715820312,0.06243896484375,0.008350372314453125
30,5000,4,sf,linear_sem,0,Standard PC,0.8095238095238096,0.9444444444444444,0.7083333333333334,16.0,5690,5255,6958,0.5442309379577637,0.5189611911773682,0.025269746780395508
30,5000,4,sf,linear_sem,0,DF-PC (Pure),0.7816091954022988,0.8717948717948718,0.7083333333333334,19.0,3075,2640,7187,0.43924999237060547,0.34711599349975586,0.09213399887084961
30,5000,4,sf,linear_sem,1,Standard PC,0.5473684210526316,0.6666666666666666,0.4642857142857143,43.0,9065,8630,11420,0.8770103454589844,0.8378257751464844,0.0391845703125
30,5000,4,sf,linear_sem,1,DF-PC (Pure),0.5473684210526316,0.6666666666666666,0.4642857142857143,43.0,5914,5479,11420,0.7991757392883301,0.5551674365997314,0.24400830268859863
30,5000,4,sf,linear_sem,2,Standard PC,0.6823529411764706,0.8285714285714286,0.58,27.0,6163,5728,7529,0.9573593139648438,0.9185783863067627,0.038780927658081055
30,5000,4,sf,linear_sem,2,DF-PC (Pure),0.6823529411764706,0.8285714285714286,0.58,27.0,2530,2095,7533,0.4881298542022705,0.34165072441101074,0.14647912979125977
30,5000,4,sf,linear_sem,3,Standard PC,0.7333333333333333,0.868421052631579,0.6346153846153846,24.0,6575,6140,7954,0.6305716037750244,0.6020455360412598,0.02852606773376465
30,5000,4,sf,linear_sem,3,DF-PC (Pure),0.7333333333333333,0.868421052631579,0.6346153846153846,24.0,3405,2970,7832,0.5840251445770264,0.37458252906799316,0.2094426155090332
30,5000,4,sf,linear_sem,4,Standard PC,0.8297872340425531,0.9512195121951219,0.7358490566037735,16.0,8160,7725,10106,0.8935644626617432,0.8560078144073486,0.03755664825439453
30,5000,4,sf,linear_sem,4,DF-PC (Pure),0.8297872340425531,0.9512195121951219,0.7358490566037735,16.0,4304,3869,10130,0.5831055641174316,0.44535207748413086,0.13775348663330078
30,5000,4,sf,linear_sem,5,Standard PC,0.75,0.8571428571428571,0.6666666666666666,24.0,15628,15193,17361,1.6940488815307617,1.6289787292480469,0.06507015228271484
30,5000,4,sf,linear_sem,5,DF-PC (Pure),0.7659574468085106,0.9,0.6666666666666666,22.0,5703,5268,14564,0.9978621006011963,0.7032146453857422,0.2946474552154541
30,5000,4,sf,linear_sem,6,Standard PC,0.7526881720430108,0.8536585365853658,0.6730769230769231,23.0,6772,6337,8120,0.707371711730957,0.6772515773773193,0.030120134353637695
30,5000,4,sf,linear_sem,6,DF-PC (Pure),0.7526881720430108,0.8536585365853658,0.6730769230769231,23.0,3407,2972,8197,0.4549555778503418,0.3400309085845947,0.11492466926574707
30,5000,4,sf,linear_sem,7,Standard PC,0.7088607594936709,0.9333333333333333,0.5714285714285714,23.0,5309,4874,6803,0.5794198513031006,0.5506322383880615,0.028787612915039062
30,5000,4,sf,linear_sem,7,DF-PC (Pure),0.7088607594936709,0.9333333333333333,0.5714285714285714,23.0,2893,2458,6803,0.49098873138427734,0.3783397674560547,0.11264896392822266
30,5000,4,sf,linear_sem,8,Standard PC,0.7083333333333333,0.85,0.6071428571428571,28.0,9490,9055,12264,1.3051621913909912,1.2463693618774414,0.058792829513549805
30,5000,4,sf,linear_sem,8,DF-PC (Pure),0.7010309278350515,0.8292682926829268,0.6071428571428571,29.0,6255,5820,12407,1.146212100982666,0.8174457550048828,0.3287663459777832
30,5000,4,sf,linear_sem,9,Standard PC,0.717391304347826,0.9166666666666666,0.5892857142857143,26.0,6846,6411,9161,0.9438889026641846,0.8993532657623291,0.04453563690185547
30,5000,4,sf,linear_sem,9,DF-PC (Pure),0.7311827956989247,0.918918918918919,0.6071428571428571,25.0,4630,4195,9664,0.7826864719390869,0.6092071533203125,0.17347931861877441
30,5000,4,sf,linear_sem,10,Standard PC,0.769230769230769,0.9210526315789473,0.660377358490566,21.0,6208,5773,7674,0.6016383171081543,0.5735743045806885,0.02806401252746582
30,5000,4,sf,linear_sem,10,DF-PC (Pure),0.769230769230769,0.9210526315789473,0.660377358490566,21.0,3363,2928,7679,0.3965728282928467,0.313521146774292,0.08305168151855469
30,5000,4,sf,linear_sem,11,Standard PC,0.7294117647058823,0.96875,0.5849056603773585,23.0,5620,5185,6848,0.7633438110351562,0.7276198863983154,0.03572392463684082
30,5000,4,sf,linear_sem,11,DF-PC (Pure),0.7500000000000001,0.9428571428571428,0.6226415094339622,22.0,2768,2333,7457,0.5172815322875977,0.35933756828308105,0.1579439640045166
30,5000,4,sf,linear_sem,12,Standard PC,0.6336633663366337,0.7111111111111111,0.5714285714285714,37.0,15587,15152,17351,2.5081896781921387,2.414536476135254,0.09365320205688477
30,5000,4,sf,linear_sem,12,DF-PC (Pure),0.6336633663366337,0.7111111111111111,0.5714285714285714,37.0,6264,5829,17462,1.3063387870788574,0.867196798324585,0.43914198875427246
30,5000,4,sf,linear_sem,13,Standard PC,0.8674698795180723,0.972972972972973,0.782608695652174,11.0,6266,5831,7322,0.7902679443359375,0.7554829120635986,0.03478503227233887
30,5000,4,sf,linear_sem,13,DF-PC (Pure),0.8571428571428571,0.9473684210526315,0.782608695652174,12.0,2969,2534,7383,0.5682897567749023,0.39875173568725586,0.16953802108764648
30,5000,4,sf,linear_sem,14,Standard PC,0.7333333333333334,0.9166666666666666,0.6111111111111112,24.0,4443,4008,5926,0.4387054443359375,0.4160149097442627,0.022690534591674805
30,5000,4,sf,linear_sem,14,DF-PC (Pure),0.7333333333333334,0.9166666666666666,0.6111111111111112,24.0,2740,2305,5973,0.34513068199157715,0.276857852935791,0.06827282905578613
30,5000,4,sf,linear_sem,15,Standard PC,0.8076923076923077,0.84,0.7777777777777778,20.0,10107,9672,11404,1.3830504417419434,1.3268918991088867,0.05615854263305664
30,5000,4,sf,linear_sem,15,DF-PC (Pure),0.8076923076923077,0.84,0.7777777777777778,20.0,3103,2668,11416,0.48378968238830566,0.32840967178344727,0.1553800106048584
30,5000,4,sf,linear_sem,16,Standard PC,0.82,0.9318181818181818,0.7321428571428571,18.0,9739,9304,11263,0.9393026828765869,0.898047685623169,0.04125499725341797
30,5000,4,sf,linear_sem,16,DF-PC (Pure),0.8118811881188118,0.9111111111111111,0.7321428571428571,19.0,3812,3377,11670,0.5478231906890869,0.40586090087890625,0.14196228981018066
30,5000,4,sf,linear_sem,17,Standard PC,0.6666666666666666,0.9032258064516129,0.5283018867924528,28.0,4874,4439,6868,0.6896927356719971,0.6549882888793945,0.03470444679260254
30,5000,4,sf,linear_sem,17,DF-PC (Pure),0.6823529411764705,0.90625,0.5471698113207547,27.0,3411,2976,7044,0.5727641582489014,0.45917296409606934,0.11359119415283203
30,5000,4,sf,linear_sem,18,Standard PC,0.7777777777777778,0.8974358974358975,0.6862745098039216,20.0,5098,4663,6374,0.7132492065429688,0.67899489402771,0.03425431251525879
30,5000,4,sf,linear_sem,18,DF-PC (Pure),0.7777777777777778,0.8974358974358975,0.6862745098039216,20.0,2284,1849,6431,0.50174880027771,0.3785097599029541,0.12323904037475586
30,5000,4,sf,linear_sem,19,Standard PC,0.6666666666666666,0.775,0.5849056603773585,31.0,9241,8806,10764,1.309295654296875,1.259333610534668,0.04996204376220703
30,5000,4,sf,linear_sem,19,DF-PC (Pure),0.6666666666666666,0.775,0.5849056603773585,31.0,5108,4673,11611,0.6655361652374268,0.4886186122894287,0.17691755294799805
30,5000,4,sf,linear_sem,20,Standard PC,0.8372093023255814,0.9230769230769231,0.7659574468085106,14.0,7299,6864,8466,0.7083935737609863,0.6766865253448486,0.031707048416137695
30,5000,4,sf,linear_sem,20,DF-PC (Pure),0.8372093023255814,0.9230769230769231,0.7659574468085106,14.0,2581,2146,8499,0.39745521545410156,0.2938709259033203,0.10358428955078125
30,5000,4,sf,linear_sem,21,Standard PC,0.66,0.7021276595744681,0.6226415094339622,34.0,18733,18298,20104,2.6916427612304688,2.5943329334259033,0.09730982780456543
30,5000,4,sf,linear_sem,21,DF-PC (Pure),0.68,0.723404255319149,0.6415094339622641,32.0,3360,2925,20461,1.4123156070709229,0.4458580017089844,0.9664576053619385
30,5000,4,sf,linear_sem,22,Standard PC,0.8260869565217392,0.95,0.7307692307692307,16.0,4460,4025,5872,0.6178731918334961,0.586296558380127,0.03157663345336914
30,5000,4,sf,linear_sem,22,DF-PC (Pure),0.8260869565217392,0.95,0.7307692307692307,16.0,2593,2158,5872,0.4370718002319336,0.3395819664001465,0.09748983383178711
30,5000,4,sf,linear_sem,23,Standard PC,0.7529411764705882,0.9411764705882353,0.6274509803921569,21.0,6537,6102,8060,0.8888838291168213,0.8481194972991943,0.04076433181762695
30,5000,4,sf,linear_sem,23,DF-PC (Pure),0.7816091954022987,0.9444444444444444,0.6666666666666666,19.0,3954,3519,8237,0.588836669921875,0.42380213737487793,0.16503453254699707
30,5000,4,sf,linear_sem,24,Standard PC,0.7659574468085106,0.8780487804878049,0.6792452830188679,22.0,11778,11343,13375,1.6055607795715332,1.5375993251800537,0.06796145439147949
30,5000,4,sf,linear_sem,24,DF-PC (Pure),0.7659574468085106,0.8780487804878049,0.6792452830188679,22.0,4338,3903,13707,1.178431510925293,0.6834299564361572,0.49500155448913574
30,5000,4,sf,linear_sem,25,Standard PC,0.7317073170731708,0.9090909090909091,0.6122448979591837,22.0,4813,4378,5927,0.5353052616119385,0.5121846199035645,0.023120641708374023
30,5000,4,sf,linear_sem,25,DF-PC (Pure),0.7228915662650602,0.8823529411764706,0.6122448979591837,23.0,2446,2011,6159,0.30207085609436035,0.23292899131774902,0.06914186477661133
30,5000,4,sf,linear_sem,26,Standard PC,0.6666666666666667,0.8333333333333334,0.5555555555555556,30.0,6560,6125,7822,0.6463639736175537,0.6163747310638428,0.029989242553710938
30,5000,4,sf,linear_sem,26,DF-PC (Pure),0.6739130434782609,0.8157894736842105,0.5740740740740741,30.0,3867,3432,8491,0.5083775520324707,0.3762245178222656,0.13215303421020508
30,5000,4,sf,linear_sem,27,Standard PC,0.8431372549019608,0.9347826086956522,0.7678571428571429,16.0,7856,7421,9508,1.159574270248413,1.1096577644348145,0.04991650581359863
30,5000,4,sf,linear_sem,27,DF-PC (Pure),0.8431372549019608,0.9347826086956522,0.7678571428571429,16.0,4321,3886,9508,0.6624553203582764,0.4982576370239258,0.16419768333435059
30,5000,4,sf,linear_sem,28,Standard PC,0.8571428571428571,0.9512195121951219,0.78,13.0,11182,10747,12184,1.8958556652069092,1.8228297233581543,0.07302594184875488
30,5000,4,sf,linear_sem,28,DF-PC (Pure),0.8387096774193548,0.9069767441860465,0.78,15.0,6426,5991,17346,1.457021951675415,0.9379391670227051,0.51908278465271
30,5000,4,sf,linear_sem,29,Standard PC,0.8045977011494254,0.9459459459459459,0.7,17.0,6331,5896,7370,0.896019697189331,0.8602066040039062,0.035813093185424805
30,5000,4,sf,linear_sem,29,DF-PC (Pure),0.8045977011494254,0.9459459459459459,0.7,17.0,2482,2047,7370,0.3233010768890381,0.2302098274230957,0.09309124946594238
30,10000,2,er,discrete,0,Standard PC,0.888888888888889,1.0,0.8,6.0,557,122,997,0.11258888244628906,0.1045525074005127,0.008036375045776367
30,10000,2,er,discrete,0,DF-PC (Pure),0.896551724137931,0.9285714285714286,0.8666666666666667,6.0,441,6,1030,0.08431386947631836,0.0737757682800293,0.010538101196289062
30,10000,2,er,discrete,1,Standard PC,0.7755102040816326,1.0,0.6333333333333333,11.0,517,82,955,0.1052544116973877,0.09754800796508789,0.007706403732299805
30,10000,2,er,discrete,1,DF-PC (Pure),0.8148148148148148,0.9166666666666666,0.7333333333333333,10.0,438,3,976,0.08767080307006836,0.07743191719055176,0.010238885879516602
30,10000,2,er,discrete,2,Standard PC,0.846153846153846,1.0,0.7333333333333333,8.0,542,107,986,0.10789871215820312,0.10008668899536133,0.007812023162841797
30,10000,2,er,discrete,2,DF-PC (Pure),0.8421052631578948,0.8888888888888888,0.8,9.0,444,9,1043,0.087738037109375,0.07703375816345215,0.010704278945922852
30,10000,2,er,discrete,3,Standard PC,0.8,1.0,0.6666666666666666,10.0,559,124,999,0.10966014862060547,0.10204291343688965,0.00761723518371582
30,10000,2,er,discrete,3,DF-PC (Pure),0.8620689655172413,0.8928571428571429,0.8333333333333334,8.0,441,6,1054,0.08976960182189941,0.07870650291442871,0.011063098907470703
30,10000,2,er,discrete,4,Standard PC,0.9655172413793104,1.0,0.9333333333333333,2.0,570,135,1012,0.1181483268737793,0.10969972610473633,0.008448600769042969
30,10000,2,er,discrete,4,DF-PC (Pure),0.9333333333333333,0.9333333333333333,0.9333333333333333,4.0,444,9,1025,0.08609938621520996,0.0754239559173584,0.010675430297851562
30,10000,2,er,discrete,5,Standard PC,0.8679245283018869,1.0,0.7666666666666667,7.0,639,204,1084,0.12746334075927734,0.11926722526550293,0.008196115493774414
30,10000,2,er,discrete,5,DF-PC (Pure),0.9180327868852459,0.9032258064516129,0.9333333333333333,5.0,447,12,1286,0.08735871315002441,0.07422375679016113,0.013134956359863281
30,10000,2,er,discrete,6,Standard PC,0.888888888888889,1.0,0.8,6.0,575,140,1025,0.1150045394897461,0.10690736770629883,0.008097171783447266
30,10000,2,er,discrete,6,DF-PC (Pure),0.9310344827586207,0.9642857142857143,0.9,4.0,463,28,1098,0.09180378913879395,0.08037018775939941,0.011433601379394531
30,10000,2,er,discrete,7,Standard PC,0.9090909090909091,1.0,0.8333333333333334,5.0,593,158,1040,0.12192153930664062,0.11370587348937988,0.008215665817260742
30,10000,2,er,discrete,7,DF-PC (Pure),0.8749999999999999,0.8235294117647058,0.9333333333333333,8.0,450,15,1174,0.0892496109008789,0.07731127738952637,0.011938333511352539
30,10000,2,er,discrete,8,Standard PC,0.7499999999999999,1.0,0.6,12.0,556,121,993,0.16745686531066895,0.1559908390045166,0.011466026306152344
30,10000,2,er,discrete,8,DF-PC (Pure),0.7636363636363636,0.84,0.7,13.0,438,3,1115,0.12561893463134766,0.1077280044555664,0.01789093017578125
30,10000,2,er,discrete,9,Standard PC,0.9090909090909091,1.0,0.8333333333333334,5.0,727,292,1176,0.15558433532714844,0.14676284790039062,0.008821487426757812
30,10000,2,er,discrete,9,DF-PC (Pure),0.8484848484848485,0.7777777777777778,0.9333333333333333,10.0,452,17,1559,0.09523344039916992,0.07762336730957031,0.01761007308959961
30,10000,2,er,discrete,10,Standard PC,0.9090909090909091,1.0,0.8333333333333334,5.0,616,181,1056,0.12703680992126465,0.11871743202209473,0.008319377899169922
30,10000,2,er,discrete,10,DF-PC (Pure),0.9354838709677419,0.90625,0.9666666666666667,4.0,441,6,1156,0.08752226829528809,0.07578802108764648,0.011734247207641602
30,10000,2,er,discrete,11,Standard PC,0.7843137254901961,0.9523809523809523,0.6666666666666666,11.0,537,102,977,0.10525727272033691,0.09763836860656738,0.007618904113769531
30,10000,2,er,discrete,11,DF-PC (Pure),0.8363636363636363,0.92,0.7666666666666667,9.0,440,5,991,0.08270502090454102,0.07250165939331055,0.010203361511230469
30,10000,2,er,discrete,12,Standard PC,0.888888888888889,1.0,0.8,6.0,686,251,1129,0.2231152057647705,0.21019458770751953,0.012920618057250977
30,10000,2,er,discrete,12,DF-PC (Pure),0.8333333333333334,0.8333333333333334,0.8333333333333334,10.0,447,12,1239,0.1342787742614746,0.1124119758605957,0.021866798400878906
30,10000,2,er,discrete,13,Standard PC,0.888888888888889,1.0,0.8,6.0,625,190,1065,0.13027739524841309,0.1217184066772461,0.008558988571166992
30,10000,2,er,discrete,13,DF-PC (Pure),0.8923076923076922,0.8285714285714286,0.9666666666666667,7.0,441,6,1209,0.08475995063781738,0.07280087471008301,0.011959075927734375
30,10000,2,er,discrete,14,Standard PC,0.846153846153846,1.0,0.7333333333333333,8.0,515,80,956,0.14917922019958496,0.13791203498840332,0.01126718521118164
30,10000,2,er,discrete,14,DF-PC (Pure),0.9285714285714286,1.0,0.8666666666666667,4.0,441,6,1019,0.12483048439025879,0.10817384719848633,0.01665663719177246
30,10000,2,er,discrete,15,Standard PC,0.846153846153846,1.0,0.7333333333333333,8.0,608,173,1052,0.189467191696167,0.1774437427520752,0.012023448944091797
30,10000,2,er,discrete,15,DF-PC (Pure),0.847457627118644,0.8620689655172413,0.8333333333333334,9.0,444,9,1106,0.11224532127380371,0.09915614128112793,0.013089179992675781
30,10000,2,er,discrete,16,Standard PC,0.8679245283018869,1.0,0.7666666666666667,7.0,581,146,1022,0.12250590324401855,0.11413764953613281,0.008368253707885742
30,10000,2,er,discrete,16,DF-PC (Pure),0.90625,0.8529411764705882,0.9666666666666667,6.0,441,6,1417,0.09293746948242188,0.07725811004638672,0.015679359436035156
30,10000,2,er,discrete,17,Standard PC,0.8235294117647058,1.0,0.7,9.0,541,106,978,0.16644978523254395,0.1544811725616455,0.011968612670898438
30,10000,2,er,discrete,17,DF-PC (Pure),0.8771929824561403,0.9259259259259259,0.8333333333333334,7.0,438,3,1006,0.11780285835266113,0.10521841049194336,0.012584447860717773
30,10000,2,er,discrete,18,Standard PC,0.8,1.0,0.6666666666666666,10.0,799,364,1244,0.17545080184936523,0.16637444496154785,0.009076356887817383
30,10000,2,er,discrete,18,DF-PC (Pure),0.8000000000000002,0.8,0.8,12.0,447,12,1581,0.0946958065032959,0.07677602767944336,0.01791977882385254
30,10000,2,er,discrete,19,Standard PC,0.888888888888889,1.0,0.8,6.0,587,152,1025,0.12072205543518066,0.11257076263427734,0.00815129280090332
30,10000,2,er,discrete,19,DF-PC (Pure),0.9333333333333333,0.9333333333333333,0.9333333333333333,4.0,438,3,1109,0.08400917053222656,0.07287001609802246,0.011139154434204102
30,10000,2,er,discrete,20,Standard PC,0.8076923076923077,0.9545454545454546,0.7,10.0,544,109,981,0.15282368659973145,0.14147734642028809,0.01134634017944336
30,10000,2,er,discrete,20,DF-PC (Pure),0.7796610169491527,0.7931034482758621,0.7666666666666667,13.0,438,3,1002,0.12827229499816895,0.11161994934082031,0.016652345657348633
30,10000,2,er,discrete,21,Standard PC,0.8679245283018869,1.0,0.7666666666666667,7.0,649,214,1102,0.1410813331604004,0.13173937797546387,0.009341955184936523
30,10000,2,er,discrete,21,DF-PC (Pure),0.8125,0.7647058823529411,0.8666666666666667,12.0,467,32,1273,0.09637784957885742,0.0823979377746582,0.013979911804199219
30,10000,2,er,discrete,22,Standard PC,0.846153846153846,1.0,0.7333333333333333,8.0,507,72,954,0.10358810424804688,0.09573078155517578,0.007857322692871094
30,10000,2,er,discrete,22,DF-PC (Pure),0.8363636363636363,0.92,0.7666666666666667,9.0,447,12,959,0.0916144847869873,0.08117556571960449,0.010438919067382812
30,10000,2,er,discrete,23,Standard PC,0.888888888888889,1.0,0.8,6.0,567,132,1013,0.1194159984588623,0.11077260971069336,0.008643388748168945
30,10000,2,er,discrete,23,DF-PC (Pure),0.8813559322033899,0.896551724137931,0.8666666666666667,7.0,461,26,1071,0.09222674369812012,0.08101725578308105,0.011209487915039062
30,10000,2,er,discrete,24,Standard PC,0.9310344827586207,0.9642857142857143,0.9,4.0,579,144,1023,0.11625409126281738,0.10815262794494629,0.008101463317871094
30,10000,2,er,discrete,24,DF-PC (Pure),0.888888888888889,0.8484848484848485,0.9333333333333333,7.0,447,12,1055,0.08733558654785156,0.07648491859436035,0.010850667953491211
30,10000,2,er,discrete,25,Standard PC,0.9090909090909091,1.0,0.8333333333333334,5.0,562,127,1000,0.10930109024047852,0.10141181945800781,0.007889270782470703
30,10000,2,er,discrete,25,DF-PC (Pure),0.8852459016393444,0.8709677419354839,0.9,7.0,438,3,1075,0.08337879180908203,0.0709683895111084,0.012410402297973633
30,10000,2,er,discrete,26,Standard PC,0.9285714285714286,1.0,0.8666666666666667,4.0,560,125,998,0.11280369758605957,0.10487651824951172,0.007927179336547852
30,10000,2,er,discrete,26,DF-PC (Pure),0.983050847457627,1.0,0.9666666666666667,1.0,438,3,1047,0.08495020866394043,0.0742332935333252,0.010716915130615234
30,10000,2,er,discrete,27,Standard PC,0.9491525423728815,0.9655172413793104,0.9333333333333333,3.0,693,258,1149,0.14265894889831543,0.13409876823425293,0.0085601806640625
30,10000,2,er,discrete,27,DF-PC (Pure),0.9090909090909091,0.8333333333333334,1.0,6.0,468,33,1355,0.0931403636932373,0.07921433448791504,0.013926029205322266
30,10000,2,er,discrete,28,Standard PC,0.9090909090909091,1.0,0.8333333333333334,5.0,565,130,1000,0.11642169952392578,0.10813069343566895,0.008291006088256836
30,10000,2,er,discrete,28,DF-PC (Pure),0.9152542372881356,0.9310344827586207,0.9,5.0,435,0,1023,0.08517670631408691,0.07461690902709961,0.010559797286987305
30,10000,2,er,discrete,29,Standard PC,0.6956521739130436,1.0,0.5333333333333333,14.0,506,71,941,0.09787440299987793,0.09062528610229492,0.007249116897583008
30,10000,2,er,discrete,29,DF-PC (Pure),0.7169811320754716,0.8260869565217391,0.6333333333333333,15.0,435,0,1001,0.08356857299804688,0.07343745231628418,0.010131120681762695
30,10000,2,er,linear_sem,0,Standard PC,0.983050847457627,1.0,0.9666666666666667,1.0,1590,1155,2466,0.15865778923034668,0.14754605293273926,0.011111736297607422
30,10000,2,er,linear_sem,0,DF-PC (Pure),0.90625,0.8529411764705882,0.9666666666666667,6.0,1020,585,2559,0.11620950698852539,0.09430623054504395,0.021903276443481445
30,10000,2,er,linear_sem,1,Standard PC,1.0,1.0,1.0,0.0,1835,1400,2595,0.17925667762756348,0.16771364212036133,0.011543035507202148
30,10000,2,er,linear_sem,1,DF-PC (Pure),1.0,1.0,1.0,0.0,1099,664,2595,0.16797447204589844,0.10105538368225098,0.06691908836364746
30,10000,2,er,linear_sem,2,Standard PC,0.9666666666666667,0.9666666666666667,0.9666666666666667,2.0,1530,1095,2439,0.15725946426391602,0.14603090286254883,0.011228561401367188
30,10000,2,er,linear_sem,2,DF-PC (Pure),0.9508196721311476,0.9354838709677419,0.9666666666666667,3.0,1146,711,2456,0.14014196395874023,0.11502909660339355,0.02511286735534668
30,10000,2,er,linear_sem,3,Standard PC,1.0,1.0,1.0,0.0,1533,1098,2318,0.22517633438110352,0.2114708423614502,0.01370549201965332
30,10000,2,er,linear_sem,3,DF-PC (Pure),1.0,1.0,1.0,0.0,948,513,2330,0.11404681205749512,0.09244465827941895,0.021602153778076172
30,10000,2,er,linear_sem,4,Standard PC,1.0,1.0,1.0,0.0,1026,591,1660,0.10471963882446289,0.09563899040222168,0.009080648422241211
30,10000,2,er,linear_sem,4,DF-PC (Pure),0.9523809523809523,0.9090909090909091,1.0,3.0,741,306,1738,0.08182430267333984,0.06626605987548828,0.015558242797851562
30,10000,2,er,linear_sem,5,Standard PC,0.983050847457627,1.0,0.9666666666666667,1.0,1764,1329,2797,0.17393732070922852,0.16205096244812012,0.011886358261108398
30,10000,2,er,linear_sem,5,DF-PC (Pure),0.983050847457627,1.0,0.9666666666666667,1.0,1294,859,2797,0.14536190032958984,0.12012481689453125,0.025237083435058594
30,10000,2,er,linear_sem,6,Standard PC,0.9473684210526316,1.0,0.9,3.0,1766,1331,2825,0.17252039909362793,0.16054868698120117,0.011971712112426758
30,10000,2,er,linear_sem,6,DF-PC (Pure),0.9473684210526316,1.0,0.9,3.0,1370,935,2825,0.14884352684020996,0.12337255477905273,0.025470972061157227
30,10000,2,er,linear_sem,7,Standard PC,1.0,1.0,1.0,0.0,1499,1064,2554,0.1509385108947754,0.13963866233825684,0.011299848556518555
30,10000,2,er,linear_sem,7,DF-PC (Pure),0.967741935483871,0.9375,1.0,2.0,1140,705,2579,0.1362907886505127,0.11375689506530762,0.022533893585205078
30,10000,2,er,linear_sem,8,Standard PC,0.9491525423728815,0.9655172413793104,0.9333333333333333,3.0,1591,1156,2432,0.16431307792663574,0.15279150009155273,0.011521577835083008
30,10000,2,er,linear_sem,8,DF-PC (Pure),0.9180327868852459,0.9032258064516129,0.9333333333333333,5.0,1105,670,2438,0.12872934341430664,0.10547018051147461,0.02325916290283203
30,10000,2,er,linear_sem,9,Standard PC,0.983050847457627,1.0,0.9666666666666667,1.0,2201,1766,3424,0.21581196784973145,0.20172381401062012,0.014088153839111328
30,10000,2,er,linear_sem,9,DF-PC (Pure),0.9666666666666667,0.9666666666666667,0.9666666666666667,2.0,1711,1276,3456,0.18973755836486816,0.15513920783996582,0.034598350524902344
30,10000,2,er,linear_sem,10,Standard PC,0.9354838709677419,0.90625,0.9666666666666667,4.0,2183,1748,3421,0.30923032760620117,0.2888460159301758,0.02038431167602539
30,10000,2,er,linear_sem,10,DF-PC (Pure),0.9354838709677419,0.90625,0.9666666666666667,4.0,1610,1175,3423,0.25931572914123535,0.21029186248779297,0.04902386665344238
30,10000,2,er,linear_sem,11,Standard PC,0.8813559322033899,0.896551724137931,0.8666666666666667,7.0,1899,1464,3086,0.1888890266418457,0.17609238624572754,0.012796640396118164
30,10000,2,er,linear_sem,11,DF-PC (Pure),0.8524590163934426,0.8387096774193549,0.8666666666666667,9.0,1408,973,3110,0.15610885620117188,0.12948083877563477,0.02662801742553711
30,10000,2,er,linear_sem,12,Standard PC,0.9491525423728815,0.9655172413793104,0.9333333333333333,3.0,2363,1928,3890,0.23440217971801758,0.21961164474487305,0.014790534973144531
30,10000,2,er,linear_sem,12,DF-PC (Pure),0.9491525423728815,0.9655172413793104,0.9333333333333333,3.0,1978,1543,3937,0.21783924102783203,0.18143153190612793,0.0364077091217041
30,10000,2,er,linear_sem,13,Standard PC,0.983050847457627,1.0,0.9666666666666667,1.0,1964,1529,3419,0.1932816505432129,0.17986392974853516,0.013417720794677734
30,10000,2,er,linear_sem,13,DF-PC (Pure),0.9666666666666667,0.9666666666666667,0.9666666666666667,2.0,1645,1210,3431,0.17989444732666016,0.1511068344116211,0.028787612915039062
30,10000,2,er,linear_sem,14,Standard PC,1.0,1.0,1.0,0.0,1403,968,2047,0.13896393775939941,0.1287989616394043,0.010164976119995117
30,10000,2,er,linear_sem,14,DF-PC (Pure),0.9836065573770492,0.967741935483871,1.0,1.0,894,459,2066,0.10110616683959961,0.08145284652709961,0.0196533203125
30,10000,2,er,linear_sem,15,Standard PC,0.8571428571428571,0.9230769230769231,0.8,8.0,2213,1778,3544,0.3120119571685791,0.2914707660675049,0.02054119110107422
30,10000,2,er,linear_sem,15,DF-PC (Pure),0.8421052631578948,0.8888888888888888,0.8,9.0,1786,1351,3562,0.28403472900390625,0.23208379745483398,0.051950931549072266
30,10000,2,er,linear_sem,16,Standard PC,0.9473684210526316,1.0,0.9,3.0,1846,1411,2871,0.19185519218444824,0.17911696434020996,0.012738227844238281
30,10000,2,er,linear_sem,16,DF-PC (Pure),0.9310344827586207,0.9642857142857143,0.9,4.0,1331,896,2930,0.19617533683776855,0.15767383575439453,0.03850150108337402
30,10000,2,er,linear_sem,17,Standard PC,1.0,1.0,1.0,0.0,1023,588,1674,0.10439062118530273,0.09548234939575195,0.008908271789550781
30,10000,2,er,linear_sem,17,DF-PC (Pure),0.9836065573770492,0.967741935483871,1.0,1.0,731,296,1691,0.0824577808380127,0.0676424503326416,0.014815330505371094
30,10000,2,er,linear_sem,18,Standard PC,0.983050847457627,1.0,0.9666666666666667,1.0,3895,3460,5842,0.3794994354248047,0.35816431045532227,0.021335124969482422
30,10000,2,er,linear_sem,18,DF-PC (Pure),0.9666666666666667,0.9666666666666667,0.9666666666666667,2.0,3117,2682,5993,0.4179084300994873,0.35208845138549805,0.06581997871398926
30,10000,2,er,linear_sem,19,Standard PC,1.0,1.0,1.0,0.0,1967,1532,2903,0.19326043128967285,0.18065428733825684,0.012606143951416016
30,10000,2,er,linear_sem,19,DF-PC (Pure),0.9836065573770492,0.967741935483871,1.0,1.0,1357,922,2925,0.15294909477233887,0.12432384490966797,0.0286252498626709
30,10000,2,er,linear_sem,20,Standard PC,0.983050847457627,1.0,0.9666666666666667,1.0,1359,924,2079,0.19191241264343262,0.17678380012512207,0.015128612518310547
30,10000,2,er,linear_sem,20,DF-PC (Pure),0.983050847457627,1.0,0.9666666666666667,1.0,840,405,2079,0.13760781288146973,0.10847234725952148,0.029135465621948242
30,10000,2,er,linear_sem,21,Standard PC,0.9655172413793104,1.0,0.9333333333333333,2.0,2354,1919,3943,0.23130154609680176,0.21628570556640625,0.015015840530395508
30,10000,2,er,linear_sem,21,DF-PC (Pure),0.9655172413793104,1.0,0.9333333333333333,2.0,1944,1509,3943,0.20987272262573242,0.176253080368042,0.03361964225769043
30,10000,2,er,linear_sem,22,Standard PC,0.983050847457627,1.0,0.9666666666666667,1.0,1363,928,2022,0.13454437255859375,0.12464594841003418,0.00989842414855957
30,10000,2,er,linear_sem,22,DF-PC (Pure),0.983050847457627,1.0,0.9666666666666667,1.0,812,377,2022,0.09262919425964355,0.07419037818908691,0.01843881607055664
30,10000,2,er,linear_sem,23,Standard PC,1.0,1.0,1.0,0.0,1186,751,1974,0.12041711807250977,0.11060237884521484,0.009814739227294922
30,10000,2,er,linear_sem,23,DF-PC (Pure),0.9836065573770492,0.967741935483871,1.0,1.0,849,414,1989,0.09563922882080078,0.078582763671875,0.01705646514892578
30,10000,2,er,linear_sem,24,Standard PC,1.0,1.0,1.0,0.0,1132,697,1903,0.16749310493469238,0.15312600135803223,0.014367103576660156
30,10000,2,er,linear_sem,24,DF-PC (Pure),0.9523809523809523,0.9090909090909091,1.0,3.0,847,412,1936,0.13861584663391113,0.11148786544799805,0.027127981185913086
30,10000,2,er,linear_sem,25,Standard PC,1.0,1.0,1.0,0.0,1190,755,1997,0.17284893989562988,0.15807867050170898,0.014770269393920898
30,10000,2,er,linear_sem,25,DF-PC (Pure),0.967741935483871,0.9375,1.0,2.0,912,477,2050,0.14748668670654297,0.11845254898071289,0.029034137725830078
30,10000,2,er,linear_sem,26,Standard PC,0.9491525423728815,0.9655172413793104,0.9333333333333333,3.0,1327,892,2346,0.13646888732910156,0.12569117546081543,0.010777711868286133
30,10000,2,er,linear_sem,26,DF-PC (Pure),0.9333333333333333,0.9333333333333333,0.9333333333333333,4.0,1050,615,2366,0.11843514442443848,0.09889936447143555,0.01953577995300293
30,10000,2,er,linear_sem,27,Standard PC,0.983050847457627,1.0,0.9666666666666667,1.0,1277,842,2179,0.12821722030639648,0.11804890632629395,0.010168313980102539
30,10000,2,er,linear_sem,27,DF-PC (Pure),0.9508196721311476,0.9354838709677419,0.9666666666666667,3.0,1001,566,2198,0.11007237434387207,0.09121584892272949,0.018856525421142578
30,10000,2,er,linear_sem,28,Standard PC,0.983050847457627,1.0,0.9666666666666667,1.0,1645,1210,2736,0.19200563430786133,0.17761588096618652,0.014389753341674805
30,10000,2,er,linear_sem,28,DF-PC (Pure),0.9666666666666667,0.9666666666666667,0.9666666666666667,2.0,1291,856,2754,0.1424870491027832,0.1181344985961914,0.024352550506591797
30,10000,2,er,linear_sem,29,Standard PC,1.0,1.0,1.0,0.0,1349,914,1995,0.1923825740814209,0.1771996021270752,0.015182971954345703
30,10000,2,er,linear_sem,29,DF-PC (Pure),0.967741935483871,0.9375,1.0,2.0,774,339,2002,0.09462714195251465,0.07617902755737305,0.0184481143951416
30,10000,2,sf,discrete,0,Standard PC,0.6,0.9230769230769231,0.4444444444444444,16.0,479,44,914,0.08848071098327637,0.08157825469970703,0.006902456283569336
30,10000,2,sf,discrete,0,DF-PC (Pure),0.6190476190476191,0.8666666666666667,0.48148148148148145,16.0,435,0,920,0.07949972152709961,0.07037925720214844,0.009120464324951172
30,10000,2,sf,discrete,1,Standard PC,0.6666666666666667,0.9375,0.5172413793103449,15.0,474,39,909,0.0914609432220459,0.08443784713745117,0.0070230960845947266
30,10000,2,sf,discrete,1,DF-PC (Pure),0.6382978723404256,0.8333333333333334,0.5172413793103449,17.0,435,0,927,0.08417463302612305,0.074493408203125,0.009681224822998047
30,10000,2,sf,discrete,2,Standard PC,0.5128205128205129,1.0,0.3448275862068966,19.0,456,21,894,0.08553409576416016,0.07883334159851074,0.006700754165649414
30,10000,2,sf,discrete,2,DF-PC (Pure),0.5499999999999999,1.0,0.3793103448275862,18.0,438,3,908,0.08366918563842773,0.07443523406982422,0.009233951568603516
30,10000,2,sf,discrete,3,Standard PC,0.6190476190476191,1.0,0.4482758620689655,16.0,463,28,901,0.08624696731567383,0.07940816879272461,0.006838798522949219
30,10000,2,sf,discrete,3,DF-PC (Pure),0.5531914893617021,0.7222222222222222,0.4482758620689655,21.0,438,3,928,0.08154654502868652,0.07218265533447266,0.009363889694213867
30,10000,2,sf,discrete,4,Standard PC,0.5128205128205129,0.9090909090909091,0.35714285714285715,19.0,451,16,886,0.08362102508544922,0.07680153846740723,0.006819486618041992
30,10000,2,sf,discrete,4,DF-PC (Pure),0.46511627906976744,0.6666666666666666,0.35714285714285715,23.0,435,0,894,0.08073997497558594,0.07169008255004883,0.00904989242553711
30,10000,2,sf,discrete,5,Standard PC,0.6046511627906977,0.9285714285714286,0.4482758620689655,17.0,459,24,897,0.08922362327575684,0.08209896087646484,0.007124662399291992
30,10000,2,sf,discrete,5,DF-PC (Pure),0.608695652173913,0.8235294117647058,0.4827586206896552,18.0,438,3,904,0.0850057601928711,0.07545733451843262,0.009548425674438477
30,10000,2,sf,discrete,6,Standard PC,0.6341463414634146,1.0,0.4642857142857143,15.0,465,30,905,0.08517003059387207,0.07839083671569824,0.006779193878173828
30,10000,2,sf,discrete,6,DF-PC (Pure),0.6222222222222222,0.8235294117647058,0.5,17.0,441,6,933,0.08249258995056152,0.07299566268920898,0.009496927261352539
30,10000,2,sf,discrete,7,Standard PC,0.5294117647058825,0.9,0.375,16.0,468,33,906,0.08811545372009277,0.08123660087585449,0.006878852844238281
30,10000,2,sf,discrete,7,DF-PC (Pure),0.5116279069767442,0.5789473684210527,0.4583333333333333,21.0,438,3,916,0.08350014686584473,0.0738983154296875,0.009601831436157227
30,10000,2,sf,discrete,8,Standard PC,0.5365853658536585,0.8461538461538461,0.39285714285714285,19.0,482,47,920,0.09022760391235352,0.0832071304321289,0.007020473480224609
30,10000,2,sf,discrete,8,DF-PC (Pure),0.5217391304347826,0.6666666666666666,0.42857142857142855,22.0,438,3,953,0.11955928802490234,0.10460519790649414,0.014954090118408203
30,10000,2,sf,discrete,9,Standard PC,0.4615384615384615,0.9,0.3103448275862069,21.0,466,31,903,0.08596301078796387,0.07939672470092773,0.006566286087036133
30,10000,2,sf,discrete,9,DF-PC (Pure),0.4782608695652174,0.6470588235294118,0.3793103448275862,24.0,438,3,915,0.08271002769470215,0.07332229614257812,0.009387731552124023
30,10000,2,sf,discrete,10,Standard PC,0.5365853658536586,0.9166666666666666,0.3793103448275862,19.0,456,21,891,0.08664894104003906,0.07975244522094727,0.006896495819091797
30,10000,2,sf,discrete,10,DF-PC (Pure),0.5217391304347826,0.7058823529411765,0.41379310344827586,22.0,435,0,895,0.08275270462036133,0.07333922386169434,0.009413480758666992
30,10000,2,sf,discrete,11,Standard PC,0.32432432432432434,0.75,0.20689655172413793,25.0,464,29,899,0.08672857284545898,0.07993936538696289,0.006789207458496094
30,10000,2,sf,discrete,11,DF-PC (Pure),0.36363636363636365,0.5333333333333333,0.27586206896551724,28.0,435,0,911,0.0812983512878418,0.0721273422241211,0.009171009063720703
30,10000,2,sf,discrete,12,Standard PC,0.5641025641025641,1.0,0.39285714285714285,17.0,456,21,891,0.08502793312072754,0.07822942733764648,0.006798505783081055
30,10000,2,sf,discrete,12,DF-PC (Pure),0.5116279069767441,0.7333333333333333,0.39285714285714285,21.0,435,0,900,0.082122802734375,0.07297348976135254,0.009149312973022461
30,10000,2,sf,discrete,13,Standard PC,0.5499999999999999,1.0,0.3793103448275862,18.0,480,45,917,0.09226465225219727,0.08536005020141602,0.00690460205078125
30,10000,2,sf,discrete,13,DF-PC (Pure),0.5,0.7333333333333333,0.3793103448275862,22.0,438,3,937,0.08342289924621582,0.07404422760009766,0.009378671646118164
30,10000,2,sf,discrete,14,Standard PC,0.7391304347826086,1.0,0.5862068965517241,12.0,472,37,910,0.08951544761657715,0.08232426643371582,0.007191181182861328
30,10000,2,sf,discrete,14,DF-PC (Pure),0.7659574468085107,1.0,0.6206896551724138,11.0,438,3,910,0.08225417137145996,0.07280993461608887,0.009444236755371094
30,10000,2,sf,discrete,15,Standard PC,0.7755102040816326,0.95,0.6551724137931034,11.0,513,78,950,0.10575199127197266,0.09821319580078125,0.007538795471191406
30,10000,2,sf,discrete,15,DF-PC (Pure),0.7169811320754716,0.7916666666666666,0.6551724137931034,15.0,438,3,952,0.08396339416503906,0.07448935508728027,0.009474039077758789
30,10000,2,sf,discrete,16,Standard PC,0.7111111111111111,1.0,0.5517241379310345,13.0,513,78,953,0.10124754905700684,0.0936281681060791,0.007619380950927734
30,10000,2,sf,discrete,16,DF-PC (Pure),0.7636363636363636,0.8076923076923077,0.7241379310344828,13.0,441,6,1006,0.08650994300842285,0.0758674144744873,0.010642528533935547
30,10000,2,sf,discrete,17,Standard PC,0.6818181818181819,1.0,0.5172413793103449,14.0,480,45,915,0.1442558765411377,0.13265776634216309,0.01159811019897461
30,10000,2,sf,discrete,17,DF-PC (Pure),0.6530612244897959,0.8,0.5517241379310345,17.0,435,0,949,0.1279914379119873,0.1119236946105957,0.0160677433013916
30,10000,2,sf,discrete,18,Standard PC,0.6976744186046512,0.9375,0.5555555555555556,13.0,481,46,916,0.09364461898803711,0.08624792098999023,0.007396697998046875
30,10000,2,sf,discrete,18,DF-PC (Pure),0.6956521739130435,0.8421052631578947,0.5925925925925926,14.0,435,0,942,0.08331966400146484,0.0734553337097168,0.009864330291748047
30,10000,2,sf,discrete,19,Standard PC,0.6363636363636364,0.9333333333333333,0.4827586206896552,16.0,484,49,919,0.09650301933288574,0.08873248100280762,0.007770538330078125
30,10000,2,sf,discrete,19,DF-PC (Pure),0.5833333333333334,0.7368421052631579,0.4827586206896552,20.0,435,0,942,0.08526992797851562,0.07511186599731445,0.010158061981201172
30,10000,2,sf,discrete,20,Standard PC,0.47619047619047616,0.7692307692307693,0.3448275862068966,22.0,474,39,909,0.09194564819335938,0.08486533164978027,0.0070803165435791016
30,10000,2,sf,discrete,20,DF-PC (Pure),0.4782608695652174,0.6470588235294118,0.3793103448275862,24.0,435,0,919,0.08130621910095215,0.07222127914428711,0.009084939956665039
30,10000,2,sf,discrete,21,Standard PC,0.5714285714285715,0.9230769230769231,0.41379310344827586,18.0,457,22,894,0.08513188362121582,0.07830142974853516,0.006830453872680664
30,10000,2,sf,discrete,21,DF-PC (Pure),0.5454545454545454,0.8,0.41379310344827586,20.0,438,3,898,0.07949423789978027,0.07076740264892578,0.008726835250854492
30,10000,2,sf,discrete,22,Standard PC,0.3636363636363636,1.0,0.2222222222222222,21.0,442,7,877,0.08056306838989258,0.07411479949951172,0.006448268890380859
30,10000,2,sf,discrete,22,DF-PC (Pure),0.4444444444444444,0.8888888888888888,0.2962962962962963,20.0,435,0,881,0.0799412727355957,0.07136392593383789,0.008577346801757812
30,10000,2,sf,discrete,23,Standard PC,0.4615384615384615,0.9,0.3103448275862069,21.0,458,23,893,0.08578372001647949,0.07909250259399414,0.0066912174224853516
30,10000,2,sf,discrete,23,DF-PC (Pure),0.4090909090909091,0.6,0.3103448275862069,26.0,435,0,897,0.08227968215942383,0.07316446304321289,0.009115219116210938
30,10000,2,sf,discrete,24,Standard PC,0.55,0.9166666666666666,0.39285714285714285,18.0,470,35,905,0.08890056610107422,0.0821373462677002,0.0067632198333740234
30,10000,2,sf,discrete,24,DF-PC (Pure),0.4888888888888888,0.6470588235294118,0.39285714285714285,23.0,435,0,923,0.08121585845947266,0.07212495803833008,0.009090900421142578
30,10000,2,sf,discrete,25,Standard PC,0.75,0.9473684210526315,0.6206896551724138,12.0,499,64,937,0.09651827812194824,0.08924722671508789,0.0072710514068603516
30,10000,2,sf,discrete,25,DF-PC (Pure),0.7346938775510204,0.9,0.6206896551724138,13.0,438,3,937,0.08349084854125977,0.07373571395874023,0.009755134582519531
30,10000,2,sf,discrete,26,Standard PC,0.6511627906976745,1.0,0.4827586206896552,15.0,494,59,929,0.09527921676635742,0.08832240104675293,0.006956815719604492
30,10000,2,sf,discrete,26,DF-PC (Pure),0.6808510638297872,0.8888888888888888,0.5517241379310345,15.0,435,0,940,0.08304023742675781,0.07338619232177734,0.009654045104980469
30,10000,2,sf,discrete,27,Standard PC,0.4102564102564103,0.8,0.27586206896551724,23.0,479,44,914,0.09084963798522949,0.0839693546295166,0.006880283355712891
30,10000,2,sf,discrete,27,DF-PC (Pure),0.391304347826087,0.5294117647058824,0.3103448275862069,28.0,435,0,942,0.08064579963684082,0.07126426696777344,0.009381532669067383
30,10000,2,sf,discrete,28,Standard PC,0.6046511627906977,0.9285714285714286,0.4482758620689655,17.0,463,28,901,0.08581757545471191,0.07906985282897949,0.006747722625732422
30,10000,2,sf,discrete,28,DF-PC (Pure),0.5652173913043479,0.7647058823529411,0.4482758620689655,20.0,438,3,910,0.08133482933044434,0.0722801685333252,0.00905466079711914
30,10000,2,sf,discrete,29,Standard PC,0.4210526315789474,0.6153846153846154,0.32,22.0,456,21,891,0.08707904815673828,0.08017420768737793,0.0069048404693603516
30,10000,2,sf,discrete,29,DF-PC (Pure),0.41025641025641024,0.5714285714285714,0.32,23.0,435,0,899,0.08296442031860352,0.07389354705810547,0.009070873260498047
30,10000,2,sf,linear_sem,0,Standard PC,1.0,1.0,1.0,0.0,6041,5606,6574,0.6971249580383301,0.66780686378479,0.02931809425354004
30,10000,2,sf,linear_sem,0,DF-PC (Pure),0.9473684210526316,0.9,1.0,3.0,612,177,6580,0.3103067874908447,0.07868313789367676,0.23162364959716797
30,10000,2,sf,linear_sem,1,Standard PC,0.9642857142857143,1.0,0.9310344827586207,2.0,1145,710,1774,0.11467719078063965,0.10558223724365234,0.009094953536987305
30,10000,2,sf,linear_sem,1,DF-PC (Pure),0.9642857142857143,1.0,0.9310344827586207,2.0,737,302,1774,0.08305215835571289,0.06709432601928711,0.01595783233642578
30,10000,2,sf,linear_sem,2,Standard PC,0.983050847457627,0.9666666666666667,1.0,1.0,7025,6590,7636,0.9863264560699463,0.9478192329406738,0.03850722312927246
30,10000,2,sf,linear_sem,2,DF-PC (Pure),0.9354838709677419,0.8787878787878788,1.0,4.0,3451,3016,7646,0.8673765659332275,0.47235894203186035,0.3950176239013672
30,10000,2,sf,linear_sem,3,Standard PC,1.0,1.0,1.0,0.0,6191,5756,6863,0.9140915870666504,0.8799009323120117,0.03419065475463867
30,10000,2,sf,linear_sem,3,DF-PC (Pure),0.983050847457627,0.9666666666666667,1.0,1.0,6894,6459,13006,1.9389264583587646,1.0009605884552002,0.9379658699035645
30,10000,2,sf,linear_sem,4,Standard PC,1.0,1.0,1.0,0.0,6467,6032,6992,0.6885263919830322,0.6613523960113525,0.027173995971679688
30,10000,2,sf,linear_sem,4,DF-PC (Pure),0.9491525423728813,0.9032258064516129,1.0,3.0,794,359,13029,0.40562963485717773,0.07558798789978027,0.33004164695739746
30,10000,2,sf,linear_sem,5,Standard PC,1.0,1.0,1.0,0.0,2127,1692,2705,0.21109223365783691,0.19836044311523438,0.012731790542602539
30,10000,2,sf,linear_sem,5,DF-PC (Pure),1.0,1.0,1.0,0.0,743,308,2705,0.1020963191986084,0.06820917129516602,0.03388714790344238
30,10000,2,sf,linear_sem,6,Standard PC,0.8333333333333333,1.0,0.7142857142857143,8.0,820,385,1446,0.08591675758361816,0.07803821563720703,0.007878541946411133
30,10000,2,sf,linear_sem,6,DF-PC (Pure),0.8333333333333333,1.0,0.7142857142857143,8.0,697,262,1446,0.07848095893859863,0.06525635719299316,0.013224601745605469
30,10000,2,sf,linear_sem,7,Standard PC,0.9795918367346939,0.96,1.0,1.0,11938,11503,12453,1.3337862491607666,1.2891228199005127,0.044663429260253906
30,10000,2,sf,linear_sem,7,DF-PC (Pure),0.9600000000000001,0.9230769230769231,1.0,2.0,6659,6224,12456,1.1911938190460205,0.7101700305938721,0.48102378845214844
30,10000,2,sf,linear_sem,8,Standard PC,0.7755102040816326,0.9047619047619048,0.6785714285714286,11.0,873,438,1467,0.08792638778686523,0.07984757423400879,0.008078813552856445
30,10000,2,sf,linear_sem,8,DF-PC (Pure),0.7755102040816326,0.9047619047619048,0.6785714285714286,11.0,623,188,1467,0.07141876220703125,0.057369232177734375,0.014049530029296875
30,10000,2,sf,linear_sem,9,Standard PC,1.0,1.0,1.0,0.0,6493,6058,7080,0.6406865119934082,0.6135916709899902,0.02709484100341797
30,10000,2,sf,linear_sem,9,DF-PC (Pure),0.9666666666666666,0.9354838709677419,1.0,2.0,3975,3540,7589,0.6203570365905762,0.3991713523864746,0.22118568420410156
30,10000,2,sf,linear_sem,10,Standard PC,1.0,1.0,1.0,0.0,6962,6527,7489,0.7780189514160156,0.7483234405517578,0.029695510864257812
30,10000,2,sf,linear_sem,10,DF-PC (Pure),0.983050847457627,0.9666666666666667,1.0,1.0,1115,680,7489,0.2687039375305176,0.11255455017089844,0.15614938735961914
30,10000,2,sf,linear_sem,11,Standard PC,0.9491525423728815,0.9333333333333333,0.9655172413793104,3.0,2551,2116,3177,0.24954891204833984,0.23543858528137207,0.014110326766967773
30,10000,2,sf,linear_sem,11,DF-PC (Pure),0.9491525423728815,0.9333333333333333,0.9655172413793104,3.0,1578,1143,3177,0.23178577423095703,0.1623976230621338,0.06938815116882324
30,10000,2,sf,linear_sem,12,Standard PC,0.84,0.9545454545454546,0.75,8.0,1802,1367,2393,0.1793053150177002,0.16802978515625,0.011275529861450195
30,10000,2,sf,linear_sem,12,DF-PC (Pure),0.84,0.9545454545454546,0.75,8.0,1184,749,2393,0.1494767665863037,0.11063432693481445,0.03884243965148926
30,10000,2,sf,linear_sem,13,Standard PC,1.0,1.0,1.0,0.0,3685,3250,4278,0.3696603775024414,0.35178422927856445,0.017876148223876953
30,10000,2,sf,linear_sem,13,DF-PC (Pure),0.9666666666666666,0.9354838709677419,1.0,2.0,892,457,4847,0.16390609741210938,0.08507299423217773,0.07883310317993164
30,10000,2,sf,linear_sem,14,Standard PC,1.0,1.0,1.0,0.0,3266,2831,3869,0.32495546340942383,0.3079679012298584,0.01698756217956543
30,10000,2,sf,linear_sem,14,DF-PC (Pure),0.9666666666666666,0.9354838709677419,1.0,2.0,1923,1488,3891,0.2698709964752197,0.18634033203125,0.08353066444396973
30,10000,2,sf,linear_sem,15,Standard PC,1.0,1.0,1.0,0.0,6030,5595,6567,0.6787738800048828,0.6520535945892334,0.026720285415649414
30,10000,2,sf,linear_sem,15,DF-PC (Pure),0.9508196721311475,0.90625,1.0,3.0,609,174,6595,0.17650198936462402,0.05561709403991699,0.12088489532470703
30,10000,2,sf,linear_sem,16,Standard PC,1.0,1.0,1.0,0.0,1184,749,1805,0.16874098777770996,0.15438365936279297,0.014357328414916992
30,10000,2,sf,linear_sem,16,DF-PC (Pure),0.983050847457627,0.9666666666666667,1.0,1.0,894,459,1943,0.15141749382019043,0.11579036712646484,0.035627126693725586
30,10000,2,sf,linear_sem,17,Standard PC,1.0,1.0,1.0,0.0,6085,5650,6629,0.8781614303588867,0.8429381847381592,0.03522324562072754
30,10000,2,sf,linear_sem,17,DF-PC (Pure),0.983050847457627,0.9666666666666667,1.0,1.0,647,212,6676,0.30820608139038086,0.08433389663696289,0.22387218475341797
30,10000,2,sf,linear_sem,18,Standard PC,0.8750000000000001,1.0,0.7777777777777778,6.0,756,321,1293,0.11026406288146973,0.09870076179504395,0.011563301086425781
30,10000,2,sf,linear_sem,18,DF-PC (Pure),0.8571428571428572,0.9545454545454546,0.7777777777777778,7.0,586,151,1324,0.09413576126098633,0.07477498054504395,0.019360780715942383
30,10000,2,sf,linear_sem,19,Standard PC,0.9259259259259259,1.0,0.8620689655172413,4.0,3154,2719,3786,0.31661176681518555,0.3004775047302246,0.016134262084960938
30,10000,2,sf,linear_sem,19,DF-PC (Pure),0.9090909090909091,0.9615384615384616,0.8620689655172413,5.0,1968,1533,3829,0.2794637680053711,0.19036436080932617,0.08909940719604492
30,10000,2,sf,linear_sem,20,Standard PC,1.0,1.0,1.0,0.0,6375,5940,6928,0.7068343162536621,0.6798262596130371,0.027008056640625
30,10000,2,sf,linear_sem,20,DF-PC (Pure),0.983050847457627,0.9666666666666667,1.0,1.0,1857,1422,6933,0.37668871879577637,0.18922972679138184,0.18745899200439453
30,10000,2,sf,linear_sem,21,Standard PC,0.8627450980392156,1.0,0.7586206896551724,7.0,1177,742,1769,0.12974834442138672,0.12008166313171387,0.009666681289672852
30,10000,2,sf,linear_sem,21,DF-PC (Pure),0.8627450980392156,1.0,0.7586206896551724,7.0,860,425,1769,0.10601639747619629,0.08345198631286621,0.022564411163330078
30,10000,2,sf,linear_sem,22,Standard PC,0.9818181818181818,0.9642857142857143,1.0,1.0,12202,11767,12725,1.289771318435669,1.2426347732543945,0.047136545181274414
30,10000,2,sf,linear_sem,22,DF-PC (Pure),0.9473684210526316,0.9,1.0,3.0,6756,6321,12837,1.1472532749176025,0.6748337745666504,0.47241950035095215
30,10000,2,sf,linear_sem,23,Standard PC,0.9056603773584906,1.0,0.8275862068965517,5.0,3433,2998,4046,0.4810614585876465,0.45662379264831543,0.024437665939331055
30,10000,2,sf,linear_sem,23,DF-PC (Pure),0.888888888888889,0.96,0.8275862068965517,6.0,2129,1694,4051,0.5141429901123047,0.3628706932067871,0.15127229690551758
30,10000,2,sf,linear_sem,24,Standard PC,1.0,1.0,1.0,0.0,6362,5927,6888,0.6972663402557373,0.6699099540710449,0.027356386184692383
30,10000,2,sf,linear_sem,24,DF-PC (Pure),1.0,1.0,1.0,0.0,788,353,6888,0.2092421054840088,0.07341217994689941,0.13582992553710938
30,10000,2,sf,linear_sem,25,Standard PC,0.983050847457627,0.9666666666666667,1.0,1.0,1313,878,2034,0.1367177963256836,0.12628722190856934,0.010430574417114258
30,10000,2,sf,linear_sem,25,DF-PC (Pure),0.983050847457627,0.9666666666666667,1.0,1.0,891,456,2034,0.10665702819824219,0.08614897727966309,0.0205080509185791
30,10000,2,sf,linear_sem,26,Standard PC,1.0,1.0,1.0,0.0,2103,1668,2636,0.20754289627075195,0.19486522674560547,0.012677669525146484
30,10000,2,sf,linear_sem,26,DF-PC (Pure),0.9666666666666666,0.9354838709677419,1.0,2.0,714,279,2640,0.09898972511291504,0.0656881332397461,0.033301591873168945
30,10000,2,sf,linear_sem,27,Standard PC,1.0,1.0,1.0,0.0,3960,3525,4532,0.39683103561401367,0.3778073787689209,0.019023656845092773
30,10000,2,sf,linear_sem,27,DF-PC (Pure),0.983050847457627,0.9666666666666667,1.0,1.0,2333,1898,5098,0.33893918991088867,0.22434139251708984,0.11459779739379883
30,10000,2,sf,linear_sem,28,Standard PC,1.0,1.0,1.0,0.0,6394,5959,6934,0.7937045097351074,0.7605414390563965,0.03316307067871094
30,10000,2,sf,linear_sem,28,DF-PC (Pure),0.9508196721311475,0.90625,1.0,3.0,3382,2947,6952,0.5233719348907471,0.32518696784973145,0.19818496704101562
30,10000,2,sf,linear_sem,29,Standard PC,0.9803921568627451,0.9615384615384616,1.0,1.0,11982,11547,12490,1.3261198997497559,1.2769384384155273,0.049181461334228516
30,10000,2,sf,linear_sem,29,DF-PC (Pure),0.9433962264150945,0.8928571428571429,1.0,3.0,6635,6200,12490,1.1951212882995605,0.7255589962005615,0.469562292098999
30,10000,4,er,discrete,0,Standard PC,0.5365853658536585,1.0,0.36666666666666664,38.0,640,205,1081,0.12792325019836426,0.12011003494262695,0.007813215255737305
30,10000,4,er,discrete,0,DF-PC (Pure),0.6808510638297872,0.9411764705882353,0.5333333333333333,30.0,441,6,1204,0.08275628089904785,0.07117748260498047,0.011578798294067383
30,10000,4,er,discrete,1,Standard PC,0.5,1.0,0.3333333333333333,40.0,675,240,1113,0.14549660682678223,0.13691067695617676,0.008585929870605469
30,10000,4,er,discrete,1,DF-PC (Pure),0.7157894736842105,0.9714285714285714,0.5666666666666667,27.0,438,3,1441,0.09358096122741699,0.07803463935852051,0.015546321868896484
30,10000,4,er,discrete,2,Standard PC,0.6206896551724138,1.0,0.45,33.0,740,305,1189,0.15116214752197266,0.14265894889831543,0.008503198623657227
30,10000,4,er,discrete,2,DF-PC (Pure),0.7647058823529412,0.9285714285714286,0.65,24.0,450,15,1755,0.14288759231567383,0.07334542274475098,0.06954216957092285
30,10000,4,er,discrete,3,Standard PC,0.5365853658536585,1.0,0.36666666666666664,38.0,570,135,1010,0.11636829376220703,0.10863590240478516,0.007732391357421875
30,10000,4,er,discrete,3,DF-PC (Pure),0.631578947368421,0.8571428571428571,0.5,35.0,441,6,1115,0.0858449935913086,0.0748903751373291,0.010954618453979492
30,10000,4,er,discrete,4,Standard PC,0.6516853932584269,1.0,0.48333333333333334,31.0,767,332,1214,0.16606783866882324,0.1564621925354004,0.009605646133422852
30,10000,4,er,discrete,4,DF-PC (Pure),0.78,0.975,0.65,22.0,452,17,1509,0.09154772758483887,0.07587027549743652,0.015677452087402344
30,10000,4,er,discrete,5,Standard PC,0.5365853658536585,1.0,0.36666666666666664,38.0,600,165,1042,0.12042045593261719,0.11242485046386719,0.00799560546875
30,10000,4,er,discrete,5,DF-PC (Pure),0.7021276595744681,0.9705882352941176,0.55,28.0,447,12,1146,0.08710384368896484,0.07551765441894531,0.011586189270019531
30,10000,4,er,discrete,6,Standard PC,0.5813953488372093,0.9615384615384616,0.4166666666666667,36.0,621,186,1062,0.18401813507080078,0.17557454109191895,0.008443593978881836
30,10000,4,er,discrete,6,DF-PC (Pure),0.6304347826086957,0.90625,0.48333333333333334,34.0,441,6,1105,0.08374953269958496,0.07290005683898926,0.010849475860595703
30,10000,4,er,discrete,7,Standard PC,0.5714285714285715,1.0,0.4,36.0,652,217,1090,0.1315617561340332,0.12332701683044434,0.008234739303588867
30,10000,4,er,discrete,7,DF-PC (Pure),0.7083333333333334,0.9444444444444444,0.5666666666666667,28.0,438,3,1314,0.0864095687866211,0.0730290412902832,0.01338052749633789
30,10000,4,er,discrete,8,Standard PC,0.5301204819277108,0.9565217391304348,0.36666666666666664,39.0,697,262,1140,0.14931178092956543,0.14043521881103516,0.008876562118530273
30,10000,4,er,discrete,8,DF-PC (Pure),0.673469387755102,0.868421052631579,0.55,32.0,449,14,1489,0.09438419342041016,0.07793641090393066,0.016447782516479492
30,10000,4,er,discrete,9,Standard PC,0.5882352941176471,1.0,0.4166666666666667,35.0,779,344,1232,0.16590571403503418,0.15668869018554688,0.009217023849487305
30,10000,4,er,discrete,9,DF-PC (Pure),0.7809523809523808,0.9111111111111111,0.6833333333333333,23.0,469,34,2836,0.11863088607788086,0.08156013488769531,0.03707075119018555
30,10000,4,er,discrete,10,Standard PC,0.6046511627906976,1.0,0.43333333333333335,34.0,709,274,1155,0.1523890495300293,0.1433396339416504,0.009049415588378906
30,10000,4,er,discrete,10,DF-PC (Pure),0.7326732673267328,0.9024390243902439,0.6166666666666667,27.0,447,12,1489,0.09048032760620117,0.07517242431640625,0.015307903289794922
30,10000,4,er,discrete,11,Standard PC,0.6813186813186815,1.0,0.5166666666666667,29.0,1109,674,1579,0.40065765380859375,0.38465356826782227,0.016004085540771484
30,10000,4,er,discrete,11,DF-PC (Pure),0.74,0.925,0.6166666666666667,26.0,525,90,1729,0.17634367942810059,0.1442427635192871,0.03210091590881348
30,10000,4,er,discrete,12,Standard PC,0.6363636363636364,1.0,0.4666666666666667,32.0,1746,1311,2218,0.4580197334289551,0.44321370124816895,0.014806032180786133
30,10000,4,er,discrete,12,DF-PC (Pure),0.7346938775510204,0.9473684210526315,0.6,26.0,701,266,3297,0.2094583511352539,0.15700840950012207,0.052449941635131836
30,10000,4,er,discrete,13,Standard PC,0.6363636363636364,1.0,0.4666666666666667,32.0,741,306,1189,0.15473461151123047,0.14567899703979492,0.009055614471435547
30,10000,4,er,discrete,13,DF-PC (Pure),0.7307692307692307,0.8636363636363636,0.6333333333333333,28.0,450,15,2021,0.09802556037902832,0.07509636878967285,0.02292919158935547
30,10000,4,er,discrete,14,Standard PC,0.5714285714285715,1.0,0.4,36.0,632,197,1076,0.1289365291595459,0.12083125114440918,0.008105278015136719
30,10000,4,er,discrete,14,DF-PC (Pure),0.6804123711340206,0.8918918918918919,0.55,31.0,450,15,1323,0.090423583984375,0.07711458206176758,0.013309001922607422
30,10000,4,er,discrete,15,Standard PC,0.5714285714285715,1.0,0.4,36.0,677,242,1125,0.2556304931640625,0.2418231964111328,0.013807296752929688
30,10000,4,er,discrete,15,DF-PC (Pure),0.6666666666666667,0.9393939393939394,0.5166666666666667,31.0,453,18,1260,0.1605069637298584,0.13826370239257812,0.022243261337280273
30,10000,4,er,discrete,16,Standard PC,0.5542168674698795,1.0,0.38333333333333336,37.0,673,238,1111,0.22312021255493164,0.21010422706604004,0.013015985488891602
30,10000,4,er,discrete,16,DF-PC (Pure),0.6041666666666667,0.8055555555555556,0.48333333333333334,38.0,441,6,1361,0.1348111629486084,0.11213064193725586,0.02268052101135254
30,10000,4,er,discrete,17,Standard PC,0.6046511627906976,1.0,0.43333333333333335,34.0,921,486,1387,0.2119312286376953,0.20099496841430664,0.010936260223388672
30,10000,4,er,discrete,17,DF-PC (Pure),0.7474747474747475,0.9487179487179487,0.6166666666666667,25.0,505,70,1670,0.11067318916320801,0.09313797950744629,0.01753520965576172
30,10000,4,er,discrete,18,Standard PC,0.5714285714285715,1.0,0.4,36.0,798,363,1242,0.2682499885559082,0.2546219825744629,0.013628005981445312
30,10000,4,er,discrete,18,DF-PC (Pure),0.7766990291262136,0.9302325581395349,0.6666666666666666,23.0,450,15,1565,0.14017939567565918,0.11369895935058594,0.026480436325073242
30,10000,4,er,discrete,19,Standard PC,0.5476190476190476,0.9583333333333334,0.38333333333333336,38.0,610,175,1045,0.12453913688659668,0.11613965034484863,0.008399486541748047
30,10000,4,er,discrete,19,DF-PC (Pure),0.6451612903225806,0.9090909090909091,0.5,33.0,435,0,1164,0.08510708808898926,0.07344508171081543,0.011662006378173828
30,10000,4,er,discrete,20,Standard PC,0.5,1.0,0.3333333333333333,40.0,560,125,998,0.11582183837890625,0.10761070251464844,0.008211135864257812
30,10000,4,er,discrete,20,DF-PC (Pure),0.6593406593406593,0.967741935483871,0.5,31.0,438,3,1138,0.08702492713928223,0.07526898384094238,0.011755943298339844
30,10000,4,er,discrete,21,Standard PC,0.6956521739130436,1.0,0.5333333333333333,28.0,1037,602,1486,0.3848245143890381,0.3684346675872803,0.016389846801757812
30,10000,4,er,discrete,21,DF-PC (Pure),0.803921568627451,0.9761904761904762,0.6833333333333333,20.0,466,31,2047,0.1646425724029541,0.12555360794067383,0.03908896446228027
30,10000,4,er,discrete,22,Standard PC,0.5882352941176471,1.0,0.4166666666666667,35.0,604,169,1041,0.18914031982421875,0.1766526699066162,0.012487649917602539
30,10000,4,er,discrete,22,DF-PC (Pure),0.6451612903225806,0.9090909090909091,0.5,33.0,438,3,1159,0.13160395622253418,0.11212658882141113,0.019477367401123047
30,10000,4,er,discrete,23,Standard PC,0.6206896551724138,1.0,0.45,33.0,621,186,1065,0.1974802017211914,0.18461036682128906,0.012869834899902344
30,10000,4,er,discrete,23,DF-PC (Pure),0.6804123711340206,0.8918918918918919,0.55,31.0,447,12,1696,0.14651012420654297,0.11426472663879395,0.03224539756774902
30,10000,4,er,discrete,24,Standard PC,0.6046511627906976,1.0,0.43333333333333335,34.0,681,246,1131,0.21841835975646973,0.20536231994628906,0.013056039810180664
30,10000,4,er,discrete,24,DF-PC (Pure),0.7216494845360825,0.9459459459459459,0.5833333333333334,27.0,464,29,1388,0.142730712890625,0.11881327629089355,0.023917436599731445
30,10000,4,er,discrete,25,Standard PC,0.5542168674698795,1.0,0.38333333333333336,37.0,644,209,1086,0.14878129959106445,0.13952112197875977,0.009260177612304688
30,10000,4,er,discrete,25,DF-PC (Pure),0.7157894736842105,0.9714285714285714,0.5666666666666667,27.0,472,37,1483,0.10290741920471191,0.08612370491027832,0.016783714294433594
30,10000,4,er,discrete,26,Standard PC,0.6956521739130436,1.0,0.5333333333333333,28.0,891,456,1339,0.20514178276062012,0.1948094367980957,0.010332345962524414
30,10000,4,er,discrete,26,DF-PC (Pure),0.8190476190476191,0.9555555555555556,0.7166666666666667,19.0,450,15,1651,0.09657764434814453,0.07928895950317383,0.017288684844970703
30,10000,4,er,discrete,27,Standard PC,0.6516853932584269,1.0,0.48333333333333334,31.0,944,509,1408,0.2091832160949707,0.1988847255706787,0.010298490524291992
30,10000,4,er,discrete,27,DF-PC (Pure),0.7961165048543688,0.9534883720930233,0.6833333333333333,21.0,498,63,2446,0.12113142013549805,0.08800053596496582,0.03313088417053223
30,10000,4,er,discrete,28,Standard PC,0.5714285714285715,1.0,0.4,36.0,719,284,1168,0.16447877883911133,0.15513372421264648,0.009345054626464844
30,10000,4,er,discrete,28,DF-PC (Pure),0.7010309278350515,0.918918918918919,0.5666666666666667,29.0,455,20,1381,0.0986788272857666,0.08382010459899902,0.014858722686767578
30,10000,4,er,discrete,29,Standard PC,0.5714285714285715,1.0,0.4,36.0,586,151,1021,0.11501955986022949,0.10740804672241211,0.007611513137817383
30,10000,4,er,discrete,29,DF-PC (Pure),0.6521739130434783,0.9375,0.5,32.0,435,0,1190,0.0837559700012207,0.07161283493041992,0.012143135070800781
30,10000,4,er,linear_sem,0,Standard PC,0.6274509803921569,0.7619047619047619,0.5333333333333333,38.0,13824,13389,19402,1.413975477218628,1.351867437362671,0.06210803985595703
30,10000,4,er,linear_sem,0,DF-PC (Pure),0.6274509803921569,0.7619047619047619,0.5333333333333333,38.0,11179,10744,19405,1.2617745399475098,1.0536997318267822,0.20807480812072754
30,10000,4,er,linear_sem,1,Standard PC,0.6,0.75,0.5,40.0,9415,8980,12878,0.9038081169128418,0.8622548580169678,0.04155325889587402
30,10000,4,er,linear_sem,1,DF-PC (Pure),0.6,0.75,0.5,40.0,6864,6429,12890,0.7595863342285156,0.6273562908172607,0.13223004341125488
30,10000,4,er,linear_sem,2,Standard PC,0.7115384615384616,0.8409090909090909,0.6166666666666667,30.0,11563,11128,15880,1.1948425769805908,1.1380419731140137,0.05680060386657715
30,10000,4,er,linear_sem,2,DF-PC (Pure),0.7115384615384616,0.8409090909090909,0.6166666666666667,30.0,9229,8794,15880,1.55069899559021,1.2776618003845215,0.2730371952056885
30,10000,4,er,linear_sem,3,Standard PC,0.6796116504854369,0.813953488372093,0.5833333333333334,33.0,9421,8986,12791,0.8973472118377686,0.8543550968170166,0.04299211502075195
30,10000,4,er,linear_sem,3,DF-PC (Pure),0.6796116504854369,0.813953488372093,0.5833333333333334,33.0,6992,6557,12791,0.8331449031829834,0.6942718029022217,0.13887310028076172
30,10000,4,er,linear_sem,4,Standard PC,0.7254901960784315,0.8809523809523809,0.6166666666666667,28.0,11859,11424,16461,1.1995177268981934,1.1470448970794678,0.052472829818725586
30,10000,4,er,linear_sem,4,DF-PC (Pure),0.7254901960784315,0.8809523809523809,0.6166666666666667,28.0,8938,8503,16474,1.4776287078857422,1.2238733768463135,0.2537553310394287
30,10000,4,er,linear_sem,5,Standard PC,0.6534653465346535,0.8048780487804879,0.55,35.0,11182,10747,16143,1.5819618701934814,1.5115013122558594,0.07046055793762207
30,10000,4,er,linear_sem,5,DF-PC (Pure),0.6534653465346535,0.8048780487804879,0.55,35.0,9042,8607,16167,1.4363865852355957,1.1781809329986572,0.2582056522369385
30,10000,4,er,linear_sem,6,Standard PC,0.7102803738317757,0.8085106382978723,0.6333333333333333,31.0,11608,11173,15987,1.2032852172851562,1.1489059925079346,0.05437922477722168
30,10000,4,er,linear_sem,6,DF-PC (Pure),0.7102803738317757,0.8085106382978723,0.6333333333333333,31.0,9161,8726,15987,1.4830501079559326,1.2074816226959229,0.27556848526000977
30,10000,4,er,linear_sem,7,Standard PC,0.7962962962962963,0.8958333333333334,0.7166666666666667,22.0,8209,7774,11274,0.7852909564971924,0.7474453449249268,0.037845611572265625
30,10000,4,er,linear_sem,7,DF-PC (Pure),0.7962962962962963,0.8958333333333334,0.7166666666666667,22.0,5758,5323,11412,0.691340446472168,0.5718967914581299,0.11944365501403809
30,10000,4,er,linear_sem,8,Standard PC,0.6153846153846153,0.7272727272727273,0.5333333333333333,40.0,9658,9223,13099,0.9308602809906006,0.8878142833709717,0.043045997619628906
30,10000,4,er,linear_sem,8,DF-PC (Pure),0.6153846153846153,0.7272727272727273,0.5333333333333333,40.0,7120,6685,13241,0.8724668025970459,0.7246551513671875,0.1478116512298584
30,10000,4,er,linear_sem,9,Standard PC,0.6796116504854369,0.813953488372093,0.5833333333333334,33.0,12342,11907,17730,1.2381083965301514,1.1820008754730225,0.056107521057128906
30,10000,4,er,linear_sem,9,DF-PC (Pure),0.6796116504854369,0.813953488372093,0.5833333333333334,33.0,10511,10076,17730,1.2248332500457764,1.0326244831085205,0.19220876693725586
30,10000,4,er,linear_sem,10,Standard PC,0.7010309278350515,0.918918918918919,0.5666666666666667,29.0,11455,11020,17081,1.1083693504333496,1.0547058582305908,0.05366349220275879
30,10000,4,er,linear_sem,10,DF-PC (Pure),0.6938775510204083,0.8947368421052632,0.5666666666666667,30.0,10135,9700,17192,1.1731090545654297,0.9924991130828857,0.18060994148254395
30,10000,4,er,linear_sem,11,Standard PC,0.6185567010309277,0.8108108108108109,0.5,37.0,11239,10804,16262,1.1038446426391602,1.0506398677825928,0.05320477485656738
30,10000,4,er,linear_sem,11,DF-PC (Pure),0.6185567010309277,0.8108108108108109,0.5,37.0,9219,8784,16262,1.101794719696045,0.931140661239624,0.1706540584564209
30,10000,4,er,linear_sem,12,Standard PC,0.6122448979591837,0.7894736842105263,0.5,38.0,11018,10583,15745,1.316563367843628,1.2572157382965088,0.05934762954711914
30,10000,4,er,linear_sem,12,DF-PC (Pure),0.6060606060606061,0.7692307692307693,0.5,39.0,9018,8583,15899,1.12715482711792,0.9355411529541016,0.19161367416381836
30,10000,4,er,linear_sem,13,Standard PC,0.6534653465346535,0.8048780487804879,0.55,35.0,11439,11004,16586,1.5229854583740234,1.455582618713379,0.06740283966064453
30,10000,4,er,linear_sem,13,DF-PC (Pure),0.6534653465346535,0.8048780487804879,0.55,35.0,9670,9235,16757,1.5403482913970947,1.2668752670288086,0.27347302436828613
30,10000,4,er,linear_sem,14,Standard PC,0.8333333333333334,0.9375,0.75,18.0,8315,7880,10943,0.8007245063781738,0.7626855373382568,0.03803896903991699
30,10000,4,er,linear_sem,14,DF-PC (Pure),0.8333333333333334,0.9375,0.75,18.0,5141,4706,10973,0.6989073753356934,0.561286449432373,0.1376209259033203
30,10000,4,er,linear_sem,15,Standard PC,0.74,0.925,0.6166666666666667,26.0,11671,11236,17493,1.2205085754394531,1.1656982898712158,0.054810285568237305
30,10000,4,er,linear_sem,15,DF-PC (Pure),0.74,0.925,0.6166666666666667,26.0,10309,9874,17542,1.1756489276885986,0.9886839389801025,0.1869649887084961
30,10000,4,er,linear_sem,16,Standard PC,0.6857142857142857,0.8,0.6,33.0,13295,12860,17478,2.2634084224700928,2.1661109924316406,0.09729743003845215
30,10000,4,er,linear_sem,16,DF-PC (Pure),0.6857142857142857,0.8,0.6,33.0,9353,8918,17714,1.9059453010559082,1.4591679573059082,0.44677734375
30,10000,4,er,linear_sem,17,Standard PC,0.6464646464646464,0.8205128205128205,0.5333333333333333,35.0,12072,11637,17200,1.7900261878967285,1.7129647731781006,0.07706141471862793
30,10000,4,er,linear_sem,17,DF-PC (Pure),0.6464646464646464,0.8205128205128205,0.5333333333333333,35.0,9802,9367,17207,1.6144804954528809,1.3245327472686768,0.2899477481842041
30,10000,4,er,linear_sem,18,Standard PC,0.7450980392156863,0.9047619047619048,0.6333333333333333,26.0,12656,12221,18358,1.831801414489746,1.7535841464996338,0.0782172679901123
30,10000,4,er,linear_sem,18,DF-PC (Pure),0.7450980392156863,0.9047619047619048,0.6333333333333333,26.0,10309,9874,18358,1.6210930347442627,1.3319478034973145,0.28914523124694824
30,10000,4,er,linear_sem,19,Standard PC,0.7407407407407408,0.8333333333333334,0.6666666666666666,28.0,11172,10737,14611,1.516624927520752,1.4499588012695312,0.0666661262512207
30,10000,4,er,linear_sem,19,DF-PC (Pure),0.7407407407407408,0.8333333333333334,0.6666666666666666,28.0,7894,7459,14618,1.3605537414550781,1.0972309112548828,0.2633228302001953
30,10000,4,er,linear_sem,20,Standard PC,0.7339449541284403,0.8163265306122449,0.6666666666666666,29.0,10693,10258,13750,1.8222460746765137,1.7439918518066406,0.07825422286987305
30,10000,4,er,linear_sem,20,DF-PC (Pure),0.7339449541284403,0.8163265306122449,0.6666666666666666,29.0,7473,7038,13752,1.51194429397583,1.2243947982788086,0.2875494956970215
30,10000,4,er,linear_sem,21,Standard PC,0.7476635514018691,0.851063829787234,0.6666666666666666,27.0,11545,11110,16840,1.1379361152648926,1.083104133605957,0.05483198165893555
30,10000,4,er,linear_sem,21,DF-PC (Pure),0.7476635514018691,0.851063829787234,0.6666666666666666,27.0,9497,9062,16840,1.1246249675750732,0.9443743228912354,0.1802506446838379
30,10000,4,er,linear_sem,22,Standard PC,0.6666666666666667,0.8461538461538461,0.55,33.0,9990,9555,13707,1.322833776473999,1.265775203704834,0.05705857276916504
30,10000,4,er,linear_sem,22,DF-PC (Pure),0.6666666666666667,0.8461538461538461,0.55,33.0,7829,7394,13718,0.9532337188720703,0.7853929996490479,0.16784071922302246
30,10000,4,er,linear_sem,23,Standard PC,0.766355140186916,0.8723404255319149,0.6833333333333333,25.0,10777,10342,15581,1.4938619136810303,1.427682638168335,0.06617927551269531
30,10000,4,er,linear_sem,23,DF-PC (Pure),0.766355140186916,0.8723404255319149,0.6833333333333333,25.0,8522,8087,15581,0.9333429336547852,0.7763876914978027,0.15695524215698242
30,10000,4,er,linear_sem,24,Standard PC,0.8037383177570094,0.9148936170212766,0.7166666666666667,21.0,8717,8282,12658,1.2920482158660889,1.2329785823822021,0.05906963348388672
30,10000,4,er,linear_sem,24,DF-PC (Pure),0.8037383177570094,0.9148936170212766,0.7166666666666667,21.0,6491,6056,12658,0.854672908782959,0.7079010009765625,0.14677190780639648
30,10000,4,er,linear_sem,25,Standard PC,0.6336633663366336,0.7804878048780488,0.5333333333333333,37.0,12817,12382,17729,1.459995985031128,1.3924586772918701,0.06753730773925781
30,10000,4,er,linear_sem,25,DF-PC (Pure),0.6336633663366336,0.7804878048780488,0.5333333333333333,37.0,9934,9499,17747,1.1557369232177734,0.9667975902557373,0.18893933296203613
30,10000,4,er,linear_sem,26,Standard PC,0.7378640776699028,0.8837209302325582,0.6333333333333333,27.0,13881,13446,19902,1.3680799007415771,1.3042852878570557,0.06379461288452148
30,10000,4,er,linear_sem,26,DF-PC (Pure),0.7378640776699028,0.8837209302325582,0.6333333333333333,27.0,11838,11403,19921,1.3576500415802002,1.147002935409546,0.2106471061706543
30,10000,4,er,linear_sem,27,Standard PC,0.7378640776699028,0.8837209302325582,0.6333333333333333,27.0,11448,11013,17590,1.122694969177246,1.067483901977539,0.05521106719970703
30,10000,4,er,linear_sem,27,DF-PC (Pure),0.7378640776699028,0.8837209302325582,0.6333333333333333,27.0,10249,9814,17615,1.4160044193267822,1.184938669204712,0.2310657501220703
30,10000,4,er,linear_sem,28,Standard PC,0.7692307692307692,0.9090909090909091,0.6666666666666666,24.0,10559,10124,14954,1.3567569255828857,1.2937517166137695,0.06300520896911621
30,10000,4,er,linear_sem,28,DF-PC (Pure),0.7692307692307692,0.9090909090909091,0.6666666666666666,24.0,8304,7869,14954,1.3640387058258057,1.1258635520935059,0.2381751537322998
30,10000,4,er,linear_sem,29,Standard PC,0.5714285714285714,0.7368421052631579,0.4666666666666667,42.0,10466,10031,14640,1.368920087814331,1.3068442344665527,0.06207585334777832
30,10000,4,er,linear_sem,29,DF-PC (Pure),0.5656565656565657,0.717948717948718,0.4666666666666667,43.0,8425,7990,14777,1.1127309799194336,0.928419828414917,0.1843111515045166
30,10000,4,sf,discrete,0,Standard PC,0.5,1.0,0.3333333333333333,32.0,493,58,928,0.09401345252990723,0.08681488037109375,0.0071985721588134766
30,10000,4,sf,discrete,0,DF-PC (Pure),0.4507042253521127,0.6956521739130435,0.3333333333333333,39.0,435,0,940,0.08116865158081055,0.07163619995117188,0.009532451629638672
30,10000,4,sf,discrete,1,Standard PC,0.5641025641025641,1.0,0.39285714285714285,34.0,558,123,996,0.1179356575012207,0.10974550247192383,0.008190155029296875
30,10000,4,sf,discrete,1,DF-PC (Pure),0.6024096385542168,0.9259259259259259,0.44642857142857145,33.0,438,3,1043,0.08196377754211426,0.07190680503845215,0.01005697250366211
30,10000,4,sf,discrete,2,Standard PC,0.5074626865671642,1.0,0.34,33.0,523,88,966,0.10464620590209961,0.0970001220703125,0.007646083831787109
30,10000,4,sf,discrete,2,DF-PC (Pure),0.5070422535211268,0.8571428571428571,0.36,35.0,447,12,986,0.09013128280639648,0.07961082458496094,0.010520458221435547
30,10000,4,sf,discrete,3,Standard PC,0.42424242424242425,1.0,0.2692307692307692,38.0,479,44,917,0.09320950508117676,0.08615279197692871,0.007056713104248047
30,10000,4,sf,discrete,3,DF-PC (Pure),0.4788732394366197,0.8947368421052632,0.3269230769230769,37.0,438,3,927,0.084259033203125,0.0749049186706543,0.009354114532470703
30,10000,4,sf,discrete,4,Standard PC,0.6233766233766235,1.0,0.4528301886792453,29.0,589,154,1039,0.11791753768920898,0.10976314544677734,0.00815439224243164
30,10000,4,sf,discrete,4,DF-PC (Pure),0.6744186046511628,0.8787878787878788,0.5471698113207547,28.0,456,21,1290,0.09080219268798828,0.07716083526611328,0.013641357421875
30,10000,4,sf,discrete,5,Standard PC,0.45714285714285713,1.0,0.2962962962962963,38.0,486,51,921,0.09201741218566895,0.08501958847045898,0.006997823715209961
30,10000,4,sf,discrete,5,DF-PC (Pure),0.5263157894736842,0.9090909090909091,0.37037037037037035,36.0,435,0,933,0.08156323432922363,0.07210636138916016,0.009456872940063477
30,10000,4,sf,discrete,6,Standard PC,0.5142857142857142,1.0,0.34615384615384615,34.0,506,71,941,0.09802460670471191,0.09072518348693848,0.0072994232177734375
30,10000,4,sf,discrete,6,DF-PC (Pure),0.5789473684210527,0.9166666666666666,0.4230769230769231,32.0,435,0,1006,0.08026719093322754,0.07030677795410156,0.009960412979125977
30,10000,4,sf,discrete,7,Standard PC,0.5074626865671642,0.9444444444444444,0.3469387755102041,33.0,478,43,913,0.09134912490844727,0.08440351486206055,0.006945610046386719
30,10000,4,sf,discrete,7,DF-PC (Pure),0.5074626865671642,0.9444444444444444,0.3469387755102041,33.0,435,0,913,0.08111858367919922,0.07194876670837402,0.009169816970825195
30,10000,4,sf,discrete,8,Standard PC,0.5263157894736842,1.0,0.35714285714285715,36.0,552,117,989,0.10911703109741211,0.10152769088745117,0.0075893402099609375
30,10000,4,sf,discrete,8,DF-PC (Pure),0.5783132530120482,0.8888888888888888,0.42857142857142855,35.0,438,3,1002,0.08251047134399414,0.07263851165771484,0.009871959686279297
30,10000,4,sf,discrete,9,Standard PC,0.4657534246575342,1.0,0.30357142857142855,39.0,509,74,945,0.0971074104309082,0.0899038314819336,0.007203578948974609
30,10000,4,sf,discrete,9,DF-PC (Pure),0.5714285714285714,0.8571428571428571,0.42857142857142855,36.0,438,3,1014,0.08284926414489746,0.07274079322814941,0.010108470916748047
30,10000,4,sf,discrete,10,Standard PC,0.5599999999999999,0.9545454545454546,0.39622641509433965,33.0,521,86,959,0.10133504867553711,0.09362363815307617,0.0077114105224609375
30,10000,4,sf,discrete,10,DF-PC (Pure),0.5925925925925926,0.8571428571428571,0.4528301886792453,33.0,438,3,1014,0.08423972129821777,0.07402396202087402,0.01021575927734375
30,10000,4,sf,discrete,11,Standard PC,0.41791044776119407,1.0,0.2641509433962264,39.0,484,49,919,0.13660979270935059,0.12607717514038086,0.010532617568969727
30,10000,4,sf,discrete,11,DF-PC (Pure),0.4657534246575342,0.85,0.32075471698113206,39.0,435,0,960,0.11228060722351074,0.10050654411315918,0.011774063110351562
30,10000,4,sf,discrete,12,Standard PC,0.35294117647058826,1.0,0.21428571428571427,44.0,488,53,923,0.14681363105773926,0.13547682762145996,0.011336803436279297
30,10000,4,sf,discrete,12,DF-PC (Pure),0.3846153846153846,0.6818181818181818,0.26785714285714285,48.0,435,0,971,0.12796735763549805,0.11179137229919434,0.01617598533630371
30,10000,4,sf,discrete,13,Standard PC,0.5230769230769231,0.8947368421052632,0.3695652173913043,31.0,511,76,946,0.09787225723266602,0.09058451652526855,0.007287740707397461
30,10000,4,sf,discrete,13,DF-PC (Pure),0.5373134328358209,0.8571428571428571,0.391304347826087,31.0,435,0,998,0.08166003227233887,0.07155418395996094,0.01010584831237793
30,10000,4,sf,discrete,14,Standard PC,0.4931506849315068,0.9473684210526315,0.3333333333333333,37.0,502,67,937,0.09851479530334473,0.09135293960571289,0.007161855697631836
30,10000,4,sf,discrete,14,DF-PC (Pure),0.575,0.8846153846153846,0.42592592592592593,34.0,435,0,1005,0.0847465991973877,0.0745692253112793,0.010177373886108398
30,10000,4,sf,discrete,15,Standard PC,0.3636363636363636,1.0,0.2222222222222222,42.0,477,42,914,0.08969902992248535,0.08271002769470215,0.006989002227783203
30,10000,4,sf,discrete,15,DF-PC (Pure),0.37333333333333335,0.6666666666666666,0.25925925925925924,47.0,438,3,935,0.08200836181640625,0.07261943817138672,0.009388923645019531
30,10000,4,sf,discrete,16,Standard PC,0.4444444444444445,1.0,0.2857142857142857,40.0,518,83,955,0.15782785415649414,0.14639568328857422,0.011432170867919922
30,10000,4,sf,discrete,16,DF-PC (Pure),0.48717948717948717,0.8636363636363636,0.3392857142857143,40.0,438,3,1003,0.12868571281433105,0.11217236518859863,0.016513347625732422
30,10000,4,sf,discrete,17,Standard PC,0.3823529411764706,0.8666666666666667,0.24528301886792453,42.0,506,71,948,0.09924674034118652,0.09160518646240234,0.00764155387878418
30,10000,4,sf,discrete,17,DF-PC (Pure),0.4266666666666667,0.7272727272727273,0.3018867924528302,43.0,447,12,984,0.08588838577270508,0.07557845115661621,0.010309934616088867
30,10000,4,sf,discrete,18,Standard PC,0.6216216216216216,1.0,0.45098039215686275,28.0,535,100,970,0.10413694381713867,0.09645199775695801,0.007684946060180664
30,10000,4,sf,discrete,18,DF-PC (Pure),0.5925925925925927,0.8,0.47058823529411764,33.0,435,0,1015,0.08281517028808594,0.0726158618927002,0.010199308395385742
30,10000,4,sf,discrete,19,Standard PC,0.3174603174603175,1.0,0.18867924528301888,43.0,457,22,892,0.08832335472106934,0.08118391036987305,0.007139444351196289
30,10000,4,sf,discrete,19,DF-PC (Pure),0.3384615384615385,0.9166666666666666,0.20754716981132076,43.0,435,0,896,0.08167648315429688,0.07277607917785645,0.00890040397644043
30,10000,4,sf,discrete,20,Standard PC,0.5970149253731344,1.0,0.425531914893617,27.0,545,110,980,0.20952844619750977,0.19594812393188477,0.013580322265625
30,10000,4,sf,discrete,20,DF-PC (Pure),0.631578947368421,0.8275862068965517,0.5106382978723404,28.0,435,0,1077,0.1602785587310791,0.14043688774108887,0.019841670989990234
30,10000,4,sf,discrete,21,Standard PC,0.4411764705882353,1.0,0.2830188679245283,38.0,480,45,920,0.09192490577697754,0.08469319343566895,0.007231712341308594
30,10000,4,sf,discrete,21,DF-PC (Pure),0.5135135135135135,0.9047619047619048,0.3584905660377358,36.0,441,6,932,0.08442282676696777,0.07477378845214844,0.009649038314819336
30,10000,4,sf,discrete,22,Standard PC,0.5753424657534247,1.0,0.40384615384615385,31.0,561,126,997,0.165726900100708,0.15430259704589844,0.01142430305480957
30,10000,4,sf,discrete,22,DF-PC (Pure),0.6585365853658537,0.9,0.5192307692307693,28.0,438,3,1082,0.12278914451599121,0.10570955276489258,0.017079591751098633
30,10000,4,sf,discrete,23,Standard PC,0.5217391304347826,1.0,0.35294117647058826,33.0,497,62,938,0.14795160293579102,0.13643145561218262,0.011520147323608398
30,10000,4,sf,discrete,23,DF-PC (Pure),0.5333333333333333,0.8333333333333334,0.39215686274509803,35.0,449,14,960,0.13311433792114258,0.11718297004699707,0.015931367874145508
30,10000,4,sf,discrete,24,Standard PC,0.45070422535211263,0.8888888888888888,0.3018867924528302,39.0,494,59,929,0.0897071361541748,0.08307147026062012,0.0066356658935546875
30,10000,4,sf,discrete,24,DF-PC (Pure),0.5066666666666666,0.8636363636363636,0.3584905660377358,37.0,435,0,952,0.07734417915344238,0.0682992935180664,0.009044885635375977
30,10000,4,sf,discrete,25,Standard PC,0.41935483870967744,1.0,0.2653061224489796,36.0,488,53,925,0.08724188804626465,0.08088541030883789,0.006356477737426758
30,10000,4,sf,discrete,25,DF-PC (Pure),0.49275362318840576,0.85,0.3469387755102041,35.0,438,3,1125,0.07938122749328613,0.06865811347961426,0.010723114013671875
30,10000,4,sf,discrete,26,Standard PC,0.4117647058823529,1.0,0.25925925925925924,40.0,473,38,908,0.08603644371032715,0.07928013801574707,0.006756305694580078
30,10000,4,sf,discrete,26,DF-PC (Pure),0.39436619718309857,0.8235294117647058,0.25925925925925924,43.0,435,0,916,0.07793450355529785,0.06900906562805176,0.008925437927246094
30,10000,4,sf,discrete,27,Standard PC,0.45945945945945943,0.9444444444444444,0.30357142857142855,40.0,473,38,911,0.0844271183013916,0.0778818130493164,0.006545305252075195
30,10000,4,sf,discrete,27,DF-PC (Pure),0.4736842105263158,0.9,0.32142857142857145,40.0,438,3,914,0.07648730278015137,0.06793379783630371,0.008553504943847656
30,10000,4,sf,discrete,28,Standard PC,0.3050847457627119,1.0,0.18,41.0,477,42,912,0.08316493034362793,0.0769195556640625,0.00624537467956543
30,10000,4,sf,discrete,28,DF-PC (Pure),0.4347826086956521,0.7894736842105263,0.3,39.0,435,0,946,0.07548213005065918,0.06689190864562988,0.008590221405029297
30,10000,4,sf,discrete,29,Standard PC,0.48484848484848486,1.0,0.32,34.0,510,75,946,0.09003019332885742,0.08351826667785645,0.0065119266510009766
30,10000,4,sf,discrete,29,DF-PC (Pure),0.5333333333333333,0.8,0.4,35.0,438,3,984,0.07674145698547363,0.06775283813476562,0.008988618850708008
30,10000,4,sf,linear_sem,0,Standard PC,0.8505747126436781,0.9487179487179487,0.7708333333333334,13.0,9464,9029,10817,1.0148022174835205,0.9723629951477051,0.04243922233581543
30,10000,4,sf,linear_sem,0,DF-PC (Pure),0.8505747126436781,0.9487179487179487,0.7708333333333334,13.0,4175,3740,10935,0.8636345863342285,0.6228394508361816,0.24079513549804688
30,10000,4,sf,linear_sem,1,Standard PC,0.5652173913043479,0.7222222222222222,0.4642857142857143,40.0,9120,8685,11974,1.0456647872924805,1.000797986984253,0.04486680030822754
30,10000,4,sf,linear_sem,1,DF-PC (Pure),0.5652173913043479,0.7222222222222222,0.4642857142857143,40.0,6198,5763,11983,1.0150084495544434,0.8099186420440674,0.20508980751037598
30,10000,4,sf,linear_sem,2,Standard PC,0.7272727272727272,0.8421052631578947,0.64,24.0,8997,8562,10516,0.9529933929443359,0.9131267070770264,0.03986668586730957
30,10000,4,sf,linear_sem,2,DF-PC (Pure),0.7191011235955057,0.8205128205128205,0.64,25.0,3329,2894,12383,0.8025503158569336,0.4340384006500244,0.3685119152069092
30,10000,4,sf,linear_sem,3,Standard PC,0.7191011235955056,0.8648648648648649,0.6153846153846154,25.0,8796,8361,10536,0.8956496715545654,0.8583295345306396,0.03732013702392578
30,10000,4,sf,linear_sem,3,DF-PC (Pure),0.7191011235955056,0.8648648648648649,0.6153846153846154,25.0,4661,4226,11089,0.5804214477539062,0.43268609046936035,0.1477353572845459
30,10000,4,sf,linear_sem,4,Standard PC,0.7916666666666666,0.8837209302325582,0.7169811320754716,20.0,15755,15320,17742,2.7373228073120117,2.632359027862549,0.10496377944946289
30,10000,4,sf,linear_sem,4,DF-PC (Pure),0.7916666666666666,0.8837209302325582,0.7169811320754716,20.0,7430,6995,17851,1.4104318618774414,0.9078330993652344,0.502598762512207
30,10000,4,sf,linear_sem,5,Standard PC,0.7391304347826088,0.8947368421052632,0.6296296296296297,24.0,15708,15273,17469,1.9091424942016602,1.8383657932281494,0.07077670097351074
30,10000,4,sf,linear_sem,5,DF-PC (Pure),0.7391304347826088,0.8947368421052632,0.6296296296296297,24.0,7371,6936,17491,1.5988194942474365,1.0519180297851562,0.5469014644622803
30,10000,4,sf,linear_sem,6,Standard PC,0.736842105263158,0.813953488372093,0.6730769230769231,25.0,11817,11382,13426,1.5859808921813965,1.5258047580718994,0.06017613410949707
30,10000,4,sf,linear_sem,6,DF-PC (Pure),0.736842105263158,0.813953488372093,0.6730769230769231,25.0,5536,5101,13439,1.0813579559326172,0.7493531703948975,0.3320047855377197
30,10000,4,sf,linear_sem,7,Standard PC,0.7906976744186046,0.918918918918919,0.6938775510204082,18.0,8245,7810,9948,0.8547875881195068,0.8189308643341064,0.03585672378540039
30,10000,4,sf,linear_sem,7,DF-PC (Pure),0.7906976744186046,0.918918918918919,0.6938775510204082,18.0,3811,3376,9952,0.48096323013305664,0.3584303855895996,0.12253284454345703
30,10000,4,sf,linear_sem,8,Standard PC,0.74,0.8409090909090909,0.6607142857142857,26.0,12894,12459,15787,1.6615746021270752,1.593841791152954,0.0677328109741211
30,10000,4,sf,linear_sem,8,DF-PC (Pure),0.7524752475247526,0.8444444444444444,0.6785714285714286,25.0,10390,9955,18903,2.084502935409546,1.455324411392212,0.629178524017334
30,10000,4,sf,linear_sem,9,Standard PC,0.6947368421052632,0.8461538461538461,0.5892857142857143,29.0,9895,9460,12395,1.4682652950286865,1.4097676277160645,0.05849766731262207
30,10000,4,sf,linear_sem,9,DF-PC (Pure),0.6947368421052632,0.8461538461538461,0.5892857142857143,29.0,6177,5742,12398,1.1362955570220947,0.8834550380706787,0.252840518951416
30,10000,4,sf,linear_sem,10,Standard PC,0.7291666666666667,0.813953488372093,0.660377358490566,26.0,8357,7922,9969,0.8210747241973877,0.784766674041748,0.03630805015563965
30,10000,4,sf,linear_sem,10,DF-PC (Pure),0.7291666666666667,0.813953488372093,0.660377358490566,26.0,4132,3697,10002,0.5086054801940918,0.3940868377685547,0.11451864242553711
30,10000,4,sf,linear_sem,11,Standard PC,0.7272727272727272,0.9142857142857143,0.6037735849056604,24.0,7896,7461,9247,0.7516293525695801,0.7183806896209717,0.0332486629486084
30,10000,4,sf,linear_sem,11,DF-PC (Pure),0.7272727272727272,0.9142857142857143,0.6037735849056604,24.0,3175,2740,9249,0.4041941165924072,0.29627370834350586,0.10792040824890137
30,10000,4,sf,linear_sem,12,Standard PC,0.6542056074766356,0.6862745098039216,0.625,37.0,23813,23378,25761,3.1296546459198,3.0168685913085938,0.11278605461120605
30,10000,4,sf,linear_sem,12,DF-PC (Pure),0.6542056074766356,0.6862745098039216,0.625,37.0,10404,9969,25947,1.7407076358795166,1.035240650177002,0.7054669857025146
30,10000,4,sf,linear_sem,13,Standard PC,0.8571428571428571,0.9473684210526315,0.782608695652174,12.0,11600,11165,12883,1.7030494213104248,1.6403403282165527,0.06270909309387207
30,10000,4,sf,linear_sem,13,DF-PC (Pure),0.8470588235294118,0.9230769230769231,0.782608695652174,13.0,5347,4912,15109,1.127143383026123,0.7340002059936523,0.3931431770324707
30,10000,4,sf,linear_sem,14,Standard PC,0.8131868131868133,1.0,0.6851851851851852,17.0,6304,5869,7989,0.8613929748535156,0.8207080364227295,0.04068493843078613
30,10000,4,sf,linear_sem,14,DF-PC (Pure),0.7872340425531915,0.925,0.6851851851851852,20.0,3799,3364,8839,0.6532802581787109,0.4934563636779785,0.15982389450073242
30,10000,4,sf,linear_sem,15,Standard PC,0.8190476190476189,0.8431372549019608,0.7962962962962963,19.0,11539,11104,12873,1.208503007888794,1.1614341735839844,0.04706883430480957
30,10000,4,sf,linear_sem,15,DF-PC (Pure),0.8190476190476189,0.8431372549019608,0.7962962962962963,19.0,3480,3045,12947,0.5036494731903076,0.3300457000732422,0.17360377311706543
30,10000,4,sf,linear_sem,16,Standard PC,0.8155339805825244,0.8936170212765957,0.75,19.0,10336,9901,12056,1.4442307949066162,1.385711908340454,0.05851888656616211
30,10000,4,sf,linear_sem,16,DF-PC (Pure),0.8155339805825244,0.8936170212765957,0.75,19.0,4758,4323,12365,0.942500114440918,0.6960470676422119,0.24645304679870605
30,10000,4,sf,linear_sem,17,Standard PC,0.6444444444444444,0.7837837837837838,0.5471698113207547,32.0,7491,7056,9658,0.8026523590087891,0.7661292552947998,0.03652310371398926
30,10000,4,sf,linear_sem,17,DF-PC (Pure),0.6444444444444444,0.7837837837837838,0.5471698113207547,32.0,4423,3988,9678,0.7545292377471924,0.5740115642547607,0.18051767349243164
30,10000,4,sf,linear_sem,18,Standard PC,0.7727272727272727,0.918918918918919,0.6666666666666666,20.0,6978,6543,8519,1.049943447113037,1.0034186840057373,0.046524763107299805
30,10000,4,sf,linear_sem,18,DF-PC (Pure),0.7727272727272727,0.918918918918919,0.6666666666666666,20.0,3162,2727,8683,0.6888778209686279,0.5097751617431641,0.17910265922546387
30,10000,4,sf,linear_sem,19,Standard PC,0.6739130434782609,0.7948717948717948,0.5849056603773585,30.0,10124,9689,11883,1.3819758892059326,1.325103759765625,0.05687212944030762
30,10000,4,sf,linear_sem,19,DF-PC (Pure),0.6739130434782609,0.7948717948717948,0.5849056603773585,30.0,5648,5213,12097,0.9564812183380127,0.734168291091919,0.22231292724609375
30,10000,4,sf,linear_sem,20,Standard PC,0.8505747126436781,0.925,0.7872340425531915,13.0,9483,9048,10655,0.9226675033569336,0.8829813003540039,0.03968620300292969
30,10000,4,sf,linear_sem,20,DF-PC (Pure),0.8505747126436781,0.925,0.7872340425531915,13.0,2988,2553,10666,0.7692112922668457,0.5006389617919922,0.2685723304748535
30,10000,4,sf,linear_sem,21,Standard PC,0.673469387755102,0.7333333333333333,0.6226415094339622,32.0,31380,30945,32934,3.158672332763672,3.035571813583374,0.12310051918029785
30,10000,4,sf,linear_sem,21,DF-PC (Pure),0.673469387755102,0.7333333333333333,0.6226415094339622,32.0,3884,3449,32991,1.4216713905334473,0.3461132049560547,1.0755581855773926
30,10000,4,sf,linear_sem,22,Standard PC,0.8131868131868132,0.9487179487179487,0.7115384615384616,17.0,7555,7120,9157,0.7889072895050049,0.7547714710235596,0.03413581848144531
30,10000,4,sf,linear_sem,22,DF-PC (Pure),0.8131868131868132,0.9487179487179487,0.7115384615384616,17.0,4012,3577,9451,0.48866868019104004,0.3789515495300293,0.10971713066101074
30,10000,4,sf,linear_sem,23,Standard PC,0.7529411764705882,0.9411764705882353,0.6274509803921569,21.0,8423,7988,10393,1.1632022857666016,1.1126904487609863,0.050511837005615234
30,10000,4,sf,linear_sem,23,DF-PC (Pure),0.7674418604651163,0.9428571428571428,0.6470588235294118,20.0,5395,4960,10996,0.7726693153381348,0.6035044193267822,0.16916489601135254
30,10000,4,sf,linear_sem,24,Standard PC,0.7346938775510203,0.8,0.6792452830188679,26.0,20794,20359,22554,2.5367255210876465,2.4465172290802,0.09020829200744629
30,10000,4,sf,linear_sem,24,DF-PC (Pure),0.7474747474747474,0.8043478260869565,0.6981132075471698,25.0,7465,7030,24398,1.258913278579712,0.6948459148406982,0.5640673637390137
30,10000,4,sf,linear_sem,25,Standard PC,0.7999999999999999,0.9444444444444444,0.6938775510204082,17.0,8057,7622,9397,1.0730020999908447,1.0307400226593018,0.04226207733154297
30,10000,4,sf,linear_sem,25,DF-PC (Pure),0.7906976744186046,0.918918918918919,0.6938775510204082,18.0,4184,3749,9864,0.5462870597839355,0.3869614601135254,0.15932559967041016
30,10000,4,sf,linear_sem,26,Standard PC,0.6458333333333334,0.7380952380952381,0.5740740740740741,34.0,9617,9182,10913,0.9439659118652344,0.9029781818389893,0.04098773002624512
30,10000,4,sf,linear_sem,26,DF-PC (Pure),0.6458333333333334,0.7380952380952381,0.5740740740740741,34.0,4307,3872,11251,0.6344258785247803,0.45160531997680664,0.18282055854797363
30,10000,4,sf,linear_sem,27,Standard PC,0.854368932038835,0.9361702127659575,0.7857142857142857,15.0,10164,9729,12062,1.181112289428711,1.1310291290283203,0.050083160400390625
30,10000,4,sf,linear_sem,27,DF-PC (Pure),0.8461538461538461,0.9166666666666666,0.7857142857142857,16.0,6938,6503,13642,0.8873593807220459,0.6319961547851562,0.25536322593688965
30,10000,4,sf,linear_sem,28,Standard PC,0.8631578947368421,0.9111111111111111,0.82,13.0,20096,19661,21210,2.2868711948394775,2.2023754119873047,0.08449578285217285
30,10000,4,sf,linear_sem,28,DF-PC (Pure),0.8631578947368421,0.9111111111111111,0.82,13.0,5761,5326,18074,0.8543946743011475,0.5250883102416992,0.32930636405944824
30,10000,4,sf,linear_sem,29,Standard PC,0.813953488372093,0.9722222222222222,0.7,16.0,9102,8667,10333,1.030095100402832,0.9877572059631348,0.042337894439697266
30,10000,4,sf,linear_sem,29,DF-PC (Pure),0.8181818181818181,0.9473684210526315,0.72,16.0,3726,3291,11085,0.5130772590637207,0.35132598876953125,0.16175127029418945
