Nodes,Samples,Deg,Graph,Data,Algo,F1_mean,F1_std,F1_ci95,Prec_mean,Prec_std,Prec_ci95,Rec_mean,Rec_std,Rec_ci95,SHD_mean,SHD_std,SHD_ci95,Actual_CIT_mean,Actual_CIT_std,Actual_CIT_ci95,Cond_CIT_mean,Cond_CIT_std,Cond_CIT_ci95,Requests_mean,Requests_std,Requests_ci95,Time_Total_mean,Time_Total_std,Time_Total_ci95,Time_CIT_mean,Time_CIT_std,Time_CIT_ci95,Time_Overhead_mean,Time_Overhead_std,Time_Overhead_ci95
10,1000,2,er,discrete,DF-PC (Pure),0.5788666991762967,0.16831682357898348,0.06023140177346009,0.9093518518518519,0.1472691736983077,0.05269959699367696,0.44333333333333336,0.175545127970055,0.06281801728022905,6.033333333333333,2.008316044185609,0.7186666666666667,45.3,0.9153857298880941,0.3275665765443195,0.3,0.9153857298880941,0.3275665765443195,105.43333333333334,34.81842886325785,12.459614751459585,0.008162569999694825,0.0013001897905909668,0.00046526694119846594,0.007120434443155924,0.00105949894656483,0.00037913682882185845,0.0010421355565388998,0.00043924146577855336,0.0001571805398790508
10,1000,2,er,discrete,Standard PC,0.47463647463647457,0.17505572441727957,0.06264288646805125,0.9277777777777777,0.20263273561491527,0.07251119318770943,0.33,0.1417866293973521,0.05073769371205584,6.866666666666666,1.6131642354623146,0.5772634079392128,52.96666666666667,9.477680981211025,3.3915445819480237,7.966666666666667,9.477680981211027,3.391544581948024,98.2,9.795847114448813,3.5053988705109305,0.009587995211283366,0.002137070257991541,0.00076474077035323,0.008894213040669759,0.002041135962688593,0.0007304111236703827,0.0006937821706136068,0.00010638678372489415,3.807002162747803e-05
10,1000,2,er,linear_sem,DF-PC (Pure),0.9189268923943845,0.057961687972057675,0.020741323662602944,0.9623905723905722,0.058362443687732475,0.020884732253678765,0.8833333333333332,0.08339078479367938,0.029841009094110565,1.5333333333333334,1.0742546199601597,0.384417078732795,129.86666666666667,61.01256701150455,21.83306670575111,84.86666666666666,61.012567011504544,21.83306670575111,273.73333333333335,91.43263332520621,32.718747632685165,0.021008547147115073,0.011336397720923732,0.004056677825032054,0.017259764671325683,0.00919524531770176,0.003290476277768688,0.003748782475789388,0.0021915238098374305,0.0007842267236256469
10,1000,2,er,linear_sem,Standard PC,0.9224959457467197,0.05986009958515419,0.021420661533699127,0.9783585858585859,0.044285895499563084,0.015847504177025785,0.8766666666666666,0.08976341829703133,0.03212142670616993,1.4333333333333333,1.072648457158112,0.3838423207556263,167.53333333333333,58.40685678531443,20.900625276536385,122.53333333333333,58.40685678531443,20.900625276536385,271.9,90.87974244135431,32.52089817085439,0.024091561635335285,0.00994394022951177,0.0035583933111353076,0.022507611910502115,0.009477630688428738,0.003391526584907016,0.0015839497248331706,0.00047528289705856317,0.00017007780042471545
10,1000,2,sf,discrete,DF-PC (Pure),0.4402730602730602,0.16760562268841916,0.0599769018032826,0.8783333333333333,0.21023385993238328,0.07523122059174725,0.3074074074074074,0.1420021445383764,0.05081481481481481,6.566666666666666,1.330888563259934,0.47625235591376336,45.0,0.0,0.0,0.0,0.0,0.0,92.4,3.873873584892019,1.3862478589475917,0.0077980677286783855,0.0015116247781070229,0.0005409279797759324,0.006937535603841146,0.0013265513914985174,0.00047470031893155515,0.0008605321248372396,0.00019200851725207689,6.870936547296048e-05
10,1000,2,sf,discrete,Standard PC,0.40144744144744143,0.15511290373542957,0.05550643973953445,0.913888888888889,0.21045850936342253,0.07531161035820903,0.26666666666666666,0.1224136432043884,0.04380515963656257,6.766666666666667,1.19433528860584,0.4273873941453228,47.4,3.8738735848920185,1.3862478589475915,2.4,3.8738735848920185,1.3862478589475915,92.4,3.873873584892019,1.3862478589475917,0.008148821194966634,0.0014718262455547986,0.000526686257806754,0.007532358169555664,0.0013811154287108774,0.0004942258088845989,0.00061646302541097,9.906440079716646e-05,3.5449740548729346e-05
10,1000,2,sf,linear_sem,DF-PC (Pure),0.9644748308680197,0.050554143126003016,0.01809056778276497,0.9829629629629629,0.038791156156288184,0.01388123695555623,0.9518518518518518,0.0859838180808519,0.03076891413895805,0.6,0.8136762043449723,0.2911702902616173,99.03333333333333,32.35309859203207,11.577407643975802,54.03333333333333,32.35309859203207,11.577407643975802,237.96666666666667,51.97577906290008,18.59929366928133,0.016069634755452474,0.007089223314541498,0.002536845982716401,0.012588993708292643,0.005385920368011367,0.0019273268512777495,0.0034806410471598308,0.0019404323694664288,0.0006943748056457083
10,1000,2,sf,linear_sem,Standard PC,0.9675593395252838,0.055983709488845804,0.02003351315270648,0.9924999999999999,0.028730315600124522,0.010281011399774772,0.9481481481481482,0.0910341387474096,0.0325761481794074,0.5333333333333333,0.8995528902176071,0.3219008676322191,162.8,54.60983869925474,19.54187980463626,117.8,54.60983869925474,19.54187980463626,236.73333333333332,52.86478087981888,18.917418883823807,0.022375941276550293,0.008957549873823674,0.00320541805556891,0.020954473813374837,0.008587903705094477,0.0030731418728954596,0.0014214674631754557,0.00038638960446348827,0.00013826774420209887
10,1000,4,er,discrete,DF-PC (Pure),0.3456927324068754,0.11250861604180024,0.04026069118759063,0.9435185185185185,0.11050681778032079,0.03954435687951118,0.21666666666666665,0.08643647591044011,0.03093089566296796,15.9,1.8634413844023774,0.6668239354728804,45.666666666666664,2.2944210197982304,0.8210480173188988,0.6666666666666666,2.2944210197982313,0.8210480173188991,99.76666666666667,12.659147798667405,4.530017861306376,0.008235740661621093,0.0016161579543936921,0.0005783346965003828,0.007258145014444987,0.0013970226412560996,0.0004999181317881232,0.0009775956471761067,0.00023391035448718398,8.370374535661815e-05
10,1000,4,er,discrete,Standard PC,0.26637710384087193,0.10249380935202321,0.036676938639334876,0.9694444444444444,0.09408597736460997,0.03366823460304466,0.1583333333333333,0.07201931413999582,0.0257717805812773,16.933333333333334,1.5297809925141153,0.5474250976598467,52.233333333333334,7.636948900296972,2.7328470663618565,7.233333333333333,7.636948900296971,2.732847066361856,97.7,8.777518304521324,3.1409945858765416,0.009557533264160156,0.002211736349922421,0.000791459688203011,0.008861223856608072,0.0020912021550358556,0.0007483270805094818,0.0006963094075520833,0.00012729165148513052,4.555073248165475e-05
10,1000,4,er,linear_sem,DF-PC (Pure),0.6815735869127711,0.08181160878928892,0.029275908218458546,0.911950826950827,0.07608293975111989,0.027225930330756636,0.5466666666666666,0.08400875706953302,0.03006214763297049,10.1,2.324531840148048,0.8318230359988781,399.6333333333333,96.78111932330224,34.63267876672821,354.6333333333333,96.78111932330224,34.63267876672821,734.6333333333333,144.9433856975587,51.86732444638005,0.059319289525349934,0.016167124093614,0.005785331056624331,0.04913735389709473,0.013577635814749295,0.004858694576707772,0.010181935628255208,0.0026744756342192335,0.0009570488144484089
10,1000,4,er,linear_sem,Standard PC,0.6787648544266194,0.08225757104057771,0.0294354937605453,0.9172422022422021,0.07933730393586338,0.02839048959797964,0.5416666666666666,0.08518067343263246,0.030481512517655417,10.133333333333333,2.330211376135492,0.833855431850182,479.8333333333333,94.7305009808982,33.89887441705543,434.8333333333333,94.7305009808982,33.89887441705543,729.2333333333333,145.15121326617864,51.941694586684385,0.0651394526163737,0.01585518243427589,0.005673704167440215,0.06172526677449544,0.01509954886939149,0.005403304168959333,0.003414185841878255,0.0007652078111571325,0.000273826098508611
10,1000,4,sf,discrete,DF-PC (Pure),0.30980261498770034,0.14871279430014944,0.053216189991507463,0.95,0.13771534860493698,0.049280804591132904,0.19375,0.11174314373783203,0.03998677044154513,13.033333333333333,1.9025089303036287,0.6808040772284498,45.2,0.7611243951073875,0.2723648668416233,0.2,0.7611243951073872,0.2723648668416232,95.3,7.168657836193172,2.5652712612271937,0.007741038004557292,0.0018039947538883347,0.0006455512319460727,0.006870881716410319,0.0016056226671506532,0.0005745646923781476,0.0008701562881469726,0.00021311925556737166,7.626374615913251e-05
10,1000,4,sf,discrete,Standard PC,0.25222362203786347,0.11532215995300249,0.041267504945832534,0.9583333333333334,0.13266715762630812,0.047474332649721354,0.15,0.07973555430728287,0.028533001663127663,13.7,1.368361718663398,0.4896619523571409,48.7,4.6024730983124345,1.6469738463541894,3.7,4.6024730983124345,1.6469738463541894,93.86666666666666,4.754187506880087,1.7012641502166141,0.008445096015930176,0.0021071657712457836,0.0007540395872052032,0.007818182309468588,0.001971404236612671,0.000705457945964621,0.0006269137064615885,0.0001386283731972878,4.960752624546075e-05
10,1000,4,sf,linear_sem,DF-PC (Pure),0.7718656656071377,0.0883923953585413,0.031630812448528174,0.9075742313242314,0.09820669632947099,0.035142814946771225,0.6770833333333334,0.10261050253207542,0.03671869675752233,6.333333333333333,2.4681884091350295,0.8832298789992831,211.86666666666667,79.32722858768167,28.38688418093673,166.86666666666667,79.32722858768167,28.38688418093673,500.9,133.58281687970666,47.801997105396836,0.02897172768910726,0.010957373399838809,0.003921045713637876,0.022562623023986816,0.008755508714994342,0.0031331185554151746,0.006409104665120443,0.00310390744814634,0.0011107190154952575
10,1000,4,sf,linear_sem,Standard PC,0.7709809684678057,0.08557409074945331,0.0306222950964269,0.9192501942501944,0.0972594790746911,0.034803857605334526,0.66875,0.0959160687339682,0.03432312438890277,6.3,2.3802347030029014,0.8517560494743152,346.03333333333336,103.94477424071891,37.196159756463466,301.03333333333336,103.94477424071891,37.196159756463466,477.46666666666664,126.11891852214481,45.13107538045342,0.03969473044077555,0.01359534504170599,0.00486503174218681,0.03760619163513183,0.013057763597684213,0.004672660693040685,0.0020885388056437176,0.0005505812756585106,0.00019702297915318237
10,2000,2,er,discrete,DF-PC (Pure),0.7278033255587436,0.1293039925212225,0.04627083947317719,0.9446428571428573,0.08669827799142041,0.031024580334466367,0.6066666666666666,0.16174337556830537,0.05787912361285,4.3,1.8222759547259613,0.6520930756497456,46.0,1.9826836567538,0.7094942346245791,1.0,1.9826836567538,0.7094942346245791,115.4,37.990561441240764,13.594747816120313,0.007496563593546549,0.0012869126559547327,0.00046051577958745746,0.006506959597269694,0.0010128463477057916,0.00036244241072445286,0.0009896039962768554,0.0004097345488904981,0.0001466216252774657
10,2000,2,er,discrete,Standard PC,0.6439422777658073,0.13782159442056163,0.04931882416797356,0.9916666666666667,0.04564354645876383,0.016333333333333328,0.49,0.14467561813504934,0.05177150505473241,5.133333333333334,1.50248835748162,0.5376585536439584,62.266666666666666,22.65016302496455,8.105256743695788,17.266666666666666,22.65016302496455,8.105256743695788,108.06666666666666,23.865908932940357,8.540305829584515,0.010056336720784506,0.003840659736136249,0.0013743624358133262,0.009406137466430663,0.0037403079115914412,0.0013384519965931982,0.0006501992543538411,0.0001125555267386415,4.027747796486482e-05
10,2000,2,er,linear_sem,DF-PC (Pure),0.9301642996379837,0.05044692689057786,0.018052200945658514,0.9641077441077441,0.053785966860696234,0.019247061053528053,0.9033333333333332,0.08087168778415266,0.02893956180642499,1.3333333333333333,0.9589266029707683,0.34314747787340827,139.56666666666666,63.587400255588115,22.75445894882231,94.56666666666666,63.587400255588115,22.75445894882231,292.0,96.33096684043919,34.471593769529925,0.018405898412068685,0.009097807174855355,0.003255608486153742,0.015193716684977213,0.007543071460204708,0.0026992534558633327,0.0032121817270914714,0.0015786488995217932,0.0005649122535972111
10,2000,2,er,linear_sem,Standard PC,0.9357811194653298,0.047975625648955175,0.017167857153859368,0.9832659932659933,0.03815093996268233,0.013652138532956456,0.8966666666666665,0.08087168778415267,0.028939561806424995,1.2,0.8866830868758715,0.31729546765294875,179.53333333333333,60.56101701267239,21.67148161388593,134.53333333333333,60.56101701267239,21.67148161388593,289.96666666666664,95.60135741834361,34.21050639094523,0.021209152539571126,0.007854681632468233,0.0028107617239212443,0.01982425848642985,0.007455699545573411,0.0026679878177531613,0.0013848940531412761,0.0004077135939745981,0.0001458984358486413
10,2000,2,sf,discrete,DF-PC (Pure),0.5720418796889385,0.16131833718260838,0.05772702557990414,0.8954761904761904,0.14910181474802417,0.053355399170933536,0.43703703703703695,0.1674523837908428,0.0599220659680346,5.533333333333333,1.71671967332515,0.6143202454621485,45.1,0.547722557505166,0.19599999999999995,0.1,0.5477225575051661,0.19599999999999998,96.4,7.65010705356693,2.737555651037753,0.007284990946451823,0.001555242120201867,0.0005565362451895927,0.006464083989461263,0.0014096460190906593,0.000504435349532164,0.0008209069569905599,0.0001565681141528104,5.602718009959156e-05
10,2000,2,sf,discrete,Standard PC,0.523565601065601,0.18160152211172487,0.06498527009007175,0.9166666666666666,0.22102166118424607,0.07909158569154537,0.3777777777777777,0.16141139937050075,0.05776032745614964,5.766666666666667,1.6543220995910686,0.5919915604658863,50.233333333333334,5.008154270327772,1.7921449893452395,5.233333333333333,5.008154270327772,1.7921449893452395,95.33333333333333,4.991947538775329,1.7863454849414997,0.008221594492594402,0.0016286442175712226,0.0005828028483945521,0.007621995608011882,0.0015267469634649515,0.0005463393843082829,0.0005995988845825196,0.00010765734522796026,3.8524686222150324e-05
10,2000,2,sf,linear_sem,DF-PC (Pure),0.9759660589381951,0.04139779757404187,0.014814011607392444,0.9721296296296295,0.047222128314834126,0.01689822159573954,0.9814814814814815,0.051237004153046016,0.01833492646302466,0.43333333333333335,0.7279320417946061,0.26048713575284344,103.96666666666667,36.8430813542809,13.184127340548587,58.96666666666667,36.8430813542809,13.184127340548587,249.5,54.566473223033206,19.52636166826785,0.013861529032389323,0.005622194829746948,0.0020118765815483296,0.010911862055460611,0.0043324649062054105,0.0015503526557024286,0.0029496669769287108,0.0014798750940047424,0.0005295665012339641
10,2000,2,sf,linear_sem,Standard PC,0.9864536750372663,0.033299109307686744,0.011915933230931507,0.9929629629629629,0.02682001459572152,0.00959741896464039,0.9814814814814815,0.051237004153046016,0.01833492646302466,0.23333333333333334,0.5683207771559354,0.20337097823748607,171.2,51.279087624354304,18.349985839826665,126.2,51.279087624354304,18.349985839826665,245.5,50.372919654143125,18.025717796220086,0.019260152180989584,0.006475466904444758,0.002317216072042462,0.018053531646728516,0.006206767310652906,0.0022210631572837777,0.0012066205342610677,0.0002817231426444147,0.00010081333186242648
10,2000,4,er,discrete,DF-PC (Pure),0.46576027167531414,0.1117079295852073,0.03997416921886428,0.951955266955267,0.06734645122297897,0.02409961806179468,0.31666666666666665,0.1019916606913267,0.036497247048861016,14.033333333333333,1.9561280074701644,0.6999914175719082,46.36666666666667,2.9767296720108605,1.0652090327841313,1.3666666666666667,2.9767296720108605,1.0652090327841313,117.56666666666666,29.082146832168632,10.406912589228696,0.008303650220235189,0.0022741783761246483,0.0008138042803107061,0.007182979583740234,0.0018469619502674286,0.0006609268457032674,0.0011206706364949544,0.0004849194071185371,0.00017352618126255796
10,2000,4,er,discrete,Standard PC,0.37492424483728837,0.07072446444829893,0.025308424569926248,0.9933333333333334,0.036514837167011066,0.013066666666666664,0.23333333333333334,0.054667227359053404,0.019562416072800515,15.366666666666667,1.1290317283753197,0.404018815236536,61.266666666666666,13.858728939411865,4.95928245953081,16.266666666666666,13.858728939411865,4.95928245953081,107.33333333333333,15.490449412089559,5.543186131677472,0.011017147699991863,0.0035919080428291113,0.0012853477855672678,0.010297218958536783,0.0034404882831873987,0.001231162920468854,0.0007199287414550781,0.0001600770403060271,5.728283319732615e-05
10,2000,4,er,linear_sem,DF-PC (Pure),0.6995373770231458,0.068996223346787,0.02468998143433722,0.9032656232656232,0.08554885255076204,0.030613263723014015,0.5733333333333335,0.06914918072835208,0.024744716530374366,9.8,2.1399323224876965,0.7657649469798082,487.8,113.11282131052866,40.47690326622071,442.8,113.11282131052866,40.47690326622071,873.6,163.4643481112878,58.49496572817382,0.06931478182474772,0.022385824744130735,0.008010664504735575,0.057517202695210774,0.018578957192018273,0.006648394446674282,0.011797579129536946,0.0039058316323544538,0.0013976838993604026
10,2000,4,er,linear_sem,Standard PC,0.6966739467047819,0.0701041047406412,0.025086431699567303,0.9025024975024974,0.08435893827048722,0.03018745836638204,0.5700000000000001,0.07143842296595067,0.02556391134428358,9.866666666666667,2.1452969143162237,0.7676846415112525,574.2666666666667,100.83887227116108,36.084727010647455,529.2666666666667,100.83887227116108,36.084727010647455,869.7333333333333,161.73774714201605,57.87710950636928,0.07207074960072836,0.020323608587598806,0.0072727099305779355,0.06840286254882813,0.019373216447340164,0.006932616470963691,0.003667887051900228,0.0009561138165845872,0.0003421409351920138
10,2000,4,sf,discrete,DF-PC (Pure),0.3962531331558118,0.14508355196619047,0.05191748230143893,0.9572222222222222,0.1187162602468538,0.04248206813750569,0.25833333333333336,0.11458006787405474,0.04100195070586062,12.0,1.9826836567538,0.7094942346245791,45.4,1.0372377109252815,0.37117074795561555,0.4,1.0372377109252813,0.3711707479556155,98.06666666666666,9.519248497335438,3.40641932655868,0.007091792424519857,0.0008134469052669561,0.0002910882366403535,0.006277139981587728,0.0007211436144727492,0.00025805792823372205,0.0008146524429321289,0.000113125625899133,4.048148532940592e-05
10,2000,4,sf,discrete,Standard PC,0.3556272439863771,0.12125314032725348,0.043389879015376366,0.9722222222222221,0.10795320872760072,0.03863055961577805,0.22291666666666668,0.08790444295912478,0.031456200924910686,12.5,1.5256428831468234,0.5459442942405325,51.43333333333333,6.568909705015261,2.350654148785624,6.433333333333334,6.56890970501526,2.3506541487856234,96.8,6.779278773561032,2.425933753158285,0.008175992965698242,0.001320840525890321,0.0004726567119194486,0.007580725351969401,0.0012566987656837231,0.00044970387780986454,0.0005952676137288411,7.222990575890301e-05,2.5847139824274007e-05
10,2000,4,sf,linear_sem,DF-PC (Pure),0.7873250249112317,0.0721044055288966,0.025802230143735568,0.8947940947940949,0.09265012484994549,0.03315442137951026,0.70625,0.07548335623808416,0.027011372126160702,6.1,2.1391264733450233,0.7654765775675946,275.93333333333334,105.81960359851631,37.867058825879326,230.93333333333334,105.81960359851631,37.867058825879326,649.4666666666667,217.33507156769093,77.77235653995434,0.039428337415059404,0.015711854530590593,0.005622414935807551,0.030182679494222004,0.012485622183308334,0.004467922517332786,0.009245657920837402,0.004918783571173777,0.0017601640953795608
10,2000,4,sf,linear_sem,Standard PC,0.786157407596043,0.0701041695668107,0.025086454897314134,0.9031762681762683,0.09889343955174625,0.03538856285275313,0.7,0.07229310550424761,0.025869755562694507,6.1,2.1066397495734193,0.7538513527672186,471.4,151.98652390352203,54.387679084788,426.4,151.98652390352203,54.387679084788,620.1,175.56752311408223,62.82603127959642,0.054836336771647134,0.0208451846895545,0.007459353541622477,0.05218011538187663,0.020059908905499326,0.007178346211239956,0.002656221389770508,0.0008029457509378659,0.0002873304468245081
10,5000,2,er,discrete,DF-PC (Pure),0.8715582516898305,0.10084459287001045,0.03608677410065518,0.9440848965848966,0.07676582276910672,0.027470296880374518,0.8199999999999998,0.14479474176011822,0.051814132896499325,2.3,1.7049623314678062,0.6101129347124581,49.5,8.787726550765816,3.14464755988045,4.5,8.787726550765816,3.14464755988045,136.66666666666666,47.04461076785364,16.834697757381196,0.008912229537963867,0.0023497839707831807,0.0008408593948938454,0.007680185635884603,0.0018244138468838998,0.0006528581105332175,0.0012320439020792643,0.0005785474830667399,0.00020703055794814784
10,5000,2,er,discrete,Standard PC,0.812220502235982,0.09125446302389564,0.03265499020918971,1.0,0.0,0.0,0.6933333333333334,0.1284746944983205,0.04597407898693913,3.066666666666667,1.2847469449832047,0.4597407898693912,78.03333333333333,35.518313230116135,12.71006515563694,33.03333333333333,35.518313230116135,12.71006515563694,125.66666666666667,37.9866885335788,13.593361913912446,0.014244302113850912,0.007319503278050895,0.0026192506093460355,0.01344906489054362,0.007135894368009549,0.0025535470047108287,0.0007952372233072917,0.00018784613546651464,6.721987628031844e-05
10,5000,2,er,linear_sem,DF-PC (Pure),0.950735171261487,0.05168094304977568,0.018493787956981287,0.9809090909090908,0.04692602547231833,0.016792262554363835,0.9266666666666666,0.08276819867946672,0.029618219514397973,0.9333333333333333,0.9802650357071221,0.3507833379617266,144.76666666666668,66.68127138877145,23.861586515132586,99.76666666666667,66.68127138877145,23.861586515132586,301.23333333333335,99.43449874278988,35.58217839768813,0.017852020263671876,0.007941179060826056,0.002841714431137385,0.014749916394551595,0.0066078873362475895,0.002364602114990146,0.00310210386912028,0.0013679371673671035,0.0004895100286268992
10,5000,2,er,linear_sem,Standard PC,0.9569200779727096,0.0518865357826577,0.018567358371587586,0.9925925925925926,0.028189792411384727,0.010087587660800866,0.9266666666666666,0.08276819867946672,0.029618219514397973,0.8,0.9613209303008455,0.3440042769047148,186.13333333333333,62.42387547953954,22.338096954997784,141.13333333333333,62.42387547953954,22.338096954997784,297.03333333333336,97.90230293277186,35.03388916868244,0.020336381594340005,0.006678613650359952,0.002389911201453856,0.019020628929138184,0.006358447014595564,0.0022753410422556423,0.001315752665201823,0.00033049296353481774,0.00011826538813350463
10,5000,2,sf,discrete,DF-PC (Pure),0.7083787454375691,0.16263472300887033,0.05819808819803433,0.931904761904762,0.08582543119264624,0.030712236118922306,0.5999999999999999,0.20550118365500974,0.07353765413614904,4.033333333333333,1.7904600320690718,0.640707893945427,45.2,0.7611243951073875,0.2723648668416233,0.2,0.7611243951073872,0.2723648668416232,104.56666666666666,16.344741500331036,5.848890629330466,0.007663345336914063,0.0008516244751419716,0.00030474990456505355,0.0067609628041585285,0.0007077427966818396,0.00025326250717423146,0.0009023825327555339,0.0001822379122395473,6.521299937261461e-05
10,5000,2,sf,discrete,Standard PC,0.6389774767715944,0.17072665245060614,0.0610937479601672,0.9646825396825397,0.08268474631973778,0.029588356470996266,0.49999999999999994,0.19078382382411302,0.0682711145581647,4.666666666666667,1.806756158448603,0.6465393878772029,54.766666666666666,7.753456774498908,2.7745388737024075,9.766666666666667,7.753456774498908,2.7745388737024075,99.9,7.7341606771071385,2.767633853931059,0.009710129102071125,0.0020422219093495296,0.0007307997246922451,0.009048112233479818,0.0019444897827981772,0.0006958267323595632,0.0006620168685913086,0.00010453288804240613,3.740661357756541e-05
10,5000,2,sf,linear_sem,DF-PC (Pure),0.9927760577915377,0.018758810977134364,0.006712754297112652,0.99,0.030512857662936457,0.010918885884810646,0.9962962962962963,0.02028602064833949,0.007259259259259261,0.13333333333333333,0.34574590364176044,0.12372358265187185,104.7,36.49104755586139,13.058153663648174,59.7,36.49104755586139,13.058153663648174,252.5,50.23650959761958,17.976904084401465,0.01403669516245524,0.005246022557442395,0.0018772650627028652,0.011051456133524576,0.0041056601895450035,0.0014691916301862932,0.002985239028930664,0.0013002279567746104,0.00046528059879188
10,5000,2,sf,linear_sem,Standard PC,0.9980392156862745,0.010739657990297377,0.0038431372549019615,1.0,0.0,0.0,0.9962962962962963,0.02028602064833949,0.007259259259259261,0.03333333333333333,0.18257418583505533,0.06533333333333331,177.56666666666666,51.68717798270759,18.496019099076698,132.56666666666666,51.68717798270759,18.496019099076698,251.56666666666666,50.36671268929944,18.023496662376516,0.020076934496561685,0.006070681279584312,0.002172365396485067,0.018836847941080728,0.005827493185790229,0.002085341654755769,0.001240086555480957,0.0002602794484981618,9.313980446233227e-05
10,5000,4,er,discrete,DF-PC (Pure),0.6382166514280083,0.09968547401135391,0.03567198874412084,0.9824338624338625,0.03661055835297317,0.013100920053151291,0.48166666666666663,0.11483371285992368,0.041092716398361505,10.566666666666666,2.2234383645425253,0.795647200355126,55.1,18.392933425639317,6.581826696796769,10.1,18.392933425639317,6.581826696796769,174.06666666666666,72.34492729796006,25.888299753413804,0.010474665959676107,0.00463325167178011,0.0016579878174185591,0.008806665738423666,0.003924130619992789,0.0014042321079889655,0.0016680002212524415,0.0009010346921480357,0.00032243112364301204
10,5000,4,er,discrete,Standard PC,0.5499971885733842,0.07863744956125074,0.02814004992638955,1.0,0.0,0.0,0.38333333333333336,0.07693854839990848,0.027532105953550812,12.333333333333334,1.5387709679981694,0.5506421190710162,91.36666666666666,32.71663431527669,11.707497231814758,46.36666666666667,32.71663431527669,11.707497231814758,141.1,37.938561949006726,13.576140036801721,0.01717218557993571,0.007035915441118428,0.0025177700052023233,0.016280110677083334,0.006818600501353714,0.002440004852735543,0.0008920749028523763,0.00021904799863248556,7.838531961788377e-05
10,5000,4,er,linear_sem,DF-PC (Pure),0.7470625890182968,0.06262904512797919,0.022411515970780775,0.8945771984007279,0.06903679307449358,0.024704499124948154,0.6449999999999999,0.07351987767803414,0.02630875034712949,8.666666666666666,1.9357495800804425,0.6926990909849247,606.4333333333333,126.92264365062827,45.41868472395078,561.4333333333333,126.92264365062827,45.41868472395078,1060.6333333333334,189.032105161026,67.64427008506334,0.06841375827789306,0.014297288222580045,0.005116218883497888,0.0569190263748169,0.011986829738248286,0.004289431933200057,0.011494731903076172,0.0024458135876711997,0.0008752231519678349
10,5000,4,er,linear_sem,Standard PC,0.7470625890182968,0.06262904512797919,0.022411515970780775,0.8945771984007279,0.06903679307449358,0.024704499124948154,0.6449999999999999,0.07351987767803414,0.02630875034712949,8.666666666666666,1.9357495800804425,0.6926990909849247,718.4,125.27063117300382,44.82751965109117,673.4,125.27063117300382,44.82751965109117,1058.8666666666666,189.54732524028697,67.82863922259735,0.07190469900767009,0.017073600889999305,0.006109709612258028,0.06839170455932617,0.016389556581181373,0.005864927500053255,0.003512994448343913,0.0006893014948760531,0.0002466633720748887
10,5000,4,sf,discrete,DF-PC (Pure),0.48401323018027825,0.17779888226858065,0.06362451289823519,0.9405158730158731,0.10304633673639912,0.036874658024548736,0.34375,0.1711632992203644,0.06125,10.8,2.8454440293454955,1.0182290689140674,46.36666666666667,3.368037731516609,1.2052368235190476,1.3666666666666667,3.368037731516609,1.2052368235190476,111.4,27.28470583337473,9.76370658842366,0.008372147878011068,0.0014321804181212316,0.0005124991806624903,0.007355713844299316,0.0012476806506319291,0.00044647678678370217,0.0010164340337117514,0.0002617717668854295,9.367382373887396e-05
10,5000,4,sf,discrete,Standard PC,0.43909847884326286,0.13965241193964234,0.04997397380317265,0.9777777777777779,0.08456937723415416,0.03026276298240259,0.2916666666666667,0.1141088661469096,0.04083333333333333,11.4,1.9404940714620362,0.6943968854212688,59.0,15.279014230704446,5.467525023724854,14.0,15.279014230704446,5.467525023724854,104.86666666666666,16.43321559259306,5.880550676640445,0.010844103495279948,0.0030941071428549883,0.0011072120212866307,0.010133719444274903,0.0029861338726329197,0.001068574282757255,0.0007103840510050456,0.0001224678966917712,4.382457399768632e-05
10,5000,4,sf,linear_sem,DF-PC (Pure),0.8272907349005791,0.07130243746268491,0.025515249556897112,0.9098680486180487,0.08159116259212605,0.029197022559922358,0.7625,0.0827204473742321,0.029601131929273463,5.066666666666666,2.0998084203800236,0.7514067930105338,332.7,133.9186963847069,47.922190042638476,287.7,133.9186963847069,47.922190042638476,799.9666666666667,236.03674222069947,84.46466343468197,0.04765489896138509,0.02043646149746179,0.0073130938257271435,0.035727961858113604,0.01573179118726077,0.00562954917677282,0.011926937103271484,0.006437664526421669,0.002303688664797681
10,5000,4,sf,linear_sem,Standard PC,0.825988052908242,0.07091417929940598,0.02537631315751036,0.9096848984348985,0.08155388914466943,0.029183684428049948,0.7604166666666666,0.0822031842798509,0.029416031708167888,5.1,2.090207051284963,0.7479709872054862,624.7333333333333,231.71027291579594,82.91645627735105,579.7333333333333,231.71027291579594,82.91645627735105,790.3333333333334,238.0690038092163,85.19189890433951,0.07060058911641438,0.029096613975674944,0.010412089590044863,0.06738591988881429,0.02812494689865939,0.010064382992086732,0.0032146692276000975,0.0009909525941587255,0.00035460783163614407
10,10000,2,er,discrete,DF-PC (Pure),0.9332488082952479,0.054678049393957845,0.01956628868825556,0.9647811447811449,0.05405023939595754,0.019341629765737296,0.91,0.09228890171255882,0.033025159339892474,1.2666666666666666,1.0148325268098497,0.363153155788831,50.666666666666664,8.715160525687738,3.118680141302534,5.666666666666667,8.71516052568774,3.1186801413025345,144.76666666666668,40.95808061684644,14.65666091509511,0.010805797576904298,0.005034459338113886,0.0018015581369606353,0.00938724676767985,0.004163267008641253,0.0014898059656525814,0.0014185508092244465,0.0008896338580883007,0.00031835138757027056
10,10000,2,er,discrete,Standard PC,0.9040477009517256,0.07742069954768012,0.027704641525928348,1.0,0.0,0.0,0.8333333333333333,0.1241059984471932,0.04441076118253617,1.6666666666666667,1.2410599844719317,0.4441076118253616,89.4,36.514144637670064,13.066418848224687,44.4,36.514144637670064,13.066418848224687,138.03333333333333,39.112995753094765,13.996405776174859,0.021189355850219728,0.017148498278767788,0.00613651129861816,0.02022287845611572,0.016819563685709835,0.006018803566197899,0.0009664773941040039,0.00033416312828540515,0.00011957873972229389
10,10000,2,er,linear_sem,DF-PC (Pure),0.9600389863547759,0.04903758558056243,0.01754787463486855,0.9781144781144782,0.0470114070697428,0.01682281596660857,0.9466666666666667,0.07760791522613608,0.027771635796064873,0.7666666666666667,0.9352607356658147,0.33467875602105485,150.1,68.27598658992476,24.432248020931716,105.1,68.27598658992476,24.432248020931716,307.3,101.89621156370086,36.46309101720171,0.019582231839497883,0.009586028413599332,0.003430316212689026,0.01614685853322347,0.007917749623588126,0.00283333031469794,0.003435373306274414,0.001709941983445405,0.0006118948802873401
10,10000,2,er,linear_sem,Standard PC,0.966229462545252,0.04778471014332091,0.017099538917570618,0.9899326599326599,0.03083303296976225,0.011033459146908333,0.9466666666666667,0.07760791522613608,0.027771635796064873,0.6333333333333333,0.8899179866642238,0.31845306167537696,192.4,65.25208412578574,23.35015842127951,147.4,65.25208412578574,23.35015842127951,306.1,101.57428061649573,36.347889507262785,0.022432192166646322,0.008356591241038212,0.0029903677706902567,0.020998628934224446,0.00795104451214285,0.002845244737551821,0.001433563232421875,0.00041400396174198913,0.0001481494150451609
10,10000,2,sf,discrete,DF-PC (Pure),0.8038214503075185,0.14245616309654072,0.050977283269292094,0.9450108225108225,0.0847290895965005,0.030319915317268013,0.725925925925926,0.1994742628822918,0.07138094823593318,2.9,1.807074221325541,0.6466532052159735,45.4,1.302517456365914,0.46609988569862987,0.4,1.3025174563659139,0.4660998856986298,114.96666666666667,21.58780519954109,7.725096878213099,0.008993323644002278,0.0010041498916009866,0.00035933042387420206,0.00793594519297282,0.0008341994889195199,0.0002985144533264612,0.0010573784510294595,0.00022732557818048988,8.134741341734088e-05
10,10000,2,sf,discrete,Standard PC,0.7538732672556203,0.1445465012746958,0.05172530117964542,0.9765873015873017,0.06287630739011506,0.022499997634927268,0.6333333333333332,0.18489120982922846,0.06616246972115435,3.433333333333333,1.7554512797005501,0.6281801728022905,63.8,14.49708650872234,5.187715781968279,18.8,14.49708650872234,5.187715781968279,109.2,14.828676784272217,5.3063738381633865,0.013697242736816407,0.003856948389918391,0.0013801912557104687,0.012908244132995605,0.003735146058574099,0.001336604851213597,0.0007889986038208008,0.00012610561135467747,4.5126313471731816e-05
10,10000,2,sf,linear_sem,DF-PC (Pure),0.9911971104231166,0.023979623440688155,0.008580998043577105,0.9872727272727272,0.040767781019108704,0.014588563078616565,0.9962962962962963,0.02028602064833949,0.007259259259259261,0.16666666666666666,0.461133037377414,0.1650143381672219,102.63333333333334,33.159471870231044,11.865964615678593,57.63333333333333,33.159471870231044,11.865964615678593,255.33333333333334,73.95773878666641,26.465436932547536,0.013165895144144695,0.004362718833013047,0.0015611788843706551,0.010243932406107584,0.003369126959525893,0.001205626598756336,0.0029219627380371095,0.002025241314439527,0.0007247232968424955
10,10000,2,sf,linear_sem,Standard PC,0.9962848297213623,0.014161891565859385,0.0050677678121413845,0.9966666666666666,0.01825741858350553,0.00653333333333333,0.9962962962962963,0.02028602064833949,0.007259259259259261,0.06666666666666667,0.2537081317024624,0.09078828894720775,174.43333333333334,50.97374803274473,18.240721470237663,129.43333333333334,50.97374803274473,18.240721470237663,248.16666666666666,49.129725065966646,17.580846326269185,0.018996008237202964,0.006321741623291136,0.0022622061866666428,0.01781148115793864,0.006069986276465693,0.002172116692813139,0.0011845270792643229,0.0002643122867065559,9.45829370812363e-05
10,10000,4,er,discrete,DF-PC (Pure),0.7470845869704078,0.09333396759876643,0.03339913136439643,0.9926512084406821,0.0229929251144594,0.008227912582168092,0.6083333333333335,0.12600173324843272,0.045089141168811325,7.933333333333334,2.490441497119479,0.8911930442645936,77.83333333333333,64.42642600529764,23.054700457392126,32.833333333333336,64.42642600529764,23.054700457392126,242.96666666666667,141.37440711990888,50.590181864548796,0.01915319760640462,0.02072532971650118,0.007416463990340432,0.016468516985575356,0.01837852700792394,0.006576671426425808,0.0026846806208292644,0.0024601309355942744,0.000880346549122965
10,10000,4,er,discrete,Standard PC,0.652123927147919,0.09864733550809907,0.035300495651769924,1.0,0.0,0.0,0.49166666666666653,0.11148166180830024,0.03989320033477123,10.166666666666666,2.2296332361660047,0.7978640066954246,135.73333333333332,60.180151002740466,21.535190462601822,90.73333333333333,60.18015100274046,21.53519046260182,190.93333333333334,69.87226440679687,25.003468701584406,0.03190324306488037,0.015732235019083635,0.005629707999950885,0.03063701788584391,0.015357830510813185,0.0054957290673408,0.0012662251790364583,0.0003776138681538474,0.00013512738729490068
10,10000,4,er,linear_sem,DF-PC (Pure),0.7781255010589376,0.06981117749826801,0.024981609032108325,0.9025491093873447,0.07118248989692841,0.025472326871741766,0.6866666666666666,0.07979859705504867,0.02855556122068611,7.766666666666667,2.2996751394765385,0.822928179899091,746.1333333333333,185.85454700834782,66.50719550343257,701.1333333333333,185.85454700834782,66.50719550343257,1276.9,268.02204618534523,95.91045746154462,0.08883725007375082,0.027159761722165412,0.009718995912440966,0.07332220077514648,0.021903540645504625,0.007838081356505778,0.01551504929860433,0.005470902653534001,0.0019577373715935556
10,10000,4,er,linear_sem,Standard PC,0.7769490304707022,0.06972717388905678,0.02495154872661279,0.9023903792286145,0.07111675586151561,0.025448804249267366,0.685,0.08003232105713981,0.028639198280694236,7.8,2.295422731707905,0.821406475322145,871.4,175.91330152996508,62.949766496604354,826.4,175.91330152996508,62.949766496604354,1271.9,263.57441532476764,94.31889319834558,0.08947017192840576,0.02197968661878018,0.007865329843093566,0.08523735205332438,0.02110099585836984,0.007550894392735468,0.00423281987508138,0.0008964794348692031,0.000320801045760666
10,10000,4,sf,discrete,DF-PC (Pure),0.6113617851873553,0.16905283530640122,0.06049478018758085,0.98248556998557,0.04656206317678561,0.016662020319592005,0.46458333333333335,0.17956134689528971,0.06425520276503278,8.7,2.914292958553731,1.0428663418178532,47.9,5.973216080540497,2.1374879229342216,2.9,5.973216080540498,2.137487922934222,127.0,35.27624970292971,12.623443834899952,0.010230255126953126,0.002931810265782315,0.0010491348297042044,0.008975911140441894,0.002434919663876138,0.000871324811403667,0.0012543439865112306,0.0005445413407577725,0.00019486161620706435
10,10000,4,sf,discrete,Standard PC,0.5393011950247016,0.15865769003572439,0.056774925226096194,1.0,0.0,0.0,0.3854166666666667,0.15578234613657638,0.05574599662618602,9.833333333333334,2.4925175381852216,0.8919359460189762,70.1,23.1417669876426,8.281174962444684,25.1,23.1417669876426,8.281174962444684,117.16666666666667,25.796395542565744,9.231121590779464,0.016208640734354653,0.006717312313162925,0.0024037593400880065,0.01533207893371582,0.00650962444978211,0.00232943919266144,0.0008765618006388346,0.0002152619226669249,7.703048973351683e-05
10,10000,4,sf,linear_sem,DF-PC (Pure),0.8507899481631734,0.07837859440760912,0.028047419799295908,0.9121001221001221,0.09370028951722115,0.03353021797938662,0.8,0.0793969729293556,0.02841184187307626,4.5,2.4459678290381612,0.8752783465321452,398.5,156.51456911363744,56.008019253403845,353.5,156.51456911363744,56.008019253403845,978.8333333333334,366.88117810890043,131.28674348721933,0.0591554323832194,0.024486834138151805,0.008762501060644166,0.0433098316192627,0.02010740691735792,0.007195343156493934,0.015845600763956705,0.010272703023041474,0.003676039565883934
10,10000,4,sf,linear_sem,Standard PC,0.847785022054799,0.07965295746864146,0.02850344476401535,0.913901098901099,0.09497170142999803,0.03398518688926563,0.79375,0.08231235190335695,0.02945509684053097,4.566666666666666,2.4730733822559707,0.8849779441804317,779.4666666666667,381.67550157921727,136.58082414986347,734.4666666666667,381.67550157921727,136.58082414986347,958.3666666666667,371.7080318200566,133.01401090467948,0.08635342915852864,0.04403455995478162,0.015757564907404407,0.08260724544525147,0.04259733605050379,0.015243260938399445,0.003746183713277181,0.0014516489202772963,0.0005194658946864106
20,1000,2,er,discrete,DF-PC (Pure),0.5512180743735412,0.1128652116021656,0.0403882972700386,0.8174498186998188,0.1437775103514086,0.051450121311847355,0.4283333333333334,0.11498375697382694,0.04114640899495455,13.6,2.9431393044701846,1.0531888741330784,190.66666666666666,1.397863723152492,0.5002191090793339,0.6666666666666666,1.397863723152492,0.5002191090793339,407.6333333333333,24.477270714056246,8.759078833282805,0.030781094233194986,0.005896218571928214,0.00210993471833964,0.026936753590901693,0.005121020536353601,0.0018325336639359402,0.0038443406422932944,0.0008640625624494555,0.0003092008169455316
20,1000,2,er,discrete,Standard PC,0.47037630921301987,0.10741197956471128,0.03843688324719918,0.9800384800384802,0.046169955520430066,0.016521706396799146,0.31666666666666665,0.09315664721070757,0.0333356780784521,13.833333333333334,1.7827397228816748,0.6379452167834306,208.3,11.855887523315884,4.242574863365921,18.3,11.855887523315884,4.242574863365921,398.8333333333333,12.594698757080664,4.506955067967101,0.03248469034830729,0.004713798854503765,0.0016868112565804332,0.02982158660888672,0.004306804075009224,0.001541170045189979,0.002663103739420573,0.0004316990482563305,0.0001544815204318889
20,1000,2,er,linear_sem,DF-PC (Pure),0.9147543605759267,0.06710248747595007,0.024012316756120027,0.9451591173417797,0.06684892104375913,0.023921579173691795,0.8900000000000002,0.08847364696279085,0.03165988796169573,3.2666666666666666,2.504249262317171,0.8961340895833672,493.1333333333333,177.2982551080744,63.44536576961195,303.1333333333333,177.2982551080744,63.44536576961195,1080.4,329.97456537300485,118.07988173373512,0.06449643770853679,0.02220283131547332,0.007945181147285001,0.05300325552622477,0.01898257340598346,0.006792826653917145,0.011493182182312012,0.0034522386524953983,0.0012353677361238056
20,1000,2,er,linear_sem,Standard PC,0.9286427396376049,0.06518699125464378,0.023326865236492786,0.9742244500139237,0.05277849632067778,0.018886542350878572,0.8900000000000002,0.08847364696279085,0.03165988796169573,2.6666666666666665,2.353769293082368,0.8422855241630116,648.2,177.79267274766588,63.62229084971333,458.2,177.79267274766588,63.62229084971333,1067.3,333.2221119044607,119.24200133506146,0.07606484095255533,0.024499957276121368,0.008767197115255738,0.07053369681040446,0.023078573619306153,0.008258561506007248,0.005531144142150879,0.0014783098074418034,0.0005290063706311029
20,1000,2,sf,discrete,DF-PC (Pure),0.3447770419575928,0.15406246239035853,0.05513054413178055,0.6730321530321531,0.1917663990075415,0.06862272457187163,0.242495126705653,0.12450911724208374,0.04455501539064919,16.5,2.8131464774249273,1.0066715383911957,190.0,0.0,0.0,0.0,0.0,0.0,388.4,9.088074793281349,3.2521257981352054,0.030231642723083495,0.005392520306576827,0.001929688608961644,0.02662663459777832,0.004664071585597797,0.0016690165819371898,0.0036050081253051758,0.0007379977195622912,0.0002640890922825371
20,1000,2,sf,discrete,Standard PC,0.3239114219114219,0.13503083205273492,0.04832016268033002,0.8429894179894181,0.17318138883663312,0.061972164094519576,0.2074074074074074,0.09834762818049632,0.03519324676197121,15.7,2.0367316617730884,0.7288350648288939,196.13333333333333,5.257069678936679,1.8812182243596391,6.133333333333334,5.257069678936679,1.8812182243596391,386.1333333333333,5.257069678936679,1.8812182243596391,0.031146740913391112,0.0056165171331300475,0.002009844843907321,0.02850206693013509,0.005093137911294727,0.0018225559947005671,0.0026446739832560223,0.0005283557223771765,0.00018906966705483887
20,1000,2,sf,linear_sem,DF-PC (Pure),0.9091960981565745,0.0952688976401535,0.03409153718722634,0.9543784431942325,0.05392303943145047,0.019296111843019367,0.8786549707602338,0.14382576979471792,0.05146739073184661,3.1,3.0889123183322686,1.105353077205359,597.1333333333333,1100.4588927863886,393.7941573350259,407.1333333333333,1100.4588927863886,393.7941573350259,1614.5333333333333,2063.5248673473557,738.4228903084148,0.11446377436319986,0.24444742080871174,0.08747438611391424,0.07326477368672689,0.14597265149237074,0.05223564248079158,0.04119900067647298,0.10002413888378762,0.035793178412297656
20,1000,2,sf,linear_sem,Standard PC,0.9135712236586918,0.08733534400879521,0.03125255148097932,0.9795718667583991,0.03268527002083726,0.011696273663192478,0.8681286549707601,0.1428706679145862,0.05112561191346364,2.8666666666666667,2.687561814311836,0.9617316438535606,1274.8333333333333,2065.0011953462904,738.9511874979795,1084.8333333333333,2065.0011953462904,738.9511874979795,1544.7333333333333,2052.638200367808,734.5271465623282,0.1499838670094808,0.21467090638642888,0.07681899727371225,0.14203871091206868,0.20728072522378474,0.07417445490818335,0.00794515609741211,0.00741051307039222,0.002651818045275916
20,1000,4,er,discrete,DF-PC (Pure),0.349338828906243,0.08876116038389535,0.03176277331809435,0.840027880616116,0.12665742620123246,0.04532377787856111,0.2233333333333333,0.06595888653277644,0.023603084414324578,32.733333333333334,3.172438780511289,1.135242637828273,190.7,1.7049623314678062,0.6101129347124581,0.7,1.7049623314678062,0.6101129347124581,417.46666666666664,42.72585693201147,15.289251545195418,0.03261691729227702,0.007049272306984192,0.002522549698267393,0.028363283475240073,0.006017362135663775,0.0021532853858752675,0.0042536338170369465,0.0011315019772861834,0.0004049027824566093
20,1000,4,er,discrete,Standard PC,0.2602747917862891,0.06479172981676279,0.02318542274747508,0.9236640211640211,0.11802012725811264,0.0422329601467471,0.15250000000000002,0.042217621749772886,0.015107381920959936,34.36666666666667,2.157318471738873,0.7719865005867151,209.9,14.303001855168919,5.118263480661313,19.9,14.303001855168919,5.118263480661313,400.5,15.083103128998356,5.39741913634038,0.035006475448608396,0.007111851889502845,0.002544943514270745,0.03213849862416585,0.006504320374149916,0.002327541153572736,0.0028679768244425454,0.0006194388156395373,0.0002216633333824382
20,1000,4,er,linear_sem,DF-PC (Pure),0.6407013433254795,0.06381221083746903,0.022834906382372178,0.8735248959306932,0.07615586908086107,0.02725202775623858,0.5075,0.06058265940588656,0.021679226244834305,22.666666666666668,3.7170003973665366,1.3301115097436345,1831.3333333333333,369.57984843307685,132.25245026027585,1641.3333333333333,369.57984843307685,132.25245026027585,3536.0666666666666,583.1300164559822,208.67039646124942,0.2798745075861613,0.0577534240399862,0.0206667973716429,0.2313838799794515,0.04827338332352885,0.017274408369281766,0.048490627606709795,0.010156911729984178,0.0036346041838127546
20,1000,4,er,linear_sem,Standard PC,0.6397652702265284,0.06171316982484735,0.02208377420270114,0.8806908078502281,0.08232627682713027,0.029460079810507602,0.5041666666666667,0.05764162967217676,0.020626792270902743,22.633333333333333,3.6811105270887587,1.31726848460608,2289.2,343.74132214751853,123.00625237673941,2099.2,343.74132214751853,123.00625237673941,3511.133333333333,593.1242664082282,212.24679287545362,0.3087913990020752,0.04530583798253733,0.016212485907143893,0.29249544938405353,0.043153747688273875,0.015442370285839288,0.01629594961802165,0.002203484554315133,0.0007885068210682424
20,1000,4,sf,discrete,DF-PC (Pure),0.23887566746464559,0.0983315246090066,0.035187484172921814,0.734100529100529,0.22287950466628212,0.07975640644338308,0.1454778350734233,0.06441175509156667,0.023049450538337544,31.533333333333335,2.6617771265198686,0.9525047118275268,190.0,0.0,0.0,0.0,0.0,0.0,390.1333333333333,9.107531303090955,3.259088220753059,0.03164661725362142,0.006380960376621519,0.0022833973453905473,0.027805447578430176,0.005523046170166062,0.001976396689381079,0.0038411696751912434,0.0008671875786308009,0.00031031908962419135
20,1000,4,sf,discrete,Standard PC,0.2002124462940357,0.08252731664247295,0.029532020984496577,0.8315873015873015,0.2511409054141658,0.08986961881830513,0.11518440709617181,0.050500248173796926,0.01807128172180646,31.6,2.3430013172027437,0.8384322534815564,197.8,5.435515392877376,1.945074202999056,7.8,5.4355153928773765,1.9450742029990564,387.8,5.435515392877376,1.945074202999056,0.03281746705373128,0.006461650277436839,0.0023122718555656256,0.030038015047709147,0.005872094638557771,0.0021013020796509145,0.0027794520060221354,0.0005955164221156791,0.00021310281480158352
20,1000,4,sf,linear_sem,DF-PC (Pure),0.6657844867453568,0.10410302610819737,0.03725278945995251,0.8548829788329345,0.09753183179513729,0.034901317774677566,0.5494353018985372,0.10883132551505138,0.03894478967255037,19.066666666666666,5.711049987000901,2.043672991214386,871.4333333333333,208.30807479065354,74.54208722923192,681.4333333333333,208.30807479065354,74.54208722923192,2321.5,1026.267315784867,367.2450424719575,0.13465177218119304,0.04043803413590607,0.014470564671901125,0.09944938818613688,0.027693284162288744,0.009909914465696255,0.03520238399505615,0.02981154828462871,0.010667925546835115
20,1000,4,sf,linear_sem,Standard PC,0.6643534661214235,0.10507455360303322,0.037600446109069124,0.8683511347064373,0.09212019737061172,0.032964789266451924,0.5428464441332088,0.11115385995488991,0.03977589794802806,18.9,5.554432836746794,1.9876282637713039,1672.4,727.9689553820272,260.50034511045595,1482.4,727.9689553820272,260.50034511045595,2201.6,717.9724132631396,256.92312845495337,0.19931161403656006,0.09175342732474064,0.03283354229112527,0.1891445239384969,0.08863584350889255,0.03171792925030129,0.010167090098063152,0.003190807696025922,0.0011418158698259966
20,2000,2,er,discrete,DF-PC (Pure),0.7059779127669621,0.10369961893635342,0.037108432057472024,0.8616854354509152,0.0878130425817361,0.03142349371991665,0.6066666666666667,0.12507469032909713,0.0447574031205969,9.833333333333334,2.9952068989998155,1.071821023545167,191.1,1.8448436995751347,0.660168839428009,1.1,1.844843699575134,0.6601688394280087,429.8,27.11075623158225,9.701459522853416,0.030036783218383788,0.003861717967931858,0.0013818980272827365,0.026047245661417643,0.003290642854650033,0.0011775414225208775,0.0039895375569661455,0.0007070780693828928,0.00025302463756523267
20,2000,2,er,discrete,Standard PC,0.6283462320373702,0.1118428616806728,0.04002245404911064,0.9612542087542087,0.0648752402286164,0.02321530656456281,0.47333333333333333,0.11198316786489598,0.04007266197232089,10.866666666666667,2.5425121073638866,0.9098262728363556,222.26666666666668,14.40051084662201,5.153156625124559,32.266666666666666,14.40051084662201,5.153156625124559,413.23333333333335,15.248930620127801,5.456759741937155,0.034859784444173175,0.004459815521788917,0.0015959244882157023,0.03213849862416585,0.004143779183208622,0.0014828323368829472,0.002721285820007324,0.0003362895266217898,0.00012033966159454571
20,2000,2,er,linear_sem,DF-PC (Pure),0.9331450991202611,0.04743351117114583,0.01697386397940511,0.9465797453669307,0.05662059353887262,0.02026141918304024,0.9233333333333333,0.06530212719423428,0.02336806610333772,2.6333333333333333,1.8842968748696893,0.6742869768897105,531.5333333333333,205.04595503974448,73.37475266829932,341.53333333333336,205.04595503974448,73.37475266829932,1172.0333333333333,379.3352155378227,135.74336354535112,0.07598788738250732,0.027681903612381025,0.00990584198821409,0.0620963970820109,0.023522231114017033,0.008417322301544707,0.013891490300496419,0.0043897690992142115,0.0015708586978141212
20,2000,2,er,linear_sem,Standard PC,0.9451450398754635,0.04475432927958803,0.01601513105239694,0.9762726260094682,0.04197017704327154,0.015018834969935727,0.9183333333333334,0.06628482602315208,0.023719720363014753,2.1,1.7090025322311297,0.6115587019878072,710.5666666666667,208.32330366661986,74.54753681250817,520.5666666666667,208.32330366661986,74.54753681250817,1152.1,376.9858087514701,134.9026391241723,0.08862001101175944,0.025415711554234114,0.00909489557508849,0.08237589995066324,0.024097894670589048,0.008623320859650561,0.006244111061096192,0.0013986791097416148,0.0005005108914229277
20,2000,2,sf,discrete,DF-PC (Pure),0.4423776919340952,0.13612725452702987,0.048712512423858316,0.811920856920857,0.17606122678581557,0.06300270086958099,0.3145224171539961,0.12173085776586152,0.04356082800530599,14.5,3.0371265912099354,1.086821792749576,190.1,0.5477225575051659,0.1959999999999999,0.1,0.5477225575051661,0.19599999999999998,390.46666666666664,10.371490543405708,3.7113902260422154,0.03118608792622884,0.005732406923880512,0.0020513154729253284,0.02746458848317464,0.004960199252384346,0.0017749845065640956,0.0037214994430541993,0.000781061130618584,0.00027949913601978783
20,2000,2,sf,discrete,Standard PC,0.41817707187772163,0.1344567832779405,0.04811474196446213,0.9348677248677248,0.1464213857990909,0.05239621999017473,0.27768031189083814,0.10901776512810664,0.03901150623124986,14.066666666666666,2.362542951017462,0.8454251373334299,198.1,6.712571838696043,2.4020629830861315,8.1,6.712571838696043,2.4020629830861315,388.2,6.779278773561032,2.425933753158285,0.033031654357910153,0.006404027924761083,0.0022916519614792994,0.03029183546702067,0.005867392996904062,0.0020996196187927666,0.0027398188908894856,0.0005495988615152202,0.00019667142676694875
20,2000,2,sf,linear_sem,DF-PC (Pure),0.9318223020537449,0.07682063621183169,0.02748991161894404,0.952370984278879,0.043237474401010535,0.01547233150520395,0.9191033138401559,0.117111045974288,0.04190764958725284,2.4,2.485821865063462,0.8895399301640832,754.2,1201.517213273744,429.95741288130637,564.2,1201.517213273744,429.95741288130637,1918.2666666666667,2203.4541525293535,788.4959419289205,0.13953708012898763,0.2972149167143954,0.10635699201684248,0.08340756098429362,0.15795835007117176,0.05652466963378198,0.05612951914469401,0.14039276819531699,0.050238906886763725
20,2000,2,sf,linear_sem,Standard PC,0.945730662402489,0.07459364437138319,0.026692992823566894,0.9848070190330253,0.02935910306176067,0.010506020103162933,0.9173489278752437,0.11948999189907349,0.04275894445336498,1.8333333333333333,2.3501039350946002,0.8409738926522066,1620.9333333333334,2217.9215174282576,793.6730219694088,1430.9333333333334,2217.9215174282576,793.6730219694088,1895.7666666666667,2202.9836771091145,788.3275844619816,0.18986001014709472,0.30778789977926274,0.1101404854156778,0.18106928666432698,0.29773275248249703,0.10654229716660704,0.008790723482767741,0.010066027753084242,0.003602081770360357
20,2000,4,er,discrete,DF-PC (Pure),0.4820508610839637,0.08610984484634224,0.03081401223779959,0.9025034859361483,0.09186643290509958,0.03287398081870982,0.3324999999999999,0.07373940601876314,0.02638730755495907,28.133333333333333,3.329422993742965,1.1914187170709436,193.43333333333334,5.963586824729893,2.1340421379961776,3.433333333333333,5.963586824729893,2.1340421379961776,485.3,122.01671733965321,43.6631215400444,0.03466459115346273,0.006762068896596991,0.0024197752777792235,0.02954417069753011,0.005821291780920624,0.00208312251052337,0.005120420455932617,0.0018793377215835072,0.0006725123666773448
20,2000,4,er,discrete,Standard PC,0.3702695694226309,0.07219706850410151,0.025835389163555544,0.9885714285714287,0.03547208514834289,0.012693522649027705,0.23000000000000004,0.05389965133276006,0.01928774251938917,30.9,2.233753606021441,0.7993384621119479,238.1,28.496037232061486,10.19717596245134,48.1,28.496037232061486,10.19717596245134,430.1666666666667,30.22910601679634,10.817346662294804,0.04220008850097656,0.008078949513979259,0.0028910149546378674,0.03903629779815674,0.0074897389440841825,0.0026801686600732228,0.003163790702819824,0.0006445102676846552,0.00023063503727432464
20,2000,4,er,linear_sem,DF-PC (Pure),0.6624595429275877,0.06803461770444737,0.024345875274537892,0.8638591615265512,0.06980219530701774,0.02497839479624944,0.5399999999999999,0.07239737088005908,0.025907066448249652,21.833333333333332,3.895915928192012,1.394135610196102,2428.266666666667,529.6373471916703,189.5282906046612,2238.266666666667,529.6373471916703,189.5282906046612,4463.033333333334,797.9402139618426,285.53923842190125,0.3895281791687012,0.10096677398827289,0.0361304960523099,0.3242014408111572,0.08944067360013122,0.03200593399964246,0.06532673835754395,0.018318180391153148,0.0065550766669531454
20,2000,4,er,linear_sem,Standard PC,0.6631796930908099,0.06746230905141169,0.024141077253244176,0.8687578315906386,0.07126109735117607,0.02550045618798304,0.5391666666666666,0.0718245387581159,0.025702081106013124,21.733333333333334,3.8679347900694863,1.3841226885136435,3004.0666666666666,513.9007641581192,183.89702668771557,2814.0666666666666,513.9007641581192,183.89702668771557,4441.233333333334,802.0590176639697,287.0131333976606,0.38115063508351643,0.08639527744525854,0.030916152981541132,0.36230379740397134,0.08267531118509097,0.02958498015142455,0.018846837679545085,0.0037869662071366734,0.0013551484532235776
20,2000,4,sf,discrete,DF-PC (Pure),0.33390740541199887,0.07554257599920602,0.027032563645518155,0.8321293521293521,0.10569157806590687,0.03782124547741008,0.2123380336983278,0.058150404471312575,0.02080885499456495,29.133333333333333,2.2550071998253944,0.8069439629782064,190.4,1.0372377109252813,0.3711707479556155,0.4,1.0372377109252813,0.3711707479556155,397.93333333333334,13.52885379688432,4.8412381558053985,0.03225537141164144,0.006638038709404257,0.0023753916453056853,0.028307644526163737,0.00572091993495514,0.0020472049067298665,0.003947726885477702,0.0009320365471305411,0.0003335249949713145
20,2000,4,sf,discrete,Standard PC,0.29887477144118557,0.07013845946579803,0.02509872538007849,0.919378306878307,0.11337603218741242,0.04057109206885867,0.17996638301785364,0.04808494916520814,0.017206978071725488,29.2,2.1719211264017724,0.7772119934474895,203.2,8.252063482798587,2.952962992789041,13.2,8.252063482798587,2.952962992789041,393.43333333333334,8.601055802605876,3.0778482905459867,0.03481830755869548,0.007563677286384381,0.002706627156062229,0.031955377260843916,0.006921055567785244,0.0024766679273988327,0.0028629302978515625,0.0006479033823142981,0.0002318492477505907
20,2000,4,sf,linear_sem,DF-PC (Pure),0.6963662224565966,0.09559903003196388,0.034209673546425345,0.8482880703357439,0.07646191904320851,0.02736154632873143,0.5940058321308322,0.105975273562996,0.03792276460724608,17.9,5.332722666188705,1.9082902981645549,1191.5666666666666,329.82426703691283,118.02609816490018,1001.5666666666667,329.82426703691283,118.02609816490018,3410.3333333333335,2140.9999489979427,766.1469922199411,0.20359321435292563,0.11566024740172637,0.04138848798558849,0.1418753941853841,0.06952278661904528,0.024878409681354685,0.0617178201675415,0.081433224724424,0.029140505219810237
20,2000,4,sf,linear_sem,Standard PC,0.6955440176074595,0.09568414437707753,0.03424013132365889,0.8584652878550666,0.07929130200853672,0.02837402801969976,0.5882851802337097,0.10572943068212529,0.037834790862162175,17.8,5.320098521255229,1.9037728059176926,2549.9,1394.1987527138897,498.90761625121667,2359.9,1394.1987527138897,498.90761625121667,3143.4666666666667,1369.4422910461567,490.04863021825616,0.30556636651357016,0.2389275654502316,0.08549913124183076,0.29222593307495115,0.23173395160466154,0.08292492958733996,0.013340433438618978,0.007236116822407814,0.0025894111494185706
20,5000,2,er,discrete,DF-PC (Pure),0.8468788723716068,0.077310650196537,0.027665260871382553,0.9217694265372284,0.06385366990272251,0.022849742318337085,0.7933333333333333,0.118709536360768,0.042479662025771275,5.566666666666666,2.5008044682673107,0.8949013858640826,194.13333333333333,6.1405005599248,2.1973499050820253,4.133333333333334,6.140500559924801,2.1973499050820253,473.56666666666666,43.99034638091229,15.741743283190386,0.03428504467010498,0.006537022195331569,0.002339243349992761,0.02970147132873535,0.005428797833700415,0.0019426703553198927,0.004583573341369629,0.001161244730252754,0.0004155460899150443
20,5000,2,er,discrete,Standard PC,0.8018942633055952,0.10416799397928848,0.037276037914045504,0.9928327228327228,0.02191090829284574,0.007840717835246834,0.6833333333333332,0.13020761494054697,0.046594196603097715,6.433333333333334,2.648139663643313,0.9476246084117027,252.66666666666666,21.892107432042533,7.833990033612711,62.666666666666664,21.892107432042533,7.833990033612711,445.46666666666664,23.318977521402566,8.344588937533022,0.045753796895345054,0.009575641609766799,0.0034265993426728465,0.04257017771402995,0.009091028745637043,0.003253182856410025,0.0031836191813151044,0.0005094762215040626,0.00018231372443311213
20,5000,2,er,linear_sem,DF-PC (Pure),0.949974950263782,0.05114192395627733,0.018300902451577068,0.9603293364129276,0.05200128014734151,0.018608419115151747,0.9416666666666665,0.06443833370420678,0.023058961572721793,1.9666666666666666,2.008316044185609,0.7186666666666667,560.4,222.15552179063425,79.49733249858642,370.4,222.15552179063425,79.49733249858642,1223.8666666666666,410.46993533764686,146.88477993791585,0.0721389373143514,0.03056795824258671,0.010938603374009268,0.058978454271952314,0.02559207113425041,0.009158005040290438,0.013160483042399088,0.0063369397768348965,0.002267644776065161
20,5000,2,er,linear_sem,Standard PC,0.9594532233428253,0.048507459801478844,0.017358171561156086,0.9798214285714285,0.044732490750586086,0.0160073162351583,0.9416666666666665,0.06443833370420678,0.023058961572721793,1.5666666666666667,1.8695995022599292,0.6690275896469534,756.6666666666666,247.82854659168527,88.68430643649756,566.6666666666666,247.82854659168527,88.68430643649756,1216.1333333333334,410.8283250260115,147.01302804082297,0.08812578519185384,0.0389647701513216,0.013943363925790112,0.08235993385314941,0.03757727995048584,0.013446856933997569,0.005765851338704427,0.0015592762527665168,0.0005579798409879342
20,5000,2,sf,discrete,DF-PC (Pure),0.5530858301468478,0.130662625102705,0.04675701989850697,0.8377186212480329,0.1249785312514624,0.044722993036589664,0.4289473684210526,0.14095694494134597,0.050440794942507416,12.5,2.556263436858707,0.9147471228982218,190.3,0.9153857298880941,0.3275665765443195,0.3,0.915385729888094,0.3275665765443194,404.96666666666664,24.55322625522418,8.78625917461606,0.03185031414031982,0.004292641623559788,0.001536102077026073,0.028067270914713543,0.003764221131916025,0.0013470092325868505,0.0037830432256062826,0.0005855309763826121,0.00020952956893675046
20,5000,2,sf,discrete,Standard PC,0.5504473648139234,0.1341346240547066,0.04799945876699541,0.9366157916157917,0.0988764450576651,0.03538248145114887,0.3991228070175438,0.12760749316473174,0.04566375497516645,11.833333333333334,2.653343152526162,0.9494866529944269,207.76666666666668,13.358926586377734,4.780430484470853,17.766666666666666,13.358926586377736,4.780430484470854,398.06666666666666,13.434216051543173,4.807372473567745,0.034907746315002444,0.004136981232669402,0.0014803997215242588,0.03217047850290934,0.00384052267830712,0.0013743133902990579,0.0027372678120930988,0.00033035343714316647,0.00011821545925548247
20,5000,2,sf,linear_sem,DF-PC (Pure),0.9578185701521615,0.053733083025222145,0.019228136816045238,0.9658002645502645,0.043541139679354766,0.015580996729485696,0.9543859649122807,0.08490338081380602,0.030382284628379618,1.5333333333333334,1.8705214713316294,0.6693575120421097,977.4333333333333,1576.4911645657971,564.140118059647,787.4333333333333,1576.4911645657971,564.140118059647,2307.2,2845.817710497162,1018.3627889968413,0.18118364810943605,0.298357490656929,0.10676585685117876,0.11273730595906575,0.17464266335671844,0.06249507446586031,0.06844634215037028,0.1258515010531811,0.045035381268172144
20,5000,2,sf,linear_sem,Standard PC,0.9677635603912693,0.049715836125134964,0.01779058347516488,0.9860648148148149,0.02701659015769964,0.00966776262607951,0.9543859649122807,0.08490338081380602,0.030382284628379618,1.1333333333333333,1.676065452868369,0.5997723195088634,2019.8,2856.193770592677,1022.0758144161052,1829.8,2856.193770592677,1022.0758144161052,2296.2,2841.935552182459,1016.9735764854054,0.23508195877075194,0.31948200703371277,0.11432516795333389,0.22462549209594726,0.30916705311384013,0.11063400909819406,0.010456466674804687,0.0103304604825995,0.003696707807347161
20,5000,4,er,discrete,DF-PC (Pure),0.6371682935408234,0.061523114883698944,0.022015763915458706,0.9556890391456954,0.03803510688998697,0.013610688200233806,0.48083333333333333,0.06812872366708293,0.024379550660778303,21.666666666666668,2.868777624262861,1.026578888619568,198.4,13.126966190986796,4.697424523015276,8.4,13.126966190986796,4.697424523015276,585.5,156.10159158878466,55.86023714408222,0.03798993428548177,0.007744316214131152,0.002771267966182658,0.03181382020314535,0.006454738707559784,0.0023097985820490605,0.006176114082336426,0.00219313805677009,0.0007848043744718021
20,5000,4,er,discrete,Standard PC,0.5120342356200377,0.06253536016321094,0.022377991236692377,0.9901244588744589,0.025897014251349115,0.009267127533297826,0.3474999999999999,0.05736678721927932,0.02052844116224425,26.233333333333334,2.387948670004176,0.8545164571141547,292.46666666666664,57.139112356769594,20.44696875903492,102.46666666666667,57.139112356769594,20.44696875903492,487.0,60.19107506301395,21.53909958736629,0.05595551331837972,0.014671373878108728,0.0052500837161197035,0.05242151419321696,0.014054110340899359,0.005029198796126436,0.0035339991251627603,0.000731584802260404,0.0002617942592983067
20,5000,4,er,linear_sem,DF-PC (Pure),0.6945301973733139,0.074918023226381,0.026809070306059425,0.8681212713048087,0.0864108807934283,0.030921736567974385,0.5825,0.07991104968694233,0.02859580187820358,20.333333333333332,4.633709568781377,1.6581516737560762,3310.8333333333335,727.3300765332649,260.2717252505623,3120.8333333333335,727.3300765332649,260.2717252505623,5829.433333333333,1033.1089565442524,369.6932921751421,0.4867045084635417,0.1353465872448219,0.04843315422468223,0.4039249658584595,0.11486763160049834,0.04110485406379364,0.08277954260508219,0.022088701937014434,0.007904340473715098
20,5000,4,er,linear_sem,Standard PC,0.6935559804847746,0.07495691863984306,0.02682298885101271,0.8689041015014319,0.08638356493214563,0.030911961712551613,0.5808333333333333,0.08005475855822745,0.028647227437341004,20.366666666666667,4.627379785381888,1.6558865898567552,4054.1,662.732293692897,237.15570553725576,3864.1,662.732293692897,237.15570553725576,5818.966666666666,1037.7664172546774,371.35994308578074,0.5124032258987427,0.12199302348595002,0.04365464280338806,0.48917149702707924,0.11782813418521942,0.042164256307966975,0.02323172887166341,0.004399482218445894,0.0015743344928919822
20,5000,4,sf,discrete,DF-PC (Pure),0.4360626250414316,0.08688724667888685,0.031092201910820873,0.8744023677847206,0.09426148904770022,0.03373104065222836,0.2951953533938828,0.07501138643509733,0.02684247990122336,26.2,2.9172495312513473,1.043924337769987,191.2,1.864366398797596,0.6671549476230623,1.2,1.864366398797596,0.6671549476230623,419.9,25.64794809296273,9.178000353168366,0.03472761313120524,0.007349195333854669,0.002629875775057756,0.03044749895731608,0.006327853519928011,0.002264393300789318,0.00428011417388916,0.0010559012872757793,0.0003778494229792621
20,5000,4,sf,discrete,Standard PC,0.4051060363062998,0.07951461929472997,0.02845394108425063,0.9869981869981871,0.034140463583856806,0.012217007991993866,0.25798579280196926,0.06234430597766569,0.022309623374434824,26.066666666666666,2.258063456750639,0.8080376304730718,218.33333333333334,14.52306924275599,5.197013583931726,28.333333333333332,14.52306924275599,5.197013583931726,409.46666666666664,15.32573524890536,5.484243925369311,0.040302149454752606,0.009807061264502665,0.003509411802570122,0.03726290861765544,0.009139959300008603,0.0032706924304186417,0.003039240837097168,0.0006742399905507227,0.00024127368197117787
20,5000,4,sf,linear_sem,DF-PC (Pure),0.7292616026624638,0.09394684211875638,0.03361844569474861,0.8492369364562382,0.0775787733841518,0.027761207521839804,0.6424205818691112,0.10700470723512259,0.03829114271578309,16.533333333333335,5.56301415033088,1.9906990473996835,1755.9333333333334,565.7688045747,202.45776657755286,1565.9333333333334,565.7688045747,202.45776657755286,4550.666666666667,1552.9616939862055,555.7202051486173,0.3058086554209391,0.10260455813975208,0.036716569584048446,0.2147529363632202,0.06814212824640074,0.024384347427882907,0.0910557190577189,0.06517093846285896,0.023321120818727416
20,5000,4,sf,linear_sem,Standard PC,0.7283585878701268,0.09544009366250363,0.034152798897047934,0.8550941146883175,0.08233362429811882,0.029462709069233612,0.6375713896669778,0.10603642748695191,0.03794464825788474,16.5,5.643122148793777,2.0193653264922324,3642.8,1436.6395511748938,514.0948609326233,3452.8,1436.6395511748938,514.0948609326233,4345.533333333334,1423.2569432245118,509.3059561808776,0.4385322411855062,0.1672379515714021,0.05984533238378746,0.42011166413625084,0.16209924824752933,0.058006471015603696,0.01842057704925537,0.005220268903474738,0.0018680492359882366
20,10000,2,er,discrete,DF-PC (Pure),0.8916179777171432,0.07368081607114953,0.02636634141147107,0.9284974431027062,0.06501042584507015,0.02326368211612969,0.865,0.10679500182027761,0.03821610059683726,4.1,2.643795599590444,0.9460701050546735,198.43333333333334,6.7705413288050655,2.4228070987075903,8.433333333333334,6.770541328805066,2.4228070987075907,505.46666666666664,55.96903906029952,20.028263407273013,0.04028624693552653,0.005774018725083786,0.002066206064747932,0.0351550022761027,0.004933065052525634,0.0017652746578470154,0.005131244659423828,0.0009628245917244776,0.0003445423552346896
20,10000,2,er,discrete,Standard PC,0.8735030927575619,0.07433937902445653,0.026602005137712537,0.9953968253968254,0.017529097748041702,0.00627270706955276,0.7849999999999999,0.11458320271674895,0.041003072494911745,4.366666666666666,2.370556945083804,0.8482929082796508,277.06666666666666,26.577062100334892,9.510479530718445,87.06666666666666,26.577062100334892,9.510479530718445,472.53333333333336,28.785452903342943,10.30074203033349,0.060608903566996254,0.014052842558261178,0.0050287451259357924,0.0569825808207194,0.01348620447133597,0.004825976290664126,0.0036263227462768554,0.0005873640617454992,0.00021018553010943315
20,10000,2,er,linear_sem,DF-PC (Pure),0.9634935550596655,0.033852348460236846,0.012113907319115371,0.9722684757050082,0.03463302154374472,0.012393267594259965,0.9566666666666666,0.052083045976218774,0.018637678641239084,1.4333333333333333,1.3047217521658447,0.46688868282021334,589.0666666666667,237.75167185797952,85.07834312397196,399.06666666666666,237.75167185797952,85.07834312397196,1275.0666666666666,451.9807696041437,161.73924120621342,0.07348769505818685,0.0315196106225968,0.011279147804626802,0.06013444264729818,0.026137792654655708,0.009353288978360543,0.013353252410888672,0.0062759741684720125,0.0022458285132960078
20,10000,2,er,linear_sem,Standard PC,0.9730273123918823,0.03217380755620617,0.011513249170784664,0.9933068783068784,0.021425716257853056,0.007667094095352445,0.9549999999999998,0.053093931077302786,0.018999419228873358,1.0333333333333334,1.2172137016162359,0.43557432909732224,795.1333333333333,284.558549012487,101.82796900038464,605.1333333333333,284.558549012487,101.82796900038464,1266.4333333333334,449.1761564689625,160.73562328512693,0.08811099529266357,0.03689096061811833,0.013201260715071047,0.08229234218597412,0.035299075620292455,0.012631611984525695,0.005818653106689453,0.0016628358442040813,0.0005950381648484979
20,10000,2,sf,discrete,DF-PC (Pure),0.6341113084071492,0.13311991884622607,0.0476363511714856,0.8589641431553197,0.09236233887068551,0.03305143848942831,0.5169590643274854,0.15396474402151727,0.0550955760625812,10.733333333333333,3.0278401694861676,1.0834986894139218,190.6,1.4527025943345069,0.5198429471053468,0.6,1.4527025943345069,0.5198429471053468,415.93333333333334,21.429810582671877,7.668559230672312,0.03771812121073405,0.005326691266062459,0.0019061319893482653,0.0334266185760498,0.004614417338740575,0.0016512480378984976,0.004291502634684244,0.000757240123574258,0.00027097489812468546
20,10000,2,sf,discrete,Standard PC,0.6183868409916273,0.12979095838412502,0.04644509796923703,0.9784544159544158,0.05102975081373848,0.01826076180804075,0.46403508771929824,0.13281587943818632,0.047527552066611724,10.333333333333334,2.509751098159466,0.8981028962543972,216.46666666666667,13.932678860502207,4.985745098936656,26.466666666666665,13.932678860502207,4.985745098936656,406.93333333333334,13.83631736268432,4.951262579797159,0.043857741355896,0.007218001128103432,0.002582928531467191,0.04078694979349772,0.006806798561808203,0.0024357815829081026,0.003070791562398275,0.00042570478743003405,0.00015233650174340262
20,10000,2,sf,linear_sem,DF-PC (Pure),0.9737977117388882,0.03857811243677106,0.013805000239625533,0.9740361524726849,0.029424250111682947,0.010529332675577199,0.9754385964912281,0.05982323970062479,0.021407471393419586,0.9666666666666667,1.3514572807192964,0.4836127769276395,1091.7666666666667,1643.6346746397635,588.167114563937,901.7666666666667,1643.6346746397635,588.167114563937,2546.8,2973.439983912747,1064.031833016849,0.17762526671091716,0.28139807096429004,0.10069700645564636,0.11054943402608236,0.1662776994288311,0.05950171056765998,0.0670758326848348,0.11676191364945433,0.04178271418934064
20,10000,2,sf,linear_sem,Standard PC,0.9823361952773717,0.03685578419908383,0.013188672995182046,0.9911111111111112,0.02040459217589569,0.007301689535468573,0.9754385964912281,0.05982323970062479,0.021407471393419586,0.6333333333333333,1.2726115785600327,0.45539820476613063,2168.866666666667,2819.768989478214,1009.0413738939665,1978.8666666666666,2819.768989478214,1009.0413738939665,2445.233333333333,2805.906832126597,1004.0808645928843,0.2489653507868449,0.3418096777275071,0.12231502229841884,0.238588015238444,0.33140332227347913,0.11859115582434132,0.010377335548400878,0.010422356960688686,0.0037295925396969155
20,10000,4,er,discrete,DF-PC (Pure),0.7281292550398064,0.06593661690043374,0.0235951153287367,0.9488695765114618,0.044586831358305185,0.015955192691046668,0.5958333333333332,0.08785846114861276,0.031439746545340486,17.5,3.4913686675018716,1.2493702321615856,210.03333333333333,17.80833461077131,6.372630697574027,20.033333333333335,17.808334610771315,6.372630697574029,859.3,520.3492958150058,186.20460410520738,0.05184383392333984,0.01498795513577425,0.0053633708642427886,0.04086297353108724,0.009427350549387049,0.0033735340682265647,0.010980860392252604,0.009323809513220392,0.0033364823842844194
20,10000,4,er,discrete,Standard PC,0.6228657822983564,0.05010658677020631,0.017930411797706186,1.0,0.0,0.0,0.45416666666666666,0.05337058684547028,0.01909841922406767,21.833333333333332,2.1348234738188108,0.7639367689627067,388.26666666666665,94.26007065316803,33.73053308626362,198.26666666666668,94.26007065316804,33.73053308626363,588.6,97.70455112401278,34.9631245927385,0.09432667096455892,0.02919155520141902,0.010446063871349982,0.08980530897776286,0.02841130202328417,0.010166853857413338,0.004521361986796061,0.0008504953560194289,0.00030434585447621583
20,10000,4,er,linear_sem,DF-PC (Pure),0.7044289324048657,0.07699087630113927,0.027550831252519604,0.8380857076978694,0.0808641406576792,0.028936861101901273,0.6099999999999999,0.08189564427809418,0.029305979931920297,20.333333333333332,5.033222956847166,1.8011157036064553,4080.8,893.0430502809886,319.57135132858355,3890.8,893.0430502809886,319.57135132858355,7016.9,1264.4091260074936,452.46299481673486,0.5816823561986287,0.15174432562781864,0.05430100954491349,0.48180673122406004,0.12784135512250816,0.04574744140198254,0.09987562497456869,0.026835938528361657,0.009603117270753038
20,10000,4,er,linear_sem,Standard PC,0.7027912491827757,0.07713598816390244,0.02760275886570963,0.8367252081814559,0.08081488135030437,0.028919233885141307,0.6083333333333333,0.08235052638205963,0.029468757402293856,20.433333333333334,5.028767815988966,1.7995214519251217,4947.0,837.1388464740255,299.56628891874954,4757.0,837.1388464740255,299.56628891874954,6995.666666666667,1268.2421810857174,453.83463596066343,0.611087425549825,0.132161944227409,0.047293544356766505,0.5846258878707886,0.1273113106806606,0.04555776743442618,0.02646153767903646,0.005083764028203831,0.0018192015937166376
20,10000,4,sf,discrete,DF-PC (Pure),0.5122660325787621,0.09724619603522784,0.034799104330708305,0.8837171660468873,0.08506528308141588,0.03044022061077931,0.3660337443058032,0.08909747267703332,0.03188312112658208,23.833333333333332,3.4248919774894016,1.225581854151755,191.8,2.565016636364682,0.917879415113802,1.8,2.5650166363646822,0.9178794151138021,448.1333333333333,42.466809216816266,15.196552510834795,0.04174107710520426,0.008402423624065142,0.0030067686783216605,0.03666245142618815,0.007208737164533874,0.002579613464678808,0.005078625679016113,0.001278865268268094,0.0004576360588876828
20,10000,4,sf,discrete,Standard PC,0.4666477818748414,0.0823638806024336,0.029473536148681846,0.9924603174603174,0.029738633485391363,0.010641833321027187,0.30849839430721787,0.07103086521244904,0.025418068675231983,24.233333333333334,2.555363977493473,0.9144252554980752,234.13333333333333,24.008236134686168,8.591236964627125,44.13333333333333,24.008236134686165,8.591236964627123,425.7,25.15627021309961,9.002055683494499,0.05273191134134928,0.012128062206912487,0.004339971323040546,0.049184902509053545,0.011451457699750605,0.004097851509666823,0.0035470088322957357,0.0007173917480982134,0.00025671534009428414
20,10000,4,sf,linear_sem,DF-PC (Pure),0.7456901356505202,0.0985818848982453,0.03527707445182926,0.8461458107336941,0.09750354146751622,0.03489119421095402,0.6700872343887049,0.10822495253603524,0.03872780188875612,15.933333333333334,6.219731302175711,2.2257022620707767,2345.266666666667,930.1875574065818,332.8633424961148,2155.266666666667,930.1875574065818,332.8633424961148,5992.8,2472.5935622616853,884.8062428006159,0.4152847131093343,0.19007582682029464,0.06801776108413495,0.27956685225168865,0.11221104142627955,0.04015420547900905,0.13571786085764567,0.11026455826054946,0.039457665423728416
20,10000,4,sf,linear_sem,Standard PC,0.7462293239134227,0.09963648442647595,0.0356544580463168,0.8498297769892214,0.09504240173752224,0.03401048666939129,0.6682633937413348,0.10914590629709181,0.03905736095966473,15.833333333333334,6.226103742798698,2.2279826106614844,5090.3,2511.098813612108,898.585170035344,4900.3,2511.098813612108,898.585170035344,5895.366666666667,2483.9240296469357,888.8607984822817,0.6292397737503052,0.2882086270548807,0.10313413265296055,0.6045846780141194,0.27914117812846245,0.09988938772649071,0.024655095736185708,0.009153196302106401,0.0032754292307852107
30,1000,2,er,discrete,DF-PC (Pure),0.5395389972042781,0.10673600061546225,0.03819498728684966,0.7510718598280518,0.10677517871553138,0.038209006989906126,0.42555555555555563,0.1070980262591609,0.03832453649966305,21.366666666666667,4.189340605947871,1.4991362826206733,435.9,1.6049492418657723,0.5743237102348562,0.9,1.6049492418657725,0.5743237102348562,924.5666666666667,39.04257917333007,13.971207526723996,0.07321102619171142,0.016055772388146376,0.0057454843605688226,0.06378465493520101,0.014367415879541297,0.00514131374325136,0.009426371256510416,0.002145924999871409,0.0007679093990406431
30,1000,2,er,discrete,Standard PC,0.46993413905943376,0.10968339448525623,0.03924969863763088,0.9272130647130647,0.12376428874425467,0.044288481935756525,0.318888888888889,0.08783619957954276,0.03143178034515769,21.1,3.1442339125058307,1.1251496554354166,466.3666666666667,12.22344647299447,4.374104144294475,31.366666666666667,12.22344647299447,4.374104144294475,902.0666666666667,12.940003020127913,4.630520611561902,0.07593467235565185,0.013320713501073266,0.0047667561075129435,0.06920958360036214,0.01205561941980943,0.004314048004605619,0.006725088755289713,0.0013160740982618374,0.00047095106769796886
30,1000,2,er,linear_sem,DF-PC (Pure),0.9187067692625673,0.04871366372443833,0.01743196068732272,0.9399569984664533,0.04401597297362651,0.015750913641619416,0.8999999999999999,0.06550715792540232,0.023441435408213498,4.733333333333333,2.7784060592154374,0.9942398393936683,1018.4333333333333,323.5580940571338,115.78377696193401,583.4333333333333,323.5580940571338,115.78377696193401,2246.5666666666666,584.3995847984867,209.1247056579791,0.13846195538838704,0.047234913847821955,0.016902796839959947,0.11321471532185873,0.039679298207091054,0.014199054506745402,0.02524724006652832,0.007877466330441884,0.002818915123378037
30,1000,2,er,linear_sem,Standard PC,0.9291088463187009,0.04726135622093797,0.016912259121656625,0.9684874443317157,0.03493721681960083,0.012502122475715591,0.8944444444444444,0.06728639158831251,0.024078125997549157,4.033333333333333,2.632467484599053,0.9420163911663394,1335.5,347.9762922958977,124.52171698141655,900.5,347.9762922958977,124.52171698141655,2221.6,591.4100392137073,211.6333645520767,0.1614025910695394,0.045716552697009236,0.016359458280170058,0.1485830783843994,0.043192371057239554,0.015456191480919798,0.012819512685139974,0.0027586246971117103,0.0009871611698753075
30,1000,2,sf,discrete,DF-PC (Pure),0.32202400212759824,0.10076662425948156,0.0360588733917027,0.6094336548670914,0.16611445657431806,0.05944329486239801,0.224073830809463,0.08136988971602338,0.029117841078126778,26.166666666666668,3.3122898979129367,1.1852877174678207,435.0,0.0,0.0,0.0,0.0,0.0,884.5333333333333,12.49753998781866,4.472187248905398,0.07276009718577067,0.014010365552914584,0.005013544924786776,0.06353123982747395,0.011952975939544258,0.004277317506917866,0.009228857358296712,0.002107743067825167,0.0007542461701330169
30,1000,2,sf,discrete,Standard PC,0.27937213509942244,0.08974932105093726,0.03211638207144278,0.7801960076960076,0.18227885060606172,0.06522764897892876,0.17248202882685645,0.06119067553314234,0.02189680202167459,24.8,2.3547457582947033,0.8426349477516428,445.1333333333333,6.901940423474794,2.4698276608560166,10.133333333333333,6.901940423474793,2.469827660856016,880.1333333333333,6.901940423474794,2.4698276608560166,0.07482781410217285,0.016837800728682593,0.006025329608212568,0.06817763646443685,0.015719019735533378,0.0056249789714667405,0.006650177637736002,0.001527975924817818,0.0005467791624803906
30,1000,2,sf,linear_sem,DF-PC (Pure),0.8857951552532235,0.09400712623922444,0.03364001809020656,0.9335030590881536,0.0661904188815562,0.023685937201267545,0.8519947698108616,0.13848198278312523,0.04955514110852836,5.9,4.490219255840103,1.6068043247175539,1150.5666666666666,1229.7010481479194,440.0428686647964,715.5666666666667,1229.7010481479194,440.0428686647964,3693.633333333333,3402.8826267246372,1217.7059091303504,0.257733416557312,0.3902631898496259,0.1396538889304467,0.1467227617899577,0.22389023084532308,0.08011809016149463,0.11101065476735433,0.1786848731443523,0.06394156066132574
30,1000,2,sf,linear_sem,Standard PC,0.897465749438823,0.08793591492179798,0.0314674630221156,0.9810527651684573,0.03253422051567762,0.011642221291958873,0.837850513896491,0.13765810370427378,0.04926031976651459,5.066666666666666,3.9821440536936654,1.4249919486228149,2556.5666666666666,2437.0773434917733,872.0969271379373,2121.5666666666666,2437.0773434917733,872.0969271379373,3111.9333333333334,2423.0570877663436,867.079843060369,0.30133567651112875,0.29406966653200867,0.1052314786939007,0.2850652535756429,0.2836440610418904,0.10150072368287688,0.01627042293548584,0.010542424845753785,0.0037725582805638825
30,1000,4,er,discrete,DF-PC (Pure),0.34173176106701664,0.07439743512100265,0.026622780245049486,0.8021720968404575,0.08947304201121654,0.03201751688679179,0.22111111111111115,0.05952129168183281,0.021299420682576498,50.233333333333334,3.2872096261779205,1.1763128574904376,436.0,1.819435304589368,0.6510765620533213,1.0,1.819435304589368,0.6510765620533213,932.7666666666667,41.94633955780707,15.010304835313708,0.07361547152201335,0.0142151584507847,0.0050868291221099135,0.06383187770843506,0.011969984243668783,0.004283403850382687,0.009783593813578288,0.0022991224820820264,0.0008227304139903474
30,1000,4,er,discrete,Standard PC,0.24118960289371358,0.054493341488173745,0.019500191813044535,0.9414754689754689,0.08021744669834957,0.028705444640607522,0.13944444444444445,0.034597669327005136,0.012380616965970124,52.2,2.219039866932201,0.7940732181997254,469.9,18.495759066561064,6.61862237983831,34.9,18.495759066561067,6.618622379838311,905.7333333333333,18.99715647203519,6.798045137083435,0.077362593015035,0.015096950427112042,0.005402374328331458,0.07049535910288493,0.013616990712316685,0.0048727775459364705,0.006867233912150065,0.001508996033484326,0.0005399872955937884
30,1000,4,er,linear_sem,DF-PC (Pure),0.6497116185841902,0.06523442146466117,0.02334383791916949,0.8632754801708966,0.06631045351557847,0.02372889104340165,0.5227777777777779,0.06659239157427145,0.02382978128198435,33.6,5.60541610009216,2.0058723902524336,3840.133333333333,756.753307106148,270.8006930888655,3405.133333333333,756.753307106148,270.8006930888655,7875.166666666667,1314.6115745550178,470.42771031089626,0.6219800233840942,0.1822744815699969,0.06522608553945201,0.5211837530136109,0.1621976629929476,0.05804168827996075,0.1007962703704834,0.023681558367967575,0.008474336827140563
30,1000,4,er,linear_sem,Standard PC,0.6488204024582261,0.06501451153875248,0.023265144162837034,0.8665792314958155,0.06282097943163734,0.022480198779260215,0.5205555555555555,0.06733619735193432,0.024095948761165716,33.56666666666667,5.481525922294048,1.9615388594973102,5076.366666666667,761.9445397200477,272.65835182207326,4641.366666666667,761.9445397200477,272.65835182207326,7826.2,1330.3742641672757,476.0683163470524,0.6986527522404988,0.2164895209305059,0.07746978013038826,0.6632033824920655,0.20889404512855086,0.07475177402166752,0.03544936974843343,0.00832439162999663,0.002978845287860817
30,1000,4,sf,discrete,DF-PC (Pure),0.27658845803718746,0.06650772063916637,0.02379948217698457,0.6970758664566714,0.11323851456328149,0.04052188201906187,0.17467470007300984,0.04908017440699235,0.017563114850678335,47.233333333333334,3.979978628718686,1.424217061247299,435.3,0.9153857298880941,0.3275665765443195,0.3,0.915385729888094,0.3275665765443194,896.9666666666667,21.07209845585706,7.540553590051891,0.07505870660146077,0.01660128748181211,0.005940694429778863,0.06544135411580404,0.014324889344343356,0.005126095818072667,0.009617352485656738,0.002332443789268469,0.0008346542906301755
30,1000,4,sf,discrete,Standard PC,0.2393178901205283,0.06105392076419558,0.02184786495609954,0.8858465608465609,0.111647550409854,0.039952562808452496,0.13960066022718556,0.039547893674566,0.014152031998685437,45.96666666666667,3.3164515034465145,1.1867769288822578,453.6,11.352046754539085,4.062277759792054,18.6,11.352046754539085,4.062277759792054,888.8333333333334,11.662150193100617,4.173246850119299,0.07471667130788168,0.015429791430966086,0.00552147995190216,0.06790067354838053,0.013934058630428748,0.004986238843263773,0.006815997759501139,0.0015388266583664751,0.0005506620476133747
30,1000,4,sf,linear_sem,DF-PC (Pure),0.6941181068471934,0.07736317741187411,0.02768405749398829,0.8753897591030575,0.07628168166654964,0.027297049211822372,0.5781724332983117,0.08501514166258323,0.030422277734488135,26.466666666666665,6.678495253466511,2.3898688336696625,1714.0666666666666,380.6226236171405,136.2040566099122,1279.0666666666666,380.6226236171405,136.2040566099122,4973.366666666667,2394.4173358378694,856.831239454285,0.28683032989501955,0.12605676761547369,0.04510883496413201,0.20039483706156414,0.06801300838705619,0.02433814247962077,0.0864354928334554,0.10060142383150786,0.03599975717777437
30,1000,4,sf,linear_sem,Standard PC,0.6918448071126535,0.07625786450606091,0.027288526350399512,0.902977602134574,0.06413585692607851,0.022950721647780267,0.564292344660766,0.08577823319860807,0.030695346533666557,26.033333333333335,6.144710836513612,2.198856533209897,3421.5333333333333,2121.9675439250395,759.3363335330313,2986.5333333333333,2121.9675439250395,759.3363335330313,4538.5,2152.638265013423,770.3117101191352,0.4105434576670329,0.27148661747078723,0.09715023837369051,0.38887192408243815,0.2622165442330039,0.09383298526861203,0.021671533584594727,0.009441747669082472,0.0033786860113438175
30,2000,2,er,discrete,DF-PC (Pure),0.7025254205059149,0.09936427239522706,0.03555704822195645,0.8409893170121219,0.09199185995816131,0.03291886431321492,0.6088888888888888,0.11242139300011739,0.04022947882298088,15.2,4.619299842452616,1.6529952194130204,437.3,2.6929025489109395,0.9636428011850978,2.3,2.692902548910939,0.9636428011850977,992.4333333333333,100.42828401344441,35.93779988958998,0.07375396092732747,0.013722691482461146,0.004910602080756946,0.06337463061014811,0.010626548497350705,0.0038026615426754507,0.010379330317179362,0.003693779949486813,0.0013218021791855574
30,2000,2,er,discrete,Standard PC,0.614521310162015,0.10295259144312202,0.0368411117021807,0.9736076287546875,0.04255898117064247,0.01522953582091102,0.4555555555555556,0.10625399098507043,0.03802250235581611,16.666666666666668,3.4072269373052992,1.219260500706217,492.6333333333333,21.54143294521823,7.708502780119568,57.63333333333333,21.54143294521823,7.708502780119568,929.5666666666667,22.97177178300739,8.220342959723693,0.08299713134765625,0.018231894428294787,0.006524199631694142,0.07586853504180908,0.016698369596371058,0.0059754348183073645,0.007128596305847168,0.0015534273246470215,0.0005558868289406621
30,2000,2,er,linear_sem,DF-PC (Pure),0.9270455824848569,0.04506229818102663,0.016125336308424568,0.9354107231721709,0.04082075485886073,0.014607519523716602,0.921111111111111,0.06636906756156107,0.023749865810380237,4.3,2.5616535607917865,0.9166759539759406,1108.9333333333334,401.9527278204476,143.83693637095575,673.9333333333333,401.9527278204476,143.83693637095575,2455.2,700.7714665109175,250.76784871115032,0.15194762547810872,0.06828072849673164,0.024433944890489875,0.122439972559611,0.05363370213977428,0.019192573822918745,0.02950765291849772,0.016782184414466057,0.006005427565769596
30,2000,2,er,linear_sem,Standard PC,0.9435258817547107,0.041428148560953705,0.014824872568572893,0.9732068813476857,0.029049190510317964,0.010395119320913889,0.9177777777777776,0.06593467877091115,0.023594421777994225,3.2333333333333334,2.2846313115872894,0.8175448152267952,1492.2,436.8599081059566,156.32831041098737,1057.2,436.8599081059566,156.32831041098737,2424.1666666666665,698.87432067,250.08896379081122,0.18007402420043944,0.07008329844054295,0.025078986260697978,0.16678691705067952,0.06644890430836091,0.02377843502331177,0.013287107149759928,0.0038799247919073226,0.001388413255568103
30,2000,2,sf,discrete,DF-PC (Pure),0.4313367616644743,0.10079152322562042,0.036067783372305734,0.6986151131004072,0.12941491452483406,0.046310532402398324,0.3178515173630117,0.0931537298446765,0.033334634112425404,23.2,2.97576417308111,1.0648635334293246,435.1,0.5477225575051662,0.196,0.1,0.5477225575051661,0.19599999999999998,895.0,20.14773025635291,7.20977267803677,0.07063130537668864,0.01153036942449772,0.004126089707707971,0.06174008051554362,0.009767981864193932,0.0034954274187693154,0.00889122486114502,0.0018277759541129816,0.0006540612251536955
30,2000,2,sf,discrete,Standard PC,0.400244867760847,0.09558097116304612,0.03420321126317742,0.8734445184445184,0.09635386678191807,0.03447978840834543,0.2638384722982424,0.07516932870900747,0.026898998818076798,21.9,2.1391264733450237,0.7654765775675947,450.8,9.026398067278304,3.230055065186649,15.8,9.026398067278304,3.230055065186649,885.8666666666667,9.126442572162961,3.2658555314787607,0.07398664156595866,0.013558369659770978,0.0048518002716914695,0.06740864117940266,0.012311372877668404,0.0044055682041180995,0.00657800038655599,0.0012939899813609788,0.0004630483679583704
30,2000,2,sf,linear_sem,DF-PC (Pure),0.9100554049550367,0.08072456776802023,0.02888691558478077,0.9265291158349126,0.05312917023462857,0.019012029399371563,0.8988711001642035,0.11527426872420402,0.04125036728970376,4.833333333333333,4.094431317789072,1.4651734300336694,1430.6666666666667,1568.7205490206152,561.3594389987134,995.6666666666666,1568.7205490206152,561.3594389987134,4476.4,3353.2587917036662,1199.9482478274952,0.2991150458653768,0.3313896534244738,0.11858626448954357,0.15888996918996176,0.1732435060371677,0.06199439244925493,0.14022507667541503,0.1754312128044493,0.06277725326174419
30,2000,2,sf,linear_sem,Standard PC,0.9250628438984084,0.07492818318691494,0.026812706001243723,0.9704502839138023,0.040092094508405646,0.01434677176605674,0.8906989296357112,0.1174916743464407,0.04204385570094979,3.8666666666666667,3.692801322735275,1.3214519821000563,3476.9333333333334,3017.401221802187,1079.7631599601418,3041.9333333333334,3017.401221802187,1079.7631599601418,4045.2,2996.5092956005806,1072.2870801832446,0.39667956829071044,0.32375924747365076,0.11585575878758111,0.37686564127604166,0.3135226929706336,0.11219265480345784,0.019813927014668782,0.010305675106855733,0.003687838474544974
30,2000,4,er,discrete,DF-PC (Pure),0.4693816649774099,0.07907187052400483,0.028295505471415183,0.8497813071325656,0.07363169114113548,0.026348762281032095,0.3272222222222222,0.06744990099560363,0.02413663708749775,43.8,4.581823157682525,1.6395843600020152,436.8,3.010327052915886,1.0772317011353847,1.8,3.0103270529158856,1.0772317011353845,1038.5,130.99927612329614,46.87748891905711,0.07916674613952637,0.017937281742259847,0.006418773835966706,0.06595002810160319,0.012894047087203186,0.0046140754921673785,0.013216718037923177,0.01084965402112642,0.003882498829018414
30,2000,4,er,discrete,Standard PC,0.34720184023161776,0.06308230346011706,0.022573712381868307,0.9693711843711843,0.04325481867223065,0.015478538072949905,0.21333333333333335,0.04722165877509243,0.016898053573100865,47.63333333333333,2.8705800607294463,1.027223882225564,505.8333333333333,30.655014028009695,10.969755886735099,70.83333333333333,30.655014028009695,10.969755886735099,942.2666666666667,31.567042321375947,11.296121020050062,0.08615935643513997,0.018319149072879,0.00655542330525691,0.07893640200297038,0.016805117071119067,0.006013633911559814,0.007222954432169596,0.0015675761560081122,0.0005609499232185486
30,2000,4,er,linear_sem,DF-PC (Pure),0.6691858402062806,0.06369220293414879,0.022791962105696947,0.8599795866642062,0.059432687652988404,0.02126771413805767,0.5494444444444445,0.06843675007753486,0.024489776496142052,32.36666666666667,5.6046983574641125,2.0056155493515617,5032.633333333333,937.9840996863262,335.6532993198585,4597.633333333333,937.9840996863262,335.6532993198585,9834.033333333333,1520.9567652005087,544.2673884697325,0.8114024798075358,0.18436632530452154,0.065974642206233,0.6657632827758789,0.15984032248107227,0.05719812481156516,0.1456391970316569,0.03238208505722401,0.011587780317329804
30,2000,4,er,linear_sem,Standard PC,0.6703992185552655,0.06396483334591901,0.022889521645604084,0.866638506374295,0.06088814924189355,0.021788544378690437,0.5483333333333333,0.06757286403596482,0.024180638846381976,32.13333333333333,5.630785658008728,2.014950769960394,6533.433333333333,921.8015226318715,329.86243849221546,6098.433333333333,921.8015226318715,329.86243849221546,9787.9,1530.4019384146925,547.6473002966479,0.9001517613728841,0.16672452140203795,0.05966160375728403,0.8551084995269775,0.15931812407275747,0.05701125851104998,0.045043261845906575,0.007773646425174804,0.0027817636474099217
30,2000,4,sf,discrete,DF-PC (Pure),0.3441855326019358,0.08360652130188863,0.029918209412099318,0.7239943130883366,0.10596270545545226,0.03791826716772159,0.2289309812994317,0.06638856151247825,0.02375684163112637,44.93333333333333,4.89146570892705,1.750388523920998,435.56666666666666,1.3308885632599343,0.4762523559137634,0.5666666666666667,1.330888563259934,0.47625235591376336,909.8333333333334,24.643784042918874,8.818664862760452,0.07512853940327963,0.015853780070429077,0.005673202337982566,0.06567134062449137,0.014212563767202537,0.0050859006265145884,0.00945719877878825,0.0021791832210543705,0.0007798107006440537
30,2000,4,sf,discrete,Standard PC,0.3157804851600724,0.07698302149186088,0.027548020445118178,0.9276956376956379,0.07936126667463549,0.02839906455392216,0.19251270563669462,0.05424253560168194,0.01941044207920793,43.03333333333333,3.925893997315888,1.4048631244599714,464.3333333333333,15.79902514088445,5.653608538085716,29.333333333333332,15.799025140884448,5.653608538085716,899.9,16.346147916990656,5.849393909068552,0.07705087661743164,0.01451239253416166,0.00519319297282887,0.07015763918558757,0.013119600878488407,0.00469478887978696,0.006893237431844075,0.001431015979842559,0.00051208249177595
30,2000,4,sf,linear_sem,DF-PC (Pure),0.7121686719119374,0.07117604452598829,0.025470020425372244,0.868215656317236,0.07317555839612506,0.02618553727450824,0.6081154675305105,0.083667770553532,0.029940127175312838,25.566666666666666,6.300976023647028,2.2547753122677787,2417.7,544.486607289143,194.84203008685733,1982.7,544.486607289143,194.84203008685733,6994.8,4573.85421416269,1636.7327101868207,0.42805187702178954,0.2771128556576843,0.0991635618520127,0.2814449469248454,0.0932642686359204,0.03337418991086191,0.14660693009694417,0.25959231093816315,0.09289391544440832
30,2000,4,sf,linear_sem,Standard PC,0.7145713745364299,0.07131922344808685,0.02552125634462878,0.8864676310531117,0.07123762465843711,0.025492056592761343,0.6029356089343817,0.0835695550106307,0.029904981194660993,25.033333333333335,6.155924162857318,2.2028691705081984,5415.066666666667,4548.346201402889,1627.6047850495145,4980.066666666667,4548.346201402889,1627.6047850495145,6694.0,4565.723079795719,1633.8230211223688,0.6522584915161133,0.5261670764903893,0.1882864701827505,0.6218859910964966,0.507638541264551,0.1816561190049463,0.0303725004196167,0.01858813788939175,0.006651679717037068
30,5000,2,er,discrete,DF-PC (Pure),0.8018234268288124,0.07151538271297152,0.02559145103606621,0.855055366031245,0.0614584806333381,0.021992634846010797,0.7611111111111111,0.1021168038803516,0.036542028963925104,11.1,3.6041164204855805,1.2897164974048214,440.76666666666665,5.1440178401935865,1.8407631434249143,5.766666666666667,5.1440178401935865,1.8407631434249143,1058.0666666666666,110.06234387941174,39.38530393676772,0.08062020142873129,0.01450941471250651,0.005192127373034938,0.06916751861572265,0.011918062862888582,0.004264824022888868,0.011452682813008626,0.0029690715068885517,0.001062468593590227
30,5000,2,er,discrete,Standard PC,0.7772960464725004,0.07584064877532964,0.02713922761858207,0.9850154976814015,0.027400519815214644,0.009805150089571425,0.6477777777777777,0.09852682437452365,0.0352573712964606,10.866666666666667,3.0255615988615645,1.0826833133876785,540.9666666666667,41.248183519740124,14.760472905651342,105.96666666666667,41.248183519740124,14.760472905651342,980.0333333333333,43.129702808711954,15.433765936192632,0.09848101139068603,0.022465813457357937,0.008039288098154736,0.090852157274882,0.021121754464206517,0.007558322764432484,0.0076288541158040365,0.0014203785225834382,0.0005082759265830093
30,5000,2,er,linear_sem,DF-PC (Pure),0.9541039767895863,0.04127005539943266,0.014768299657281336,0.9609554742521927,0.03537276292109434,0.01265798064646826,0.9488888888888887,0.05919856406390788,0.0211839340876818,2.7,2.3510819226255286,0.8413238609955501,1209.1,431.3482751591324,154.3559978911267,774.1,431.3482751591324,154.3559978911267,2635.233333333333,752.1400586433964,269.1498633278678,0.15470376014709472,0.05974100188820094,0.02137804297018923,0.12650798161824545,0.04962995518463793,0.017759851375296492,0.028195778528849285,0.010339578531506143,0.003699970659244009
30,5000,2,er,linear_sem,Standard PC,0.9646548503260741,0.04120923553611173,0.014746535548705636,0.9836577054141014,0.027662126399903272,0.009898764803620314,0.9477777777777775,0.061078012632004894,0.02185648612027458,2.033333333333333,2.311639712610843,0.8272096474088557,1621.7333333333333,474.7739885776021,169.89568986362647,1186.7333333333333,474.7739885776021,169.89568986362647,2606.366666666667,755.4071057398777,270.31896111676855,0.18620511690775554,0.053636733780492496,0.019193658681617057,0.1726337989171346,0.05074933404554504,0.018160415956271818,0.01357131799062093,0.0031189194148259,0.0011160909787800927
30,5000,2,sf,discrete,DF-PC (Pure),0.5071704229555817,0.10617265871559788,0.03799339797696922,0.7243681624628479,0.1257353454730588,0.04499381552764893,0.39879319467250496,0.10876863668494947,0.03892235676280143,21.4,3.50959276545162,1.2558916418592627,435.6,1.2205143065174586,0.43675543539242595,0.6,1.2205143065174586,0.43675543539242595,921.8333333333334,45.84312330135228,16.404750989245677,0.07742266654968262,0.012175312551708499,0.004356879641774399,0.06796599229176839,0.010535504676360519,0.003770081929749963,0.009456674257914225,0.0017678687587025321,0.0006326237105953557
30,5000,2,sf,discrete,Standard PC,0.5077795783685197,0.12842600105654706,0.04595665426258404,0.9065460465460464,0.12067191616269193,0.043181890619256695,0.3580418719211822,0.10867832996668436,0.03889004091869856,19.0,3.474041668898256,1.2431698453420659,464.23333333333335,16.39319314865763,5.86622882901183,29.233333333333334,16.39319314865763,5.86622882901183,899.8,16.493258811008108,5.90203686640585,0.08205007712046306,0.013999275155156305,0.0050095762769178185,0.07509474754333496,0.01275277605483235,0.0045635223024817,0.006955329577128092,0.0012935374340612667,0.00046288642598696865
30,5000,2,sf,linear_sem,DF-PC (Pure),0.9338180533006395,0.07327696386540765,0.026221824755655484,0.9485801063609833,0.04383639312942469,0.015686651819678248,0.9269902085994041,0.11788425982865937,0.04218434061153179,3.5,3.598371279074599,1.2876606249542117,1919.7,1875.7183846784383,671.2172035994816,1484.7,1875.7183846784383,671.2172035994816,5334.666666666667,3671.8522370289784,1313.955448057097,0.42352891763051354,0.41426136111721434,0.14824152422863865,0.23285796642303466,0.22354336224790775,0.07999396482803552,0.19067095120747884,0.20148210790006427,0.07209944634796261
30,5000,2,sf,linear_sem,Standard PC,0.9482812988319528,0.0730800472665539,0.026151359055737747,0.9783764192384881,0.030497111856971546,0.0109132513205101,0.9269902085994041,0.11788425982865937,0.04218434061153179,2.6333333333333333,3.566929843120989,1.2764094515956097,4497.666666666667,3387.5107057556575,1212.205137857311,4062.6666666666665,3387.510705755658,1212.2051378573112,5074.866666666667,3363.0291941818673,1203.4445414518625,0.5493538697560628,0.40567707664303065,0.1451696774808915,0.524438985188802,0.39330120339975216,0.14074102811736822,0.024914884567260744,0.01246187873969262,0.004459426035154149
30,5000,4,er,discrete,DF-PC (Pure),0.6140210568619409,0.0686163280359034,0.024554037643246446,0.8881286723623022,0.04258488305914087,0.015238804692671224,0.47333333333333333,0.0773854362727667,0.027692022725062247,35.2,4.589342977542346,1.6422752929795403,445.5,16.070426898177136,5.750728409634671,10.5,16.070426898177136,5.750728409634671,1401.8666666666666,577.9956289855804,206.83307950139562,0.09337493578592936,0.02483584297122618,0.00888739226759785,0.07484246095021566,0.016113050315196203,0.005765981003527808,0.018532474835713703,0.014878682353739344,0.005324268101383437
30,5000,4,er,discrete,Standard PC,0.49647476689477504,0.05778713417021156,0.020678860386820267,0.9879016687190173,0.022674845401763476,0.008114089218798921,0.33333333333333326,0.05160266707295415,0.018465777258413568,40.233333333333334,3.2129407877748273,1.1497360949898918,612.5666666666667,105.06211080326145,37.59599351035496,177.56666666666666,105.06211080326145,37.59599351035496,1053.2666666666667,109.38320281227492,39.14227642706439,0.12192244529724121,0.03489201340288541,0.012485946640788182,0.11327881813049316,0.03303945881921247,0.01182301849692317,0.008643627166748047,0.0020915279995383906,0.0007484436824672096
30,5000,4,er,linear_sem,DF-PC (Pure),0.6916130059514682,0.0644148225648272,0.02305054821954644,0.849749809030898,0.0558940336748406,0.020001423074793533,0.5850000000000001,0.07143171859514467,0.025561512216002356,31.066666666666666,5.860053744212375,2.0969933009465147,7031.066666666667,1240.584232038119,443.9373660033673,6596.066666666667,1240.584232038119,443.9373660033673,12985.0,1852.7375644593112,662.993622698477,1.0713937282562256,0.25042601203462767,0.08961379750791817,0.8829521814982096,0.21351194729016065,0.07640426908741434,0.18844154675801594,0.04289538391159221,0.015349915995732516
30,5000,4,er,linear_sem,Standard PC,0.6925349991539533,0.0641121469901358,0.02294223715616842,0.8539138607926181,0.055877752546496975,0.019995596947839978,0.5844444444444445,0.07137582434833838,0.02554151071665945,30.9,5.821186038648114,2.0830846711371183,8969.4,1161.3773808240176,415.59355831234035,8534.4,1161.3773808240176,415.59355831234035,12934.866666666667,1849.16000936368,661.7134110491018,1.17864191532135,0.288246299782083,0.10314761366525496,1.122999119758606,0.27522756147403493,0.09848891799275958,0.05564279556274414,0.013466490136999848,0.004818921606724359
30,5000,4,sf,discrete,DF-PC (Pure),0.44027348517610226,0.09481255490757125,0.03392823703761495,0.8020200750028452,0.08646919390679034,0.030942603647597725,0.3080592499280178,0.08438822015260544,0.030197936753325445,40.2,5.743962347393641,2.0554505281235107,436.5,2.1932498324600886,0.7848443728887736,1.5,2.1932498324600886,0.7848443728887736,952.3333333333334,50.95997979032061,18.235794567961776,0.08303891023000082,0.024871342024958908,0.008900095440830858,0.07271178563435872,0.022897294057597096,0.008193691447967616,0.01032712459564209,0.002596304662817631,0.0009290756915876264
30,5000,4,sf,discrete,Standard PC,0.41423709341079906,0.09177292272365502,0.03284051863003055,0.9658688261629439,0.067054271300527,0.02399506281933501,0.2671198240318876,0.07279604085478385,0.026049728666512076,38.833333333333336,4.983305462575351,1.7832529576902743,484.3666666666667,27.282030631943414,9.762749279886055,49.36666666666667,27.282030631943417,9.762749279886057,920.4333333333333,28.195968571378447,10.08979777127045,0.08908046881357828,0.018714056692052047,0.006696739181876046,0.08158730665842692,0.01710929660292148,0.006122483159078181,0.007493162155151367,0.001627530589503253,0.0005824043417084001
30,5000,4,sf,linear_sem,DF-PC (Pure),0.7499341526211425,0.07160560583434389,0.025623736965405205,0.8765175904070123,0.0750545204022351,0.026857915193130105,0.6581101134317024,0.08010072187336634,0.028663675198426934,22.933333333333334,6.912923097151193,2.4737577601573473,3810.2,1263.6637047176318,452.19624923393764,3375.2,1263.6637047176318,452.19624923393764,9850.433333333332,3729.9552893995315,1334.7473583200244,0.6646334807078044,0.32665710523452257,0.11689274386944076,0.4550149043401082,0.1828903164605959,0.06544645922482148,0.20961857636769612,0.1857568337368286,0.06647222925828648
30,5000,4,sf,linear_sem,Standard PC,0.748566617311175,0.07513800183007652,0.026887788638422276,0.8825653303087083,0.07996493547600009,0.028615084660171566,0.6530746785729232,0.08333438996963118,0.029820828465502176,22.933333333333334,7.234654786861461,2.588887966717478,8081.0,3529.590461737198,1263.0477255703781,7646.0,3529.590461737198,1263.0477255703781,9605.266666666666,3623.8082838584214,1296.7631402136496,1.0304945707321167,0.560468807744184,0.20056118706928358,0.9868592341740926,0.5413441711641779,0.19371752376143117,0.04363533655802409,0.019274199563503354,0.006897183734140848
30,10000,2,er,discrete,DF-PC (Pure),0.8694582996378266,0.05901279641623833,0.02111745798870739,0.8805276250516627,0.06143860046893213,0.02198552082054265,0.8644444444444442,0.08924259130130152,0.03193505115934561,7.7,3.260526718608302,1.1667645016449766,445.0,9.009573452339653,3.2240344540528008,10.0,9.009573452339653,3.2240344540528008,1135.1333333333334,164.55472485244647,58.885152033884054,0.09555616378784179,0.015197382044574666,0.005438313321080517,0.08259165287017822,0.013051714649439293,0.0046704961047107744,0.012964510917663574,0.003015232303221165,0.0010789870224137594
30,10000,2,er,discrete,Standard PC,0.8626050122111018,0.06155513834911114,0.022027223365384194,0.9945576454197145,0.014275229986035694,0.005108325444924926,0.7666666666666667,0.09387364132917436,0.03359225112861019,7.133333333333334,2.7883171705668928,0.9977864850416651,588.7333333333333,67.40302527403315,24.119862825963477,153.73333333333332,67.40302527403315,24.119862825963477,1031.0666666666666,70.29295021959679,25.154009186322444,0.13208885987599692,0.029158760694495463,0.010434328507763177,0.12315894762674967,0.027774579281573578,0.009939005550519207,0.008929912249247234,0.001558471529416479,0.0005576918744354413
30,10000,2,er,linear_sem,DF-PC (Pure),0.9546869817441552,0.03685566614004834,0.01318863074829877,0.9497478602316085,0.04333933998394289,0.015508783635906189,0.961111111111111,0.046389433772925794,0.016600245680784647,2.7333333333333334,2.1961303480775287,0.7858751521643067,1258.3666666666666,502.8759004609068,179.95182988133197,823.3666666666667,502.8759004609068,179.95182988133197,2739.3333333333335,879.0240016076344,314.55469918905305,0.15681410630544027,0.06960543559372938,0.02490798523711027,0.12754697004954021,0.058703974913297645,0.021006947633150592,0.029267136255900064,0.01338645344902308,0.004790280845761545
30,10000,2,er,linear_sem,Standard PC,0.9731939554900839,0.034875236779652576,0.012479943203265701,0.9863032346006483,0.02904100525914646,0.010392190266399643,0.961111111111111,0.046389433772925794,0.016600245680784647,1.5666666666666667,2.01174711054387,0.7198944579946014,1709.1,566.3525982259122,202.6666744526617,1274.1,566.3525982259122,202.6666744526617,2712.7,864.5671889089541,309.3813952049194,0.18719892501831054,0.061004137831569966,0.02183005036245004,0.1740444580713908,0.057989258977768535,0.020751189820286762,0.01315446694691976,0.0031885643392535316,0.0011410130949149333
30,10000,2,sf,discrete,DF-PC (Pure),0.5597428954902821,0.1116796957607878,0.03996406587455174,0.7516750303360211,0.12655999137375465,0.04528891127333558,0.4521653287113057,0.11367181674895648,0.04067693721485138,19.733333333333334,4.362325647802014,1.561038184849873,436.6,1.8864306744895698,0.6750505472772469,1.6,1.8864306744895696,0.6750505472772468,922.9333333333333,25.05983643799078,8.967547300258607,0.08525055249532064,0.01065851749048269,0.0038141014999458064,0.07546010812123617,0.009066919557367386,0.0032445554941878505,0.009790444374084472,0.0016124108801591997,0.0005769938232062359
30,10000,2,sf,discrete,Standard PC,0.5718075172289133,0.11390345177345848,0.040759826743829684,0.921073064362538,0.08947876194504815,0.03201956373882597,0.4213786717752236,0.11029963487847848,0.03947021743025048,17.333333333333332,3.5069717099960536,1.2549537092102387,471.8,17.038293584624668,6.097075055293732,36.8,17.038293584624665,6.097075055293731,908.2,17.501527026972877,6.2628410137267885,0.09145002365112305,0.011323564822530087,0.004052085631318852,0.08432563145955403,0.010459923115195661,0.0037430354154420827,0.00712439219156901,0.000896812202420903,0.0003209201250997209
30,10000,2,sf,linear_sem,DF-PC (Pure),0.9404193657409585,0.055516630818861296,0.01986637119723553,0.9462591503478598,0.03598059524891986,0.012875490651527122,0.9421820835613939,0.10330822860055996,0.03696837482454567,3.2,2.696101911508795,0.9647876783872273,2097.5333333333333,2061.0600341493737,737.5408610763069,1662.5333333333333,2061.0600341493737,737.5408610763069,5718.466666666666,3837.8860446805897,1373.369883073148,0.4126243273417155,0.43931530401213964,0.1572069625515966,0.23278214931488037,0.24773988308135506,0.08865257860680241,0.17984217802683514,0.20367200641666322,0.07288309146787235
30,10000,2,sf,linear_sem,Standard PC,0.9613172355242691,0.06250535426302121,0.0223672537632095,0.9870599400599399,0.0243073160272902,0.008698261329695084,0.9421820835613939,0.10330822860055996,0.03696837482454567,1.9666666666666666,3.0904004129956495,1.105885585041719,4663.2,3336.3769157782413,1193.9071461126875,4228.2,3336.3769157782413,1193.9071461126875,5241.933333333333,3307.0962044892385,1183.4291781451361,0.5326597929000855,0.3868114994860751,0.13841871739700193,0.5095678726832072,0.374761749173909,0.13410676962559342,0.023091920216878257,0.01212737345275055,0.0043397248555290474
30,10000,4,er,discrete,DF-PC (Pure),0.710720129030758,0.05678413418785806,0.020319941452685567,0.925507111989351,0.04036321819376861,0.014443792130843597,0.5794444444444444,0.06860449888252296,0.024549804635073245,28.033333333333335,4.642259655883509,1.6612112831313979,462.8666666666667,49.72388126258943,17.79346239062941,27.866666666666667,49.72388126258943,17.79346239062941,1579.0666666666666,513.6441766728063,183.8052080353117,0.11461561520894369,0.033177123582881295,0.011872281199927393,0.09228152434031169,0.02467605137502289,0.008830211579260852,0.022334090868631997,0.01347465197407671,0.004821842282612443
30,10000,4,er,discrete,Standard PC,0.5895473538265747,0.05250495535081285,0.018788656971941955,0.9958797844667411,0.012589643991250146,0.0045051462432451565,0.4205555555555555,0.053369839038818305,0.019098151624894005,34.86666666666667,3.2772289949067446,1.1727413344586661,754.8,231.8591129886036,82.96971801337153,319.8,231.8591129886036,82.96971801337153,1201.4333333333334,239.97998240274748,85.87573381162936,0.19282448291778564,0.08618550618861046,0.030841087301408655,0.18243523438771567,0.08381887235161746,0.02999419825932962,0.010389248530069986,0.0026300967687178474,0.0009411680413834989
30,10000,4,er,linear_sem,DF-PC (Pure),0.6975029435949077,0.06669678760232371,0.02386713892084342,0.8358226676406516,0.059367369529959864,0.021244340347918538,0.6,0.07297719162919529,0.02611455263860913,31.0,6.192320048754497,2.2158932710096275,8806.866666666667,1581.2056668629607,565.8271810399505,8371.866666666667,1581.2056668629607,565.8271810399505,15735.4,2265.990893855155,810.8744274082984,1.2231308778127035,0.30725077144144425,0.10994827650850415,1.0090693791707357,0.24326751566240054,0.08705216247987155,0.21406149864196777,0.06884554549907401,0.02463606205901285
30,10000,4,er,linear_sem,Standard PC,0.6981399327444154,0.06602273029624711,0.02362593061167173,0.8379332802775799,0.05846518264763528,0.020921496918316042,0.6,0.07297719162919529,0.02611455263860913,30.9,6.093241026489643,2.180438298235883,11143.533333333333,1455.9225475168023,520.9951925534887,10708.533333333333,1455.9225475168023,520.9951925534887,15691.766666666666,2269.5775041021266,812.1578794019654,1.318974288304647,0.3281055525911379,0.11741106409928437,1.259291164080302,0.3152677594105464,0.11281711880906835,0.05968312422434489,0.012941086769972462,0.004630908426463116
30,10000,4,sf,discrete,DF-PC (Pure),0.5140657700842434,0.08376915679149122,0.029976407774619393,0.8455254017891275,0.07227957261057774,0.02586491287888872,0.3738418960200193,0.0813068451998191,0.02909528088774075,36.36666666666667,5.075181894707599,1.8161305166864652,438.26666666666665,5.051004224722142,1.8074786485970173,3.2666666666666666,5.051004224722142,1.8074786485970173,990.7666666666667,78.22103224234178,27.991036902573402,0.09175259272257487,0.021249264475312578,0.007603951635900959,0.08066054979960123,0.018425333488019984,0.006593420910216674,0.011092042922973633,0.0029647574948114003,0.0010609248441945968
30,10000,4,sf,discrete,Standard PC,0.47444097143865116,0.0833096610593196,0.029811979338595397,0.9813698387382598,0.03796565610094782,0.013585835554555531,0.31680523804625804,0.07201057048300095,0.025768651703805465,36.13333333333333,4.569262623174579,1.6350896304535905,505.6666666666667,31.179495177764345,11.157439055783586,70.66666666666667,31.179495177764338,11.157439055783582,942.8,32.77762062433916,11.72932090223412,0.1090485652287801,0.029617396141281498,0.010598449094615608,0.10098167260487874,0.0277404404852395,0.009926789139144883,0.008066892623901367,0.0019205848119578464,0.0006872724484059383
30,10000,4,sf,linear_sem,DF-PC (Pure),0.7548773212676249,0.0740747226181143,0.026507299059001167,0.8613860780892212,0.0753047262390609,0.02694745020195142,0.6744720418656287,0.08264358965890245,0.02957362874906261,22.933333333333334,7.277425337317442,2.6041932116348248,5202.2,1933.5307065323395,691.9050772831537,4767.2,1933.5307065323395,691.9050772831537,13791.933333333332,5621.935314912247,2011.7837153574,0.9160210927327473,0.41238940803357094,0.14757165442071013,0.612464451789856,0.26375506864184073,0.0943835391576203,0.3035566409428914,0.21845355370364947,0.07817260023202796
30,10000,4,sf,linear_sem,Standard PC,0.7554686775388895,0.07545882545031458,0.02700259389649505,0.8674261768066869,0.08141155772926333,0.029132751785168366,0.671927611514872,0.08253513943847272,0.029534820336093375,22.8,7.4528402361923005,2.66696462703184,11660.0,5639.821243193122,2018.1841125932187,11225.0,5639.821243193122,2018.1841125932187,13368.533333333333,5654.283995242066,2023.3595419465487,1.4121837298075357,0.6985785424126549,0.24998312090074715,1.3557987133661906,0.6745254947333609,0.24137584833082532,0.05638501644134521,0.024180274115318902,0.008652799965350712
